{
  "model": "runs/20260823-1812-finger-gait-contact-scale010-C-s400-seed0/checkpoints/final_model.zip",
  "stage": 0,
  "episodes": 10,
  "physics_mode": "revolute",
  "reward_style": "dexscrew",
  "tip_connect_solref": null,
  "tip_connect_enabled": false,
  "axis_stabilizer_scale": 0.0,
  "axis_tilt_penalty_weight": 1.0,
  "axis_tilt_recovery_scale": 0.0,
  "rotation_reward_scale": 16.0,
  "contact_reward_mode": "discrete",
  "three_contact_reward": 0.3,
  "rotation_requires_three_contacts": false,
  "contact_support_termination_enabled": false,
  "contact_reward_scale": 0.1,
  "contact_window_steps": 25,
  "contact_window_threshold": 18.0,
  "omega_success_threshold": 0.5,
  "omega_success_hold_seconds": 10.0,
  "success_mode": "net_angle",
  "net_angle_success_threshold_rad": 3.141592653589793,
  "net_angle_success_threshold_deg": 180.0,
  "rod_mass_scale": 400.0,
  "rod_friction_cap": 4.0,
  "contact_friction_scale": 4.0,
  "scale_tip_solref_with_mass": false,
  "contact_friction_vector": [
    7.2,
    0.05,
    0.001
  ],
  "tilt_terminate_rad": 0.7,
  "tip_anchor": "bottom",
  "hand_model": "allegro",
  "hand_pose_config": "/data/ypx/allegro_rod_mvp/configs/hand_poses/my_grasp.json",
  "hand_pose_config_sha256": "2d8ac7f17a6693855543395d52022524c1a2956422915ee2962544019f6e7c9f",
  "hand_pose_config_content": {
    "schema": "allegro_rod_mvp.hand_pose",
    "schema_version": 1,
    "transform_space": "model",
    "body": "palm",
    "translation": [
      0.0262807865392716,
      -0.08578110798288589,
      0.113580438493427
    ],
    "quaternion_wxyz": [
      0.7071067811865475,
      1.3877787807814457e-17,
      0.7071067811865476,
      1.3877787807814457e-17
    ],
    "euler_xyz_degrees": [
      169.97501213792427,
      90.0,
      169.97501213792427
    ],
    "source_pose": {
      "type": "model_default",
      "model": "models/allegro_three_finger_rod_revolute.xml",
      "translation": [
        -0.018718,
        -0.022177,
        -0.058714
      ],
      "quaternion_wxyz": [
        0.0,
        0.7071067811865476,
        0.0,
        0.7071067811865476
      ]
    },
    "pivot": "palm_body_origin",
    "rotation_convention": "world-axis incremental rotations pre-multiplied onto the palm orientation; Euler display is extrinsic XYZ in degrees",
    "model_variant": "allegro_three_finger_rod_revolute",
    "compatible_model_variants": [
      "allegro_three_finger_rod",
      "allegro_three_finger_rod_revolute"
    ],
    "created_at": "2026-08-23T17:15:52-07:00",
    "notes": ""
  },
  "hand_grasp_config": "/data/ypx/allegro_rod_mvp/configs/hand_grasps/my_grasp_revolute_shared.json",
  "hand_grasp_config_sha256": "fdd9ead60842eca3167f98ecda3c496ea752cff3fa9e053de47a4544e061b03a",
  "hand_grasp_config_content": {
    "schema": "allegro_rod_mvp.hand_grasp",
    "schema_version": 1,
    "hand_model": "allegro",
    "hand_pose_path": "configs/hand_poses/my_grasp.json",
    "hand_pose_sha256": "2d8ac7f17a6693855543395d52022524c1a2956422915ee2962544019f6e7c9f",
    "joint_order": [
      "f0_j0",
      "f0_j1",
      "f0_j2",
      "f0_j3",
      "f1_j0",
      "f1_j1",
      "f1_j2",
      "f1_j3",
      "f2_j0",
      "f2_j1",
      "f2_j2",
      "f2_j3"
    ],
    "reset_qpos": [
      7.548838867727841e-08,
      1.0736323864341875,
      1.0313785514651856,
      0.7316452497148404,
      0.16193687029911827,
      1.2757924785844845,
      1.0454911512789378,
      0.7641591781446949,
      1.0492318494888706,
      0.40374195243716865,
      0.19782398096519818,
      1.1841084856455784
    ],
    "grasp_qpos": [
      7.548838867727841e-08,
      1.0736323864341875,
      1.0313785514651856,
      0.7316452497148404,
      0.16193687029911827,
      1.2757924785844845,
      1.0454911512789378,
      0.7641591781446949,
      1.0492318494888706,
      0.40374195243716865,
      0.19782398096519818,
      1.1841084856455784
    ],
    "reset_joint_noise": 0.0075,
    "grasp_ramp_steps": 1,
    "grasp_hold_steps": 100,
    "validated_for": {
      "physics_modes": [
        "revolute"
      ],
      "mass_scales": [
        400.0,
        1.0
      ],
      "fixed_seeds": [
        0,
        1,
        2,
        3,
        4,
        5,
        6,
        7,
        8,
        9
      ],
      "steps_per_seed": 100
    },
    "source": "bounded per-finger signed-distance search at -1 mm target followed by deterministic dynamic robustness audit",
    "notes": "Shared revolute endpoint preset. The same vector passed tip-connect s=1 but not tip-connect s=400, so it is not silently promoted as a universal preset."
  },
  "dexscrew_tip_penalty_scale": 0.5,
  "vecnormalize": "runs/20260823-1812-finger-gait-contact-scale010-C-s400-seed0/checkpoints/vecnormalize.pkl",
  "axis_rotation_deg_mean": 533.9696259250084,
  "axis_rotation_deg_std": 105.52789514802267,
  "tip_error_m_mean": 1.784869474985258e-17,
  "tip_error_m_std": 1.0563351772300439e-17,
  "contact_count_mean": 2.2,
  "contact_count_step_distribution": {
    "0": 0.0536,
    "1": 0.3422,
    "2": 0.425,
    "3": 0.1792
  },
  "contact_fraction_at_least_one": 0.9464,
  "contact_fraction_at_least_two": 0.6042,
  "finger_contact_step_fraction": [
    0.5606,
    0.8194,
    0.3498
  ],
  "minimum_window_three_contact_occupancy": {
    "window_steps": 25,
    "minimum_across_episodes": 0.0,
    "mean_episode_minimum": 0.0
  },
  "rolling_contact_gate_failure_steps": {
    "total": 4206,
    "episodes_with_failure": 10
  },
  "per_tip_contact_loss_longest": [
    {
      "mean_steps": 138.4,
      "max_steps": 309,
      "mean_seconds": 5.5360000000000005,
      "max_seconds": 12.36
    },
    {
      "mean_steps": 71.4,
      "max_steps": 253,
      "mean_seconds": 2.8560000000000003,
      "max_seconds": 10.120000000000001
    },
    {
      "mean_steps": 236.6,
      "max_steps": 444,
      "mean_seconds": 9.464,
      "max_seconds": 17.76
    }
  ],
  "per_tip_leave_return_events": [
    {
      "mean": 8.3,
      "minimum": 3,
      "maximum": 20,
      "total": 83
    },
    {
      "mean": 4.1,
      "minimum": 2,
      "maximum": 8,
      "total": 41
    },
    {
      "mean": 2.8,
      "minimum": 0,
      "maximum": 5,
      "total": 28
    }
  ],
  "complete_contact_loss_longest": {
    "mean_steps": 16.3,
    "max_steps": 44,
    "mean_seconds": 0.652,
    "max_seconds": 1.76
  },
  "below_two_contact_longest": {
    "mean_steps": 127.1,
    "max_steps": 242,
    "mean_seconds": 5.084,
    "max_seconds": 9.68
  },
  "rotation_cycle_metrics": {
    "cumulative_absolute_rotation_deg_mean": 1040.3344908826489,
    "completed_net_cycles_mean": 1.1,
    "episodes_with_at_least_two_net_cycles": 1
  },
  "axial_omega_metrics": {
    "mean_rad_s": 0.45475368535614236,
    "p95_rad_s": 3.1807888135349027,
    "fraction_above_success_threshold": 0.2634
  },
  "tip_error_m_max": 4.883132886754873e-17,
  "numerical_instability_episodes": 0,
  "final_axis_tilt_deg_mean": 0.0,
  "omega_hold_satisfied_rate": 0.0,
  "omega_hold_seconds_max_mean": 1.2,
  "stabilizer_torque_mean": 0.0,
  "stabilizer_torque_max_mean": 0.0,
  "termination_reasons": {
    "none": 10
  },
  "reward_component_step_means": {
    "reward_rotation": 0.8611067866285154,
    "reward_tip_penalty": -2.574159263147417e-31,
    "reward_axis_tilt_penalty": 0.0,
    "reward_axis_tilt_penalty_raw": 0.0,
    "reward_axis_tilt_recovery": 0.0,
    "reward_lateral_omega_penalty": 0.0,
    "reward_contact_bonus": -0.07819400000000001,
    "reward_contact_bonus_raw": -0.7819400000000001,
    "reward_proximity": 0.18827094898290486,
    "reward_force_penalty": 0.0,
    "reward_action_rate_penalty": -0.0015009027422964033
  },
  "normal_contact_force_n": {
    "per_tip": [
      {
        "mean": 28.490976133622333,
        "median": 7.276137108504271,
        "p95": 107.65252675820466
      },
      {
        "mean": 35.947190237913446,
        "median": 27.011636775816136,
        "p95": 106.085016949839
      },
      {
        "mean": 14.267164437059563,
        "median": 0.0,
        "p95": 77.13784129775178
      }
    ],
    "total": {
      "mean": 78.70533080859535,
      "median": 81.96996985256875,
      "p95": 158.40382432676114
    },
    "definition": "MuJoCo contact-frame normal force, not actuator effort"
  },
  "conditioned_positive_rotation_support_force_n": {
    "condition": "axial_omega > 0.5 rad/s AND contact_count >= 2",
    "eligible_steps": 908,
    "eligible_step_fraction": 0.1816,
    "excluded_step_fraction": 0.8184,
    "per_tip": [
      {
        "mean": 54.538268542834906,
        "median": 38.768560112216036,
        "p95": 122.43333715652109
      },
      {
        "mean": 31.983953651250058,
        "median": 24.323182467836936,
        "p95": 86.21214265050793
      },
      {
        "mean": 23.57655514029931,
        "median": 26.010564839566282,
        "p95": 71.25379560064516
      }
    ],
    "total": {
      "mean": 110.09877733438428,
      "median": 98.05846581206242,
      "p95": 167.73784659928376
    },
    "reference_statistic": "total median",
    "definition": "MuJoCo contact-frame normal force on genuine positive-rotation timesteps with at least two supporting fingertips; not actuator effort"
  },
  "success_rate": 1.0,
  "legacy_omega_success_rate": 0.0,
  "net_angle_success_rate": 1.0,
  "drop_rate": 0.0,
  "passed": true
}
{
  "model": "runs/20260823-1812-finger-gait-contact-scale010-C-s400-seed0/checkpoints/final_model.zip",
  "stage": 0,
  "episodes": 10,
  "physics_mode": "revolute",
  "reward_style": "dexscrew",
  "tip_connect_solref": null,
  "tip_connect_enabled": false,
  "axis_stabilizer_scale": 0.0,
  "axis_tilt_penalty_weight": 1.0,
  "axis_tilt_recovery_scale": 0.0,
  "rotation_reward_scale": 16.0,
  "contact_reward_mode": "discrete",
  "three_contact_reward": 0.3,
  "rotation_requires_three_contacts": false,
  "contact_support_termination_enabled": false,
  "contact_reward_scale": 0.1,
  "contact_window_steps": 25,
  "contact_window_threshold": 18.0,
  "omega_success_threshold": 0.5,
  "omega_success_hold_seconds": 10.0,
  "success_mode": "net_angle",
  "net_angle_success_threshold_rad": 3.141592653589793,
  "net_angle_success_threshold_deg": 180.0,
  "rod_mass_scale": 400.0,
  "rod_friction_cap": 4.0,
  "contact_friction_scale": 4.0,
  "scale_tip_solref_with_mass": false,
  "contact_friction_vector": [
    7.2,
    0.05,
    0.001
  ],
  "tilt_terminate_rad": 0.7,
  "tip_anchor": "bottom",
  "hand_model": "allegro",
  "hand_pose_config": "/data/ypx/allegro_rod_mvp/configs/hand_poses/my_grasp.json",
  "hand_pose_config_sha256": "2d8ac7f17a6693855543395d52022524c1a2956422915ee2962544019f6e7c9f",
  "hand_pose_config_content": {
    "schema": "allegro_rod_mvp.hand_pose",
    "schema_version": 1,
    "transform_space": "model",
    "body": "palm",
    "translation": [
      0.0262807865392716,
      -0.08578110798288589,
      0.113580438493427
    ],
    "quaternion_wxyz": [
      0.7071067811865475,
      1.3877787807814457e-17,
      0.7071067811865476,
      1.3877787807814457e-17
    ],
    "euler_xyz_degrees": [
      169.97501213792427,
      90.0,
      169.97501213792427
    ],
    "source_pose": {
      "type": "model_default",
      "model": "models/allegro_three_finger_rod_revolute.xml",
      "translation": [
        -0.018718,
        -0.022177,
        -0.058714
      ],
      "quaternion_wxyz": [
        0.0,
        0.7071067811865476,
        0.0,
        0.7071067811865476
      ]
    },
    "pivot": "palm_body_origin",
    "rotation_convention": "world-axis incremental rotations pre-multiplied onto the palm orientation; Euler display is extrinsic XYZ in degrees",
    "model_variant": "allegro_three_finger_rod_revolute",
    "compatible_model_variants": [
      "allegro_three_finger_rod",
      "allegro_three_finger_rod_revolute"
    ],
    "created_at": "2026-08-23T17:15:52-07:00",
    "notes": ""
  },
  "hand_grasp_config": "/data/ypx/allegro_rod_mvp/configs/hand_grasps/my_grasp_revolute_shared.json",
  "hand_grasp_config_sha256": "fdd9ead60842eca3167f98ecda3c496ea752cff3fa9e053de47a4544e061b03a",
  "hand_grasp_config_content": {
    "schema": "allegro_rod_mvp.hand_grasp",
    "schema_version": 1,
    "hand_model": "allegro",
    "hand_pose_path": "configs/hand_poses/my_grasp.json",
    "hand_pose_sha256": "2d8ac7f17a6693855543395d52022524c1a2956422915ee2962544019f6e7c9f",
    "joint_order": [
      "f0_j0",
      "f0_j1",
      "f0_j2",
      "f0_j3",
      "f1_j0",
      "f1_j1",
      "f1_j2",
      "f1_j3",
      "f2_j0",
      "f2_j1",
      "f2_j2",
      "f2_j3"
    ],
    "reset_qpos": [
      7.548838867727841e-08,
      1.0736323864341875,
      1.0313785514651856,
      0.7316452497148404,
      0.16193687029911827,
      1.2757924785844845,
      1.0454911512789378,
      0.7641591781446949,
      1.0492318494888706,
      0.40374195243716865,
      0.19782398096519818,
      1.1841084856455784
    ],
    "grasp_qpos": [
      7.548838867727841e-08,
      1.0736323864341875,
      1.0313785514651856,
      0.7316452497148404,
      0.16193687029911827,
      1.2757924785844845,
      1.0454911512789378,
      0.7641591781446949,
      1.0492318494888706,
      0.40374195243716865,
      0.19782398096519818,
      1.1841084856455784
    ],
    "reset_joint_noise": 0.0075,
    "grasp_ramp_steps": 1,
    "grasp_hold_steps": 100,
    "validated_for": {
      "physics_modes": [
        "revolute"
      ],
      "mass_scales": [
        400.0,
        1.0
      ],
      "fixed_seeds": [
        0,
        1,
        2,
        3,
        4,
        5,
        6,
        7,
        8,
        9
      ],
      "steps_per_seed": 100
    },
    "source": "bounded per-finger signed-distance search at -1 mm target followed by deterministic dynamic robustness audit",
    "notes": "Shared revolute endpoint preset. The same vector passed tip-connect s=1 but not tip-connect s=400, so it is not silently promoted as a universal preset."
  },
  "dexscrew_tip_penalty_scale": 0.5,
  "vecnormalize": "runs/20260823-1812-finger-gait-contact-scale010-C-s400-seed0/checkpoints/vecnormalize.pkl",
  "axis_rotation_deg_mean": 546.9754662344569,
  "axis_rotation_deg_std": 117.34659826534846,
  "tip_error_m_mean": 1.1681951293039278e-17,
  "tip_error_m_std": 8.941352460704798e-18,
  "contact_count_mean": 1.8,
  "contact_count_step_distribution": {
    "0": 0.0714,
    "1": 0.3506,
    "2": 0.3156,
    "3": 0.2624
  },
  "contact_fraction_at_least_one": 0.9286,
  "contact_fraction_at_least_two": 0.578,
  "finger_contact_step_fraction": [
    0.555,
    0.8772,
    0.3368
  ],
  "minimum_window_three_contact_occupancy": {
    "window_steps": 25,
    "minimum_across_episodes": 0.0,
    "mean_episode_minimum": 0.0
  },
  "rolling_contact_gate_failure_steps": {
    "total": 3822,
    "episodes_with_failure": 10
  },
  "per_tip_contact_loss_longest": [
    {
      "mean_steps": 140.7,
      "max_steps": 280,
      "mean_seconds": 5.627999999999999,
      "max_seconds": 11.200000000000001
    },
    {
      "mean_steps": 37.4,
      "max_steps": 153,
      "mean_seconds": 1.496,
      "max_seconds": 6.12
    },
    {
      "mean_steps": 223.0,
      "max_steps": 412,
      "mean_seconds": 8.92,
      "max_seconds": 16.48
    }
  ],
  "per_tip_leave_return_events": [
    {
      "mean": 7.9,
      "minimum": 2,
      "maximum": 19,
      "total": 79
    },
    {
      "mean": 5.7,
      "minimum": 2,
      "maximum": 10,
      "total": 57
    },
    {
      "mean": 2.9,
      "minimum": 1,
      "maximum": 8,
      "total": 29
    }
  ],
  "complete_contact_loss_longest": {
    "mean_steps": 18.8,
    "max_steps": 42,
    "mean_seconds": 0.752,
    "max_seconds": 1.68
  },
  "below_two_contact_longest": {
    "mean_steps": 136.0,
    "max_steps": 265,
    "mean_seconds": 5.44,
    "max_seconds": 10.6
  },
  "rotation_cycle_metrics": {
    "cumulative_absolute_rotation_deg_mean": 982.6969116730813,
    "completed_net_cycles_mean": 1.1,
    "episodes_with_at_least_two_net_cycles": 1
  },
  "axial_omega_metrics": {
    "mean_rad_s": 0.4654622997260216,
    "p95_rad_s": 3.1768253951674548,
    "fraction_above_success_threshold": 0.2492
  },
  "tip_error_m_max": 4.9665124892445506e-17,
  "numerical_instability_episodes": 0,
  "final_axis_tilt_deg_mean": 0.0,
  "omega_hold_satisfied_rate": 0.0,
  "omega_hold_seconds_max_mean": 1.1880000000000002,
  "stabilizer_torque_mean": 0.0,
  "stabilizer_torque_max_mean": 0.0,
  "termination_reasons": {
    "none": 10
  },
  "reward_component_step_means": {
    "reward_rotation": 0.9147907881840187,
    "reward_tip_penalty": -2.2957569591720337e-31,
    "reward_axis_tilt_penalty": 0.0,
    "reward_axis_tilt_penalty_raw": 0.0,
    "reward_axis_tilt_recovery": 0.0,
    "reward_lateral_omega_penalty": 0.0,
    "reward_contact_bonus": -0.095432,
    "reward_contact_bonus_raw": -0.9543200000000001,
    "reward_proximity": 0.17632294281525923,
    "reward_force_penalty": 0.0,
    "reward_action_rate_penalty": -0.0013708680979693049
  },
  "normal_contact_force_n": {
    "per_tip": [
      {
        "mean": 30.060144506143708,
        "median": 10.70467145805058,
        "p95": 111.4503472719631
      },
      {
        "mean": 39.78121673054699,
        "median": 28.517543625724898,
        "p95": 115.71020559762111
      },
      {
        "mean": 12.526122605760525,
        "median": 0.0,
        "p95": 68.08833552017487
      }
    ],
    "total": {
      "mean": 82.36748384245122,
      "median": 83.46668931616611,
      "p95": 167.60795061301988
    },
    "definition": "MuJoCo contact-frame normal force, not actuator effort"
  },
  "conditioned_positive_rotation_support_force_n": {
    "condition": "axial_omega > 0.5 rad/s AND contact_count >= 2",
    "eligible_steps": 845,
    "eligible_step_fraction": 0.169,
    "excluded_step_fraction": 0.831,
    "per_tip": [
      {
        "mean": 52.863027116012205,
        "median": 38.72640608329211,
        "p95": 117.63176979754613
      },
      {
        "mean": 29.978140885728603,
        "median": 22.629090489177106,
        "p95": 91.93925707989983
      },
      {
        "mean": 28.466384222441516,
        "median": 27.838469351256187,
        "p95": 81.01018599589085
      }
    ],
    "total": {
      "mean": 111.30755222418233,
      "median": 95.29565749667819,
      "p95": 181.3948531794467
    },
    "reference_statistic": "total median",
    "definition": "MuJoCo contact-frame normal force on genuine positive-rotation timesteps with at least two supporting fingertips; not actuator effort"
  },
  "success_rate": 1.0,
  "legacy_omega_success_rate": 0.0,
  "net_angle_success_rate": 1.0,
  "drop_rate": 0.0,
  "passed": true
}
/data/ypx/allegro_rod_mvp/.venv/lib/python3.13/site-packages/stable_baselines3/common/on_policy_algorithm.py:150: UserWarning: You are trying to run PPO on the GPU, but it is primarily intended to run on the CPU when not using a CNN policy (you are using ActorCriticPolicy which should be a MlpPolicy). See https://github.com/DLR-RM/stable-baselines3/issues/1245 for more info. You can pass `device='cpu'` or `export CUDA_VISIBLE_DEVICES=` to force using the CPU.Note: The model will train, but the GPU utilization will be poor and the training might take longer than on CPU.
  warnings.warn(
Starting run: stage=0 n_envs=32 device=cuda:1 net_arch=[512, 256, 128] steps=100000 ent_coef=0.0 reset_timesteps=True run=20260823-1855-net-angle-C-force-curriculum-seed0-R01-s200-mu2-iter0-seed0
Logging to /data/ypx/allegro_rod_mvp/runs/20260823-1855-net-angle-C-force-curriculum-seed0-R01-s200-mu2-iter0-seed0/tb/PPO_1
---------------------------------
| mass/              |          |
|    rot             | 0        |
|    rotate_scale    | 2.5      |
|    tilt            | 0        |
|    tilt_scale      | 0        |
| time/              |          |
|    fps             | 3506     |
|    iterations      | 1        |
|    time_elapsed    | 2        |
|    total_timesteps | 8192     |
---------------------------------
-----------------------------------------
| mass/                   |             |
|    rot                  | 0           |
|    rotate_scale         | 2.5         |
|    tilt                 | 0           |
|    tilt_scale           | 0           |
| rollout/                |             |
|    ep_len_mean          | 500         |
|    ep_rew_mean          | 266         |
|    success_rate         | 0.938       |
| time/                   |             |
|    fps                  | 2549        |
|    iterations           | 2           |
|    time_elapsed         | 6           |
|    total_timesteps      | 16384       |
| train/                  |             |
|    approx_kl            | 0.085846186 |
|    clip_fraction        | 0.512       |
|    clip_range           | 0.2         |
|    entropy_loss         | -14.5       |
|    explained_variance   | 0.737       |
|    learning_rate        | 0.0003      |
|    loss                 | -0.0994     |
|    n_updates            | 400         |
|    policy_gradient_loss | -0.0803     |
|    std                  | 0.812       |
|    value_loss           | 0.0321      |
-----------------------------------------
----------------------------------------
| mass/                   |            |
|    rot                  | 0          |
|    rotate_scale         | 2.5        |
|    tilt                 | 0          |
|    tilt_scale           | 0          |
| rollout/                |            |
|    ep_len_mean          | 500        |
|    ep_rew_mean          | 266        |
|    success_rate         | 0.938      |
| time/                   |            |
|    fps                  | 2370       |
|    iterations           | 3          |
|    time_elapsed         | 10         |
|    total_timesteps      | 24576      |
| train/                  |            |
|    approx_kl            | 0.08630727 |
|    clip_fraction        | 0.512      |
|    clip_range           | 0.2        |
|    entropy_loss         | -14.5      |
|    explained_variance   | 0.744      |
|    learning_rate        | 0.0003     |
|    loss                 | -0.103     |
|    n_updates            | 410        |
|    policy_gradient_loss | -0.0757    |
|    std                  | 0.809      |
|    value_loss           | 0.0257     |
----------------------------------------
----------------------------------------
| mass/                   |            |
|    rot                  | 0          |
|    rotate_scale         | 2.5        |
|    tilt                 | 0          |
|    tilt_scale           | 0          |
| rollout/                |            |
|    ep_len_mean          | 500        |
|    ep_rew_mean          | 289        |
|    success_rate         | 0.953      |
| time/                   |            |
|    fps                  | 2267       |
|    iterations           | 4          |
|    time_elapsed         | 14         |
|    total_timesteps      | 32768      |
| train/                  |            |
|    approx_kl            | 0.08875257 |
|    clip_fraction        | 0.534      |
|    clip_range           | 0.2        |
|    entropy_loss         | -14.5      |
|    explained_variance   | 0.623      |
|    learning_rate        | 0.0003     |
|    loss                 | -0.108     |
|    n_updates            | 420        |
|    policy_gradient_loss | -0.0805    |
|    std                  | 0.808      |
|    value_loss           | 0.0459     |
----------------------------------------
----------------------------------------
| mass/                   |            |
|    rot                  | 0          |
|    rotate_scale         | 2.5        |
|    tilt                 | 0          |
|    tilt_scale           | 0          |
| rollout/                |            |
|    ep_len_mean          | 500        |
|    ep_rew_mean          | 289        |
|    success_rate         | 0.953      |
| time/                   |            |
|    fps                  | 2228       |
|    iterations           | 5          |
|    time_elapsed         | 18         |
|    total_timesteps      | 40960      |
| train/                  |            |
|    approx_kl            | 0.08953648 |
|    clip_fraction        | 0.524      |
|    clip_range           | 0.2        |
|    entropy_loss         | -14.4      |
|    explained_variance   | 0.734      |
|    learning_rate        | 0.0003     |
|    loss                 | -0.113     |
|    n_updates            | 430        |
|    policy_gradient_loss | -0.0793    |
|    std                  | 0.806      |
|    value_loss           | 0.026      |
----------------------------------------
-----------------------------------------
| mass/                   |             |
|    rot                  | 0           |
|    rotate_scale         | 2.5         |
|    tilt                 | 0           |
|    tilt_scale           | 0           |
| rollout/                |             |
|    ep_len_mean          | 500         |
|    ep_rew_mean          | 338         |
|    success_rate         | 0.969       |
| time/                   |             |
|    fps                  | 2215        |
|    iterations           | 6           |
|    time_elapsed         | 22          |
|    total_timesteps      | 49152       |
| train/                  |             |
|    approx_kl            | 0.093168356 |
|    clip_fraction        | 0.527       |
|    clip_range           | 0.2         |
|    entropy_loss         | -14.4       |
|    explained_variance   | 0.628       |
|    learning_rate        | 0.0003      |
|    loss                 | -0.119      |
|    n_updates            | 440         |
|    policy_gradient_loss | -0.0835     |
|    std                  | 0.802       |
|    value_loss           | 0.0361      |
-----------------------------------------
----------------------------------------
| mass/                   |            |
|    rot                  | 0          |
|    rotate_scale         | 2.5        |
|    tilt                 | 0          |
|    tilt_scale           | 0          |
| rollout/                |            |
|    ep_len_mean          | 500        |
|    ep_rew_mean          | 338        |
|    success_rate         | 0.969      |
| time/                   |            |
|    fps                  | 2190       |
|    iterations           | 7          |
|    time_elapsed         | 26         |
|    total_timesteps      | 57344      |
| train/                  |            |
|    approx_kl            | 0.08281297 |
|    clip_fraction        | 0.526      |
|    clip_range           | 0.2        |
|    entropy_loss         | -14.4      |
|    explained_variance   | 0.794      |
|    learning_rate        | 0.0003     |
|    loss                 | -0.102     |
|    n_updates            | 450        |
|    policy_gradient_loss | -0.0799    |
|    std                  | 0.801      |
|    value_loss           | 0.0371     |
----------------------------------------
----------------------------------------
| mass/                   |            |
|    rot                  | 0          |
|    rotate_scale         | 2.5        |
|    tilt                 | 0          |
|    tilt_scale           | 0          |
| rollout/                |            |
|    ep_len_mean          | 500        |
|    ep_rew_mean          | 413        |
|    success_rate         | 0.99       |
| time/                   |            |
|    fps                  | 2169       |
|    iterations           | 8          |
|    time_elapsed         | 30         |
|    total_timesteps      | 65536      |
| train/                  |            |
|    approx_kl            | 0.09831982 |
|    clip_fraction        | 0.547      |
|    clip_range           | 0.2        |
|    entropy_loss         | -14.3      |
|    explained_variance   | 0.571      |
|    learning_rate        | 0.0003     |
|    loss                 | -0.111     |
|    n_updates            | 460        |
|    policy_gradient_loss | -0.0882    |
|    std                  | 0.799      |
|    value_loss           | 0.0392     |
----------------------------------------
----------------------------------------
| mass/                   |            |
|    rot                  | 0          |
|    rotate_scale         | 2.5        |
|    tilt                 | 0          |
|    tilt_scale           | 0          |
| rollout/                |            |
|    ep_len_mean          | 500        |
|    ep_rew_mean          | 413        |
|    success_rate         | 0.99       |
| time/                   |            |
|    fps                  | 2156       |
|    iterations           | 9          |
|    time_elapsed         | 34         |
|    total_timesteps      | 73728      |
| train/                  |            |
|    approx_kl            | 0.09165782 |
|    clip_fraction        | 0.531      |
|    clip_range           | 0.2        |
|    entropy_loss         | -14.3      |
|    explained_variance   | 0.763      |
|    learning_rate        | 0.0003     |
|    loss                 | -0.108     |
|    n_updates            | 470        |
|    policy_gradient_loss | -0.0808    |
|    std                  | 0.795      |
|    value_loss           | 0.0362     |
----------------------------------------
----------------------------------------
| mass/                   |            |
|    rot                  | 0          |
|    rotate_scale         | 2.5        |
|    tilt                 | 0          |
|    tilt_scale           | 0          |
| rollout/                |            |
|    ep_len_mean          | 500        |
|    ep_rew_mean          | 489        |
|    success_rate         | 1          |
| time/                   |            |
|    fps                  | 2151       |
|    iterations           | 10         |
|    time_elapsed         | 38         |
|    total_timesteps      | 81920      |
| train/                  |            |
|    approx_kl            | 0.10596973 |
|    clip_fraction        | 0.551      |
|    clip_range           | 0.2        |
|    entropy_loss         | -14.2      |
|    explained_variance   | 0.545      |
|    learning_rate        | 0.0003     |
|    loss                 | -0.109     |
|    n_updates            | 480        |
|    policy_gradient_loss | -0.0876    |
|    std                  | 0.792      |
|    value_loss           | 0.0409     |
----------------------------------------
----------------------------------------
| mass/                   |            |
|    rot                  | 0          |
|    rotate_scale         | 2.5        |
|    tilt                 | 0          |
|    tilt_scale           | 0          |
| rollout/                |            |
|    ep_len_mean          | 500        |
|    ep_rew_mean          | 489        |
|    success_rate         | 1          |
| time/                   |            |
|    fps                  | 2147       |
|    iterations           | 11         |
|    time_elapsed         | 41         |
|    total_timesteps      | 90112      |
| train/                  |            |
|    approx_kl            | 0.10415538 |
|    clip_fraction        | 0.555      |
|    clip_range           | 0.2        |
|    entropy_loss         | -14.2      |
|    explained_variance   | 0.805      |
|    learning_rate        | 0.0003     |
|    loss                 | -0.115     |
|    n_updates            | 490        |
|    policy_gradient_loss | -0.0849    |
|    std                  | 0.79       |
|    value_loss           | 0.0377     |
----------------------------------------
----------------------------------------
| mass/                   |            |
|    rot                  | 0          |
|    rotate_scale         | 2.5        |
|    tilt                 | 0          |
|    tilt_scale           | 0          |
| rollout/                |            |
|    ep_len_mean          | 500        |
|    ep_rew_mean          | 563        |
|    success_rate         | 0.99       |
| time/                   |            |
|    fps                  | 2141       |
|    iterations           | 12         |
|    time_elapsed         | 45         |
|    total_timesteps      | 98304      |
| train/                  |            |
|    approx_kl            | 0.10582629 |
|    clip_fraction        | 0.565      |
|    clip_range           | 0.2        |
|    entropy_loss         | -14.1      |
|    explained_variance   | 0.621      |
|    learning_rate        | 0.0003     |
|    loss                 | -0.123     |
|    n_updates            | 500        |
|    policy_gradient_loss | -0.091     |
|    std                  | 0.784      |
|    value_loss           | 0.0368     |
----------------------------------------
-----------------------------------------
| mass/                   |             |
|    rot                  | 0           |
|    rotate_scale         | 2.5         |
|    tilt                 | 0           |
|    tilt_scale           | 0           |
| rollout/                |             |
|    ep_len_mean          | 500         |
|    ep_rew_mean          | 563         |
|    success_rate         | 0.99        |
| time/                   |             |
|    fps                  | 2134        |
|    iterations           | 13          |
|    time_elapsed         | 49          |
|    total_timesteps      | 106496      |
| train/                  |             |
|    approx_kl            | 0.104362324 |
|    clip_fraction        | 0.558       |
|    clip_range           | 0.2         |
|    entropy_loss         | -14.1       |
|    explained_variance   | 0.727       |
|    learning_rate        | 0.0003      |
|    loss                 | -0.116      |
|    n_updates            | 510         |
|    policy_gradient_loss | -0.0858     |
|    std                  | 0.783       |
|    value_loss           | 0.0431      |
-----------------------------------------
/data/ypx/allegro_rod_mvp/.venv/lib/python3.13/site-packages/stable_baselines3/common/on_policy_algorithm.py:150: UserWarning: You are trying to run PPO on the GPU, but it is primarily intended to run on the CPU when not using a CNN policy (you are using ActorCriticPolicy which should be a MlpPolicy). See https://github.com/DLR-RM/stable-baselines3/issues/1245 for more info. You can pass `device='cpu'` or `export CUDA_VISIBLE_DEVICES=` to force using the CPU.Note: The model will train, but the GPU utilization will be poor and the training might take longer than on CPU.
  warnings.warn(
Load smoke OK: /data/ypx/allegro_rod_mvp/runs/20260823-1855-net-angle-C-force-curriculum-seed0-R01-s200-mu2-iter0-seed0/checkpoints/final_model.zip
EXP-infra complete: ok=True run_dir=/data/ypx/allegro_rod_mvp/runs/20260823-1855-net-angle-C-force-curriculum-seed0-R01-s200-mu2-iter0-seed0
{
  "model": "/data/ypx/allegro_rod_mvp/runs/20260823-1855-net-angle-C-force-curriculum-seed0-R01-s200-mu2-iter0-seed0/checkpoints/final_model.zip",
  "stage": 0,
  "episodes": 10,
  "physics_mode": "revolute",
  "reward_style": "dexscrew",
  "tip_connect_solref": null,
  "tip_connect_enabled": false,
  "axis_stabilizer_scale": 0.0,
  "axis_tilt_penalty_weight": 1.0,
  "axis_tilt_recovery_scale": 0.0,
  "rotation_reward_scale": 16.0,
  "contact_reward_mode": "discrete",
  "three_contact_reward": 0.3,
  "rotation_requires_three_contacts": false,
  "contact_support_termination_enabled": false,
  "contact_reward_scale": 0.1,
  "contact_window_steps": 25,
  "contact_window_threshold": 18.0,
  "omega_success_threshold": 0.5,
  "omega_success_hold_seconds": 10.0,
  "success_mode": "net_angle",
  "net_angle_success_threshold_rad": 3.141592653589793,
  "net_angle_success_threshold_deg": 180.0,
  "rod_mass_scale": 200.0,
  "rod_friction_cap": 4.0,
  "contact_friction_scale": 2.0,
  "scale_tip_solref_with_mass": false,
  "contact_friction_vector": [
    3.6,
    0.05,
    0.001
  ],
  "tilt_terminate_rad": 0.7,
  "tip_anchor": "bottom",
  "hand_model": "allegro",
  "hand_pose_config": "/data/ypx/allegro_rod_mvp/configs/hand_poses/my_grasp.json",
  "hand_pose_config_sha256": "2d8ac7f17a6693855543395d52022524c1a2956422915ee2962544019f6e7c9f",
  "hand_pose_config_content": {
    "schema": "allegro_rod_mvp.hand_pose",
    "schema_version": 1,
    "transform_space": "model",
    "body": "palm",
    "translation": [
      0.0262807865392716,
      -0.08578110798288589,
      0.113580438493427
    ],
    "quaternion_wxyz": [
      0.7071067811865475,
      1.3877787807814457e-17,
      0.7071067811865476,
      1.3877787807814457e-17
    ],
    "euler_xyz_degrees": [
      169.97501213792427,
      90.0,
      169.97501213792427
    ],
    "source_pose": {
      "type": "model_default",
      "model": "models/allegro_three_finger_rod_revolute.xml",
      "translation": [
        -0.018718,
        -0.022177,
        -0.058714
      ],
      "quaternion_wxyz": [
        0.0,
        0.7071067811865476,
        0.0,
        0.7071067811865476
      ]
    },
    "pivot": "palm_body_origin",
    "rotation_convention": "world-axis incremental rotations pre-multiplied onto the palm orientation; Euler display is extrinsic XYZ in degrees",
    "model_variant": "allegro_three_finger_rod_revolute",
    "compatible_model_variants": [
      "allegro_three_finger_rod",
      "allegro_three_finger_rod_revolute"
    ],
    "created_at": "2026-08-23T17:15:52-07:00",
    "notes": ""
  },
  "hand_grasp_config": "/data/ypx/allegro_rod_mvp/configs/hand_grasps/my_grasp_revolute_shared.json",
  "hand_grasp_config_sha256": "fdd9ead60842eca3167f98ecda3c496ea752cff3fa9e053de47a4544e061b03a",
  "hand_grasp_config_content": {
    "schema": "allegro_rod_mvp.hand_grasp",
    "schema_version": 1,
    "hand_model": "allegro",
    "hand_pose_path": "configs/hand_poses/my_grasp.json",
    "hand_pose_sha256": "2d8ac7f17a6693855543395d52022524c1a2956422915ee2962544019f6e7c9f",
    "joint_order": [
      "f0_j0",
      "f0_j1",
      "f0_j2",
      "f0_j3",
      "f1_j0",
      "f1_j1",
      "f1_j2",
      "f1_j3",
      "f2_j0",
      "f2_j1",
      "f2_j2",
      "f2_j3"
    ],
    "reset_qpos": [
      7.548838867727841e-08,
      1.0736323864341875,
      1.0313785514651856,
      0.7316452497148404,
      0.16193687029911827,
      1.2757924785844845,
      1.0454911512789378,
      0.7641591781446949,
      1.0492318494888706,
      0.40374195243716865,
      0.19782398096519818,
      1.1841084856455784
    ],
    "grasp_qpos": [
      7.548838867727841e-08,
      1.0736323864341875,
      1.0313785514651856,
      0.7316452497148404,
      0.16193687029911827,
      1.2757924785844845,
      1.0454911512789378,
      0.7641591781446949,
      1.0492318494888706,
      0.40374195243716865,
      0.19782398096519818,
      1.1841084856455784
    ],
    "reset_joint_noise": 0.0075,
    "grasp_ramp_steps": 1,
    "grasp_hold_steps": 100,
    "validated_for": {
      "physics_modes": [
        "revolute"
      ],
      "mass_scales": [
        400.0,
        1.0
      ],
      "fixed_seeds": [
        0,
        1,
        2,
        3,
        4,
        5,
        6,
        7,
        8,
        9
      ],
      "steps_per_seed": 100
    },
    "source": "bounded per-finger signed-distance search at -1 mm target followed by deterministic dynamic robustness audit",
    "notes": "Shared revolute endpoint preset. The same vector passed tip-connect s=1 but not tip-connect s=400, so it is not silently promoted as a universal preset."
  },
  "dexscrew_tip_penalty_scale": 0.5,
  "vecnormalize": "/data/ypx/allegro_rod_mvp/runs/20260823-1855-net-angle-C-force-curriculum-seed0-R01-s200-mu2-iter0-seed0/checkpoints/vecnormalize.pkl",
  "axis_rotation_deg_mean": 1144.5937886622628,
  "axis_rotation_deg_std": 298.9280452041087,
  "tip_error_m_mean": 1.4152922525252803e-17,
  "tip_error_m_std": 9.05971767220906e-18,
  "contact_count_mean": 0.9,
  "contact_count_step_distribution": {
    "0": 0.2118,
    "1": 0.4102,
    "2": 0.287,
    "3": 0.091
  },
  "contact_fraction_at_least_one": 0.7882,
  "contact_fraction_at_least_two": 0.378,
  "finger_contact_step_fraction": [
    0.4118,
    0.6484,
    0.197
  ],
  "minimum_window_three_contact_occupancy": {
    "window_steps": 25,
    "minimum_across_episodes": 0.0,
    "mean_episode_minimum": 0.0
  },
  "rolling_contact_gate_failure_steps": {
    "total": 4516,
    "episodes_with_failure": 10
  },
  "per_tip_contact_loss_longest": [
    {
      "mean_steps": 117.5,
      "max_steps": 201,
      "mean_seconds": 4.7,
      "max_seconds": 8.040000000000001
    },
    {
      "mean_steps": 65.8,
      "max_steps": 223,
      "mean_seconds": 2.632,
      "max_seconds": 8.92
    },
    {
      "mean_steps": 312.7,
      "max_steps": 451,
      "mean_seconds": 12.508,
      "max_seconds": 18.04
    }
  ],
  "per_tip_leave_return_events": [
    {
      "mean": 15.7,
      "minimum": 3,
      "maximum": 32,
      "total": 157
    },
    {
      "mean": 15.9,
      "minimum": 6,
      "maximum": 30,
      "total": 159
    },
    {
      "mean": 2.8,
      "minimum": 0,
      "maximum": 10,
      "total": 28
    }
  ],
  "complete_contact_loss_longest": {
    "mean_steps": 40.1,
    "max_steps": 164,
    "mean_seconds": 1.604,
    "max_seconds": 6.5600000000000005
  },
  "below_two_contact_longest": {
    "mean_steps": 103.2,
    "max_steps": 225,
    "mean_seconds": 4.128,
    "max_seconds": 9.0
  },
  "rotation_cycle_metrics": {
    "cumulative_absolute_rotation_deg_mean": 1608.3141093869112,
    "completed_net_cycles_mean": 2.8,
    "episodes_with_at_least_two_net_cycles": 10
  },
  "axial_omega_metrics": {
    "mean_rad_s": 0.9350139889018335,
    "p95_rad_s": 4.879319562233634,
    "fraction_above_success_threshold": 0.411
  },
  "tip_error_m_max": 4.858186628028942e-17,
  "numerical_instability_episodes": 0,
  "final_axis_tilt_deg_mean": 0.0,
  "omega_hold_satisfied_rate": 0.0,
  "omega_hold_seconds_max_mean": 1.4679999999999997,
  "stabilizer_torque_mean": 0.0,
  "stabilizer_torque_max_mean": 0.0,
  "termination_reasons": {
    "none": 10
  },
  "reward_component_step_means": {
    "reward_rotation": 1.7816653953306747,
    "reward_tip_penalty": -2.5033199773336967e-31,
    "reward_axis_tilt_penalty": 0.0,
    "reward_axis_tilt_penalty_raw": 0.0,
    "reward_axis_tilt_recovery": 0.0,
    "reward_lateral_omega_penalty": 0.0,
    "reward_contact_bonus": -0.24722,
    "reward_contact_bonus_raw": -2.4722,
    "reward_proximity": 0.18715294083588413,
    "reward_force_penalty": 0.0,
    "reward_action_rate_penalty": -0.004994497905334188
  },
  "normal_contact_force_n": {
    "per_tip": [
      {
        "mean": 16.934204207259086,
        "median": 0.0,
        "p95": 76.27385184614756
      },
      {
        "mean": 26.93496240882807,
        "median": 21.76756372744093,
        "p95": 82.17437705517793
      },
      {
        "mean": 8.967630583835216,
        "median": 0.0,
        "p95": 56.558638131181105
      }
    ],
    "total": {
      "mean": 52.83679719992237,
      "median": 42.89348004089297,
      "p95": 142.9980516584114
    },
    "definition": "MuJoCo contact-frame normal force, not actuator effort"
  },
  "conditioned_positive_rotation_support_force_n": {
    "condition": "axial_omega > 0.5 rad/s AND contact_count >= 2",
    "eligible_steps": 797,
    "eligible_step_fraction": 0.1594,
    "excluded_step_fraction": 0.8406,
    "per_tip": [
      {
        "mean": 42.485792698698056,
        "median": 39.00243628033581,
        "p95": 96.23559282698677
      },
      {
        "mean": 39.818532862225325,
        "median": 29.64916940325996,
        "p95": 85.35158807972367
      },
      {
        "mean": 24.249819167628058,
        "median": 22.145322814884363,
        "p95": 83.14387445139208
      }
    ],
    "total": {
      "mean": 106.55414472855144,
      "median": 98.20815292443109,
      "p95": 170.73942157480482
    },
    "reference_statistic": "total median",
    "definition": "MuJoCo contact-frame normal force on genuine positive-rotation timesteps with at least two supporting fingertips; not actuator effort"
  },
  "success_rate": 1.0,
  "legacy_omega_success_rate": 0.0,
  "net_angle_success_rate": 1.0,
  "drop_rate": 0.0,
  "passed": true
}
{
  "model": "/data/ypx/allegro_rod_mvp/runs/20260823-1855-net-angle-C-force-curriculum-seed0-R01-s200-mu2-iter0-seed0/checkpoints/final_model.zip",
  "stage": 0,
  "episodes": 10,
  "physics_mode": "revolute",
  "reward_style": "dexscrew",
  "tip_connect_solref": null,
  "tip_connect_enabled": false,
  "axis_stabilizer_scale": 0.0,
  "axis_tilt_penalty_weight": 1.0,
  "axis_tilt_recovery_scale": 0.0,
  "rotation_reward_scale": 16.0,
  "contact_reward_mode": "discrete",
  "three_contact_reward": 0.3,
  "rotation_requires_three_contacts": false,
  "contact_support_termination_enabled": false,
  "contact_reward_scale": 0.1,
  "contact_window_steps": 25,
  "contact_window_threshold": 18.0,
  "omega_success_threshold": 0.5,
  "omega_success_hold_seconds": 10.0,
  "success_mode": "net_angle",
  "net_angle_success_threshold_rad": 3.141592653589793,
  "net_angle_success_threshold_deg": 180.0,
  "rod_mass_scale": 200.0,
  "rod_friction_cap": 4.0,
  "contact_friction_scale": 2.0,
  "scale_tip_solref_with_mass": false,
  "contact_friction_vector": [
    3.6,
    0.05,
    0.001
  ],
  "tilt_terminate_rad": 0.7,
  "tip_anchor": "bottom",
  "hand_model": "allegro",
  "hand_pose_config": "/data/ypx/allegro_rod_mvp/configs/hand_poses/my_grasp.json",
  "hand_pose_config_sha256": "2d8ac7f17a6693855543395d52022524c1a2956422915ee2962544019f6e7c9f",
  "hand_pose_config_content": {
    "schema": "allegro_rod_mvp.hand_pose",
    "schema_version": 1,
    "transform_space": "model",
    "body": "palm",
    "translation": [
      0.0262807865392716,
      -0.08578110798288589,
      0.113580438493427
    ],
    "quaternion_wxyz": [
      0.7071067811865475,
      1.3877787807814457e-17,
      0.7071067811865476,
      1.3877787807814457e-17
    ],
    "euler_xyz_degrees": [
      169.97501213792427,
      90.0,
      169.97501213792427
    ],
    "source_pose": {
      "type": "model_default",
      "model": "models/allegro_three_finger_rod_revolute.xml",
      "translation": [
        -0.018718,
        -0.022177,
        -0.058714
      ],
      "quaternion_wxyz": [
        0.0,
        0.7071067811865476,
        0.0,
        0.7071067811865476
      ]
    },
    "pivot": "palm_body_origin",
    "rotation_convention": "world-axis incremental rotations pre-multiplied onto the palm orientation; Euler display is extrinsic XYZ in degrees",
    "model_variant": "allegro_three_finger_rod_revolute",
    "compatible_model_variants": [
      "allegro_three_finger_rod",
      "allegro_three_finger_rod_revolute"
    ],
    "created_at": "2026-08-23T17:15:52-07:00",
    "notes": ""
  },
  "hand_grasp_config": "/data/ypx/allegro_rod_mvp/configs/hand_grasps/my_grasp_revolute_shared.json",
  "hand_grasp_config_sha256": "fdd9ead60842eca3167f98ecda3c496ea752cff3fa9e053de47a4544e061b03a",
  "hand_grasp_config_content": {
    "schema": "allegro_rod_mvp.hand_grasp",
    "schema_version": 1,
    "hand_model": "allegro",
    "hand_pose_path": "configs/hand_poses/my_grasp.json",
    "hand_pose_sha256": "2d8ac7f17a6693855543395d52022524c1a2956422915ee2962544019f6e7c9f",
    "joint_order": [
      "f0_j0",
      "f0_j1",
      "f0_j2",
      "f0_j3",
      "f1_j0",
      "f1_j1",
      "f1_j2",
      "f1_j3",
      "f2_j0",
      "f2_j1",
      "f2_j2",
      "f2_j3"
    ],
    "reset_qpos": [
      7.548838867727841e-08,
      1.0736323864341875,
      1.0313785514651856,
      0.7316452497148404,
      0.16193687029911827,
      1.2757924785844845,
      1.0454911512789378,
      0.7641591781446949,
      1.0492318494888706,
      0.40374195243716865,
      0.19782398096519818,
      1.1841084856455784
    ],
    "grasp_qpos": [
      7.548838867727841e-08,
      1.0736323864341875,
      1.0313785514651856,
      0.7316452497148404,
      0.16193687029911827,
      1.2757924785844845,
      1.0454911512789378,
      0.7641591781446949,
      1.0492318494888706,
      0.40374195243716865,
      0.19782398096519818,
      1.1841084856455784
    ],
    "reset_joint_noise": 0.0075,
    "grasp_ramp_steps": 1,
    "grasp_hold_steps": 100,
    "validated_for": {
      "physics_modes": [
        "revolute"
      ],
      "mass_scales": [
        400.0,
        1.0
      ],
      "fixed_seeds": [
        0,
        1,
        2,
        3,
        4,
        5,
        6,
        7,
        8,
        9
      ],
      "steps_per_seed": 100
    },
    "source": "bounded per-finger signed-distance search at -1 mm target followed by deterministic dynamic robustness audit",
    "notes": "Shared revolute endpoint preset. The same vector passed tip-connect s=1 but not tip-connect s=400, so it is not silently promoted as a universal preset."
  },
  "dexscrew_tip_penalty_scale": 0.5,
  "vecnormalize": "/data/ypx/allegro_rod_mvp/runs/20260823-1855-net-angle-C-force-curriculum-seed0-R01-s200-mu2-iter0-seed0/checkpoints/vecnormalize.pkl",
  "axis_rotation_deg_mean": 1169.5009673879363,
  "axis_rotation_deg_std": 253.14797315765477,
  "tip_error_m_mean": 1.44514234093032e-17,
  "tip_error_m_std": 1.1003717572467428e-17,
  "contact_count_mean": 0.9,
  "contact_count_step_distribution": {
    "0": 0.1562,
    "1": 0.4068,
    "2": 0.3416,
    "3": 0.0954
  },
  "contact_fraction_at_least_one": 0.8438,
  "contact_fraction_at_least_two": 0.437,
  "finger_contact_step_fraction": [
    0.4574,
    0.7158,
    0.203
  ],
  "minimum_window_three_contact_occupancy": {
    "window_steps": 25,
    "minimum_across_episodes": 0.0,
    "mean_episode_minimum": 0.0
  },
  "rolling_contact_gate_failure_steps": {
    "total": 4535,
    "episodes_with_failure": 10
  },
  "per_tip_contact_loss_longest": [
    {
      "mean_steps": 113.6,
      "max_steps": 328,
      "mean_seconds": 4.544,
      "max_seconds": 13.120000000000001
    },
    {
      "mean_steps": 51.5,
      "max_steps": 150,
      "mean_seconds": 2.06,
      "max_seconds": 6.0
    },
    {
      "mean_steps": 269.7,
      "max_steps": 446,
      "mean_seconds": 10.788,
      "max_seconds": 17.84
    }
  ],
  "per_tip_leave_return_events": [
    {
      "mean": 19.2,
      "minimum": 2,
      "maximum": 32,
      "total": 192
    },
    {
      "mean": 20.5,
      "minimum": 9,
      "maximum": 39,
      "total": 205
    },
    {
      "mean": 3.7,
      "minimum": 0,
      "maximum": 7,
      "total": 37
    }
  ],
  "complete_contact_loss_longest": {
    "mean_steps": 31.1,
    "max_steps": 142,
    "mean_seconds": 1.244,
    "max_seconds": 5.68
  },
  "below_two_contact_longest": {
    "mean_steps": 88.3,
    "max_steps": 175,
    "mean_seconds": 3.532,
    "max_seconds": 7.0
  },
  "rotation_cycle_metrics": {
    "cumulative_absolute_rotation_deg_mean": 1577.4319710588982,
    "completed_net_cycles_mean": 2.6,
    "episodes_with_at_least_two_net_cycles": 9
  },
  "axial_omega_metrics": {
    "mean_rad_s": 0.9669414774814086,
    "p95_rad_s": 4.824571994792011,
    "fraction_above_success_threshold": 0.4138
  },
  "tip_error_m_max": 5.331382981107677e-17,
  "numerical_instability_episodes": 0,
  "final_axis_tilt_deg_mean": 0.0,
  "omega_hold_satisfied_rate": 0.0,
  "omega_hold_seconds_max_mean": 1.356,
  "stabilizer_torque_mean": 0.0,
  "stabilizer_torque_max_mean": 0.0,
  "termination_reasons": {
    "none": 10
  },
  "reward_component_step_means": {
    "reward_rotation": 1.8608463181640307,
    "reward_tip_penalty": -2.8980025070492776e-31,
    "reward_axis_tilt_penalty": 0.0,
    "reward_axis_tilt_penalty_raw": 0.0,
    "reward_axis_tilt_recovery": 0.0,
    "reward_lateral_omega_penalty": 0.0,
    "reward_contact_bonus": -0.190602,
    "reward_contact_bonus_raw": -1.9060199999999998,
    "reward_proximity": 0.13896321415485638,
    "reward_force_penalty": 0.0,
    "reward_action_rate_penalty": -0.005591680456583759
  },
  "normal_contact_force_n": {
    "per_tip": [
      {
        "mean": 16.849773177853244,
        "median": 0.0,
        "p95": 70.62481145812151
      },
      {
        "mean": 27.279338376614184,
        "median": 19.235534779983297,
        "p95": 93.04009228850046
      },
      {
        "mean": 8.828070387598116,
        "median": 0.0,
        "p95": 56.459470351547104
      }
    ],
    "total": {
      "mean": 52.957181942065546,
      "median": 41.42662524742934,
      "p95": 145.48381974539637
    },
    "definition": "MuJoCo contact-frame normal force, not actuator effort"
  },
  "conditioned_positive_rotation_support_force_n": {
    "condition": "axial_omega > 0.5 rad/s AND contact_count >= 2",
    "eligible_steps": 798,
    "eligible_step_fraction": 0.1596,
    "excluded_step_fraction": 0.8404,
    "per_tip": [
      {
        "mean": 39.46750080108974,
        "median": 38.83199182297077,
        "p95": 90.42476705435801
      },
      {
        "mean": 42.85921574815677,
        "median": 32.80092633607273,
        "p95": 86.77241336022568
      },
      {
        "mean": 23.965229212062326,
        "median": 21.781514052215606,
        "p95": 88.79763869587858
      }
    ],
    "total": {
      "mean": 106.29194576130884,
      "median": 102.26012939642388,
      "p95": 157.33700713800124
    },
    "reference_statistic": "total median",
    "definition": "MuJoCo contact-frame normal force on genuine positive-rotation timesteps with at least two supporting fingertips; not actuator effort"
  },
  "success_rate": 1.0,
  "legacy_omega_success_rate": 0.0,
  "net_angle_success_rate": 1.0,
  "drop_rate": 0.0,
  "passed": true
}
/data/ypx/allegro_rod_mvp/.venv/lib/python3.13/site-packages/stable_baselines3/common/on_policy_algorithm.py:150: UserWarning: You are trying to run PPO on the GPU, but it is primarily intended to run on the CPU when not using a CNN policy (you are using ActorCriticPolicy which should be a MlpPolicy). See https://github.com/DLR-RM/stable-baselines3/issues/1245 for more info. You can pass `device='cpu'` or `export CUDA_VISIBLE_DEVICES=` to force using the CPU.Note: The model will train, but the GPU utilization will be poor and the training might take longer than on CPU.
  warnings.warn(
Starting run: stage=0 n_envs=32 device=cuda:1 net_arch=[512, 256, 128] steps=100000 ent_coef=0.0 reset_timesteps=True run=20260823-1855-net-angle-C-force-curriculum-seed0-R02-s100-mu1-iter0-seed0
Logging to /data/ypx/allegro_rod_mvp/runs/20260823-1855-net-angle-C-force-curriculum-seed0-R02-s100-mu1-iter0-seed0/tb/PPO_1
---------------------------------
| mass/              |          |
|    rot             | 0        |
|    rotate_scale    | 2.5      |
|    tilt            | 0        |
|    tilt_scale      | 0        |
| time/              |          |
|    fps             | 3827     |
|    iterations      | 1        |
|    time_elapsed    | 2        |
|    total_timesteps | 8192     |
---------------------------------
----------------------------------------
| mass/                   |            |
|    rot                  | 0          |
|    rotate_scale         | 2.5        |
|    tilt                 | 0          |
|    tilt_scale           | 0          |
| rollout/                |            |
|    ep_len_mean          | 500        |
|    ep_rew_mean          | 603        |
|    success_rate         | 1          |
| time/                   |            |
|    fps                  | 2537       |
|    iterations           | 2          |
|    time_elapsed         | 6          |
|    total_timesteps      | 16384      |
| train/                  |            |
|    approx_kl            | 0.11352475 |
|    clip_fraction        | 0.572      |
|    clip_range           | 0.2        |
|    entropy_loss         | -14        |
|    explained_variance   | 0.508      |
|    learning_rate        | 0.0003     |
|    loss                 | -0.124     |
|    n_updates            | 530        |
|    policy_gradient_loss | -0.0915    |
|    std                  | 0.777      |
|    value_loss           | 0.0489     |
----------------------------------------
----------------------------------------
| mass/                   |            |
|    rot                  | 0          |
|    rotate_scale         | 2.5        |
|    tilt                 | 0          |
|    tilt_scale           | 0          |
| rollout/                |            |
|    ep_len_mean          | 500        |
|    ep_rew_mean          | 603        |
|    success_rate         | 1          |
| time/                   |            |
|    fps                  | 2376       |
|    iterations           | 3          |
|    time_elapsed         | 10         |
|    total_timesteps      | 24576      |
| train/                  |            |
|    approx_kl            | 0.11034784 |
|    clip_fraction        | 0.567      |
|    clip_range           | 0.2        |
|    entropy_loss         | -13.9      |
|    explained_variance   | 0.622      |
|    learning_rate        | 0.0003     |
|    loss                 | -0.115     |
|    n_updates            | 540        |
|    policy_gradient_loss | -0.0878    |
|    std                  | 0.773      |
|    value_loss           | 0.0396     |
----------------------------------------
----------------------------------------
| mass/                   |            |
|    rot                  | 0          |
|    rotate_scale         | 2.5        |
|    tilt                 | 0          |
|    tilt_scale           | 0          |
| rollout/                |            |
|    ep_len_mean          | 500        |
|    ep_rew_mean          | 680        |
|    success_rate         | 1          |
| time/                   |            |
|    fps                  | 2353       |
|    iterations           | 4          |
|    time_elapsed         | 13         |
|    total_timesteps      | 32768      |
| train/                  |            |
|    approx_kl            | 0.12793005 |
|    clip_fraction        | 0.593      |
|    clip_range           | 0.2        |
|    entropy_loss         | -13.9      |
|    explained_variance   | 0.313      |
|    learning_rate        | 0.0003     |
|    loss                 | -0.118     |
|    n_updates            | 550        |
|    policy_gradient_loss | -0.0946    |
|    std                  | 0.771      |
|    value_loss           | 0.0483     |
----------------------------------------
-----------------------------------------
| mass/                   |             |
|    rot                  | 0           |
|    rotate_scale         | 2.5         |
|    tilt                 | 0           |
|    tilt_scale           | 0           |
| rollout/                |             |
|    ep_len_mean          | 500         |
|    ep_rew_mean          | 680         |
|    success_rate         | 1           |
| time/                   |             |
|    fps                  | 2341        |
|    iterations           | 5           |
|    time_elapsed         | 17          |
|    total_timesteps      | 40960       |
| train/                  |             |
|    approx_kl            | 0.116921596 |
|    clip_fraction        | 0.58        |
|    clip_range           | 0.2         |
|    entropy_loss         | -13.8       |
|    explained_variance   | 0.447       |
|    learning_rate        | 0.0003      |
|    loss                 | -0.111      |
|    n_updates            | 560         |
|    policy_gradient_loss | -0.0867     |
|    std                  | 0.766       |
|    value_loss           | 0.0524      |
-----------------------------------------
----------------------------------------
| mass/                   |            |
|    rot                  | 0          |
|    rotate_scale         | 2.5        |
|    tilt                 | 0          |
|    tilt_scale           | 0          |
| rollout/                |            |
|    ep_len_mean          | 500        |
|    ep_rew_mean          | 715        |
|    success_rate         | 1          |
| time/                   |            |
|    fps                  | 2303       |
|    iterations           | 6          |
|    time_elapsed         | 21         |
|    total_timesteps      | 49152      |
| train/                  |            |
|    approx_kl            | 0.13069078 |
|    clip_fraction        | 0.589      |
|    clip_range           | 0.2        |
|    entropy_loss         | -13.8      |
|    explained_variance   | 0.315      |
|    learning_rate        | 0.0003     |
|    loss                 | -0.129     |
|    n_updates            | 570        |
|    policy_gradient_loss | -0.093     |
|    std                  | 0.762      |
|    value_loss           | 0.044      |
----------------------------------------
----------------------------------------
| mass/                   |            |
|    rot                  | 0          |
|    rotate_scale         | 2.5        |
|    tilt                 | 0          |
|    tilt_scale           | 0          |
| rollout/                |            |
|    ep_len_mean          | 500        |
|    ep_rew_mean          | 715        |
|    success_rate         | 1          |
| time/                   |            |
|    fps                  | 2281       |
|    iterations           | 7          |
|    time_elapsed         | 25         |
|    total_timesteps      | 57344      |
| train/                  |            |
|    approx_kl            | 0.11971864 |
|    clip_fraction        | 0.579      |
|    clip_range           | 0.2        |
|    entropy_loss         | -13.7      |
|    explained_variance   | 0.392      |
|    learning_rate        | 0.0003     |
|    loss                 | -0.113     |
|    n_updates            | 580        |
|    policy_gradient_loss | -0.0901    |
|    std                  | 0.757      |
|    value_loss           | 0.0508     |
----------------------------------------
----------------------------------------
| mass/                   |            |
|    rot                  | 0          |
|    rotate_scale         | 2.5        |
|    tilt                 | 0          |
|    tilt_scale           | 0          |
| rollout/                |            |
|    ep_len_mean          | 500        |
|    ep_rew_mean          | 795        |
|    success_rate         | 1          |
| time/                   |            |
|    fps                  | 2253       |
|    iterations           | 8          |
|    time_elapsed         | 29         |
|    total_timesteps      | 65536      |
| train/                  |            |
|    approx_kl            | 0.13748696 |
|    clip_fraction        | 0.6        |
|    clip_range           | 0.2        |
|    entropy_loss         | -13.6      |
|    explained_variance   | 0.374      |
|    learning_rate        | 0.0003     |
|    loss                 | -0.13      |
|    n_updates            | 590        |
|    policy_gradient_loss | -0.0929    |
|    std                  | 0.754      |
|    value_loss           | 0.0391     |
----------------------------------------
----------------------------------------
| mass/                   |            |
|    rot                  | 0          |
|    rotate_scale         | 2.5        |
|    tilt                 | 0          |
|    tilt_scale           | 0          |
| rollout/                |            |
|    ep_len_mean          | 500        |
|    ep_rew_mean          | 795        |
|    success_rate         | 1          |
| time/                   |            |
|    fps                  | 2244       |
|    iterations           | 9          |
|    time_elapsed         | 32         |
|    total_timesteps      | 73728      |
| train/                  |            |
|    approx_kl            | 0.12586492 |
|    clip_fraction        | 0.591      |
|    clip_range           | 0.2        |
|    entropy_loss         | -13.6      |
|    explained_variance   | 0.435      |
|    learning_rate        | 0.0003     |
|    loss                 | -0.117     |
|    n_updates            | 600        |
|    policy_gradient_loss | -0.0899    |
|    std                  | 0.75       |
|    value_loss           | 0.0467     |
----------------------------------------
----------------------------------------
| mass/                   |            |
|    rot                  | 0          |
|    rotate_scale         | 2.5        |
|    tilt                 | 0          |
|    tilt_scale           | 0          |
| rollout/                |            |
|    ep_len_mean          | 500        |
|    ep_rew_mean          | 852        |
|    success_rate         | 1          |
| time/                   |            |
|    fps                  | 2222       |
|    iterations           | 10         |
|    time_elapsed         | 36         |
|    total_timesteps      | 81920      |
| train/                  |            |
|    approx_kl            | 0.13834351 |
|    clip_fraction        | 0.6        |
|    clip_range           | 0.2        |
|    entropy_loss         | -13.5      |
|    explained_variance   | 0.531      |
|    learning_rate        | 0.0003     |
|    loss                 | -0.129     |
|    n_updates            | 610        |
|    policy_gradient_loss | -0.0948    |
|    std                  | 0.746      |
|    value_loss           | 0.0416     |
----------------------------------------
----------------------------------------
| mass/                   |            |
|    rot                  | 0          |
|    rotate_scale         | 2.5        |
|    tilt                 | 0          |
|    tilt_scale           | 0          |
| rollout/                |            |
|    ep_len_mean          | 500        |
|    ep_rew_mean          | 852        |
|    success_rate         | 1          |
| time/                   |            |
|    fps                  | 2219       |
|    iterations           | 11         |
|    time_elapsed         | 40         |
|    total_timesteps      | 90112      |
| train/                  |            |
|    approx_kl            | 0.13629347 |
|    clip_fraction        | 0.603      |
|    clip_range           | 0.2        |
|    entropy_loss         | -13.5      |
|    explained_variance   | 0.593      |
|    learning_rate        | 0.0003     |
|    loss                 | -0.118     |
|    n_updates            | 620        |
|    policy_gradient_loss | -0.0915    |
|    std                  | 0.743      |
|    value_loss           | 0.0414     |
----------------------------------------
----------------------------------------
| mass/                   |            |
|    rot                  | 0          |
|    rotate_scale         | 2.5        |
|    tilt                 | 0          |
|    tilt_scale           | 0          |
| rollout/                |            |
|    ep_len_mean          | 500        |
|    ep_rew_mean          | 944        |
|    success_rate         | 1          |
| time/                   |            |
|    fps                  | 2208       |
|    iterations           | 12         |
|    time_elapsed         | 44         |
|    total_timesteps      | 98304      |
| train/                  |            |
|    approx_kl            | 0.13610674 |
|    clip_fraction        | 0.602      |
|    clip_range           | 0.2        |
|    entropy_loss         | -13.4      |
|    explained_variance   | 0.377      |
|    learning_rate        | 0.0003     |
|    loss                 | -0.117     |
|    n_updates            | 630        |
|    policy_gradient_loss | -0.0935    |
|    std                  | 0.739      |
|    value_loss           | 0.0407     |
----------------------------------------
----------------------------------------
| mass/                   |            |
|    rot                  | 0          |
|    rotate_scale         | 2.5        |
|    tilt                 | 0          |
|    tilt_scale           | 0          |
| rollout/                |            |
|    ep_len_mean          | 500        |
|    ep_rew_mean          | 944        |
|    success_rate         | 1          |
| time/                   |            |
|    fps                  | 2207       |
|    iterations           | 13         |
|    time_elapsed         | 48         |
|    total_timesteps      | 106496     |
| train/                  |            |
|    approx_kl            | 0.13819721 |
|    clip_fraction        | 0.605      |
|    clip_range           | 0.2        |
|    entropy_loss         | -13.3      |
|    explained_variance   | 0.518      |
|    learning_rate        | 0.0003     |
|    loss                 | -0.115     |
|    n_updates            | 640        |
|    policy_gradient_loss | -0.0902    |
|    std                  | 0.735      |
|    value_loss           | 0.0422     |
----------------------------------------
/data/ypx/allegro_rod_mvp/.venv/lib/python3.13/site-packages/stable_baselines3/common/on_policy_algorithm.py:150: UserWarning: You are trying to run PPO on the GPU, but it is primarily intended to run on the CPU when not using a CNN policy (you are using ActorCriticPolicy which should be a MlpPolicy). See https://github.com/DLR-RM/stable-baselines3/issues/1245 for more info. You can pass `device='cpu'` or `export CUDA_VISIBLE_DEVICES=` to force using the CPU.Note: The model will train, but the GPU utilization will be poor and the training might take longer than on CPU.
  warnings.warn(
Load smoke OK: /data/ypx/allegro_rod_mvp/runs/20260823-1855-net-angle-C-force-curriculum-seed0-R02-s100-mu1-iter0-seed0/checkpoints/final_model.zip
EXP-infra complete: ok=True run_dir=/data/ypx/allegro_rod_mvp/runs/20260823-1855-net-angle-C-force-curriculum-seed0-R02-s100-mu1-iter0-seed0
{
  "model": "/data/ypx/allegro_rod_mvp/runs/20260823-1855-net-angle-C-force-curriculum-seed0-R02-s100-mu1-iter0-seed0/checkpoints/final_model.zip",
  "stage": 0,
  "episodes": 10,
  "physics_mode": "revolute",
  "reward_style": "dexscrew",
  "tip_connect_solref": null,
  "tip_connect_enabled": false,
  "axis_stabilizer_scale": 0.0,
  "axis_tilt_penalty_weight": 1.0,
  "axis_tilt_recovery_scale": 0.0,
  "rotation_reward_scale": 16.0,
  "contact_reward_mode": "discrete",
  "three_contact_reward": 0.3,
  "rotation_requires_three_contacts": false,
  "contact_support_termination_enabled": false,
  "contact_reward_scale": 0.1,
  "contact_window_steps": 25,
  "contact_window_threshold": 18.0,
  "omega_success_threshold": 0.5,
  "omega_success_hold_seconds": 10.0,
  "success_mode": "net_angle",
  "net_angle_success_threshold_rad": 3.141592653589793,
  "net_angle_success_threshold_deg": 180.0,
  "rod_mass_scale": 100.0,
  "rod_friction_cap": 4.0,
  "contact_friction_scale": 1.0,
  "scale_tip_solref_with_mass": false,
  "contact_friction_vector": [
    1.8,
    0.05,
    0.001
  ],
  "tilt_terminate_rad": 0.7,
  "tip_anchor": "bottom",
  "hand_model": "allegro",
  "hand_pose_config": "/data/ypx/allegro_rod_mvp/configs/hand_poses/my_grasp.json",
  "hand_pose_config_sha256": "2d8ac7f17a6693855543395d52022524c1a2956422915ee2962544019f6e7c9f",
  "hand_pose_config_content": {
    "schema": "allegro_rod_mvp.hand_pose",
    "schema_version": 1,
    "transform_space": "model",
    "body": "palm",
    "translation": [
      0.0262807865392716,
      -0.08578110798288589,
      0.113580438493427
    ],
    "quaternion_wxyz": [
      0.7071067811865475,
      1.3877787807814457e-17,
      0.7071067811865476,
      1.3877787807814457e-17
    ],
    "euler_xyz_degrees": [
      169.97501213792427,
      90.0,
      169.97501213792427
    ],
    "source_pose": {
      "type": "model_default",
      "model": "models/allegro_three_finger_rod_revolute.xml",
      "translation": [
        -0.018718,
        -0.022177,
        -0.058714
      ],
      "quaternion_wxyz": [
        0.0,
        0.7071067811865476,
        0.0,
        0.7071067811865476
      ]
    },
    "pivot": "palm_body_origin",
    "rotation_convention": "world-axis incremental rotations pre-multiplied onto the palm orientation; Euler display is extrinsic XYZ in degrees",
    "model_variant": "allegro_three_finger_rod_revolute",
    "compatible_model_variants": [
      "allegro_three_finger_rod",
      "allegro_three_finger_rod_revolute"
    ],
    "created_at": "2026-08-23T17:15:52-07:00",
    "notes": ""
  },
  "hand_grasp_config": "/data/ypx/allegro_rod_mvp/configs/hand_grasps/my_grasp_revolute_shared.json",
  "hand_grasp_config_sha256": "fdd9ead60842eca3167f98ecda3c496ea752cff3fa9e053de47a4544e061b03a",
  "hand_grasp_config_content": {
    "schema": "allegro_rod_mvp.hand_grasp",
    "schema_version": 1,
    "hand_model": "allegro",
    "hand_pose_path": "configs/hand_poses/my_grasp.json",
    "hand_pose_sha256": "2d8ac7f17a6693855543395d52022524c1a2956422915ee2962544019f6e7c9f",
    "joint_order": [
      "f0_j0",
      "f0_j1",
      "f0_j2",
      "f0_j3",
      "f1_j0",
      "f1_j1",
      "f1_j2",
      "f1_j3",
      "f2_j0",
      "f2_j1",
      "f2_j2",
      "f2_j3"
    ],
    "reset_qpos": [
      7.548838867727841e-08,
      1.0736323864341875,
      1.0313785514651856,
      0.7316452497148404,
      0.16193687029911827,
      1.2757924785844845,
      1.0454911512789378,
      0.7641591781446949,
      1.0492318494888706,
      0.40374195243716865,
      0.19782398096519818,
      1.1841084856455784
    ],
    "grasp_qpos": [
      7.548838867727841e-08,
      1.0736323864341875,
      1.0313785514651856,
      0.7316452497148404,
      0.16193687029911827,
      1.2757924785844845,
      1.0454911512789378,
      0.7641591781446949,
      1.0492318494888706,
      0.40374195243716865,
      0.19782398096519818,
      1.1841084856455784
    ],
    "reset_joint_noise": 0.0075,
    "grasp_ramp_steps": 1,
    "grasp_hold_steps": 100,
    "validated_for": {
      "physics_modes": [
        "revolute"
      ],
      "mass_scales": [
        400.0,
        1.0
      ],
      "fixed_seeds": [
        0,
        1,
        2,
        3,
        4,
        5,
        6,
        7,
        8,
        9
      ],
      "steps_per_seed": 100
    },
    "source": "bounded per-finger signed-distance search at -1 mm target followed by deterministic dynamic robustness audit",
    "notes": "Shared revolute endpoint preset. The same vector passed tip-connect s=1 but not tip-connect s=400, so it is not silently promoted as a universal preset."
  },
  "dexscrew_tip_penalty_scale": 0.5,
  "vecnormalize": "/data/ypx/allegro_rod_mvp/runs/20260823-1855-net-angle-C-force-curriculum-seed0-R02-s100-mu1-iter0-seed0/checkpoints/vecnormalize.pkl",
  "axis_rotation_deg_mean": 2044.643043233666,
  "axis_rotation_deg_std": 468.4002918063968,
  "tip_error_m_mean": 2.179198493101389e-17,
  "tip_error_m_std": 1.2416054108126449e-17,
  "contact_count_mean": 0.7,
  "contact_count_step_distribution": {
    "0": 0.313,
    "1": 0.5006,
    "2": 0.128,
    "3": 0.0584
  },
  "contact_fraction_at_least_one": 0.687,
  "contact_fraction_at_least_two": 0.1864,
  "finger_contact_step_fraction": [
    0.3038,
    0.4976,
    0.1304
  ],
  "minimum_window_three_contact_occupancy": {
    "window_steps": 25,
    "minimum_across_episodes": 0.0,
    "mean_episode_minimum": 0.0
  },
  "rolling_contact_gate_failure_steps": {
    "total": 4683,
    "episodes_with_failure": 10
  },
  "per_tip_contact_loss_longest": [
    {
      "mean_steps": 116.0,
      "max_steps": 383,
      "mean_seconds": 4.64,
      "max_seconds": 15.32
    },
    {
      "mean_steps": 41.7,
      "max_steps": 87,
      "mean_seconds": 1.6680000000000001,
      "max_seconds": 3.48
    },
    {
      "mean_steps": 306.8,
      "max_steps": 445,
      "mean_seconds": 12.272,
      "max_seconds": 17.8
    }
  ],
  "per_tip_leave_return_events": [
    {
      "mean": 29.9,
      "minimum": 3,
      "maximum": 43,
      "total": 299
    },
    {
      "mean": 45.4,
      "minimum": 17,
      "maximum": 74,
      "total": 454
    },
    {
      "mean": 3.8,
      "minimum": 1,
      "maximum": 8,
      "total": 38
    }
  ],
  "complete_contact_loss_longest": {
    "mean_steps": 21.9,
    "max_steps": 42,
    "mean_seconds": 0.876,
    "max_seconds": 1.68
  },
  "below_two_contact_longest": {
    "mean_steps": 141.5,
    "max_steps": 280,
    "mean_seconds": 5.66,
    "max_seconds": 11.200000000000001
  },
  "rotation_cycle_metrics": {
    "cumulative_absolute_rotation_deg_mean": 2331.712701401273,
    "completed_net_cycles_mean": 5.2,
    "episodes_with_at_least_two_net_cycles": 10
  },
  "axial_omega_metrics": {
    "mean_rad_s": 1.6013465928156574,
    "p95_rad_s": 6.472561731234224,
    "fraction_above_success_threshold": 0.5754
  },
  "tip_error_m_max": 5.064490650986066e-17,
  "numerical_instability_episodes": 0,
  "final_axis_tilt_deg_mean": 0.0,
  "omega_hold_satisfied_rate": 0.0,
  "omega_hold_seconds_max_mean": 0.944,
  "stabilizer_torque_mean": 0.0,
  "stabilizer_torque_max_mean": 0.0,
  "termination_reasons": {
    "none": 10
  },
  "reward_component_step_means": {
    "reward_rotation": 3.0946727100879095,
    "reward_tip_penalty": -2.742443419572819e-31,
    "reward_axis_tilt_penalty": 0.0,
    "reward_axis_tilt_penalty_raw": 0.0,
    "reward_axis_tilt_recovery": 0.0,
    "reward_lateral_omega_penalty": 0.0,
    "reward_contact_bonus": -0.360028,
    "reward_contact_bonus_raw": -3.60028,
    "reward_proximity": 0.2569704569782828,
    "reward_force_penalty": 0.0,
    "reward_action_rate_penalty": -0.012069748834196776
  },
  "normal_contact_force_n": {
    "per_tip": [
      {
        "mean": 10.718186997691179,
        "median": 0.0,
        "p95": 50.37512903600684
      },
      {
        "mean": 14.393276299575321,
        "median": 0.0,
        "p95": 61.082864332123975
      },
      {
        "mean": 5.103029697009624,
        "median": 0.0,
        "p95": 36.47095214905613
      }
    ],
    "total": {
      "mean": 30.21449299427612,
      "median": 18.679936691398154,
      "p95": 109.94044365372464
    },
    "definition": "MuJoCo contact-frame normal force, not actuator effort"
  },
  "conditioned_positive_rotation_support_force_n": {
    "condition": "axial_omega > 0.5 rad/s AND contact_count >= 2",
    "eligible_steps": 592,
    "eligible_step_fraction": 0.1184,
    "excluded_step_fraction": 0.8815999999999999,
    "per_tip": [
      {
        "mean": 35.745272555829985,
        "median": 38.314821280280555,
        "p95": 73.45070014922379
      },
      {
        "mean": 34.42683277438675,
        "median": 29.99185135959359,
        "p95": 74.50850638661431
      },
      {
        "mean": 22.934817789241457,
        "median": 27.106863123620837,
        "p95": 70.38571111746509
      }
    ],
    "total": {
      "mean": 93.10692311945819,
      "median": 96.65081441358168,
      "p95": 149.9764440197252
    },
    "reference_statistic": "total median",
    "definition": "MuJoCo contact-frame normal force on genuine positive-rotation timesteps with at least two supporting fingertips; not actuator effort"
  },
  "success_rate": 1.0,
  "legacy_omega_success_rate": 0.0,
  "net_angle_success_rate": 1.0,
  "drop_rate": 0.0,
  "passed": true
}
{
  "model": "/data/ypx/allegro_rod_mvp/runs/20260823-1855-net-angle-C-force-curriculum-seed0-R02-s100-mu1-iter0-seed0/checkpoints/final_model.zip",
  "stage": 0,
  "episodes": 10,
  "physics_mode": "revolute",
  "reward_style": "dexscrew",
  "tip_connect_solref": null,
  "tip_connect_enabled": false,
  "axis_stabilizer_scale": 0.0,
  "axis_tilt_penalty_weight": 1.0,
  "axis_tilt_recovery_scale": 0.0,
  "rotation_reward_scale": 16.0,
  "contact_reward_mode": "discrete",
  "three_contact_reward": 0.3,
  "rotation_requires_three_contacts": false,
  "contact_support_termination_enabled": false,
  "contact_reward_scale": 0.1,
  "contact_window_steps": 25,
  "contact_window_threshold": 18.0,
  "omega_success_threshold": 0.5,
  "omega_success_hold_seconds": 10.0,
  "success_mode": "net_angle",
  "net_angle_success_threshold_rad": 3.141592653589793,
  "net_angle_success_threshold_deg": 180.0,
  "rod_mass_scale": 100.0,
  "rod_friction_cap": 4.0,
  "contact_friction_scale": 1.0,
  "scale_tip_solref_with_mass": false,
  "contact_friction_vector": [
    1.8,
    0.05,
    0.001
  ],
  "tilt_terminate_rad": 0.7,
  "tip_anchor": "bottom",
  "hand_model": "allegro",
  "hand_pose_config": "/data/ypx/allegro_rod_mvp/configs/hand_poses/my_grasp.json",
  "hand_pose_config_sha256": "2d8ac7f17a6693855543395d52022524c1a2956422915ee2962544019f6e7c9f",
  "hand_pose_config_content": {
    "schema": "allegro_rod_mvp.hand_pose",
    "schema_version": 1,
    "transform_space": "model",
    "body": "palm",
    "translation": [
      0.0262807865392716,
      -0.08578110798288589,
      0.113580438493427
    ],
    "quaternion_wxyz": [
      0.7071067811865475,
      1.3877787807814457e-17,
      0.7071067811865476,
      1.3877787807814457e-17
    ],
    "euler_xyz_degrees": [
      169.97501213792427,
      90.0,
      169.97501213792427
    ],
    "source_pose": {
      "type": "model_default",
      "model": "models/allegro_three_finger_rod_revolute.xml",
      "translation": [
        -0.018718,
        -0.022177,
        -0.058714
      ],
      "quaternion_wxyz": [
        0.0,
        0.7071067811865476,
        0.0,
        0.7071067811865476
      ]
    },
    "pivot": "palm_body_origin",
    "rotation_convention": "world-axis incremental rotations pre-multiplied onto the palm orientation; Euler display is extrinsic XYZ in degrees",
    "model_variant": "allegro_three_finger_rod_revolute",
    "compatible_model_variants": [
      "allegro_three_finger_rod",
      "allegro_three_finger_rod_revolute"
    ],
    "created_at": "2026-08-23T17:15:52-07:00",
    "notes": ""
  },
  "hand_grasp_config": "/data/ypx/allegro_rod_mvp/configs/hand_grasps/my_grasp_revolute_shared.json",
  "hand_grasp_config_sha256": "fdd9ead60842eca3167f98ecda3c496ea752cff3fa9e053de47a4544e061b03a",
  "hand_grasp_config_content": {
    "schema": "allegro_rod_mvp.hand_grasp",
    "schema_version": 1,
    "hand_model": "allegro",
    "hand_pose_path": "configs/hand_poses/my_grasp.json",
    "hand_pose_sha256": "2d8ac7f17a6693855543395d52022524c1a2956422915ee2962544019f6e7c9f",
    "joint_order": [
      "f0_j0",
      "f0_j1",
      "f0_j2",
      "f0_j3",
      "f1_j0",
      "f1_j1",
      "f1_j2",
      "f1_j3",
      "f2_j0",
      "f2_j1",
      "f2_j2",
      "f2_j3"
    ],
    "reset_qpos": [
      7.548838867727841e-08,
      1.0736323864341875,
      1.0313785514651856,
      0.7316452497148404,
      0.16193687029911827,
      1.2757924785844845,
      1.0454911512789378,
      0.7641591781446949,
      1.0492318494888706,
      0.40374195243716865,
      0.19782398096519818,
      1.1841084856455784
    ],
    "grasp_qpos": [
      7.548838867727841e-08,
      1.0736323864341875,
      1.0313785514651856,
      0.7316452497148404,
      0.16193687029911827,
      1.2757924785844845,
      1.0454911512789378,
      0.7641591781446949,
      1.0492318494888706,
      0.40374195243716865,
      0.19782398096519818,
      1.1841084856455784
    ],
    "reset_joint_noise": 0.0075,
    "grasp_ramp_steps": 1,
    "grasp_hold_steps": 100,
    "validated_for": {
      "physics_modes": [
        "revolute"
      ],
      "mass_scales": [
        400.0,
        1.0
      ],
      "fixed_seeds": [
        0,
        1,
        2,
        3,
        4,
        5,
        6,
        7,
        8,
        9
      ],
      "steps_per_seed": 100
    },
    "source": "bounded per-finger signed-distance search at -1 mm target followed by deterministic dynamic robustness audit",
    "notes": "Shared revolute endpoint preset. The same vector passed tip-connect s=1 but not tip-connect s=400, so it is not silently promoted as a universal preset."
  },
  "dexscrew_tip_penalty_scale": 0.5,
  "vecnormalize": "/data/ypx/allegro_rod_mvp/runs/20260823-1855-net-angle-C-force-curriculum-seed0-R02-s100-mu1-iter0-seed0/checkpoints/vecnormalize.pkl",
  "axis_rotation_deg_mean": 2196.7805456577785,
  "axis_rotation_deg_std": 185.20720556047354,
  "tip_error_m_mean": 8.988679730237493e-18,
  "tip_error_m_std": 9.704959360254016e-18,
  "contact_count_mean": 0.5,
  "contact_count_step_distribution": {
    "0": 0.3592,
    "1": 0.4332,
    "2": 0.1438,
    "3": 0.0638
  },
  "contact_fraction_at_least_one": 0.6408,
  "contact_fraction_at_least_two": 0.2076,
  "finger_contact_step_fraction": [
    0.3416,
    0.4506,
    0.12
  ],
  "minimum_window_three_contact_occupancy": {
    "window_steps": 25,
    "minimum_across_episodes": 0.0,
    "mean_episode_minimum": 0.0
  },
  "rolling_contact_gate_failure_steps": {
    "total": 4635,
    "episodes_with_failure": 10
  },
  "per_tip_contact_loss_longest": [
    {
      "mean_steps": 62.6,
      "max_steps": 205,
      "mean_seconds": 2.504,
      "max_seconds": 8.2
    },
    {
      "mean_steps": 50.1,
      "max_steps": 88,
      "mean_seconds": 2.004,
      "max_seconds": 3.52
    },
    {
      "mean_steps": 286.0,
      "max_steps": 355,
      "mean_seconds": 11.44,
      "max_seconds": 14.200000000000001
    }
  ],
  "per_tip_leave_return_events": [
    {
      "mean": 34.6,
      "minimum": 17,
      "maximum": 47,
      "total": 346
    },
    {
      "mean": 41.3,
      "minimum": 20,
      "maximum": 51,
      "total": 413
    },
    {
      "mean": 3.5,
      "minimum": 2,
      "maximum": 7,
      "total": 35
    }
  ],
  "complete_contact_loss_longest": {
    "mean_steps": 24.7,
    "max_steps": 54,
    "mean_seconds": 0.988,
    "max_seconds": 2.16
  },
  "below_two_contact_longest": {
    "mean_steps": 112.2,
    "max_steps": 205,
    "mean_seconds": 4.488,
    "max_seconds": 8.2
  },
  "rotation_cycle_metrics": {
    "cumulative_absolute_rotation_deg_mean": 2514.389577700695,
    "completed_net_cycles_mean": 5.6,
    "episodes_with_at_least_two_net_cycles": 10
  },
  "axial_omega_metrics": {
    "mean_rad_s": 1.7132466019877728,
    "p95_rad_s": 7.0444113888915885,
    "fraction_above_success_threshold": 0.5856
  },
  "tip_error_m_max": 5.331382981107677e-17,
  "numerical_instability_episodes": 0,
  "final_axis_tilt_deg_mean": 0.0,
  "omega_hold_satisfied_rate": 0.0,
  "omega_hold_seconds_max_mean": 0.9800000000000002,
  "stabilizer_torque_mean": 0.0,
  "stabilizer_torque_max_mean": 0.0,
  "termination_reasons": {
    "none": 10
  },
  "reward_component_step_means": {
    "reward_rotation": 3.2499828267246635,
    "reward_tip_penalty": -2.802718994002648e-31,
    "reward_axis_tilt_penalty": 0.0,
    "reward_axis_tilt_penalty_raw": 0.0,
    "reward_axis_tilt_recovery": 0.0,
    "reward_lateral_omega_penalty": 0.0,
    "reward_contact_bonus": -0.39916799999999997,
    "reward_contact_bonus_raw": -3.9916799999999997,
    "reward_proximity": 0.2882410663342276,
    "reward_force_penalty": 0.0,
    "reward_action_rate_penalty": -0.012487472990873561
  },
  "normal_contact_force_n": {
    "per_tip": [
      {
        "mean": 12.597367963873598,
        "median": 0.0,
        "p95": 58.3254944570899
      },
      {
        "mean": 15.061839382266209,
        "median": 0.0,
        "p95": 63.16865204106191
      },
      {
        "mean": 4.324387285624947,
        "median": 0.0,
        "p95": 33.193151070357665
      }
    ],
    "total": {
      "mean": 31.983594631764753,
      "median": 19.910148368258355,
      "p95": 115.7924924879137
    },
    "definition": "MuJoCo contact-frame normal force, not actuator effort"
  },
  "conditioned_positive_rotation_support_force_n": {
    "condition": "axial_omega > 0.5 rad/s AND contact_count >= 2",
    "eligible_steps": 602,
    "eligible_step_fraction": 0.1204,
    "excluded_step_fraction": 0.8796,
    "per_tip": [
      {
        "mean": 35.63159799836467,
        "median": 37.73570622203533,
        "p95": 83.30813309460748
      },
      {
        "mean": 38.81430685726323,
        "median": 33.53645856994898,
        "p95": 78.75953478990162
      },
      {
        "mean": 21.398634919654885,
        "median": 25.9673830416909,
        "p95": 64.46710931916567
      }
    ],
    "total": {
      "mean": 95.84453977528278,
      "median": 98.53501125072285,
      "p95": 149.49801570573507
    },
    "reference_statistic": "total median",
    "definition": "MuJoCo contact-frame normal force on genuine positive-rotation timesteps with at least two supporting fingertips; not actuator effort"
  },
  "success_rate": 1.0,
  "legacy_omega_success_rate": 0.0,
  "net_angle_success_rate": 1.0,
  "drop_rate": 0.0,
  "passed": true
}
/data/ypx/allegro_rod_mvp/.venv/lib/python3.13/site-packages/stable_baselines3/common/on_policy_algorithm.py:150: UserWarning: You are trying to run PPO on the GPU, but it is primarily intended to run on the CPU when not using a CNN policy (you are using ActorCriticPolicy which should be a MlpPolicy). See https://github.com/DLR-RM/stable-baselines3/issues/1245 for more info. You can pass `device='cpu'` or `export CUDA_VISIBLE_DEVICES=` to force using the CPU.Note: The model will train, but the GPU utilization will be poor and the training might take longer than on CPU.
  warnings.warn(
Starting run: stage=0 n_envs=32 device=cuda:1 net_arch=[512, 256, 128] steps=100000 ent_coef=0.0 reset_timesteps=True run=20260823-1855-net-angle-C-force-curriculum-seed0-R03-s50-mu0.5-iter0-seed0
Logging to /data/ypx/allegro_rod_mvp/runs/20260823-1855-net-angle-C-force-curriculum-seed0-R03-s50-mu0.5-iter0-seed0/tb/PPO_1
---------------------------------
| mass/              |          |
|    rot             | 0        |
|    rotate_scale    | 2.5      |
|    tilt            | 0        |
|    tilt_scale      | 0        |
| time/              |          |
|    fps             | 3624     |
|    iterations      | 1        |
|    time_elapsed    | 2        |
|    total_timesteps | 8192     |
---------------------------------
----------------------------------------
| mass/                   |            |
|    rot                  | 0          |
|    rotate_scale         | 2.5        |
|    tilt                 | 0          |
|    tilt_scale           | 0          |
| rollout/                |            |
|    ep_len_mean          | 500        |
|    ep_rew_mean          | 1.04e+03   |
|    success_rate         | 1          |
| time/                   |            |
|    fps                  | 2479       |
|    iterations           | 2          |
|    time_elapsed         | 6          |
|    total_timesteps      | 16384      |
| train/                  |            |
|    approx_kl            | 0.14601889 |
|    clip_fraction        | 0.612      |
|    clip_range           | 0.2        |
|    entropy_loss         | -13.3      |
|    explained_variance   | 0.229      |
|    learning_rate        | 0.0003     |
|    loss                 | -0.111     |
|    n_updates            | 660        |
|    policy_gradient_loss | -0.0955    |
|    std                  | 0.731      |
|    value_loss           | 0.047      |
----------------------------------------
----------------------------------------
| mass/                   |            |
|    rot                  | 0          |
|    rotate_scale         | 2.5        |
|    tilt                 | 0          |
|    tilt_scale           | 0          |
| rollout/                |            |
|    ep_len_mean          | 500        |
|    ep_rew_mean          | 1.04e+03   |
|    success_rate         | 1          |
| time/                   |            |
|    fps                  | 2338       |
|    iterations           | 3          |
|    time_elapsed         | 10         |
|    total_timesteps      | 24576      |
| train/                  |            |
|    approx_kl            | 0.13326235 |
|    clip_fraction        | 0.597      |
|    clip_range           | 0.2        |
|    entropy_loss         | -13.2      |
|    explained_variance   | 0.394      |
|    learning_rate        | 0.0003     |
|    loss                 | -0.112     |
|    n_updates            | 670        |
|    policy_gradient_loss | -0.0866    |
|    std                  | 0.728      |
|    value_loss           | 0.0389     |
----------------------------------------
----------------------------------------
| mass/                   |            |
|    rot                  | 0          |
|    rotate_scale         | 2.5        |
|    tilt                 | 0          |
|    tilt_scale           | 0          |
| rollout/                |            |
|    ep_len_mean          | 500        |
|    ep_rew_mean          | 1.06e+03   |
|    success_rate         | 1          |
| time/                   |            |
|    fps                  | 2249       |
|    iterations           | 4          |
|    time_elapsed         | 14         |
|    total_timesteps      | 32768      |
| train/                  |            |
|    approx_kl            | 0.17201963 |
|    clip_fraction        | 0.627      |
|    clip_range           | 0.2        |
|    entropy_loss         | -13.2      |
|    explained_variance   | 0.342      |
|    learning_rate        | 0.0003     |
|    loss                 | -0.115     |
|    n_updates            | 680        |
|    policy_gradient_loss | -0.0963    |
|    std                  | 0.725      |
|    value_loss           | 0.0398     |
----------------------------------------
----------------------------------------
| mass/                   |            |
|    rot                  | 0          |
|    rotate_scale         | 2.5        |
|    tilt                 | 0          |
|    tilt_scale           | 0          |
| rollout/                |            |
|    ep_len_mean          | 500        |
|    ep_rew_mean          | 1.06e+03   |
|    success_rate         | 1          |
| time/                   |            |
|    fps                  | 2207       |
|    iterations           | 5          |
|    time_elapsed         | 18         |
|    total_timesteps      | 40960      |
| train/                  |            |
|    approx_kl            | 0.14076899 |
|    clip_fraction        | 0.605      |
|    clip_range           | 0.2        |
|    entropy_loss         | -13.1      |
|    explained_variance   | 0.423      |
|    learning_rate        | 0.0003     |
|    loss                 | -0.108     |
|    n_updates            | 690        |
|    policy_gradient_loss | -0.0864    |
|    std                  | 0.721      |
|    value_loss           | 0.0334     |
----------------------------------------
----------------------------------------
| mass/                   |            |
|    rot                  | 0          |
|    rotate_scale         | 2.5        |
|    tilt                 | 0          |
|    tilt_scale           | 0          |
| rollout/                |            |
|    ep_len_mean          | 500        |
|    ep_rew_mean          | 1.1e+03    |
|    success_rate         | 1          |
| time/                   |            |
|    fps                  | 2172       |
|    iterations           | 6          |
|    time_elapsed         | 22         |
|    total_timesteps      | 49152      |
| train/                  |            |
|    approx_kl            | 0.17078951 |
|    clip_fraction        | 0.632      |
|    clip_range           | 0.2        |
|    entropy_loss         | -13.1      |
|    explained_variance   | 0.446      |
|    learning_rate        | 0.0003     |
|    loss                 | -0.113     |
|    n_updates            | 700        |
|    policy_gradient_loss | -0.0956    |
|    std                  | 0.719      |
|    value_loss           | 0.0372     |
----------------------------------------
----------------------------------------
| mass/                   |            |
|    rot                  | 0          |
|    rotate_scale         | 2.5        |
|    tilt                 | 0          |
|    tilt_scale           | 0          |
| rollout/                |            |
|    ep_len_mean          | 500        |
|    ep_rew_mean          | 1.1e+03    |
|    success_rate         | 1          |
| time/                   |            |
|    fps                  | 2147       |
|    iterations           | 7          |
|    time_elapsed         | 26         |
|    total_timesteps      | 57344      |
| train/                  |            |
|    approx_kl            | 0.15325409 |
|    clip_fraction        | 0.613      |
|    clip_range           | 0.2        |
|    entropy_loss         | -13        |
|    explained_variance   | 0.648      |
|    learning_rate        | 0.0003     |
|    loss                 | -0.114     |
|    n_updates            | 710        |
|    policy_gradient_loss | -0.0917    |
|    std                  | 0.716      |
|    value_loss           | 0.0326     |
----------------------------------------
----------------------------------------
| mass/                   |            |
|    rot                  | 0          |
|    rotate_scale         | 2.5        |
|    tilt                 | 0          |
|    tilt_scale           | 0          |
| rollout/                |            |
|    ep_len_mean          | 500        |
|    ep_rew_mean          | 1.14e+03   |
|    success_rate         | 1          |
| time/                   |            |
|    fps                  | 2125       |
|    iterations           | 8          |
|    time_elapsed         | 30         |
|    total_timesteps      | 65536      |
| train/                  |            |
|    approx_kl            | 0.17621331 |
|    clip_fraction        | 0.633      |
|    clip_range           | 0.2        |
|    entropy_loss         | -13        |
|    explained_variance   | 0.387      |
|    learning_rate        | 0.0003     |
|    loss                 | -0.116     |
|    n_updates            | 720        |
|    policy_gradient_loss | -0.0956    |
|    std                  | 0.714      |
|    value_loss           | 0.0327     |
----------------------------------------
----------------------------------------
| mass/                   |            |
|    rot                  | 0          |
|    rotate_scale         | 2.5        |
|    tilt                 | 0          |
|    tilt_scale           | 0          |
| rollout/                |            |
|    ep_len_mean          | 500        |
|    ep_rew_mean          | 1.14e+03   |
|    success_rate         | 1          |
| time/                   |            |
|    fps                  | 2118       |
|    iterations           | 9          |
|    time_elapsed         | 34         |
|    total_timesteps      | 73728      |
| train/                  |            |
|    approx_kl            | 0.16011137 |
|    clip_fraction        | 0.617      |
|    clip_range           | 0.2        |
|    entropy_loss         | -12.9      |
|    explained_variance   | 0.382      |
|    learning_rate        | 0.0003     |
|    loss                 | -0.121     |
|    n_updates            | 730        |
|    policy_gradient_loss | -0.0903    |
|    std                  | 0.709      |
|    value_loss           | 0.0352     |
----------------------------------------
----------------------------------------
| mass/                   |            |
|    rot                  | 0          |
|    rotate_scale         | 2.5        |
|    tilt                 | 0          |
|    tilt_scale           | 0          |
| rollout/                |            |
|    ep_len_mean          | 500        |
|    ep_rew_mean          | 1.23e+03   |
|    success_rate         | 1          |
| time/                   |            |
|    fps                  | 2109       |
|    iterations           | 10         |
|    time_elapsed         | 38         |
|    total_timesteps      | 81920      |
| train/                  |            |
|    approx_kl            | 0.16964263 |
|    clip_fraction        | 0.629      |
|    clip_range           | 0.2        |
|    entropy_loss         | -12.8      |
|    explained_variance   | 0.289      |
|    learning_rate        | 0.0003     |
|    loss                 | -0.131     |
|    n_updates            | 740        |
|    policy_gradient_loss | -0.0951    |
|    std                  | 0.706      |
|    value_loss           | 0.0313     |
----------------------------------------
----------------------------------------
| mass/                   |            |
|    rot                  | 0          |
|    rotate_scale         | 2.5        |
|    tilt                 | 0          |
|    tilt_scale           | 0          |
| rollout/                |            |
|    ep_len_mean          | 500        |
|    ep_rew_mean          | 1.23e+03   |
|    success_rate         | 1          |
| time/                   |            |
|    fps                  | 2096       |
|    iterations           | 11         |
|    time_elapsed         | 42         |
|    total_timesteps      | 90112      |
| train/                  |            |
|    approx_kl            | 0.16403787 |
|    clip_fraction        | 0.63       |
|    clip_range           | 0.2        |
|    entropy_loss         | -12.8      |
|    explained_variance   | 0.417      |
|    learning_rate        | 0.0003     |
|    loss                 | -0.116     |
|    n_updates            | 750        |
|    policy_gradient_loss | -0.0898    |
|    std                  | 0.702      |
|    value_loss           | 0.0375     |
----------------------------------------
---------------------------------------
| mass/                   |           |
|    rot                  | 0         |
|    rotate_scale         | 2.5       |
|    tilt                 | 0         |
|    tilt_scale           | 0         |
| rollout/                |           |
|    ep_len_mean          | 500       |
|    ep_rew_mean          | 1.29e+03  |
|    success_rate         | 1         |
| time/                   |           |
|    fps                  | 2088      |
|    iterations           | 12        |
|    time_elapsed         | 47        |
|    total_timesteps      | 98304     |
| train/                  |           |
|    approx_kl            | 0.1762957 |
|    clip_fraction        | 0.643     |
|    clip_range           | 0.2       |
|    entropy_loss         | -12.7     |
|    explained_variance   | 0.167     |
|    learning_rate        | 0.0003    |
|    loss                 | -0.12     |
|    n_updates            | 760       |
|    policy_gradient_loss | -0.0924   |
|    std                  | 0.698     |
|    value_loss           | 0.0338    |
---------------------------------------
----------------------------------------
| mass/                   |            |
|    rot                  | 0          |
|    rotate_scale         | 2.5        |
|    tilt                 | 0          |
|    tilt_scale           | 0          |
| rollout/                |            |
|    ep_len_mean          | 500        |
|    ep_rew_mean          | 1.29e+03   |
|    success_rate         | 1          |
| time/                   |            |
|    fps                  | 2081       |
|    iterations           | 13         |
|    time_elapsed         | 51         |
|    total_timesteps      | 106496     |
| train/                  |            |
|    approx_kl            | 0.16879717 |
|    clip_fraction        | 0.632      |
|    clip_range           | 0.2        |
|    entropy_loss         | -12.7      |
|    explained_variance   | 0.278      |
|    learning_rate        | 0.0003     |
|    loss                 | -0.129     |
|    n_updates            | 770        |
|    policy_gradient_loss | -0.0889    |
|    std                  | 0.694      |
|    value_loss           | 0.0349     |
----------------------------------------
/data/ypx/allegro_rod_mvp/.venv/lib/python3.13/site-packages/stable_baselines3/common/on_policy_algorithm.py:150: UserWarning: You are trying to run PPO on the GPU, but it is primarily intended to run on the CPU when not using a CNN policy (you are using ActorCriticPolicy which should be a MlpPolicy). See https://github.com/DLR-RM/stable-baselines3/issues/1245 for more info. You can pass `device='cpu'` or `export CUDA_VISIBLE_DEVICES=` to force using the CPU.Note: The model will train, but the GPU utilization will be poor and the training might take longer than on CPU.
  warnings.warn(
Load smoke OK: /data/ypx/allegro_rod_mvp/runs/20260823-1855-net-angle-C-force-curriculum-seed0-R03-s50-mu0.5-iter0-seed0/checkpoints/final_model.zip
EXP-infra complete: ok=True run_dir=/data/ypx/allegro_rod_mvp/runs/20260823-1855-net-angle-C-force-curriculum-seed0-R03-s50-mu0.5-iter0-seed0
{
  "model": "/data/ypx/allegro_rod_mvp/runs/20260823-1855-net-angle-C-force-curriculum-seed0-R03-s50-mu0.5-iter0-seed0/checkpoints/final_model.zip",
  "stage": 0,
  "episodes": 10,
  "physics_mode": "revolute",
  "reward_style": "dexscrew",
  "tip_connect_solref": null,
  "tip_connect_enabled": false,
  "axis_stabilizer_scale": 0.0,
  "axis_tilt_penalty_weight": 1.0,
  "axis_tilt_recovery_scale": 0.0,
  "rotation_reward_scale": 16.0,
  "contact_reward_mode": "discrete",
  "three_contact_reward": 0.3,
  "rotation_requires_three_contacts": false,
  "contact_support_termination_enabled": false,
  "contact_reward_scale": 0.1,
  "contact_window_steps": 25,
  "contact_window_threshold": 18.0,
  "omega_success_threshold": 0.5,
  "omega_success_hold_seconds": 10.0,
  "success_mode": "net_angle",
  "net_angle_success_threshold_rad": 3.141592653589793,
  "net_angle_success_threshold_deg": 180.0,
  "rod_mass_scale": 50.0,
  "rod_friction_cap": 4.0,
  "contact_friction_scale": 0.5,
  "scale_tip_solref_with_mass": false,
  "contact_friction_vector": [
    0.9,
    0.05,
    0.001
  ],
  "tilt_terminate_rad": 0.7,
  "tip_anchor": "bottom",
  "hand_model": "allegro",
  "hand_pose_config": "/data/ypx/allegro_rod_mvp/configs/hand_poses/my_grasp.json",
  "hand_pose_config_sha256": "2d8ac7f17a6693855543395d52022524c1a2956422915ee2962544019f6e7c9f",
  "hand_pose_config_content": {
    "schema": "allegro_rod_mvp.hand_pose",
    "schema_version": 1,
    "transform_space": "model",
    "body": "palm",
    "translation": [
      0.0262807865392716,
      -0.08578110798288589,
      0.113580438493427
    ],
    "quaternion_wxyz": [
      0.7071067811865475,
      1.3877787807814457e-17,
      0.7071067811865476,
      1.3877787807814457e-17
    ],
    "euler_xyz_degrees": [
      169.97501213792427,
      90.0,
      169.97501213792427
    ],
    "source_pose": {
      "type": "model_default",
      "model": "models/allegro_three_finger_rod_revolute.xml",
      "translation": [
        -0.018718,
        -0.022177,
        -0.058714
      ],
      "quaternion_wxyz": [
        0.0,
        0.7071067811865476,
        0.0,
        0.7071067811865476
      ]
    },
    "pivot": "palm_body_origin",
    "rotation_convention": "world-axis incremental rotations pre-multiplied onto the palm orientation; Euler display is extrinsic XYZ in degrees",
    "model_variant": "allegro_three_finger_rod_revolute",
    "compatible_model_variants": [
      "allegro_three_finger_rod",
      "allegro_three_finger_rod_revolute"
    ],
    "created_at": "2026-08-23T17:15:52-07:00",
    "notes": ""
  },
  "hand_grasp_config": "/data/ypx/allegro_rod_mvp/configs/hand_grasps/my_grasp_revolute_shared.json",
  "hand_grasp_config_sha256": "fdd9ead60842eca3167f98ecda3c496ea752cff3fa9e053de47a4544e061b03a",
  "hand_grasp_config_content": {
    "schema": "allegro_rod_mvp.hand_grasp",
    "schema_version": 1,
    "hand_model": "allegro",
    "hand_pose_path": "configs/hand_poses/my_grasp.json",
    "hand_pose_sha256": "2d8ac7f17a6693855543395d52022524c1a2956422915ee2962544019f6e7c9f",
    "joint_order": [
      "f0_j0",
      "f0_j1",
      "f0_j2",
      "f0_j3",
      "f1_j0",
      "f1_j1",
      "f1_j2",
      "f1_j3",
      "f2_j0",
      "f2_j1",
      "f2_j2",
      "f2_j3"
    ],
    "reset_qpos": [
      7.548838867727841e-08,
      1.0736323864341875,
      1.0313785514651856,
      0.7316452497148404,
      0.16193687029911827,
      1.2757924785844845,
      1.0454911512789378,
      0.7641591781446949,
      1.0492318494888706,
      0.40374195243716865,
      0.19782398096519818,
      1.1841084856455784
    ],
    "grasp_qpos": [
      7.548838867727841e-08,
      1.0736323864341875,
      1.0313785514651856,
      0.7316452497148404,
      0.16193687029911827,
      1.2757924785844845,
      1.0454911512789378,
      0.7641591781446949,
      1.0492318494888706,
      0.40374195243716865,
      0.19782398096519818,
      1.1841084856455784
    ],
    "reset_joint_noise": 0.0075,
    "grasp_ramp_steps": 1,
    "grasp_hold_steps": 100,
    "validated_for": {
      "physics_modes": [
        "revolute"
      ],
      "mass_scales": [
        400.0,
        1.0
      ],
      "fixed_seeds": [
        0,
        1,
        2,
        3,
        4,
        5,
        6,
        7,
        8,
        9
      ],
      "steps_per_seed": 100
    },
    "source": "bounded per-finger signed-distance search at -1 mm target followed by deterministic dynamic robustness audit",
    "notes": "Shared revolute endpoint preset. The same vector passed tip-connect s=1 but not tip-connect s=400, so it is not silently promoted as a universal preset."
  },
  "dexscrew_tip_penalty_scale": 0.5,
  "vecnormalize": "/data/ypx/allegro_rod_mvp/runs/20260823-1855-net-angle-C-force-curriculum-seed0-R03-s50-mu0.5-iter0-seed0/checkpoints/vecnormalize.pkl",
  "axis_rotation_deg_mean": 2642.5585659965473,
  "axis_rotation_deg_std": 217.34046038980023,
  "tip_error_m_mean": 1.539002363068555e-17,
  "tip_error_m_std": 1.1174353969447864e-17,
  "contact_count_mean": 0.5,
  "contact_count_step_distribution": {
    "0": 0.3544,
    "1": 0.453,
    "2": 0.1652,
    "3": 0.0274
  },
  "contact_fraction_at_least_one": 0.6456,
  "contact_fraction_at_least_two": 0.1926,
  "finger_contact_step_fraction": [
    0.3018,
    0.4614,
    0.1024
  ],
  "minimum_window_three_contact_occupancy": {
    "window_steps": 25,
    "minimum_across_episodes": 0.0,
    "mean_episode_minimum": 0.0
  },
  "rolling_contact_gate_failure_steps": {
    "total": 4760,
    "episodes_with_failure": 10
  },
  "per_tip_contact_loss_longest": [
    {
      "mean_steps": 57.3,
      "max_steps": 80,
      "mean_seconds": 2.292,
      "max_seconds": 3.2
    },
    {
      "mean_steps": 40.4,
      "max_steps": 79,
      "mean_seconds": 1.6159999999999999,
      "max_seconds": 3.16
    },
    {
      "mean_steps": 294.8,
      "max_steps": 470,
      "mean_seconds": 11.792,
      "max_seconds": 18.8
    }
  ],
  "per_tip_leave_return_events": [
    {
      "mean": 35.6,
      "minimum": 24,
      "maximum": 54,
      "total": 356
    },
    {
      "mean": 45.7,
      "minimum": 34,
      "maximum": 55,
      "total": 457
    },
    {
      "mean": 4.9,
      "minimum": 1,
      "maximum": 11,
      "total": 49
    }
  ],
  "complete_contact_loss_longest": {
    "mean_steps": 23.1,
    "max_steps": 36,
    "mean_seconds": 0.924,
    "max_seconds": 1.44
  },
  "below_two_contact_longest": {
    "mean_steps": 83.6,
    "max_steps": 163,
    "mean_seconds": 3.344,
    "max_seconds": 6.5200000000000005
  },
  "rotation_cycle_metrics": {
    "cumulative_absolute_rotation_deg_mean": 2947.315882064841,
    "completed_net_cycles_mean": 6.9,
    "episodes_with_at_least_two_net_cycles": 10
  },
  "axial_omega_metrics": {
    "mean_rad_s": 2.017061209204459,
    "p95_rad_s": 7.151070536972612,
    "fraction_above_success_threshold": 0.6632
  },
  "tip_error_m_max": 4.8285042482469727e-17,
  "numerical_instability_episodes": 0,
  "final_axis_tilt_deg_mean": 0.0,
  "omega_hold_satisfied_rate": 0.0,
  "omega_hold_seconds_max_mean": 0.8039999999999999,
  "stabilizer_torque_mean": 0.0,
  "stabilizer_torque_max_mean": 0.0,
  "termination_reasons": {
    "none": 10
  },
  "reward_component_step_means": {
    "reward_rotation": 3.9068074517055096,
    "reward_tip_penalty": -2.622407557293984e-31,
    "reward_axis_tilt_penalty": 0.0,
    "reward_axis_tilt_penalty_raw": 0.0,
    "reward_axis_tilt_recovery": 0.0,
    "reward_lateral_omega_penalty": 0.0,
    "reward_contact_bonus": -0.39722599999999997,
    "reward_contact_bonus_raw": -3.97226,
    "reward_proximity": 0.2673906167991425,
    "reward_force_penalty": 0.0,
    "reward_action_rate_penalty": -0.017566009789662416
  },
  "normal_contact_force_n": {
    "per_tip": [
      {
        "mean": 12.068045108964213,
        "median": 0.0,
        "p95": 60.45941833270217
      },
      {
        "mean": 13.802115486777026,
        "median": 0.0,
        "p95": 51.60242924596127
      },
      {
        "mean": 5.266993918632762,
        "median": 0.0,
        "p95": 48.198267652697304
      }
    ],
    "total": {
      "mean": 31.137154514374007,
      "median": 22.485836465831575,
      "p95": 105.64235360674938
    },
    "definition": "MuJoCo contact-frame normal force, not actuator effort"
  },
  "conditioned_positive_rotation_support_force_n": {
    "condition": "axial_omega > 0.5 rad/s AND contact_count >= 2",
    "eligible_steps": 574,
    "eligible_step_fraction": 0.1148,
    "excluded_step_fraction": 0.8852,
    "per_tip": [
      {
        "mean": 31.84436508445273,
        "median": 28.260925840285893,
        "p95": 82.81276176408068
      },
      {
        "mean": 31.240955945411066,
        "median": 29.35688955349668,
        "p95": 71.78976651926773
      },
      {
        "mean": 19.34264304253513,
        "median": 0.0,
        "p95": 74.33631540385855
      }
    ],
    "total": {
      "mean": 82.42796407239892,
      "median": 77.67013663505608,
      "p95": 140.41941561105972
    },
    "reference_statistic": "total median",
    "definition": "MuJoCo contact-frame normal force on genuine positive-rotation timesteps with at least two supporting fingertips; not actuator effort"
  },
  "success_rate": 1.0,
  "legacy_omega_success_rate": 0.0,
  "net_angle_success_rate": 1.0,
  "drop_rate": 0.0,
  "passed": true
}
{
  "model": "/data/ypx/allegro_rod_mvp/runs/20260823-1855-net-angle-C-force-curriculum-seed0-R03-s50-mu0.5-iter0-seed0/checkpoints/final_model.zip",
  "stage": 0,
  "episodes": 10,
  "physics_mode": "revolute",
  "reward_style": "dexscrew",
  "tip_connect_solref": null,
  "tip_connect_enabled": false,
  "axis_stabilizer_scale": 0.0,
  "axis_tilt_penalty_weight": 1.0,
  "axis_tilt_recovery_scale": 0.0,
  "rotation_reward_scale": 16.0,
  "contact_reward_mode": "discrete",
  "three_contact_reward": 0.3,
  "rotation_requires_three_contacts": false,
  "contact_support_termination_enabled": false,
  "contact_reward_scale": 0.1,
  "contact_window_steps": 25,
  "contact_window_threshold": 18.0,
  "omega_success_threshold": 0.5,
  "omega_success_hold_seconds": 10.0,
  "success_mode": "net_angle",
  "net_angle_success_threshold_rad": 3.141592653589793,
  "net_angle_success_threshold_deg": 180.0,
  "rod_mass_scale": 50.0,
  "rod_friction_cap": 4.0,
  "contact_friction_scale": 0.5,
  "scale_tip_solref_with_mass": false,
  "contact_friction_vector": [
    0.9,
    0.05,
    0.001
  ],
  "tilt_terminate_rad": 0.7,
  "tip_anchor": "bottom",
  "hand_model": "allegro",
  "hand_pose_config": "/data/ypx/allegro_rod_mvp/configs/hand_poses/my_grasp.json",
  "hand_pose_config_sha256": "2d8ac7f17a6693855543395d52022524c1a2956422915ee2962544019f6e7c9f",
  "hand_pose_config_content": {
    "schema": "allegro_rod_mvp.hand_pose",
    "schema_version": 1,
    "transform_space": "model",
    "body": "palm",
    "translation": [
      0.0262807865392716,
      -0.08578110798288589,
      0.113580438493427
    ],
    "quaternion_wxyz": [
      0.7071067811865475,
      1.3877787807814457e-17,
      0.7071067811865476,
      1.3877787807814457e-17
    ],
    "euler_xyz_degrees": [
      169.97501213792427,
      90.0,
      169.97501213792427
    ],
    "source_pose": {
      "type": "model_default",
      "model": "models/allegro_three_finger_rod_revolute.xml",
      "translation": [
        -0.018718,
        -0.022177,
        -0.058714
      ],
      "quaternion_wxyz": [
        0.0,
        0.7071067811865476,
        0.0,
        0.7071067811865476
      ]
    },
    "pivot": "palm_body_origin",
    "rotation_convention": "world-axis incremental rotations pre-multiplied onto the palm orientation; Euler display is extrinsic XYZ in degrees",
    "model_variant": "allegro_three_finger_rod_revolute",
    "compatible_model_variants": [
      "allegro_three_finger_rod",
      "allegro_three_finger_rod_revolute"
    ],
    "created_at": "2026-08-23T17:15:52-07:00",
    "notes": ""
  },
  "hand_grasp_config": "/data/ypx/allegro_rod_mvp/configs/hand_grasps/my_grasp_revolute_shared.json",
  "hand_grasp_config_sha256": "fdd9ead60842eca3167f98ecda3c496ea752cff3fa9e053de47a4544e061b03a",
  "hand_grasp_config_content": {
    "schema": "allegro_rod_mvp.hand_grasp",
    "schema_version": 1,
    "hand_model": "allegro",
    "hand_pose_path": "configs/hand_poses/my_grasp.json",
    "hand_pose_sha256": "2d8ac7f17a6693855543395d52022524c1a2956422915ee2962544019f6e7c9f",
    "joint_order": [
      "f0_j0",
      "f0_j1",
      "f0_j2",
      "f0_j3",
      "f1_j0",
      "f1_j1",
      "f1_j2",
      "f1_j3",
      "f2_j0",
      "f2_j1",
      "f2_j2",
      "f2_j3"
    ],
    "reset_qpos": [
      7.548838867727841e-08,
      1.0736323864341875,
      1.0313785514651856,
      0.7316452497148404,
      0.16193687029911827,
      1.2757924785844845,
      1.0454911512789378,
      0.7641591781446949,
      1.0492318494888706,
      0.40374195243716865,
      0.19782398096519818,
      1.1841084856455784
    ],
    "grasp_qpos": [
      7.548838867727841e-08,
      1.0736323864341875,
      1.0313785514651856,
      0.7316452497148404,
      0.16193687029911827,
      1.2757924785844845,
      1.0454911512789378,
      0.7641591781446949,
      1.0492318494888706,
      0.40374195243716865,
      0.19782398096519818,
      1.1841084856455784
    ],
    "reset_joint_noise": 0.0075,
    "grasp_ramp_steps": 1,
    "grasp_hold_steps": 100,
    "validated_for": {
      "physics_modes": [
        "revolute"
      ],
      "mass_scales": [
        400.0,
        1.0
      ],
      "fixed_seeds": [
        0,
        1,
        2,
        3,
        4,
        5,
        6,
        7,
        8,
        9
      ],
      "steps_per_seed": 100
    },
    "source": "bounded per-finger signed-distance search at -1 mm target followed by deterministic dynamic robustness audit",
    "notes": "Shared revolute endpoint preset. The same vector passed tip-connect s=1 but not tip-connect s=400, so it is not silently promoted as a universal preset."
  },
  "dexscrew_tip_penalty_scale": 0.5,
  "vecnormalize": "/data/ypx/allegro_rod_mvp/runs/20260823-1855-net-angle-C-force-curriculum-seed0-R03-s50-mu0.5-iter0-seed0/checkpoints/vecnormalize.pkl",
  "axis_rotation_deg_mean": 2621.9218085180983,
  "axis_rotation_deg_std": 301.2677758063457,
  "tip_error_m_mean": 7.855695260960973e-18,
  "tip_error_m_std": 9.173981448412863e-18,
  "contact_count_mean": 0.3,
  "contact_count_step_distribution": {
    "0": 0.375,
    "1": 0.4402,
    "2": 0.1604,
    "3": 0.0244
  },
  "contact_fraction_at_least_one": 0.625,
  "contact_fraction_at_least_two": 0.1848,
  "finger_contact_step_fraction": [
    0.297,
    0.443,
    0.0942
  ],
  "minimum_window_three_contact_occupancy": {
    "window_steps": 25,
    "minimum_across_episodes": 0.0,
    "mean_episode_minimum": 0.0
  },
  "rolling_contact_gate_failure_steps": {
    "total": 4760,
    "episodes_with_failure": 10
  },
  "per_tip_contact_loss_longest": [
    {
      "mean_steps": 53.2,
      "max_steps": 109,
      "mean_seconds": 2.128,
      "max_seconds": 4.36
    },
    {
      "mean_steps": 43.4,
      "max_steps": 83,
      "mean_seconds": 1.736,
      "max_seconds": 3.3200000000000003
    },
    {
      "mean_steps": 310.8,
      "max_steps": 476,
      "mean_seconds": 12.432,
      "max_seconds": 19.04
    }
  ],
  "per_tip_leave_return_events": [
    {
      "mean": 38.7,
      "minimum": 27,
      "maximum": 57,
      "total": 387
    },
    {
      "mean": 49.5,
      "minimum": 38,
      "maximum": 63,
      "total": 495
    },
    {
      "mean": 4.0,
      "minimum": 1,
      "maximum": 7,
      "total": 40
    }
  ],
  "complete_contact_loss_longest": {
    "mean_steps": 25.3,
    "max_steps": 38,
    "mean_seconds": 1.012,
    "max_seconds": 1.52
  },
  "below_two_contact_longest": {
    "mean_steps": 101.6,
    "max_steps": 164,
    "mean_seconds": 4.064,
    "max_seconds": 6.5600000000000005
  },
  "rotation_cycle_metrics": {
    "cumulative_absolute_rotation_deg_mean": 2917.4344338744845,
    "completed_net_cycles_mean": 6.9,
    "episodes_with_at_least_two_net_cycles": 10
  },
  "axial_omega_metrics": {
    "mean_rad_s": 2.0190481577147765,
    "p95_rad_s": 6.916237630213312,
    "fraction_above_success_threshold": 0.6764
  },
  "tip_error_m_max": 5.2075231466780366e-17,
  "numerical_instability_episodes": 0,
  "final_axis_tilt_deg_mean": 0.0,
  "omega_hold_satisfied_rate": 0.0,
  "omega_hold_seconds_max_mean": 0.9120000000000001,
  "stabilizer_torque_mean": 0.0,
  "stabilizer_torque_max_mean": 0.0,
  "termination_reasons": {
    "none": 10
  },
  "reward_component_step_means": {
    "reward_rotation": 3.960163939339458,
    "reward_tip_penalty": -2.5769662275961585e-31,
    "reward_axis_tilt_penalty": 0.0,
    "reward_axis_tilt_penalty_raw": 0.0,
    "reward_axis_tilt_recovery": 0.0,
    "reward_lateral_omega_penalty": 0.0,
    "reward_contact_bonus": -0.41668399999999994,
    "reward_contact_bonus_raw": -4.166839999999999,
    "reward_proximity": 0.2699604338675817,
    "reward_force_penalty": 0.0,
    "reward_action_rate_penalty": -0.017975194601491225
  },
  "normal_contact_force_n": {
    "per_tip": [
      {
        "mean": 11.48334101362254,
        "median": 0.0,
        "p95": 54.868327586798934
      },
      {
        "mean": 13.300726927613447,
        "median": 0.0,
        "p95": 50.44288357974264
      },
      {
        "mean": 4.951484402047333,
        "median": 0.0,
        "p95": 44.55697957719973
      }
    ],
    "total": {
      "mean": 29.73555234328332,
      "median": 19.76041637850376,
      "p95": 104.28727384659733
    },
    "definition": "MuJoCo contact-frame normal force, not actuator effort"
  },
  "conditioned_positive_rotation_support_force_n": {
    "condition": "axial_omega > 0.5 rad/s AND contact_count >= 2",
    "eligible_steps": 557,
    "eligible_step_fraction": 0.1114,
    "excluded_step_fraction": 0.8886000000000001,
    "per_tip": [
      {
        "mean": 33.98695432598328,
        "median": 30.51300338680221,
        "p95": 93.28834793690423
      },
      {
        "mean": 32.53545375404234,
        "median": 31.580281574897732,
        "p95": 69.09243979774284
      },
      {
        "mean": 19.321981164858556,
        "median": 0.0,
        "p95": 75.373290064925
      }
    ],
    "total": {
      "mean": 85.84438924488417,
      "median": 80.9434048007951,
      "p95": 142.4168776928721
    },
    "reference_statistic": "total median",
    "definition": "MuJoCo contact-frame normal force on genuine positive-rotation timesteps with at least two supporting fingertips; not actuator effort"
  },
  "success_rate": 1.0,
  "legacy_omega_success_rate": 0.0,
  "net_angle_success_rate": 1.0,
  "drop_rate": 0.0,
  "passed": true
}
/data/ypx/allegro_rod_mvp/.venv/lib/python3.13/site-packages/stable_baselines3/common/on_policy_algorithm.py:150: UserWarning: You are trying to run PPO on the GPU, but it is primarily intended to run on the CPU when not using a CNN policy (you are using ActorCriticPolicy which should be a MlpPolicy). See https://github.com/DLR-RM/stable-baselines3/issues/1245 for more info. You can pass `device='cpu'` or `export CUDA_VISIBLE_DEVICES=` to force using the CPU.Note: The model will train, but the GPU utilization will be poor and the training might take longer than on CPU.
  warnings.warn(
Starting run: stage=0 n_envs=32 device=cuda:1 net_arch=[512, 256, 128] steps=100000 ent_coef=0.0 reset_timesteps=True run=20260823-1855-net-angle-C-force-curriculum-seed0-R03-s50-mu0.39604-iter1-seed0
Logging to /data/ypx/allegro_rod_mvp/runs/20260823-1855-net-angle-C-force-curriculum-seed0-R03-s50-mu0.39604-iter1-seed0/tb/PPO_1
---------------------------------
| mass/              |          |
|    rot             | 0        |
|    rotate_scale    | 2.5      |
|    tilt            | 0        |
|    tilt_scale      | 0        |
| time/              |          |
|    fps             | 3784     |
|    iterations      | 1        |
|    time_elapsed    | 2        |
|    total_timesteps | 8192     |
---------------------------------
----------------------------------------
| mass/                   |            |
|    rot                  | 0          |
|    rotate_scale         | 2.5        |
|    tilt                 | 0          |
|    tilt_scale           | 0          |
| rollout/                |            |
|    ep_len_mean          | 500        |
|    ep_rew_mean          | 1.03e+03   |
|    success_rate         | 1          |
| time/                   |            |
|    fps                  | 2534       |
|    iterations           | 2          |
|    time_elapsed         | 6          |
|    total_timesteps      | 16384      |
| train/                  |            |
|    approx_kl            | 0.15199044 |
|    clip_fraction        | 0.612      |
|    clip_range           | 0.2        |
|    entropy_loss         | -13.2      |
|    explained_variance   | 0.0895     |
|    learning_rate        | 0.0003     |
|    loss                 | -0.121     |
|    n_updates            | 660        |
|    policy_gradient_loss | -0.0945    |
|    std                  | 0.729      |
|    value_loss           | 0.0406     |
----------------------------------------
----------------------------------------
| mass/                   |            |
|    rot                  | 0          |
|    rotate_scale         | 2.5        |
|    tilt                 | 0          |
|    tilt_scale           | 0          |
| rollout/                |            |
|    ep_len_mean          | 500        |
|    ep_rew_mean          | 1.03e+03   |
|    success_rate         | 1          |
| time/                   |            |
|    fps                  | 2359       |
|    iterations           | 3          |
|    time_elapsed         | 10         |
|    total_timesteps      | 24576      |
| train/                  |            |
|    approx_kl            | 0.13494764 |
|    clip_fraction        | 0.604      |
|    clip_range           | 0.2        |
|    entropy_loss         | -13.2      |
|    explained_variance   | 0.404      |
|    learning_rate        | 0.0003     |
|    loss                 | -0.0991    |
|    n_updates            | 670        |
|    policy_gradient_loss | -0.0871    |
|    std                  | 0.725      |
|    value_loss           | 0.0435     |
----------------------------------------
----------------------------------------
| mass/                   |            |
|    rot                  | 0          |
|    rotate_scale         | 2.5        |
|    tilt                 | 0          |
|    tilt_scale           | 0          |
| rollout/                |            |
|    ep_len_mean          | 500        |
|    ep_rew_mean          | 1.01e+03   |
|    success_rate         | 1          |
| time/                   |            |
|    fps                  | 2272       |
|    iterations           | 4          |
|    time_elapsed         | 14         |
|    total_timesteps      | 32768      |
| train/                  |            |
|    approx_kl            | 0.16001876 |
|    clip_fraction        | 0.618      |
|    clip_range           | 0.2        |
|    entropy_loss         | -13.1      |
|    explained_variance   | 0.308      |
|    learning_rate        | 0.0003     |
|    loss                 | -0.11      |
|    n_updates            | 680        |
|    policy_gradient_loss | -0.0938    |
|    std                  | 0.72       |
|    value_loss           | 0.0398     |
----------------------------------------
----------------------------------------
| mass/                   |            |
|    rot                  | 0          |
|    rotate_scale         | 2.5        |
|    tilt                 | 0          |
|    tilt_scale           | 0          |
| rollout/                |            |
|    ep_len_mean          | 500        |
|    ep_rew_mean          | 1.01e+03   |
|    success_rate         | 1          |
| time/                   |            |
|    fps                  | 2229       |
|    iterations           | 5          |
|    time_elapsed         | 18         |
|    total_timesteps      | 40960      |
| train/                  |            |
|    approx_kl            | 0.15712838 |
|    clip_fraction        | 0.616      |
|    clip_range           | 0.2        |
|    entropy_loss         | -13        |
|    explained_variance   | 0.32       |
|    learning_rate        | 0.0003     |
|    loss                 | -0.115     |
|    n_updates            | 690        |
|    policy_gradient_loss | -0.0892    |
|    std                  | 0.715      |
|    value_loss           | 0.0375     |
----------------------------------------
---------------------------------------
| mass/                   |           |
|    rot                  | 0         |
|    rotate_scale         | 2.5       |
|    tilt                 | 0         |
|    tilt_scale           | 0         |
| rollout/                |           |
|    ep_len_mean          | 500       |
|    ep_rew_mean          | 1.04e+03  |
|    success_rate         | 1         |
| time/                   |           |
|    fps                  | 2189      |
|    iterations           | 6         |
|    time_elapsed         | 22        |
|    total_timesteps      | 49152     |
| train/                  |           |
|    approx_kl            | 0.1634236 |
|    clip_fraction        | 0.632     |
|    clip_range           | 0.2       |
|    entropy_loss         | -12.9     |
|    explained_variance   | 0.483     |
|    learning_rate        | 0.0003    |
|    loss                 | -0.129    |
|    n_updates            | 700       |
|    policy_gradient_loss | -0.0943   |
|    std                  | 0.711     |
|    value_loss           | 0.0363    |
---------------------------------------
----------------------------------------
| mass/                   |            |
|    rot                  | 0          |
|    rotate_scale         | 2.5        |
|    tilt                 | 0          |
|    tilt_scale           | 0          |
| rollout/                |            |
|    ep_len_mean          | 500        |
|    ep_rew_mean          | 1.04e+03   |
|    success_rate         | 1          |
| time/                   |            |
|    fps                  | 2155       |
|    iterations           | 7          |
|    time_elapsed         | 26         |
|    total_timesteps      | 57344      |
| train/                  |            |
|    approx_kl            | 0.15497738 |
|    clip_fraction        | 0.618      |
|    clip_range           | 0.2        |
|    entropy_loss         | -12.9      |
|    explained_variance   | 0.349      |
|    learning_rate        | 0.0003     |
|    loss                 | -0.106     |
|    n_updates            | 710        |
|    policy_gradient_loss | -0.089     |
|    std                  | 0.706      |
|    value_loss           | 0.0336     |
----------------------------------------
----------------------------------------
| mass/                   |            |
|    rot                  | 0          |
|    rotate_scale         | 2.5        |
|    tilt                 | 0          |
|    tilt_scale           | 0          |
| rollout/                |            |
|    ep_len_mean          | 500        |
|    ep_rew_mean          | 1.11e+03   |
|    success_rate         | 1          |
| time/                   |            |
|    fps                  | 2130       |
|    iterations           | 8          |
|    time_elapsed         | 30         |
|    total_timesteps      | 65536      |
| train/                  |            |
|    approx_kl            | 0.17492305 |
|    clip_fraction        | 0.626      |
|    clip_range           | 0.2        |
|    entropy_loss         | -12.8      |
|    explained_variance   | 0.245      |
|    learning_rate        | 0.0003     |
|    loss                 | -0.12      |
|    n_updates            | 720        |
|    policy_gradient_loss | -0.0927    |
|    std                  | 0.702      |
|    value_loss           | 0.0334     |
----------------------------------------
----------------------------------------
| mass/                   |            |
|    rot                  | 0          |
|    rotate_scale         | 2.5        |
|    tilt                 | 0          |
|    tilt_scale           | 0          |
| rollout/                |            |
|    ep_len_mean          | 500        |
|    ep_rew_mean          | 1.11e+03   |
|    success_rate         | 1          |
| time/                   |            |
|    fps                  | 2126       |
|    iterations           | 9          |
|    time_elapsed         | 34         |
|    total_timesteps      | 73728      |
| train/                  |            |
|    approx_kl            | 0.15294963 |
|    clip_fraction        | 0.62       |
|    clip_range           | 0.2        |
|    entropy_loss         | -12.7      |
|    explained_variance   | 0.385      |
|    learning_rate        | 0.0003     |
|    loss                 | -0.109     |
|    n_updates            | 730        |
|    policy_gradient_loss | -0.0851    |
|    std                  | 0.698      |
|    value_loss           | 0.0377     |
----------------------------------------
----------------------------------------
| mass/                   |            |
|    rot                  | 0          |
|    rotate_scale         | 2.5        |
|    tilt                 | 0          |
|    tilt_scale           | 0          |
| rollout/                |            |
|    ep_len_mean          | 500        |
|    ep_rew_mean          | 1.23e+03   |
|    success_rate         | 1          |
| time/                   |            |
|    fps                  | 2121       |
|    iterations           | 10         |
|    time_elapsed         | 38         |
|    total_timesteps      | 81920      |
| train/                  |            |
|    approx_kl            | 0.17743811 |
|    clip_fraction        | 0.634      |
|    clip_range           | 0.2        |
|    entropy_loss         | -12.7      |
|    explained_variance   | 0.332      |
|    learning_rate        | 0.0003     |
|    loss                 | -0.114     |
|    n_updates            | 740        |
|    policy_gradient_loss | -0.0917    |
|    std                  | 0.695      |
|    value_loss           | 0.0339     |
----------------------------------------
---------------------------------------
| mass/                   |           |
|    rot                  | 0         |
|    rotate_scale         | 2.5       |
|    tilt                 | 0         |
|    tilt_scale           | 0         |
| rollout/                |           |
|    ep_len_mean          | 500       |
|    ep_rew_mean          | 1.23e+03  |
|    success_rate         | 1         |
| time/                   |           |
|    fps                  | 2118      |
|    iterations           | 11        |
|    time_elapsed         | 42        |
|    total_timesteps      | 90112     |
| train/                  |           |
|    approx_kl            | 0.1722654 |
|    clip_fraction        | 0.638     |
|    clip_range           | 0.2       |
|    entropy_loss         | -12.6     |
|    explained_variance   | 0.364     |
|    learning_rate        | 0.0003    |
|    loss                 | -0.104    |
|    n_updates            | 750       |
|    policy_gradient_loss | -0.0892   |
|    std                  | 0.691     |
|    value_loss           | 0.0348    |
---------------------------------------
----------------------------------------
| mass/                   |            |
|    rot                  | 0          |
|    rotate_scale         | 2.5        |
|    tilt                 | 0          |
|    tilt_scale           | 0          |
| rollout/                |            |
|    ep_len_mean          | 500        |
|    ep_rew_mean          | 1.32e+03   |
|    success_rate         | 1          |
| time/                   |            |
|    fps                  | 2106       |
|    iterations           | 12         |
|    time_elapsed         | 46         |
|    total_timesteps      | 98304      |
| train/                  |            |
|    approx_kl            | 0.16870694 |
|    clip_fraction        | 0.636      |
|    clip_range           | 0.2        |
|    entropy_loss         | -12.5      |
|    explained_variance   | 0.188      |
|    learning_rate        | 0.0003     |
|    loss                 | -0.116     |
|    n_updates            | 760        |
|    policy_gradient_loss | -0.0897    |
|    std                  | 0.687      |
|    value_loss           | 0.029      |
----------------------------------------
----------------------------------------
| mass/                   |            |
|    rot                  | 0          |
|    rotate_scale         | 2.5        |
|    tilt                 | 0          |
|    tilt_scale           | 0          |
| rollout/                |            |
|    ep_len_mean          | 500        |
|    ep_rew_mean          | 1.32e+03   |
|    success_rate         | 1          |
| time/                   |            |
|    fps                  | 2104       |
|    iterations           | 13         |
|    time_elapsed         | 50         |
|    total_timesteps      | 106496     |
| train/                  |            |
|    approx_kl            | 0.17668489 |
|    clip_fraction        | 0.637      |
|    clip_range           | 0.2        |
|    entropy_loss         | -12.5      |
|    explained_variance   | 0.243      |
|    learning_rate        | 0.0003     |
|    loss                 | -0.108     |
|    n_updates            | 770        |
|    policy_gradient_loss | -0.0867    |
|    std                  | 0.684      |
|    value_loss           | 0.0311     |
----------------------------------------
/data/ypx/allegro_rod_mvp/.venv/lib/python3.13/site-packages/stable_baselines3/common/on_policy_algorithm.py:150: UserWarning: You are trying to run PPO on the GPU, but it is primarily intended to run on the CPU when not using a CNN policy (you are using ActorCriticPolicy which should be a MlpPolicy). See https://github.com/DLR-RM/stable-baselines3/issues/1245 for more info. You can pass `device='cpu'` or `export CUDA_VISIBLE_DEVICES=` to force using the CPU.Note: The model will train, but the GPU utilization will be poor and the training might take longer than on CPU.
  warnings.warn(
Load smoke OK: /data/ypx/allegro_rod_mvp/runs/20260823-1855-net-angle-C-force-curriculum-seed0-R03-s50-mu0.39604-iter1-seed0/checkpoints/final_model.zip
EXP-infra complete: ok=True run_dir=/data/ypx/allegro_rod_mvp/runs/20260823-1855-net-angle-C-force-curriculum-seed0-R03-s50-mu0.39604-iter1-seed0
{
  "model": "/data/ypx/allegro_rod_mvp/runs/20260823-1855-net-angle-C-force-curriculum-seed0-R03-s50-mu0.39604-iter1-seed0/checkpoints/final_model.zip",
  "stage": 0,
  "episodes": 10,
  "physics_mode": "revolute",
  "reward_style": "dexscrew",
  "tip_connect_solref": null,
  "tip_connect_enabled": false,
  "axis_stabilizer_scale": 0.0,
  "axis_tilt_penalty_weight": 1.0,
  "axis_tilt_recovery_scale": 0.0,
  "rotation_reward_scale": 16.0,
  "contact_reward_mode": "discrete",
  "three_contact_reward": 0.3,
  "rotation_requires_three_contacts": false,
  "contact_support_termination_enabled": false,
  "contact_reward_scale": 0.1,
  "contact_window_steps": 25,
  "contact_window_threshold": 18.0,
  "omega_success_threshold": 0.5,
  "omega_success_hold_seconds": 10.0,
  "success_mode": "net_angle",
  "net_angle_success_threshold_rad": 3.141592653589793,
  "net_angle_success_threshold_deg": 180.0,
  "rod_mass_scale": 50.0,
  "rod_friction_cap": 4.0,
  "contact_friction_scale": 0.396039933889633,
  "scale_tip_solref_with_mass": false,
  "contact_friction_vector": [
    0.7128718810013394,
    0.05,
    0.001
  ],
  "tilt_terminate_rad": 0.7,
  "tip_anchor": "bottom",
  "hand_model": "allegro",
  "hand_pose_config": "/data/ypx/allegro_rod_mvp/configs/hand_poses/my_grasp.json",
  "hand_pose_config_sha256": "2d8ac7f17a6693855543395d52022524c1a2956422915ee2962544019f6e7c9f",
  "hand_pose_config_content": {
    "schema": "allegro_rod_mvp.hand_pose",
    "schema_version": 1,
    "transform_space": "model",
    "body": "palm",
    "translation": [
      0.0262807865392716,
      -0.08578110798288589,
      0.113580438493427
    ],
    "quaternion_wxyz": [
      0.7071067811865475,
      1.3877787807814457e-17,
      0.7071067811865476,
      1.3877787807814457e-17
    ],
    "euler_xyz_degrees": [
      169.97501213792427,
      90.0,
      169.97501213792427
    ],
    "source_pose": {
      "type": "model_default",
      "model": "models/allegro_three_finger_rod_revolute.xml",
      "translation": [
        -0.018718,
        -0.022177,
        -0.058714
      ],
      "quaternion_wxyz": [
        0.0,
        0.7071067811865476,
        0.0,
        0.7071067811865476
      ]
    },
    "pivot": "palm_body_origin",
    "rotation_convention": "world-axis incremental rotations pre-multiplied onto the palm orientation; Euler display is extrinsic XYZ in degrees",
    "model_variant": "allegro_three_finger_rod_revolute",
    "compatible_model_variants": [
      "allegro_three_finger_rod",
      "allegro_three_finger_rod_revolute"
    ],
    "created_at": "2026-08-23T17:15:52-07:00",
    "notes": ""
  },
  "hand_grasp_config": "/data/ypx/allegro_rod_mvp/configs/hand_grasps/my_grasp_revolute_shared.json",
  "hand_grasp_config_sha256": "fdd9ead60842eca3167f98ecda3c496ea752cff3fa9e053de47a4544e061b03a",
  "hand_grasp_config_content": {
    "schema": "allegro_rod_mvp.hand_grasp",
    "schema_version": 1,
    "hand_model": "allegro",
    "hand_pose_path": "configs/hand_poses/my_grasp.json",
    "hand_pose_sha256": "2d8ac7f17a6693855543395d52022524c1a2956422915ee2962544019f6e7c9f",
    "joint_order": [
      "f0_j0",
      "f0_j1",
      "f0_j2",
      "f0_j3",
      "f1_j0",
      "f1_j1",
      "f1_j2",
      "f1_j3",
      "f2_j0",
      "f2_j1",
      "f2_j2",
      "f2_j3"
    ],
    "reset_qpos": [
      7.548838867727841e-08,
      1.0736323864341875,
      1.0313785514651856,
      0.7316452497148404,
      0.16193687029911827,
      1.2757924785844845,
      1.0454911512789378,
      0.7641591781446949,
      1.0492318494888706,
      0.40374195243716865,
      0.19782398096519818,
      1.1841084856455784
    ],
    "grasp_qpos": [
      7.548838867727841e-08,
      1.0736323864341875,
      1.0313785514651856,
      0.7316452497148404,
      0.16193687029911827,
      1.2757924785844845,
      1.0454911512789378,
      0.7641591781446949,
      1.0492318494888706,
      0.40374195243716865,
      0.19782398096519818,
      1.1841084856455784
    ],
    "reset_joint_noise": 0.0075,
    "grasp_ramp_steps": 1,
    "grasp_hold_steps": 100,
    "validated_for": {
      "physics_modes": [
        "revolute"
      ],
      "mass_scales": [
        400.0,
        1.0
      ],
      "fixed_seeds": [
        0,
        1,
        2,
        3,
        4,
        5,
        6,
        7,
        8,
        9
      ],
      "steps_per_seed": 100
    },
    "source": "bounded per-finger signed-distance search at -1 mm target followed by deterministic dynamic robustness audit",
    "notes": "Shared revolute endpoint preset. The same vector passed tip-connect s=1 but not tip-connect s=400, so it is not silently promoted as a universal preset."
  },
  "dexscrew_tip_penalty_scale": 0.5,
  "vecnormalize": "/data/ypx/allegro_rod_mvp/runs/20260823-1855-net-angle-C-force-curriculum-seed0-R03-s50-mu0.39604-iter1-seed0/checkpoints/vecnormalize.pkl",
  "axis_rotation_deg_mean": 2828.647521470316,
  "axis_rotation_deg_std": 197.43602648354525,
  "tip_error_m_mean": 1.6598900273174364e-17,
  "tip_error_m_std": 1.0112615966319882e-17,
  "contact_count_mean": 0.4,
  "contact_count_step_distribution": {
    "0": 0.3852,
    "1": 0.4942,
    "2": 0.0932,
    "3": 0.0274
  },
  "contact_fraction_at_least_one": 0.6148,
  "contact_fraction_at_least_two": 0.1206,
  "finger_contact_step_fraction": [
    0.2796,
    0.4106,
    0.0726
  ],
  "minimum_window_three_contact_occupancy": {
    "window_steps": 25,
    "minimum_across_episodes": 0.0,
    "mean_episode_minimum": 0.0
  },
  "rolling_contact_gate_failure_steps": {
    "total": 4760,
    "episodes_with_failure": 10
  },
  "per_tip_contact_loss_longest": [
    {
      "mean_steps": 56.0,
      "max_steps": 108,
      "mean_seconds": 2.24,
      "max_seconds": 4.32
    },
    {
      "mean_steps": 42.9,
      "max_steps": 62,
      "mean_seconds": 1.716,
      "max_seconds": 2.48
    },
    {
      "mean_steps": 372.8,
      "max_steps": 474,
      "mean_seconds": 14.912,
      "max_seconds": 18.96
    }
  ],
  "per_tip_leave_return_events": [
    {
      "mean": 46.5,
      "minimum": 30,
      "maximum": 57,
      "total": 465
    },
    {
      "mean": 53.3,
      "minimum": 44,
      "maximum": 64,
      "total": 533
    },
    {
      "mean": 3.1,
      "minimum": 1,
      "maximum": 7,
      "total": 31
    }
  ],
  "complete_contact_loss_longest": {
    "mean_steps": 24.2,
    "max_steps": 47,
    "mean_seconds": 0.968,
    "max_seconds": 1.8800000000000001
  },
  "below_two_contact_longest": {
    "mean_steps": 95.6,
    "max_steps": 150,
    "mean_seconds": 3.824,
    "max_seconds": 6.0
  },
  "rotation_cycle_metrics": {
    "cumulative_absolute_rotation_deg_mean": 2974.442612770292,
    "completed_net_cycles_mean": 7.5,
    "episodes_with_at_least_two_net_cycles": 10
  },
  "axial_omega_metrics": {
    "mean_rad_s": 2.1697497388108116,
    "p95_rad_s": 6.865114576941428,
    "fraction_above_success_threshold": 0.714
  },
  "tip_error_m_max": 4.873147013779784e-17,
  "numerical_instability_episodes": 0,
  "final_axis_tilt_deg_mean": 0.0,
  "omega_hold_satisfied_rate": 0.0,
  "omega_hold_seconds_max_mean": 0.884,
  "stabilizer_torque_mean": 0.0,
  "stabilizer_torque_max_mean": 0.0,
  "termination_reasons": {
    "none": 10
  },
  "reward_component_step_means": {
    "reward_rotation": 4.297138473861381,
    "reward_tip_penalty": -2.288620989284055e-31,
    "reward_axis_tilt_penalty": 0.0,
    "reward_axis_tilt_penalty_raw": 0.0,
    "reward_axis_tilt_recovery": 0.0,
    "reward_lateral_omega_penalty": 0.0,
    "reward_contact_bonus": -0.43286600000000003,
    "reward_contact_bonus_raw": -4.328659999999999,
    "reward_proximity": 0.3501127639968032,
    "reward_force_penalty": 0.0,
    "reward_action_rate_penalty": -0.017741612887010812
  },
  "normal_contact_force_n": {
    "per_tip": [
      {
        "mean": 9.61533828735571,
        "median": 0.0,
        "p95": 46.390667130131106
      },
      {
        "mean": 12.556330732111467,
        "median": 0.0,
        "p95": 52.70505650898343
      },
      {
        "mean": 4.178656086356778,
        "median": 0.0,
        "p95": 33.073418013471304
      }
    ],
    "total": {
      "mean": 26.35032510582396,
      "median": 17.130911938695554,
      "p95": 105.96146593929969
    },
    "definition": "MuJoCo contact-frame normal force, not actuator effort"
  },
  "conditioned_positive_rotation_support_force_n": {
    "condition": "axial_omega > 0.5 rad/s AND contact_count >= 2",
    "eligible_steps": 385,
    "eligible_step_fraction": 0.077,
    "excluded_step_fraction": 0.923,
    "per_tip": [
      {
        "mean": 26.849142526427862,
        "median": 23.17229071039468,
        "p95": 86.51468770561502
      },
      {
        "mean": 36.439263890488874,
        "median": 32.495942979826,
        "p95": 79.02836917393543
      },
      {
        "mean": 25.531230897710667,
        "median": 16.575305729084068,
        "p95": 104.2618422548646
      }
    ],
    "total": {
      "mean": 88.81963731462741,
      "median": 81.29796019691304,
      "p95": 161.578026078613
    },
    "reference_statistic": "total median",
    "definition": "MuJoCo contact-frame normal force on genuine positive-rotation timesteps with at least two supporting fingertips; not actuator effort"
  },
  "success_rate": 1.0,
  "legacy_omega_success_rate": 0.0,
  "net_angle_success_rate": 1.0,
  "drop_rate": 0.0,
  "passed": true
}
{
  "model": "/data/ypx/allegro_rod_mvp/runs/20260823-1855-net-angle-C-force-curriculum-seed0-R03-s50-mu0.39604-iter1-seed0/checkpoints/final_model.zip",
  "stage": 0,
  "episodes": 10,
  "physics_mode": "revolute",
  "reward_style": "dexscrew",
  "tip_connect_solref": null,
  "tip_connect_enabled": false,
  "axis_stabilizer_scale": 0.0,
  "axis_tilt_penalty_weight": 1.0,
  "axis_tilt_recovery_scale": 0.0,
  "rotation_reward_scale": 16.0,
  "contact_reward_mode": "discrete",
  "three_contact_reward": 0.3,
  "rotation_requires_three_contacts": false,
  "contact_support_termination_enabled": false,
  "contact_reward_scale": 0.1,
  "contact_window_steps": 25,
  "contact_window_threshold": 18.0,
  "omega_success_threshold": 0.5,
  "omega_success_hold_seconds": 10.0,
  "success_mode": "net_angle",
  "net_angle_success_threshold_rad": 3.141592653589793,
  "net_angle_success_threshold_deg": 180.0,
  "rod_mass_scale": 50.0,
  "rod_friction_cap": 4.0,
  "contact_friction_scale": 0.396039933889633,
  "scale_tip_solref_with_mass": false,
  "contact_friction_vector": [
    0.7128718810013394,
    0.05,
    0.001
  ],
  "tilt_terminate_rad": 0.7,
  "tip_anchor": "bottom",
  "hand_model": "allegro",
  "hand_pose_config": "/data/ypx/allegro_rod_mvp/configs/hand_poses/my_grasp.json",
  "hand_pose_config_sha256": "2d8ac7f17a6693855543395d52022524c1a2956422915ee2962544019f6e7c9f",
  "hand_pose_config_content": {
    "schema": "allegro_rod_mvp.hand_pose",
    "schema_version": 1,
    "transform_space": "model",
    "body": "palm",
    "translation": [
      0.0262807865392716,
      -0.08578110798288589,
      0.113580438493427
    ],
    "quaternion_wxyz": [
      0.7071067811865475,
      1.3877787807814457e-17,
      0.7071067811865476,
      1.3877787807814457e-17
    ],
    "euler_xyz_degrees": [
      169.97501213792427,
      90.0,
      169.97501213792427
    ],
    "source_pose": {
      "type": "model_default",
      "model": "models/allegro_three_finger_rod_revolute.xml",
      "translation": [
        -0.018718,
        -0.022177,
        -0.058714
      ],
      "quaternion_wxyz": [
        0.0,
        0.7071067811865476,
        0.0,
        0.7071067811865476
      ]
    },
    "pivot": "palm_body_origin",
    "rotation_convention": "world-axis incremental rotations pre-multiplied onto the palm orientation; Euler display is extrinsic XYZ in degrees",
    "model_variant": "allegro_three_finger_rod_revolute",
    "compatible_model_variants": [
      "allegro_three_finger_rod",
      "allegro_three_finger_rod_revolute"
    ],
    "created_at": "2026-08-23T17:15:52-07:00",
    "notes": ""
  },
  "hand_grasp_config": "/data/ypx/allegro_rod_mvp/configs/hand_grasps/my_grasp_revolute_shared.json",
  "hand_grasp_config_sha256": "fdd9ead60842eca3167f98ecda3c496ea752cff3fa9e053de47a4544e061b03a",
  "hand_grasp_config_content": {
    "schema": "allegro_rod_mvp.hand_grasp",
    "schema_version": 1,
    "hand_model": "allegro",
    "hand_pose_path": "configs/hand_poses/my_grasp.json",
    "hand_pose_sha256": "2d8ac7f17a6693855543395d52022524c1a2956422915ee2962544019f6e7c9f",
    "joint_order": [
      "f0_j0",
      "f0_j1",
      "f0_j2",
      "f0_j3",
      "f1_j0",
      "f1_j1",
      "f1_j2",
      "f1_j3",
      "f2_j0",
      "f2_j1",
      "f2_j2",
      "f2_j3"
    ],
    "reset_qpos": [
      7.548838867727841e-08,
      1.0736323864341875,
      1.0313785514651856,
      0.7316452497148404,
      0.16193687029911827,
      1.2757924785844845,
      1.0454911512789378,
      0.7641591781446949,
      1.0492318494888706,
      0.40374195243716865,
      0.19782398096519818,
      1.1841084856455784
    ],
    "grasp_qpos": [
      7.548838867727841e-08,
      1.0736323864341875,
      1.0313785514651856,
      0.7316452497148404,
      0.16193687029911827,
      1.2757924785844845,
      1.0454911512789378,
      0.7641591781446949,
      1.0492318494888706,
      0.40374195243716865,
      0.19782398096519818,
      1.1841084856455784
    ],
    "reset_joint_noise": 0.0075,
    "grasp_ramp_steps": 1,
    "grasp_hold_steps": 100,
    "validated_for": {
      "physics_modes": [
        "revolute"
      ],
      "mass_scales": [
        400.0,
        1.0
      ],
      "fixed_seeds": [
        0,
        1,
        2,
        3,
        4,
        5,
        6,
        7,
        8,
        9
      ],
      "steps_per_seed": 100
    },
    "source": "bounded per-finger signed-distance search at -1 mm target followed by deterministic dynamic robustness audit",
    "notes": "Shared revolute endpoint preset. The same vector passed tip-connect s=1 but not tip-connect s=400, so it is not silently promoted as a universal preset."
  },
  "dexscrew_tip_penalty_scale": 0.5,
  "vecnormalize": "/data/ypx/allegro_rod_mvp/runs/20260823-1855-net-angle-C-force-curriculum-seed0-R03-s50-mu0.39604-iter1-seed0/checkpoints/vecnormalize.pkl",
  "axis_rotation_deg_mean": 2775.099288647557,
  "axis_rotation_deg_std": 200.42649666244452,
  "tip_error_m_mean": 1.897544836327919e-17,
  "tip_error_m_std": 1.1850331526965751e-17,
  "contact_count_mean": 0.8,
  "contact_count_step_distribution": {
    "0": 0.3568,
    "1": 0.4954,
    "2": 0.1182,
    "3": 0.0296
  },
  "contact_fraction_at_least_one": 0.6432,
  "contact_fraction_at_least_two": 0.1478,
  "finger_contact_step_fraction": [
    0.2866,
    0.4452,
    0.0888
  ],
  "minimum_window_three_contact_occupancy": {
    "window_steps": 25,
    "minimum_across_episodes": 0.0,
    "mean_episode_minimum": 0.0
  },
  "rolling_contact_gate_failure_steps": {
    "total": 4760,
    "episodes_with_failure": 10
  },
  "per_tip_contact_loss_longest": [
    {
      "mean_steps": 50.9,
      "max_steps": 109,
      "mean_seconds": 2.036,
      "max_seconds": 4.36
    },
    {
      "mean_steps": 34.2,
      "max_steps": 55,
      "mean_seconds": 1.368,
      "max_seconds": 2.2
    },
    {
      "mean_steps": 363.3,
      "max_steps": 488,
      "mean_seconds": 14.532,
      "max_seconds": 19.52
    }
  ],
  "per_tip_leave_return_events": [
    {
      "mean": 51.0,
      "minimum": 46,
      "maximum": 57,
      "total": 510
    },
    {
      "mean": 57.0,
      "minimum": 47,
      "maximum": 77,
      "total": 570
    },
    {
      "mean": 3.0,
      "minimum": 0,
      "maximum": 8,
      "total": 30
    }
  ],
  "complete_contact_loss_longest": {
    "mean_steps": 19.1,
    "max_steps": 33,
    "mean_seconds": 0.7640000000000001,
    "max_seconds": 1.32
  },
  "below_two_contact_longest": {
    "mean_steps": 84.7,
    "max_steps": 130,
    "mean_seconds": 3.3880000000000003,
    "max_seconds": 5.2
  },
  "rotation_cycle_metrics": {
    "cumulative_absolute_rotation_deg_mean": 2946.4379542742126,
    "completed_net_cycles_mean": 7.0,
    "episodes_with_at_least_two_net_cycles": 10
  },
  "axial_omega_metrics": {
    "mean_rad_s": 2.13889654158194,
    "p95_rad_s": 6.828651192079695,
    "fraction_above_success_threshold": 0.7122
  },
  "tip_error_m_max": 5.181862136763292e-17,
  "numerical_instability_episodes": 0,
  "final_axis_tilt_deg_mean": 0.0,
  "omega_hold_satisfied_rate": 0.0,
  "omega_hold_seconds_max_mean": 0.976,
  "stabilizer_torque_mean": 0.0,
  "stabilizer_torque_max_mean": 0.0,
  "termination_reasons": {
    "none": 10
  },
  "reward_component_step_means": {
    "reward_rotation": 4.252525611956801,
    "reward_tip_penalty": -2.8056990580189407e-31,
    "reward_axis_tilt_penalty": 0.0,
    "reward_axis_tilt_penalty_raw": 0.0,
    "reward_axis_tilt_recovery": 0.0,
    "reward_lateral_omega_penalty": 0.0,
    "reward_contact_bonus": -0.40427,
    "reward_contact_bonus_raw": -4.0427,
    "reward_proximity": 0.3552954822978452,
    "reward_force_penalty": 0.0,
    "reward_action_rate_penalty": -0.01865748719227799
  },
  "normal_contact_force_n": {
    "per_tip": [
      {
        "mean": 8.905506047849965,
        "median": 0.0,
        "p95": 44.25690072442375
      },
      {
        "mean": 13.640096184681932,
        "median": 0.0,
        "p95": 52.50600212577754
      },
      {
        "mean": 4.891720941091791,
        "median": 0.0,
        "p95": 40.56997870533353
      }
    ],
    "total": {
      "mean": 27.43732317362369,
      "median": 19.633501779358006,
      "p95": 105.33120120146329
    },
    "definition": "MuJoCo contact-frame normal force, not actuator effort"
  },
  "conditioned_positive_rotation_support_force_n": {
    "condition": "axial_omega > 0.5 rad/s AND contact_count >= 2",
    "eligible_steps": 455,
    "eligible_step_fraction": 0.091,
    "excluded_step_fraction": 0.909,
    "per_tip": [
      {
        "mean": 24.89387707491167,
        "median": 21.807838976216985,
        "p95": 59.21639942666322
      },
      {
        "mean": 35.83875965816876,
        "median": 31.489122212237035,
        "p95": 85.50733242564723
      },
      {
        "mean": 23.782731520992392,
        "median": 12.414571601742544,
        "p95": 83.55347155581929
      }
    ],
    "total": {
      "mean": 84.51536825407281,
      "median": 79.37114574325017,
      "p95": 152.69328525732047
    },
    "reference_statistic": "total median",
    "definition": "MuJoCo contact-frame normal force on genuine positive-rotation timesteps with at least two supporting fingertips; not actuator effort"
  },
  "success_rate": 1.0,
  "legacy_omega_success_rate": 0.0,
  "net_angle_success_rate": 1.0,
  "drop_rate": 0.0,
  "passed": true
}
/data/ypx/allegro_rod_mvp/.venv/lib/python3.13/site-packages/stable_baselines3/common/on_policy_algorithm.py:150: UserWarning: You are trying to run PPO on the GPU, but it is primarily intended to run on the CPU when not using a CNN policy (you are using ActorCriticPolicy which should be a MlpPolicy). See https://github.com/DLR-RM/stable-baselines3/issues/1245 for more info. You can pass `device='cpu'` or `export CUDA_VISIBLE_DEVICES=` to force using the CPU.Note: The model will train, but the GPU utilization will be poor and the training might take longer than on CPU.
  warnings.warn(
Starting run: stage=0 n_envs=32 device=cuda:1 net_arch=[512, 256, 128] steps=100000 ent_coef=0.0 reset_timesteps=True run=20260823-1855-net-angle-C-force-curriculum-seed0-R04-s25-mu0.25-iter0-seed0
Logging to /data/ypx/allegro_rod_mvp/runs/20260823-1855-net-angle-C-force-curriculum-seed0-R04-s25-mu0.25-iter0-seed0/tb/PPO_1
---------------------------------
| mass/              |          |
|    rot             | 0        |
|    rotate_scale    | 2.5      |
|    tilt            | 0        |
|    tilt_scale      | 0        |
| time/              |          |
|    fps             | 3668     |
|    iterations      | 1        |
|    time_elapsed    | 2        |
|    total_timesteps | 8192     |
---------------------------------
----------------------------------------
| mass/                   |            |
|    rot                  | 0          |
|    rotate_scale         | 2.5        |
|    tilt                 | 0          |
|    tilt_scale           | 0          |
| rollout/                |            |
|    ep_len_mean          | 500        |
|    ep_rew_mean          | 1.5e+03    |
|    success_rate         | 1          |
| time/                   |            |
|    fps                  | 2391       |
|    iterations           | 2          |
|    time_elapsed         | 6          |
|    total_timesteps      | 16384      |
| train/                  |            |
|    approx_kl            | 0.17635825 |
|    clip_fraction        | 0.639      |
|    clip_range           | 0.2        |
|    entropy_loss         | -12.3      |
|    explained_variance   | 0.303      |
|    learning_rate        | 0.0003     |
|    loss                 | -0.119     |
|    n_updates            | 790        |
|    policy_gradient_loss | -0.0921    |
|    std                  | 0.675      |
|    value_loss           | 0.032      |
----------------------------------------
----------------------------------------
| mass/                   |            |
|    rot                  | 0          |
|    rotate_scale         | 2.5        |
|    tilt                 | 0          |
|    tilt_scale           | 0          |
| rollout/                |            |
|    ep_len_mean          | 500        |
|    ep_rew_mean          | 1.5e+03    |
|    success_rate         | 1          |
| time/                   |            |
|    fps                  | 2274       |
|    iterations           | 3          |
|    time_elapsed         | 10         |
|    total_timesteps      | 24576      |
| train/                  |            |
|    approx_kl            | 0.16408123 |
|    clip_fraction        | 0.631      |
|    clip_range           | 0.2        |
|    entropy_loss         | -12.3      |
|    explained_variance   | 0.351      |
|    learning_rate        | 0.0003     |
|    loss                 | -0.105     |
|    n_updates            | 800        |
|    policy_gradient_loss | -0.0847    |
|    std                  | 0.673      |
|    value_loss           | 0.0242     |
----------------------------------------
----------------------------------------
| mass/                   |            |
|    rot                  | 0          |
|    rotate_scale         | 2.5        |
|    tilt                 | 0          |
|    tilt_scale           | 0          |
| rollout/                |            |
|    ep_len_mean          | 500        |
|    ep_rew_mean          | 1.57e+03   |
|    success_rate         | 1          |
| time/                   |            |
|    fps                  | 2208       |
|    iterations           | 4          |
|    time_elapsed         | 14         |
|    total_timesteps      | 32768      |
| train/                  |            |
|    approx_kl            | 0.20376879 |
|    clip_fraction        | 0.651      |
|    clip_range           | 0.2        |
|    entropy_loss         | -12.2      |
|    explained_variance   | 0.313      |
|    learning_rate        | 0.0003     |
|    loss                 | -0.114     |
|    n_updates            | 810        |
|    policy_gradient_loss | -0.0927    |
|    std                  | 0.671      |
|    value_loss           | 0.0281     |
----------------------------------------
----------------------------------------
| mass/                   |            |
|    rot                  | 0          |
|    rotate_scale         | 2.5        |
|    tilt                 | 0          |
|    tilt_scale           | 0          |
| rollout/                |            |
|    ep_len_mean          | 500        |
|    ep_rew_mean          | 1.57e+03   |
|    success_rate         | 1          |
| time/                   |            |
|    fps                  | 2152       |
|    iterations           | 5          |
|    time_elapsed         | 19         |
|    total_timesteps      | 40960      |
| train/                  |            |
|    approx_kl            | 0.17500445 |
|    clip_fraction        | 0.639      |
|    clip_range           | 0.2        |
|    entropy_loss         | -12.2      |
|    explained_variance   | 0.465      |
|    learning_rate        | 0.0003     |
|    loss                 | -0.118     |
|    n_updates            | 820        |
|    policy_gradient_loss | -0.0868    |
|    std                  | 0.667      |
|    value_loss           | 0.0266     |
----------------------------------------
----------------------------------------
| mass/                   |            |
|    rot                  | 0          |
|    rotate_scale         | 2.5        |
|    tilt                 | 0          |
|    tilt_scale           | 0          |
| rollout/                |            |
|    ep_len_mean          | 500        |
|    ep_rew_mean          | 1.58e+03   |
|    success_rate         | 1          |
| time/                   |            |
|    fps                  | 2142       |
|    iterations           | 6          |
|    time_elapsed         | 22         |
|    total_timesteps      | 49152      |
| train/                  |            |
|    approx_kl            | 0.20400637 |
|    clip_fraction        | 0.65       |
|    clip_range           | 0.2        |
|    entropy_loss         | -12.1      |
|    explained_variance   | 0.38       |
|    learning_rate        | 0.0003     |
|    loss                 | -0.122     |
|    n_updates            | 830        |
|    policy_gradient_loss | -0.0899    |
|    std                  | 0.663      |
|    value_loss           | 0.0257     |
----------------------------------------
----------------------------------------
| mass/                   |            |
|    rot                  | 0          |
|    rotate_scale         | 2.5        |
|    tilt                 | 0          |
|    tilt_scale           | 0          |
| rollout/                |            |
|    ep_len_mean          | 500        |
|    ep_rew_mean          | 1.58e+03   |
|    success_rate         | 1          |
| time/                   |            |
|    fps                  | 2130       |
|    iterations           | 7          |
|    time_elapsed         | 26         |
|    total_timesteps      | 57344      |
| train/                  |            |
|    approx_kl            | 0.18804619 |
|    clip_fraction        | 0.642      |
|    clip_range           | 0.2        |
|    entropy_loss         | -12        |
|    explained_variance   | 0.307      |
|    learning_rate        | 0.0003     |
|    loss                 | -0.106     |
|    n_updates            | 840        |
|    policy_gradient_loss | -0.0854    |
|    std                  | 0.66       |
|    value_loss           | 0.0315     |
----------------------------------------
----------------------------------------
| mass/                   |            |
|    rot                  | 0          |
|    rotate_scale         | 2.5        |
|    tilt                 | 0          |
|    tilt_scale           | 0          |
| rollout/                |            |
|    ep_len_mean          | 500        |
|    ep_rew_mean          | 1.64e+03   |
|    success_rate         | 1          |
| time/                   |            |
|    fps                  | 2118       |
|    iterations           | 8          |
|    time_elapsed         | 30         |
|    total_timesteps      | 65536      |
| train/                  |            |
|    approx_kl            | 0.20392697 |
|    clip_fraction        | 0.655      |
|    clip_range           | 0.2        |
|    entropy_loss         | -12        |
|    explained_variance   | 0.22       |
|    learning_rate        | 0.0003     |
|    loss                 | -0.112     |
|    n_updates            | 850        |
|    policy_gradient_loss | -0.09      |
|    std                  | 0.657      |
|    value_loss           | 0.0233     |
----------------------------------------
----------------------------------------
| mass/                   |            |
|    rot                  | 0          |
|    rotate_scale         | 2.5        |
|    tilt                 | 0          |
|    tilt_scale           | 0          |
| rollout/                |            |
|    ep_len_mean          | 500        |
|    ep_rew_mean          | 1.64e+03   |
|    success_rate         | 1          |
| time/                   |            |
|    fps                  | 2107       |
|    iterations           | 9          |
|    time_elapsed         | 34         |
|    total_timesteps      | 73728      |
| train/                  |            |
|    approx_kl            | 0.19244379 |
|    clip_fraction        | 0.647      |
|    clip_range           | 0.2        |
|    entropy_loss         | -11.9      |
|    explained_variance   | 0.401      |
|    learning_rate        | 0.0003     |
|    loss                 | -0.108     |
|    n_updates            | 860        |
|    policy_gradient_loss | -0.0875    |
|    std                  | 0.655      |
|    value_loss           | 0.028      |
----------------------------------------
----------------------------------------
| mass/                   |            |
|    rot                  | 0          |
|    rotate_scale         | 2.5        |
|    tilt                 | 0          |
|    tilt_scale           | 0          |
| rollout/                |            |
|    ep_len_mean          | 500        |
|    ep_rew_mean          | 1.7e+03    |
|    success_rate         | 1          |
| time/                   |            |
|    fps                  | 2096       |
|    iterations           | 10         |
|    time_elapsed         | 39         |
|    total_timesteps      | 81920      |
| train/                  |            |
|    approx_kl            | 0.19360791 |
|    clip_fraction        | 0.658      |
|    clip_range           | 0.2        |
|    entropy_loss         | -11.9      |
|    explained_variance   | 0.416      |
|    learning_rate        | 0.0003     |
|    loss                 | -0.12      |
|    n_updates            | 870        |
|    policy_gradient_loss | -0.0909    |
|    std                  | 0.651      |
|    value_loss           | 0.0206     |
----------------------------------------
----------------------------------------
| mass/                   |            |
|    rot                  | 0          |
|    rotate_scale         | 2.5        |
|    tilt                 | 0          |
|    tilt_scale           | 0          |
| rollout/                |            |
|    ep_len_mean          | 500        |
|    ep_rew_mean          | 1.7e+03    |
|    success_rate         | 1          |
| time/                   |            |
|    fps                  | 2084       |
|    iterations           | 11         |
|    time_elapsed         | 43         |
|    total_timesteps      | 90112      |
| train/                  |            |
|    approx_kl            | 0.19598596 |
|    clip_fraction        | 0.655      |
|    clip_range           | 0.2        |
|    entropy_loss         | -11.8      |
|    explained_variance   | 0.445      |
|    learning_rate        | 0.0003     |
|    loss                 | -0.111     |
|    n_updates            | 880        |
|    policy_gradient_loss | -0.0827    |
|    std                  | 0.646      |
|    value_loss           | 0.0234     |
----------------------------------------
----------------------------------------
| mass/                   |            |
|    rot                  | 0          |
|    rotate_scale         | 2.5        |
|    tilt                 | 0          |
|    tilt_scale           | 0          |
| rollout/                |            |
|    ep_len_mean          | 500        |
|    ep_rew_mean          | 1.76e+03   |
|    success_rate         | 1          |
| time/                   |            |
|    fps                  | 2075       |
|    iterations           | 12         |
|    time_elapsed         | 47         |
|    total_timesteps      | 98304      |
| train/                  |            |
|    approx_kl            | 0.21891579 |
|    clip_fraction        | 0.657      |
|    clip_range           | 0.2        |
|    entropy_loss         | -11.7      |
|    explained_variance   | 0.339      |
|    learning_rate        | 0.0003     |
|    loss                 | -0.118     |
|    n_updates            | 890        |
|    policy_gradient_loss | -0.0883    |
|    std                  | 0.64       |
|    value_loss           | 0.0186     |
----------------------------------------
----------------------------------------
| mass/                   |            |
|    rot                  | 0          |
|    rotate_scale         | 2.5        |
|    tilt                 | 0          |
|    tilt_scale           | 0          |
| rollout/                |            |
|    ep_len_mean          | 500        |
|    ep_rew_mean          | 1.76e+03   |
|    success_rate         | 1          |
| time/                   |            |
|    fps                  | 2066       |
|    iterations           | 13         |
|    time_elapsed         | 51         |
|    total_timesteps      | 106496     |
| train/                  |            |
|    approx_kl            | 0.21677661 |
|    clip_fraction        | 0.662      |
|    clip_range           | 0.2        |
|    entropy_loss         | -11.6      |
|    explained_variance   | 0.437      |
|    learning_rate        | 0.0003     |
|    loss                 | -0.0958    |
|    n_updates            | 900        |
|    policy_gradient_loss | -0.0858    |
|    std                  | 0.637      |
|    value_loss           | 0.0199     |
----------------------------------------
/data/ypx/allegro_rod_mvp/.venv/lib/python3.13/site-packages/stable_baselines3/common/on_policy_algorithm.py:150: UserWarning: You are trying to run PPO on the GPU, but it is primarily intended to run on the CPU when not using a CNN policy (you are using ActorCriticPolicy which should be a MlpPolicy). See https://github.com/DLR-RM/stable-baselines3/issues/1245 for more info. You can pass `device='cpu'` or `export CUDA_VISIBLE_DEVICES=` to force using the CPU.Note: The model will train, but the GPU utilization will be poor and the training might take longer than on CPU.
  warnings.warn(
Load smoke OK: /data/ypx/allegro_rod_mvp/runs/20260823-1855-net-angle-C-force-curriculum-seed0-R04-s25-mu0.25-iter0-seed0/checkpoints/final_model.zip
EXP-infra complete: ok=True run_dir=/data/ypx/allegro_rod_mvp/runs/20260823-1855-net-angle-C-force-curriculum-seed0-R04-s25-mu0.25-iter0-seed0
{
  "model": "/data/ypx/allegro_rod_mvp/runs/20260823-1855-net-angle-C-force-curriculum-seed0-R04-s25-mu0.25-iter0-seed0/checkpoints/final_model.zip",
  "stage": 0,
  "episodes": 10,
  "physics_mode": "revolute",
  "reward_style": "dexscrew",
  "tip_connect_solref": null,
  "tip_connect_enabled": false,
  "axis_stabilizer_scale": 0.0,
  "axis_tilt_penalty_weight": 1.0,
  "axis_tilt_recovery_scale": 0.0,
  "rotation_reward_scale": 16.0,
  "contact_reward_mode": "discrete",
  "three_contact_reward": 0.3,
  "rotation_requires_three_contacts": false,
  "contact_support_termination_enabled": false,
  "contact_reward_scale": 0.1,
  "contact_window_steps": 25,
  "contact_window_threshold": 18.0,
  "omega_success_threshold": 0.5,
  "omega_success_hold_seconds": 10.0,
  "success_mode": "net_angle",
  "net_angle_success_threshold_rad": 3.141592653589793,
  "net_angle_success_threshold_deg": 180.0,
  "rod_mass_scale": 25.0,
  "rod_friction_cap": 4.0,
  "contact_friction_scale": 0.25,
  "scale_tip_solref_with_mass": false,
  "contact_friction_vector": [
    0.45,
    0.05,
    0.001
  ],
  "tilt_terminate_rad": 0.7,
  "tip_anchor": "bottom",
  "hand_model": "allegro",
  "hand_pose_config": "/data/ypx/allegro_rod_mvp/configs/hand_poses/my_grasp.json",
  "hand_pose_config_sha256": "2d8ac7f17a6693855543395d52022524c1a2956422915ee2962544019f6e7c9f",
  "hand_pose_config_content": {
    "schema": "allegro_rod_mvp.hand_pose",
    "schema_version": 1,
    "transform_space": "model",
    "body": "palm",
    "translation": [
      0.0262807865392716,
      -0.08578110798288589,
      0.113580438493427
    ],
    "quaternion_wxyz": [
      0.7071067811865475,
      1.3877787807814457e-17,
      0.7071067811865476,
      1.3877787807814457e-17
    ],
    "euler_xyz_degrees": [
      169.97501213792427,
      90.0,
      169.97501213792427
    ],
    "source_pose": {
      "type": "model_default",
      "model": "models/allegro_three_finger_rod_revolute.xml",
      "translation": [
        -0.018718,
        -0.022177,
        -0.058714
      ],
      "quaternion_wxyz": [
        0.0,
        0.7071067811865476,
        0.0,
        0.7071067811865476
      ]
    },
    "pivot": "palm_body_origin",
    "rotation_convention": "world-axis incremental rotations pre-multiplied onto the palm orientation; Euler display is extrinsic XYZ in degrees",
    "model_variant": "allegro_three_finger_rod_revolute",
    "compatible_model_variants": [
      "allegro_three_finger_rod",
      "allegro_three_finger_rod_revolute"
    ],
    "created_at": "2026-08-23T17:15:52-07:00",
    "notes": ""
  },
  "hand_grasp_config": "/data/ypx/allegro_rod_mvp/configs/hand_grasps/my_grasp_revolute_shared.json",
  "hand_grasp_config_sha256": "fdd9ead60842eca3167f98ecda3c496ea752cff3fa9e053de47a4544e061b03a",
  "hand_grasp_config_content": {
    "schema": "allegro_rod_mvp.hand_grasp",
    "schema_version": 1,
    "hand_model": "allegro",
    "hand_pose_path": "configs/hand_poses/my_grasp.json",
    "hand_pose_sha256": "2d8ac7f17a6693855543395d52022524c1a2956422915ee2962544019f6e7c9f",
    "joint_order": [
      "f0_j0",
      "f0_j1",
      "f0_j2",
      "f0_j3",
      "f1_j0",
      "f1_j1",
      "f1_j2",
      "f1_j3",
      "f2_j0",
      "f2_j1",
      "f2_j2",
      "f2_j3"
    ],
    "reset_qpos": [
      7.548838867727841e-08,
      1.0736323864341875,
      1.0313785514651856,
      0.7316452497148404,
      0.16193687029911827,
      1.2757924785844845,
      1.0454911512789378,
      0.7641591781446949,
      1.0492318494888706,
      0.40374195243716865,
      0.19782398096519818,
      1.1841084856455784
    ],
    "grasp_qpos": [
      7.548838867727841e-08,
      1.0736323864341875,
      1.0313785514651856,
      0.7316452497148404,
      0.16193687029911827,
      1.2757924785844845,
      1.0454911512789378,
      0.7641591781446949,
      1.0492318494888706,
      0.40374195243716865,
      0.19782398096519818,
      1.1841084856455784
    ],
    "reset_joint_noise": 0.0075,
    "grasp_ramp_steps": 1,
    "grasp_hold_steps": 100,
    "validated_for": {
      "physics_modes": [
        "revolute"
      ],
      "mass_scales": [
        400.0,
        1.0
      ],
      "fixed_seeds": [
        0,
        1,
        2,
        3,
        4,
        5,
        6,
        7,
        8,
        9
      ],
      "steps_per_seed": 100
    },
    "source": "bounded per-finger signed-distance search at -1 mm target followed by deterministic dynamic robustness audit",
    "notes": "Shared revolute endpoint preset. The same vector passed tip-connect s=1 but not tip-connect s=400, so it is not silently promoted as a universal preset."
  },
  "dexscrew_tip_penalty_scale": 0.5,
  "vecnormalize": "/data/ypx/allegro_rod_mvp/runs/20260823-1855-net-angle-C-force-curriculum-seed0-R04-s25-mu0.25-iter0-seed0/checkpoints/vecnormalize.pkl",
  "axis_rotation_deg_mean": 3136.2615941035956,
  "axis_rotation_deg_std": 168.32408042289515,
  "tip_error_m_mean": 1.524277867404325e-17,
  "tip_error_m_std": 8.393895985146167e-18,
  "contact_count_mean": 0.9,
  "contact_count_step_distribution": {
    "0": 0.4482,
    "1": 0.4592,
    "2": 0.0734,
    "3": 0.0192
  },
  "contact_fraction_at_least_one": 0.5518000000000001,
  "contact_fraction_at_least_two": 0.0926,
  "finger_contact_step_fraction": [
    0.2702,
    0.3426,
    0.0508
  ],
  "minimum_window_three_contact_occupancy": {
    "window_steps": 25,
    "minimum_across_episodes": 0.0,
    "mean_episode_minimum": 0.0
  },
  "rolling_contact_gate_failure_steps": {
    "total": 4760,
    "episodes_with_failure": 10
  },
  "per_tip_contact_loss_longest": [
    {
      "mean_steps": 57.7,
      "max_steps": 183,
      "mean_seconds": 2.3080000000000003,
      "max_seconds": 7.32
    },
    {
      "mean_steps": 36.5,
      "max_steps": 55,
      "mean_seconds": 1.46,
      "max_seconds": 2.2
    },
    {
      "mean_steps": 437.7,
      "max_steps": 486,
      "mean_seconds": 17.508,
      "max_seconds": 19.44
    }
  ],
  "per_tip_leave_return_events": [
    {
      "mean": 45.9,
      "minimum": 27,
      "maximum": 55,
      "total": 459
    },
    {
      "mean": 58.7,
      "minimum": 48,
      "maximum": 75,
      "total": 587
    },
    {
      "mean": 2.6,
      "minimum": 0,
      "maximum": 11,
      "total": 26
    }
  ],
  "complete_contact_loss_longest": {
    "mean_steps": 16.2,
    "max_steps": 28,
    "mean_seconds": 0.648,
    "max_seconds": 1.12
  },
  "below_two_contact_longest": {
    "mean_steps": 123.6,
    "max_steps": 213,
    "mean_seconds": 4.944,
    "max_seconds": 8.52
  },
  "rotation_cycle_metrics": {
    "cumulative_absolute_rotation_deg_mean": 3292.3720049189205,
    "completed_net_cycles_mean": 8.1,
    "episodes_with_at_least_two_net_cycles": 10
  },
  "axial_omega_metrics": {
    "mean_rad_s": 2.4228340834549074,
    "p95_rad_s": 7.227248135003442,
    "fraction_above_success_threshold": 0.751
  },
  "tip_error_m_max": 4.7915350886611923e-17,
  "numerical_instability_episodes": 0,
  "final_axis_tilt_deg_mean": 0.0,
  "omega_hold_satisfied_rate": 0.0,
  "omega_hold_seconds_max_mean": 1.0999999999999999,
  "stabilizer_torque_mean": 0.0,
  "stabilizer_torque_max_mean": 0.0,
  "termination_reasons": {
    "none": 10
  },
  "reward_component_step_means": {
    "reward_rotation": 4.85761286756212,
    "reward_tip_penalty": -1.938649974985184e-31,
    "reward_axis_tilt_penalty": 0.0,
    "reward_axis_tilt_penalty_raw": 0.0,
    "reward_axis_tilt_recovery": 0.0,
    "reward_lateral_omega_penalty": 0.0,
    "reward_contact_bonus": -0.49280999999999997,
    "reward_contact_bonus_raw": -4.9281,
    "reward_proximity": 0.34697077348137706,
    "reward_force_penalty": 0.0,
    "reward_action_rate_penalty": -0.022883630513979188
  },
  "normal_contact_force_n": {
    "per_tip": [
      {
        "mean": 8.608859867307253,
        "median": 0.0,
        "p95": 44.68711064080308
      },
      {
        "mean": 9.005958029418505,
        "median": 0.0,
        "p95": 41.37786357080996
      },
      {
        "mean": 2.1613305427000045,
        "median": 0.0,
        "p95": 6.026474422830164
      }
    ],
    "total": {
      "mean": 19.77614843942576,
      "median": 10.053118717870287,
      "p95": 72.7533137723979
    },
    "definition": "MuJoCo contact-frame normal force, not actuator effort"
  },
  "conditioned_positive_rotation_support_force_n": {
    "condition": "axial_omega > 0.5 rad/s AND contact_count >= 2",
    "eligible_steps": 311,
    "eligible_step_fraction": 0.0622,
    "excluded_step_fraction": 0.9378,
    "per_tip": [
      {
        "mean": 23.63937914283532,
        "median": 20.847077894722254,
        "p95": 56.42446660706993
      },
      {
        "mean": 26.28352698887151,
        "median": 23.756773950364863,
        "p95": 55.160914795150575
      },
      {
        "mean": 19.90547328837702,
        "median": 0.0,
        "p95": 62.36067048634353
      }
    ],
    "total": {
      "mean": 69.82837942008386,
      "median": 65.90294806004847,
      "p95": 133.0801293084158
    },
    "reference_statistic": "total median",
    "definition": "MuJoCo contact-frame normal force on genuine positive-rotation timesteps with at least two supporting fingertips; not actuator effort"
  },
  "success_rate": 1.0,
  "legacy_omega_success_rate": 0.0,
  "net_angle_success_rate": 1.0,
  "drop_rate": 0.0,
  "passed": true
}
{
  "model": "/data/ypx/allegro_rod_mvp/runs/20260823-1855-net-angle-C-force-curriculum-seed0-R04-s25-mu0.25-iter0-seed0/checkpoints/final_model.zip",
  "stage": 0,
  "episodes": 10,
  "physics_mode": "revolute",
  "reward_style": "dexscrew",
  "tip_connect_solref": null,
  "tip_connect_enabled": false,
  "axis_stabilizer_scale": 0.0,
  "axis_tilt_penalty_weight": 1.0,
  "axis_tilt_recovery_scale": 0.0,
  "rotation_reward_scale": 16.0,
  "contact_reward_mode": "discrete",
  "three_contact_reward": 0.3,
  "rotation_requires_three_contacts": false,
  "contact_support_termination_enabled": false,
  "contact_reward_scale": 0.1,
  "contact_window_steps": 25,
  "contact_window_threshold": 18.0,
  "omega_success_threshold": 0.5,
  "omega_success_hold_seconds": 10.0,
  "success_mode": "net_angle",
  "net_angle_success_threshold_rad": 3.141592653589793,
  "net_angle_success_threshold_deg": 180.0,
  "rod_mass_scale": 25.0,
  "rod_friction_cap": 4.0,
  "contact_friction_scale": 0.25,
  "scale_tip_solref_with_mass": false,
  "contact_friction_vector": [
    0.45,
    0.05,
    0.001
  ],
  "tilt_terminate_rad": 0.7,
  "tip_anchor": "bottom",
  "hand_model": "allegro",
  "hand_pose_config": "/data/ypx/allegro_rod_mvp/configs/hand_poses/my_grasp.json",
  "hand_pose_config_sha256": "2d8ac7f17a6693855543395d52022524c1a2956422915ee2962544019f6e7c9f",
  "hand_pose_config_content": {
    "schema": "allegro_rod_mvp.hand_pose",
    "schema_version": 1,
    "transform_space": "model",
    "body": "palm",
    "translation": [
      0.0262807865392716,
      -0.08578110798288589,
      0.113580438493427
    ],
    "quaternion_wxyz": [
      0.7071067811865475,
      1.3877787807814457e-17,
      0.7071067811865476,
      1.3877787807814457e-17
    ],
    "euler_xyz_degrees": [
      169.97501213792427,
      90.0,
      169.97501213792427
    ],
    "source_pose": {
      "type": "model_default",
      "model": "models/allegro_three_finger_rod_revolute.xml",
      "translation": [
        -0.018718,
        -0.022177,
        -0.058714
      ],
      "quaternion_wxyz": [
        0.0,
        0.7071067811865476,
        0.0,
        0.7071067811865476
      ]
    },
    "pivot": "palm_body_origin",
    "rotation_convention": "world-axis incremental rotations pre-multiplied onto the palm orientation; Euler display is extrinsic XYZ in degrees",
    "model_variant": "allegro_three_finger_rod_revolute",
    "compatible_model_variants": [
      "allegro_three_finger_rod",
      "allegro_three_finger_rod_revolute"
    ],
    "created_at": "2026-08-23T17:15:52-07:00",
    "notes": ""
  },
  "hand_grasp_config": "/data/ypx/allegro_rod_mvp/configs/hand_grasps/my_grasp_revolute_shared.json",
  "hand_grasp_config_sha256": "fdd9ead60842eca3167f98ecda3c496ea752cff3fa9e053de47a4544e061b03a",
  "hand_grasp_config_content": {
    "schema": "allegro_rod_mvp.hand_grasp",
    "schema_version": 1,
    "hand_model": "allegro",
    "hand_pose_path": "configs/hand_poses/my_grasp.json",
    "hand_pose_sha256": "2d8ac7f17a6693855543395d52022524c1a2956422915ee2962544019f6e7c9f",
    "joint_order": [
      "f0_j0",
      "f0_j1",
      "f0_j2",
      "f0_j3",
      "f1_j0",
      "f1_j1",
      "f1_j2",
      "f1_j3",
      "f2_j0",
      "f2_j1",
      "f2_j2",
      "f2_j3"
    ],
    "reset_qpos": [
      7.548838867727841e-08,
      1.0736323864341875,
      1.0313785514651856,
      0.7316452497148404,
      0.16193687029911827,
      1.2757924785844845,
      1.0454911512789378,
      0.7641591781446949,
      1.0492318494888706,
      0.40374195243716865,
      0.19782398096519818,
      1.1841084856455784
    ],
    "grasp_qpos": [
      7.548838867727841e-08,
      1.0736323864341875,
      1.0313785514651856,
      0.7316452497148404,
      0.16193687029911827,
      1.2757924785844845,
      1.0454911512789378,
      0.7641591781446949,
      1.0492318494888706,
      0.40374195243716865,
      0.19782398096519818,
      1.1841084856455784
    ],
    "reset_joint_noise": 0.0075,
    "grasp_ramp_steps": 1,
    "grasp_hold_steps": 100,
    "validated_for": {
      "physics_modes": [
        "revolute"
      ],
      "mass_scales": [
        400.0,
        1.0
      ],
      "fixed_seeds": [
        0,
        1,
        2,
        3,
        4,
        5,
        6,
        7,
        8,
        9
      ],
      "steps_per_seed": 100
    },
    "source": "bounded per-finger signed-distance search at -1 mm target followed by deterministic dynamic robustness audit",
    "notes": "Shared revolute endpoint preset. The same vector passed tip-connect s=1 but not tip-connect s=400, so it is not silently promoted as a universal preset."
  },
  "dexscrew_tip_penalty_scale": 0.5,
  "vecnormalize": "/data/ypx/allegro_rod_mvp/runs/20260823-1855-net-angle-C-force-curriculum-seed0-R04-s25-mu0.25-iter0-seed0/checkpoints/vecnormalize.pkl",
  "axis_rotation_deg_mean": 3173.8103601182065,
  "axis_rotation_deg_std": 215.88805231905744,
  "tip_error_m_mean": 1.551020395374215e-17,
  "tip_error_m_std": 6.8129451262794545e-18,
  "contact_count_mean": 1.0,
  "contact_count_step_distribution": {
    "0": 0.4544,
    "1": 0.4546,
    "2": 0.072,
    "3": 0.019
  },
  "contact_fraction_at_least_one": 0.5456,
  "contact_fraction_at_least_two": 0.091,
  "finger_contact_step_fraction": [
    0.2792,
    0.3262,
    0.0502
  ],
  "minimum_window_three_contact_occupancy": {
    "window_steps": 25,
    "minimum_across_episodes": 0.0,
    "mean_episode_minimum": 0.0
  },
  "rolling_contact_gate_failure_steps": {
    "total": 4760,
    "episodes_with_failure": 10
  },
  "per_tip_contact_loss_longest": [
    {
      "mean_steps": 42.4,
      "max_steps": 75,
      "mean_seconds": 1.696,
      "max_seconds": 3.0
    },
    {
      "mean_steps": 38.6,
      "max_steps": 54,
      "mean_seconds": 1.544,
      "max_seconds": 2.16
    },
    {
      "mean_steps": 377.3,
      "max_steps": 483,
      "mean_seconds": 15.092,
      "max_seconds": 19.32
    }
  ],
  "per_tip_leave_return_events": [
    {
      "mean": 48.5,
      "minimum": 43,
      "maximum": 60,
      "total": 485
    },
    {
      "mean": 53.1,
      "minimum": 41,
      "maximum": 64,
      "total": 531
    },
    {
      "mean": 1.8,
      "minimum": 0,
      "maximum": 4,
      "total": 18
    }
  ],
  "complete_contact_loss_longest": {
    "mean_steps": 20.4,
    "max_steps": 30,
    "mean_seconds": 0.816,
    "max_seconds": 1.2
  },
  "below_two_contact_longest": {
    "mean_steps": 116.2,
    "max_steps": 197,
    "mean_seconds": 4.648000000000001,
    "max_seconds": 7.88
  },
  "rotation_cycle_metrics": {
    "cumulative_absolute_rotation_deg_mean": 3327.983044701467,
    "completed_net_cycles_mean": 8.3,
    "episodes_with_at_least_two_net_cycles": 10
  },
  "axial_omega_metrics": {
    "mean_rad_s": 2.4624990461559437,
    "p95_rad_s": 7.134885362570478,
    "fraction_above_success_threshold": 0.7626
  },
  "tip_error_m_max": 4.758766085665787e-17,
  "numerical_instability_episodes": 0,
  "final_axis_tilt_deg_mean": 0.0,
  "omega_hold_satisfied_rate": 0.0,
  "omega_hold_seconds_max_mean": 1.044,
  "stabilizer_torque_mean": 0.0,
  "stabilizer_torque_max_mean": 0.0,
  "termination_reasons": {
    "none": 10
  },
  "reward_component_step_means": {
    "reward_rotation": 4.92211721624648,
    "reward_tip_penalty": -2.8339966329538674e-31,
    "reward_axis_tilt_penalty": 0.0,
    "reward_axis_tilt_penalty_raw": 0.0,
    "reward_axis_tilt_recovery": 0.0,
    "reward_lateral_omega_penalty": 0.0,
    "reward_contact_bonus": -0.49857000000000007,
    "reward_contact_bonus_raw": -4.9857,
    "reward_proximity": 0.36471574868150997,
    "reward_force_penalty": 0.0,
    "reward_action_rate_penalty": -0.022917956885084387
  },
  "normal_contact_force_n": {
    "per_tip": [
      {
        "mean": 8.961291166367872,
        "median": 0.0,
        "p95": 44.12433783813309
      },
      {
        "mean": 8.687470706884625,
        "median": 0.0,
        "p95": 42.41749362091397
      },
      {
        "mean": 2.3148957761751037,
        "median": 0.0,
        "p95": 1.1969246570583096
      }
    ],
    "total": {
      "mean": 19.963657649427596,
      "median": 10.033626847123912,
      "p95": 71.90419099833807
    },
    "definition": "MuJoCo contact-frame normal force, not actuator effort"
  },
  "conditioned_positive_rotation_support_force_n": {
    "condition": "axial_omega > 0.5 rad/s AND contact_count >= 2",
    "eligible_steps": 292,
    "eligible_step_fraction": 0.0584,
    "excluded_step_fraction": 0.9416,
    "per_tip": [
      {
        "mean": 25.416561848098368,
        "median": 29.095416715732817,
        "p95": 55.70244571673049
      },
      {
        "mean": 26.56032078919805,
        "median": 24.45764645323638,
        "p95": 53.33917752973935
      },
      {
        "mean": 18.954718049180634,
        "median": 0.0,
        "p95": 58.53511337095915
      }
    ],
    "total": {
      "mean": 70.93160068647705,
      "median": 67.80750998201549,
      "p95": 137.02771391317384
    },
    "reference_statistic": "total median",
    "definition": "MuJoCo contact-frame normal force on genuine positive-rotation timesteps with at least two supporting fingertips; not actuator effort"
  },
  "success_rate": 1.0,
  "legacy_omega_success_rate": 0.0,
  "net_angle_success_rate": 1.0,
  "drop_rate": 0.0,
  "passed": true
}
/data/ypx/allegro_rod_mvp/.venv/lib/python3.13/site-packages/stable_baselines3/common/on_policy_algorithm.py:150: UserWarning: You are trying to run PPO on the GPU, but it is primarily intended to run on the CPU when not using a CNN policy (you are using ActorCriticPolicy which should be a MlpPolicy). See https://github.com/DLR-RM/stable-baselines3/issues/1245 for more info. You can pass `device='cpu'` or `export CUDA_VISIBLE_DEVICES=` to force using the CPU.Note: The model will train, but the GPU utilization will be poor and the training might take longer than on CPU.
  warnings.warn(
Starting run: stage=0 n_envs=32 device=cuda:1 net_arch=[512, 256, 128] steps=100000 ent_coef=0.0 reset_timesteps=True run=20260823-1855-net-angle-C-force-curriculum-seed0-R04-s25-mu0.16802-iter1-seed0
Logging to /data/ypx/allegro_rod_mvp/runs/20260823-1855-net-angle-C-force-curriculum-seed0-R04-s25-mu0.16802-iter1-seed0/tb/PPO_1
---------------------------------
| mass/              |          |
|    rot             | 0        |
|    rotate_scale    | 2.5      |
|    tilt            | 0        |
|    tilt_scale      | 0        |
| time/              |          |
|    fps             | 3603     |
|    iterations      | 1        |
|    time_elapsed    | 2        |
|    total_timesteps | 8192     |
---------------------------------
----------------------------------------
| mass/                   |            |
|    rot                  | 0          |
|    rotate_scale         | 2.5        |
|    tilt                 | 0          |
|    tilt_scale           | 0          |
| rollout/                |            |
|    ep_len_mean          | 500        |
|    ep_rew_mean          | 1.54e+03   |
|    success_rate         | 1          |
| time/                   |            |
|    fps                  | 2584       |
|    iterations           | 2          |
|    time_elapsed         | 6          |
|    total_timesteps      | 16384      |
| train/                  |            |
|    approx_kl            | 0.17106616 |
|    clip_fraction        | 0.631      |
|    clip_range           | 0.2        |
|    entropy_loss         | -12.3      |
|    explained_variance   | 0.28       |
|    learning_rate        | 0.0003     |
|    loss                 | -0.112     |
|    n_updates            | 790        |
|    policy_gradient_loss | -0.0877    |
|    std                  | 0.675      |
|    value_loss           | 0.0361     |
----------------------------------------
---------------------------------------
| mass/                   |           |
|    rot                  | 0         |
|    rotate_scale         | 2.5       |
|    tilt                 | 0         |
|    tilt_scale           | 0         |
| rollout/                |           |
|    ep_len_mean          | 500       |
|    ep_rew_mean          | 1.54e+03  |
|    success_rate         | 1         |
| time/                   |           |
|    fps                  | 2360      |
|    iterations           | 3         |
|    time_elapsed         | 10        |
|    total_timesteps      | 24576     |
| train/                  |           |
|    approx_kl            | 0.1634828 |
|    clip_fraction        | 0.632     |
|    clip_range           | 0.2       |
|    entropy_loss         | -12.3     |
|    explained_variance   | 0.428     |
|    learning_rate        | 0.0003    |
|    loss                 | -0.111    |
|    n_updates            | 800       |
|    policy_gradient_loss | -0.0849   |
|    std                  | 0.672     |
|    value_loss           | 0.0229    |
---------------------------------------
----------------------------------------
| mass/                   |            |
|    rot                  | 0          |
|    rotate_scale         | 2.5        |
|    tilt                 | 0          |
|    tilt_scale           | 0          |
| rollout/                |            |
|    ep_len_mean          | 500        |
|    ep_rew_mean          | 1.56e+03   |
|    success_rate         | 1          |
| time/                   |            |
|    fps                  | 2275       |
|    iterations           | 4          |
|    time_elapsed         | 14         |
|    total_timesteps      | 32768      |
| train/                  |            |
|    approx_kl            | 0.19918644 |
|    clip_fraction        | 0.648      |
|    clip_range           | 0.2        |
|    entropy_loss         | -12.2      |
|    explained_variance   | 0.399      |
|    learning_rate        | 0.0003     |
|    loss                 | -0.121     |
|    n_updates            | 810        |
|    policy_gradient_loss | -0.0907    |
|    std                  | 0.668      |
|    value_loss           | 0.0337     |
----------------------------------------
----------------------------------------
| mass/                   |            |
|    rot                  | 0          |
|    rotate_scale         | 2.5        |
|    tilt                 | 0          |
|    tilt_scale           | 0          |
| rollout/                |            |
|    ep_len_mean          | 500        |
|    ep_rew_mean          | 1.56e+03   |
|    success_rate         | 1          |
| time/                   |            |
|    fps                  | 2245       |
|    iterations           | 5          |
|    time_elapsed         | 18         |
|    total_timesteps      | 40960      |
| train/                  |            |
|    approx_kl            | 0.17383462 |
|    clip_fraction        | 0.639      |
|    clip_range           | 0.2        |
|    entropy_loss         | -12.1      |
|    explained_variance   | 0.388      |
|    learning_rate        | 0.0003     |
|    loss                 | -0.103     |
|    n_updates            | 820        |
|    policy_gradient_loss | -0.0852    |
|    std                  | 0.664      |
|    value_loss           | 0.0279     |
----------------------------------------
----------------------------------------
| mass/                   |            |
|    rot                  | 0          |
|    rotate_scale         | 2.5        |
|    tilt                 | 0          |
|    tilt_scale           | 0          |
| rollout/                |            |
|    ep_len_mean          | 500        |
|    ep_rew_mean          | 1.62e+03   |
|    success_rate         | 1          |
| time/                   |            |
|    fps                  | 2217       |
|    iterations           | 6          |
|    time_elapsed         | 22         |
|    total_timesteps      | 49152      |
| train/                  |            |
|    approx_kl            | 0.21086267 |
|    clip_fraction        | 0.66       |
|    clip_range           | 0.2        |
|    entropy_loss         | -12        |
|    explained_variance   | 0.361      |
|    learning_rate        | 0.0003     |
|    loss                 | -0.118     |
|    n_updates            | 830        |
|    policy_gradient_loss | -0.088     |
|    std                  | 0.659      |
|    value_loss           | 0.0282     |
----------------------------------------
---------------------------------------
| mass/                   |           |
|    rot                  | 0         |
|    rotate_scale         | 2.5       |
|    tilt                 | 0         |
|    tilt_scale           | 0         |
| rollout/                |           |
|    ep_len_mean          | 500       |
|    ep_rew_mean          | 1.62e+03  |
|    success_rate         | 1         |
| time/                   |           |
|    fps                  | 2179      |
|    iterations           | 7         |
|    time_elapsed         | 26        |
|    total_timesteps      | 57344     |
| train/                  |           |
|    approx_kl            | 0.1917452 |
|    clip_fraction        | 0.653     |
|    clip_range           | 0.2       |
|    entropy_loss         | -12       |
|    explained_variance   | 0.568     |
|    learning_rate        | 0.0003    |
|    loss                 | -0.117    |
|    n_updates            | 840       |
|    policy_gradient_loss | -0.0857   |
|    std                  | 0.655     |
|    value_loss           | 0.0203    |
---------------------------------------
----------------------------------------
| mass/                   |            |
|    rot                  | 0          |
|    rotate_scale         | 2.5        |
|    tilt                 | 0          |
|    tilt_scale           | 0          |
| rollout/                |            |
|    ep_len_mean          | 500        |
|    ep_rew_mean          | 1.71e+03   |
|    success_rate         | 1          |
| time/                   |            |
|    fps                  | 2160       |
|    iterations           | 8          |
|    time_elapsed         | 30         |
|    total_timesteps      | 65536      |
| train/                  |            |
|    approx_kl            | 0.19698495 |
|    clip_fraction        | 0.641      |
|    clip_range           | 0.2        |
|    entropy_loss         | -11.9      |
|    explained_variance   | 0.289      |
|    learning_rate        | 0.0003     |
|    loss                 | -0.109     |
|    n_updates            | 850        |
|    policy_gradient_loss | -0.0856    |
|    std                  | 0.651      |
|    value_loss           | 0.019      |
----------------------------------------
----------------------------------------
| mass/                   |            |
|    rot                  | 0          |
|    rotate_scale         | 2.5        |
|    tilt                 | 0          |
|    tilt_scale           | 0          |
| rollout/                |            |
|    ep_len_mean          | 500        |
|    ep_rew_mean          | 1.71e+03   |
|    success_rate         | 1          |
| time/                   |            |
|    fps                  | 2144       |
|    iterations           | 9          |
|    time_elapsed         | 34         |
|    total_timesteps      | 73728      |
| train/                  |            |
|    approx_kl            | 0.19407448 |
|    clip_fraction        | 0.645      |
|    clip_range           | 0.2        |
|    entropy_loss         | -11.8      |
|    explained_variance   | 0.508      |
|    learning_rate        | 0.0003     |
|    loss                 | -0.107     |
|    n_updates            | 860        |
|    policy_gradient_loss | -0.084     |
|    std                  | 0.647      |
|    value_loss           | 0.0231     |
----------------------------------------
----------------------------------------
| mass/                   |            |
|    rot                  | 0          |
|    rotate_scale         | 2.5        |
|    tilt                 | 0          |
|    tilt_scale           | 0          |
| rollout/                |            |
|    ep_len_mean          | 500        |
|    ep_rew_mean          | 1.78e+03   |
|    success_rate         | 1          |
| time/                   |            |
|    fps                  | 2126       |
|    iterations           | 10         |
|    time_elapsed         | 38         |
|    total_timesteps      | 81920      |
| train/                  |            |
|    approx_kl            | 0.20166883 |
|    clip_fraction        | 0.65       |
|    clip_range           | 0.2        |
|    entropy_loss         | -11.8      |
|    explained_variance   | 0.268      |
|    learning_rate        | 0.0003     |
|    loss                 | -0.12      |
|    n_updates            | 870        |
|    policy_gradient_loss | -0.085     |
|    std                  | 0.646      |
|    value_loss           | 0.0235     |
----------------------------------------
---------------------------------------
| mass/                   |           |
|    rot                  | 0         |
|    rotate_scale         | 2.5       |
|    tilt                 | 0         |
|    tilt_scale           | 0         |
| rollout/                |           |
|    ep_len_mean          | 500       |
|    ep_rew_mean          | 1.78e+03  |
|    success_rate         | 1         |
| time/                   |           |
|    fps                  | 2122      |
|    iterations           | 11        |
|    time_elapsed         | 42        |
|    total_timesteps      | 90112     |
| train/                  |           |
|    approx_kl            | 0.2064199 |
|    clip_fraction        | 0.662     |
|    clip_range           | 0.2       |
|    entropy_loss         | -11.7     |
|    explained_variance   | 0.331     |
|    learning_rate        | 0.0003    |
|    loss                 | -0.0941   |
|    n_updates            | 880       |
|    policy_gradient_loss | -0.0813   |
|    std                  | 0.643     |
|    value_loss           | 0.0222    |
---------------------------------------
----------------------------------------
| mass/                   |            |
|    rot                  | 0          |
|    rotate_scale         | 2.5        |
|    tilt                 | 0          |
|    tilt_scale           | 0          |
| rollout/                |            |
|    ep_len_mean          | 500        |
|    ep_rew_mean          | 1.86e+03   |
|    success_rate         | 1          |
| time/                   |            |
|    fps                  | 2116       |
|    iterations           | 12         |
|    time_elapsed         | 46         |
|    total_timesteps      | 98304      |
| train/                  |            |
|    approx_kl            | 0.20627192 |
|    clip_fraction        | 0.655      |
|    clip_range           | 0.2        |
|    entropy_loss         | -11.7      |
|    explained_variance   | 0.309      |
|    learning_rate        | 0.0003     |
|    loss                 | -0.106     |
|    n_updates            | 890        |
|    policy_gradient_loss | -0.0861    |
|    std                  | 0.64       |
|    value_loss           | 0.0186     |
----------------------------------------
----------------------------------------
| mass/                   |            |
|    rot                  | 0          |
|    rotate_scale         | 2.5        |
|    tilt                 | 0          |
|    tilt_scale           | 0          |
| rollout/                |            |
|    ep_len_mean          | 500        |
|    ep_rew_mean          | 1.86e+03   |
|    success_rate         | 1          |
| time/                   |            |
|    fps                  | 2105       |
|    iterations           | 13         |
|    time_elapsed         | 50         |
|    total_timesteps      | 106496     |
| train/                  |            |
|    approx_kl            | 0.22064346 |
|    clip_fraction        | 0.662      |
|    clip_range           | 0.2        |
|    entropy_loss         | -11.6      |
|    explained_variance   | 0.345      |
|    learning_rate        | 0.0003     |
|    loss                 | -0.112     |
|    n_updates            | 900        |
|    policy_gradient_loss | -0.0847    |
|    std                  | 0.638      |
|    value_loss           | 0.0183     |
----------------------------------------
/data/ypx/allegro_rod_mvp/.venv/lib/python3.13/site-packages/stable_baselines3/common/on_policy_algorithm.py:150: UserWarning: You are trying to run PPO on the GPU, but it is primarily intended to run on the CPU when not using a CNN policy (you are using ActorCriticPolicy which should be a MlpPolicy). See https://github.com/DLR-RM/stable-baselines3/issues/1245 for more info. You can pass `device='cpu'` or `export CUDA_VISIBLE_DEVICES=` to force using the CPU.Note: The model will train, but the GPU utilization will be poor and the training might take longer than on CPU.
  warnings.warn(
Load smoke OK: /data/ypx/allegro_rod_mvp/runs/20260823-1855-net-angle-C-force-curriculum-seed0-R04-s25-mu0.16802-iter1-seed0/checkpoints/final_model.zip
EXP-infra complete: ok=True run_dir=/data/ypx/allegro_rod_mvp/runs/20260823-1855-net-angle-C-force-curriculum-seed0-R04-s25-mu0.16802-iter1-seed0
{
  "model": "/data/ypx/allegro_rod_mvp/runs/20260823-1855-net-angle-C-force-curriculum-seed0-R04-s25-mu0.16802-iter1-seed0/checkpoints/final_model.zip",
  "stage": 0,
  "episodes": 10,
  "physics_mode": "revolute",
  "reward_style": "dexscrew",
  "tip_connect_solref": null,
  "tip_connect_enabled": false,
  "axis_stabilizer_scale": 0.0,
  "axis_tilt_penalty_weight": 1.0,
  "axis_tilt_recovery_scale": 0.0,
  "rotation_reward_scale": 16.0,
  "contact_reward_mode": "discrete",
  "three_contact_reward": 0.3,
  "rotation_requires_three_contacts": false,
  "contact_support_termination_enabled": false,
  "contact_reward_scale": 0.1,
  "contact_window_steps": 25,
  "contact_window_threshold": 18.0,
  "omega_success_threshold": 0.5,
  "omega_success_hold_seconds": 10.0,
  "success_mode": "net_angle",
  "net_angle_success_threshold_rad": 3.141592653589793,
  "net_angle_success_threshold_deg": 180.0,
  "rod_mass_scale": 25.0,
  "rod_friction_cap": 4.0,
  "contact_friction_scale": 0.16801952670348017,
  "scale_tip_solref_with_mass": false,
  "contact_friction_vector": [
    0.3024351480662643,
    0.05,
    0.001
  ],
  "tilt_terminate_rad": 0.7,
  "tip_anchor": "bottom",
  "hand_model": "allegro",
  "hand_pose_config": "/data/ypx/allegro_rod_mvp/configs/hand_poses/my_grasp.json",
  "hand_pose_config_sha256": "2d8ac7f17a6693855543395d52022524c1a2956422915ee2962544019f6e7c9f",
  "hand_pose_config_content": {
    "schema": "allegro_rod_mvp.hand_pose",
    "schema_version": 1,
    "transform_space": "model",
    "body": "palm",
    "translation": [
      0.0262807865392716,
      -0.08578110798288589,
      0.113580438493427
    ],
    "quaternion_wxyz": [
      0.7071067811865475,
      1.3877787807814457e-17,
      0.7071067811865476,
      1.3877787807814457e-17
    ],
    "euler_xyz_degrees": [
      169.97501213792427,
      90.0,
      169.97501213792427
    ],
    "source_pose": {
      "type": "model_default",
      "model": "models/allegro_three_finger_rod_revolute.xml",
      "translation": [
        -0.018718,
        -0.022177,
        -0.058714
      ],
      "quaternion_wxyz": [
        0.0,
        0.7071067811865476,
        0.0,
        0.7071067811865476
      ]
    },
    "pivot": "palm_body_origin",
    "rotation_convention": "world-axis incremental rotations pre-multiplied onto the palm orientation; Euler display is extrinsic XYZ in degrees",
    "model_variant": "allegro_three_finger_rod_revolute",
    "compatible_model_variants": [
      "allegro_three_finger_rod",
      "allegro_three_finger_rod_revolute"
    ],
    "created_at": "2026-08-23T17:15:52-07:00",
    "notes": ""
  },
  "hand_grasp_config": "/data/ypx/allegro_rod_mvp/configs/hand_grasps/my_grasp_revolute_shared.json",
  "hand_grasp_config_sha256": "fdd9ead60842eca3167f98ecda3c496ea752cff3fa9e053de47a4544e061b03a",
  "hand_grasp_config_content": {
    "schema": "allegro_rod_mvp.hand_grasp",
    "schema_version": 1,
    "hand_model": "allegro",
    "hand_pose_path": "configs/hand_poses/my_grasp.json",
    "hand_pose_sha256": "2d8ac7f17a6693855543395d52022524c1a2956422915ee2962544019f6e7c9f",
    "joint_order": [
      "f0_j0",
      "f0_j1",
      "f0_j2",
      "f0_j3",
      "f1_j0",
      "f1_j1",
      "f1_j2",
      "f1_j3",
      "f2_j0",
      "f2_j1",
      "f2_j2",
      "f2_j3"
    ],
    "reset_qpos": [
      7.548838867727841e-08,
      1.0736323864341875,
      1.0313785514651856,
      0.7316452497148404,
      0.16193687029911827,
      1.2757924785844845,
      1.0454911512789378,
      0.7641591781446949,
      1.0492318494888706,
      0.40374195243716865,
      0.19782398096519818,
      1.1841084856455784
    ],
    "grasp_qpos": [
      7.548838867727841e-08,
      1.0736323864341875,
      1.0313785514651856,
      0.7316452497148404,
      0.16193687029911827,
      1.2757924785844845,
      1.0454911512789378,
      0.7641591781446949,
      1.0492318494888706,
      0.40374195243716865,
      0.19782398096519818,
      1.1841084856455784
    ],
    "reset_joint_noise": 0.0075,
    "grasp_ramp_steps": 1,
    "grasp_hold_steps": 100,
    "validated_for": {
      "physics_modes": [
        "revolute"
      ],
      "mass_scales": [
        400.0,
        1.0
      ],
      "fixed_seeds": [
        0,
        1,
        2,
        3,
        4,
        5,
        6,
        7,
        8,
        9
      ],
      "steps_per_seed": 100
    },
    "source": "bounded per-finger signed-distance search at -1 mm target followed by deterministic dynamic robustness audit",
    "notes": "Shared revolute endpoint preset. The same vector passed tip-connect s=1 but not tip-connect s=400, so it is not silently promoted as a universal preset."
  },
  "dexscrew_tip_penalty_scale": 0.5,
  "vecnormalize": "/data/ypx/allegro_rod_mvp/runs/20260823-1855-net-angle-C-force-curriculum-seed0-R04-s25-mu0.16802-iter1-seed0/checkpoints/vecnormalize.pkl",
  "axis_rotation_deg_mean": 3287.620402673255,
  "axis_rotation_deg_std": 359.17698440424954,
  "tip_error_m_mean": 8.161570874471404e-18,
  "tip_error_m_std": 7.30431455832213e-18,
  "contact_count_mean": 0.7,
  "contact_count_step_distribution": {
    "0": 0.4128,
    "1": 0.4964,
    "2": 0.0766,
    "3": 0.0142
  },
  "contact_fraction_at_least_one": 0.5871999999999999,
  "contact_fraction_at_least_two": 0.0908,
  "finger_contact_step_fraction": [
    0.3244,
    0.3314,
    0.0364
  ],
  "minimum_window_three_contact_occupancy": {
    "window_steps": 25,
    "minimum_across_episodes": 0.0,
    "mean_episode_minimum": 0.0
  },
  "rolling_contact_gate_failure_steps": {
    "total": 4760,
    "episodes_with_failure": 10
  },
  "per_tip_contact_loss_longest": [
    {
      "mean_steps": 32.8,
      "max_steps": 68,
      "mean_seconds": 1.3119999999999998,
      "max_seconds": 2.72
    },
    {
      "mean_steps": 40.3,
      "max_steps": 90,
      "mean_seconds": 1.6119999999999999,
      "max_seconds": 3.6
    },
    {
      "mean_steps": 443.6,
      "max_steps": 487,
      "mean_seconds": 17.744,
      "max_seconds": 19.48
    }
  ],
  "per_tip_leave_return_events": [
    {
      "mean": 47.6,
      "minimum": 23,
      "maximum": 56,
      "total": 476
    },
    {
      "mean": 53.7,
      "minimum": 41,
      "maximum": 80,
      "total": 537
    },
    {
      "mean": 0.7,
      "minimum": 0,
      "maximum": 1,
      "total": 7
    }
  ],
  "complete_contact_loss_longest": {
    "mean_steps": 17.2,
    "max_steps": 44,
    "mean_seconds": 0.688,
    "max_seconds": 1.76
  },
  "below_two_contact_longest": {
    "mean_steps": 117.1,
    "max_steps": 206,
    "mean_seconds": 4.684,
    "max_seconds": 8.24
  },
  "rotation_cycle_metrics": {
    "cumulative_absolute_rotation_deg_mean": 3421.064060875603,
    "completed_net_cycles_mean": 8.6,
    "episodes_with_at_least_two_net_cycles": 10
  },
  "axial_omega_metrics": {
    "mean_rad_s": 2.5660309046873713,
    "p95_rad_s": 7.108572362354969,
    "fraction_above_success_threshold": 0.7818
  },
  "tip_error_m_max": 5.003707553108401e-17,
  "numerical_instability_episodes": 0,
  "final_axis_tilt_deg_mean": 0.0,
  "omega_hold_satisfied_rate": 0.0,
  "omega_hold_seconds_max_mean": 1.136,
  "stabilizer_torque_mean": 0.0,
  "stabilizer_torque_max_mean": 0.0,
  "termination_reasons": {
    "none": 10
  },
  "reward_component_step_means": {
    "reward_rotation": 5.171049414755395,
    "reward_tip_penalty": -2.335747702555246e-31,
    "reward_axis_tilt_penalty": 0.0,
    "reward_axis_tilt_penalty_raw": 0.0,
    "reward_axis_tilt_recovery": 0.0,
    "reward_lateral_omega_penalty": 0.0,
    "reward_contact_bonus": -0.461248,
    "reward_contact_bonus_raw": -4.612480000000001,
    "reward_proximity": 0.3504311185716105,
    "reward_force_penalty": 0.0,
    "reward_action_rate_penalty": -0.020213542459199645
  },
  "normal_contact_force_n": {
    "per_tip": [
      {
        "mean": 11.29191325639605,
        "median": 0.0,
        "p95": 52.349763954292406
      },
      {
        "mean": 8.472558092053136,
        "median": 0.0,
        "p95": 40.28297866550632
      },
      {
        "mean": 1.573763041709126,
        "median": 0.0,
        "p95": 0.0
      }
    ],
    "total": {
      "mean": 21.338234390158313,
      "median": 13.64131946070981,
      "p95": 71.5118901060374
    },
    "definition": "MuJoCo contact-frame normal force, not actuator effort"
  },
  "conditioned_positive_rotation_support_force_n": {
    "condition": "axial_omega > 0.5 rad/s AND contact_count >= 2",
    "eligible_steps": 338,
    "eligible_step_fraction": 0.0676,
    "excluded_step_fraction": 0.9324,
    "per_tip": [
      {
        "mean": 24.158110411257535,
        "median": 19.441414189379962,
        "p95": 54.84775820572114
      },
      {
        "mean": 27.253409177195852,
        "median": 26.87779468307643,
        "p95": 55.04236495049804
      },
      {
        "mean": 15.297843939086484,
        "median": 0.0,
        "p95": 57.46158200236836
      }
    ],
    "total": {
      "mean": 66.70936352753988,
      "median": 58.90605927069619,
      "p95": 126.98806344570775
    },
    "reference_statistic": "total median",
    "definition": "MuJoCo contact-frame normal force on genuine positive-rotation timesteps with at least two supporting fingertips; not actuator effort"
  },
  "success_rate": 1.0,
  "legacy_omega_success_rate": 0.0,
  "net_angle_success_rate": 1.0,
  "drop_rate": 0.0,
  "passed": true
}
{
  "model": "/data/ypx/allegro_rod_mvp/runs/20260823-1855-net-angle-C-force-curriculum-seed0-R04-s25-mu0.16802-iter1-seed0/checkpoints/final_model.zip",
  "stage": 0,
  "episodes": 10,
  "physics_mode": "revolute",
  "reward_style": "dexscrew",
  "tip_connect_solref": null,
  "tip_connect_enabled": false,
  "axis_stabilizer_scale": 0.0,
  "axis_tilt_penalty_weight": 1.0,
  "axis_tilt_recovery_scale": 0.0,
  "rotation_reward_scale": 16.0,
  "contact_reward_mode": "discrete",
  "three_contact_reward": 0.3,
  "rotation_requires_three_contacts": false,
  "contact_support_termination_enabled": false,
  "contact_reward_scale": 0.1,
  "contact_window_steps": 25,
  "contact_window_threshold": 18.0,
  "omega_success_threshold": 0.5,
  "omega_success_hold_seconds": 10.0,
  "success_mode": "net_angle",
  "net_angle_success_threshold_rad": 3.141592653589793,
  "net_angle_success_threshold_deg": 180.0,
  "rod_mass_scale": 25.0,
  "rod_friction_cap": 4.0,
  "contact_friction_scale": 0.16801952670348017,
  "scale_tip_solref_with_mass": false,
  "contact_friction_vector": [
    0.3024351480662643,
    0.05,
    0.001
  ],
  "tilt_terminate_rad": 0.7,
  "tip_anchor": "bottom",
  "hand_model": "allegro",
  "hand_pose_config": "/data/ypx/allegro_rod_mvp/configs/hand_poses/my_grasp.json",
  "hand_pose_config_sha256": "2d8ac7f17a6693855543395d52022524c1a2956422915ee2962544019f6e7c9f",
  "hand_pose_config_content": {
    "schema": "allegro_rod_mvp.hand_pose",
    "schema_version": 1,
    "transform_space": "model",
    "body": "palm",
    "translation": [
      0.0262807865392716,
      -0.08578110798288589,
      0.113580438493427
    ],
    "quaternion_wxyz": [
      0.7071067811865475,
      1.3877787807814457e-17,
      0.7071067811865476,
      1.3877787807814457e-17
    ],
    "euler_xyz_degrees": [
      169.97501213792427,
      90.0,
      169.97501213792427
    ],
    "source_pose": {
      "type": "model_default",
      "model": "models/allegro_three_finger_rod_revolute.xml",
      "translation": [
        -0.018718,
        -0.022177,
        -0.058714
      ],
      "quaternion_wxyz": [
        0.0,
        0.7071067811865476,
        0.0,
        0.7071067811865476
      ]
    },
    "pivot": "palm_body_origin",
    "rotation_convention": "world-axis incremental rotations pre-multiplied onto the palm orientation; Euler display is extrinsic XYZ in degrees",
    "model_variant": "allegro_three_finger_rod_revolute",
    "compatible_model_variants": [
      "allegro_three_finger_rod",
      "allegro_three_finger_rod_revolute"
    ],
    "created_at": "2026-08-23T17:15:52-07:00",
    "notes": ""
  },
  "hand_grasp_config": "/data/ypx/allegro_rod_mvp/configs/hand_grasps/my_grasp_revolute_shared.json",
  "hand_grasp_config_sha256": "fdd9ead60842eca3167f98ecda3c496ea752cff3fa9e053de47a4544e061b03a",
  "hand_grasp_config_content": {
    "schema": "allegro_rod_mvp.hand_grasp",
    "schema_version": 1,
    "hand_model": "allegro",
    "hand_pose_path": "configs/hand_poses/my_grasp.json",
    "hand_pose_sha256": "2d8ac7f17a6693855543395d52022524c1a2956422915ee2962544019f6e7c9f",
    "joint_order": [
      "f0_j0",
      "f0_j1",
      "f0_j2",
      "f0_j3",
      "f1_j0",
      "f1_j1",
      "f1_j2",
      "f1_j3",
      "f2_j0",
      "f2_j1",
      "f2_j2",
      "f2_j3"
    ],
    "reset_qpos": [
      7.548838867727841e-08,
      1.0736323864341875,
      1.0313785514651856,
      0.7316452497148404,
      0.16193687029911827,
      1.2757924785844845,
      1.0454911512789378,
      0.7641591781446949,
      1.0492318494888706,
      0.40374195243716865,
      0.19782398096519818,
      1.1841084856455784
    ],
    "grasp_qpos": [
      7.548838867727841e-08,
      1.0736323864341875,
      1.0313785514651856,
      0.7316452497148404,
      0.16193687029911827,
      1.2757924785844845,
      1.0454911512789378,
      0.7641591781446949,
      1.0492318494888706,
      0.40374195243716865,
      0.19782398096519818,
      1.1841084856455784
    ],
    "reset_joint_noise": 0.0075,
    "grasp_ramp_steps": 1,
    "grasp_hold_steps": 100,
    "validated_for": {
      "physics_modes": [
        "revolute"
      ],
      "mass_scales": [
        400.0,
        1.0
      ],
      "fixed_seeds": [
        0,
        1,
        2,
        3,
        4,
        5,
        6,
        7,
        8,
        9
      ],
      "steps_per_seed": 100
    },
    "source": "bounded per-finger signed-distance search at -1 mm target followed by deterministic dynamic robustness audit",
    "notes": "Shared revolute endpoint preset. The same vector passed tip-connect s=1 but not tip-connect s=400, so it is not silently promoted as a universal preset."
  },
  "dexscrew_tip_penalty_scale": 0.5,
  "vecnormalize": "/data/ypx/allegro_rod_mvp/runs/20260823-1855-net-angle-C-force-curriculum-seed0-R04-s25-mu0.16802-iter1-seed0/checkpoints/vecnormalize.pkl",
  "axis_rotation_deg_mean": 3287.075754107239,
  "axis_rotation_deg_std": 245.47189476278257,
  "tip_error_m_mean": 1.3498391871202802e-17,
  "tip_error_m_std": 9.024515808549492e-18,
  "contact_count_mean": 0.7,
  "contact_count_step_distribution": {
    "0": 0.416,
    "1": 0.4826,
    "2": 0.0884,
    "3": 0.013
  },
  "contact_fraction_at_least_one": 0.5840000000000001,
  "contact_fraction_at_least_two": 0.1014,
  "finger_contact_step_fraction": [
    0.3118,
    0.3436,
    0.043
  ],
  "minimum_window_three_contact_occupancy": {
    "window_steps": 25,
    "minimum_across_episodes": 0.0,
    "mean_episode_minimum": 0.0
  },
  "rolling_contact_gate_failure_steps": {
    "total": 4760,
    "episodes_with_failure": 10
  },
  "per_tip_contact_loss_longest": [
    {
      "mean_steps": 31.4,
      "max_steps": 42,
      "mean_seconds": 1.256,
      "max_seconds": 1.68
    },
    {
      "mean_steps": 38.6,
      "max_steps": 64,
      "mean_seconds": 1.544,
      "max_seconds": 2.56
    },
    {
      "mean_steps": 444.3,
      "max_steps": 488,
      "mean_seconds": 17.772000000000002,
      "max_seconds": 19.52
    }
  ],
  "per_tip_leave_return_events": [
    {
      "mean": 47.6,
      "minimum": 36,
      "maximum": 56,
      "total": 476
    },
    {
      "mean": 56.5,
      "minimum": 46,
      "maximum": 71,
      "total": 565
    },
    {
      "mean": 1.5,
      "minimum": 0,
      "maximum": 4,
      "total": 15
    }
  ],
  "complete_contact_loss_longest": {
    "mean_steps": 15.2,
    "max_steps": 21,
    "mean_seconds": 0.608,
    "max_seconds": 0.84
  },
  "below_two_contact_longest": {
    "mean_steps": 82.9,
    "max_steps": 114,
    "mean_seconds": 3.3160000000000003,
    "max_seconds": 4.5600000000000005
  },
  "rotation_cycle_metrics": {
    "cumulative_absolute_rotation_deg_mean": 3407.3134607770285,
    "completed_net_cycles_mean": 8.6,
    "episodes_with_at_least_two_net_cycles": 10
  },
  "axial_omega_metrics": {
    "mean_rad_s": 2.5603134583644356,
    "p95_rad_s": 7.19078990222302,
    "fraction_above_success_threshold": 0.7808
  },
  "tip_error_m_max": 5.331382981107677e-17,
  "numerical_instability_episodes": 0,
  "final_axis_tilt_deg_mean": 0.0,
  "omega_hold_satisfied_rate": 0.0,
  "omega_hold_seconds_max_mean": 1.156,
  "stabilizer_torque_mean": 0.0,
  "stabilizer_torque_max_mean": 0.0,
  "termination_reasons": {
    "none": 10
  },
  "reward_component_step_means": {
    "reward_rotation": 5.172612313157033,
    "reward_tip_penalty": -2.9308370341021055e-31,
    "reward_axis_tilt_penalty": 0.0,
    "reward_axis_tilt_penalty_raw": 0.0,
    "reward_axis_tilt_recovery": 0.0,
    "reward_lateral_omega_penalty": 0.0,
    "reward_contact_bonus": -0.462986,
    "reward_contact_bonus_raw": -4.62986,
    "reward_proximity": 0.35680727221306313,
    "reward_force_penalty": 0.0,
    "reward_action_rate_penalty": -0.021116155220572273
  },
  "normal_contact_force_n": {
    "per_tip": [
      {
        "mean": 10.019133460434654,
        "median": 0.0,
        "p95": 48.76914822629319
      },
      {
        "mean": 8.98652298567961,
        "median": 0.0,
        "p95": 40.846783634955
      },
      {
        "mean": 1.7508677355173778,
        "median": 0.0,
        "p95": 0.0
      }
    ],
    "total": {
      "mean": 20.756524181631644,
      "median": 13.574521421466102,
      "p95": 70.06456654423998
    },
    "definition": "MuJoCo contact-frame normal force, not actuator effort"
  },
  "conditioned_positive_rotation_support_force_n": {
    "condition": "axial_omega > 0.5 rad/s AND contact_count >= 2",
    "eligible_steps": 351,
    "eligible_step_fraction": 0.0702,
    "excluded_step_fraction": 0.9298,
    "per_tip": [
      {
        "mean": 23.832714532316956,
        "median": 21.25772272062311,
        "p95": 52.0438090821373
      },
      {
        "mean": 26.886320646379254,
        "median": 26.32697430073677,
        "p95": 56.383297583037304
      },
      {
        "mean": 12.810226791995825,
        "median": 0.0,
        "p95": 42.91857863124592
      }
    ],
    "total": {
      "mean": 63.529261970692026,
      "median": 58.2921881664779,
      "p95": 120.25023074099167
    },
    "reference_statistic": "total median",
    "definition": "MuJoCo contact-frame normal force on genuine positive-rotation timesteps with at least two supporting fingertips; not actuator effort"
  },
  "success_rate": 1.0,
  "legacy_omega_success_rate": 0.0,
  "net_angle_success_rate": 1.0,
  "drop_rate": 0.0,
  "passed": true
}
/data/ypx/allegro_rod_mvp/.venv/lib/python3.13/site-packages/stable_baselines3/common/on_policy_algorithm.py:150: UserWarning: You are trying to run PPO on the GPU, but it is primarily intended to run on the CPU when not using a CNN policy (you are using ActorCriticPolicy which should be a MlpPolicy). See https://github.com/DLR-RM/stable-baselines3/issues/1245 for more info. You can pass `device='cpu'` or `export CUDA_VISIBLE_DEVICES=` to force using the CPU.Note: The model will train, but the GPU utilization will be poor and the training might take longer than on CPU.
  warnings.warn(
Starting run: stage=0 n_envs=32 device=cuda:1 net_arch=[512, 256, 128] steps=100000 ent_coef=0.0 reset_timesteps=True run=20260823-1855-net-angle-C-force-curriculum-seed0-R04-s25-mu0.100933-iter2-seed0
Logging to /data/ypx/allegro_rod_mvp/runs/20260823-1855-net-angle-C-force-curriculum-seed0-R04-s25-mu0.100933-iter2-seed0/tb/PPO_1
---------------------------------
| mass/              |          |
|    rot             | 0        |
|    rotate_scale    | 2.5      |
|    tilt            | 0        |
|    tilt_scale      | 0        |
| time/              |          |
|    fps             | 3467     |
|    iterations      | 1        |
|    time_elapsed    | 2        |
|    total_timesteps | 8192     |
---------------------------------
----------------------------------------
| mass/                   |            |
|    rot                  | 0          |
|    rotate_scale         | 2.5        |
|    tilt                 | 0          |
|    tilt_scale           | 0          |
| rollout/                |            |
|    ep_len_mean          | 500        |
|    ep_rew_mean          | 1.36e+03   |
|    success_rate         | 1          |
| time/                   |            |
|    fps                  | 2465       |
|    iterations           | 2          |
|    time_elapsed         | 6          |
|    total_timesteps      | 16384      |
| train/                  |            |
|    approx_kl            | 0.20257272 |
|    clip_fraction        | 0.638      |
|    clip_range           | 0.2        |
|    entropy_loss         | -12.3      |
|    explained_variance   | 0.37       |
|    learning_rate        | 0.0003     |
|    loss                 | -0.105     |
|    n_updates            | 790        |
|    policy_gradient_loss | -0.0926    |
|    std                  | 0.675      |
|    value_loss           | 0.0336     |
----------------------------------------
----------------------------------------
| mass/                   |            |
|    rot                  | 0          |
|    rotate_scale         | 2.5        |
|    tilt                 | 0          |
|    tilt_scale           | 0          |
| rollout/                |            |
|    ep_len_mean          | 500        |
|    ep_rew_mean          | 1.36e+03   |
|    success_rate         | 1          |
| time/                   |            |
|    fps                  | 2314       |
|    iterations           | 3          |
|    time_elapsed         | 10         |
|    total_timesteps      | 24576      |
| train/                  |            |
|    approx_kl            | 0.18309262 |
|    clip_fraction        | 0.641      |
|    clip_range           | 0.2        |
|    entropy_loss         | -12.3      |
|    explained_variance   | 0.404      |
|    learning_rate        | 0.0003     |
|    loss                 | -0.115     |
|    n_updates            | 800        |
|    policy_gradient_loss | -0.0886    |
|    std                  | 0.671      |
|    value_loss           | 0.0263     |
----------------------------------------
----------------------------------------
| mass/                   |            |
|    rot                  | 0          |
|    rotate_scale         | 2.5        |
|    tilt                 | 0          |
|    tilt_scale           | 0          |
| rollout/                |            |
|    ep_len_mean          | 500        |
|    ep_rew_mean          | 1.47e+03   |
|    success_rate         | 1          |
| time/                   |            |
|    fps                  | 2235       |
|    iterations           | 4          |
|    time_elapsed         | 14         |
|    total_timesteps      | 32768      |
| train/                  |            |
|    approx_kl            | 0.19716534 |
|    clip_fraction        | 0.647      |
|    clip_range           | 0.2        |
|    entropy_loss         | -12.2      |
|    explained_variance   | 0.362      |
|    learning_rate        | 0.0003     |
|    loss                 | -0.119     |
|    n_updates            | 810        |
|    policy_gradient_loss | -0.0879    |
|    std                  | 0.667      |
|    value_loss           | 0.0388     |
----------------------------------------
----------------------------------------
| mass/                   |            |
|    rot                  | 0          |
|    rotate_scale         | 2.5        |
|    tilt                 | 0          |
|    tilt_scale           | 0          |
| rollout/                |            |
|    ep_len_mean          | 500        |
|    ep_rew_mean          | 1.47e+03   |
|    success_rate         | 1          |
| time/                   |            |
|    fps                  | 2188       |
|    iterations           | 5          |
|    time_elapsed         | 18         |
|    total_timesteps      | 40960      |
| train/                  |            |
|    approx_kl            | 0.17953601 |
|    clip_fraction        | 0.64       |
|    clip_range           | 0.2        |
|    entropy_loss         | -12.1      |
|    explained_variance   | 0.556      |
|    learning_rate        | 0.0003     |
|    loss                 | -0.11      |
|    n_updates            | 820        |
|    policy_gradient_loss | -0.0842    |
|    std                  | 0.664      |
|    value_loss           | 0.0249     |
----------------------------------------
----------------------------------------
| mass/                   |            |
|    rot                  | 0          |
|    rotate_scale         | 2.5        |
|    tilt                 | 0          |
|    tilt_scale           | 0          |
| rollout/                |            |
|    ep_len_mean          | 500        |
|    ep_rew_mean          | 1.51e+03   |
|    success_rate         | 1          |
| time/                   |            |
|    fps                  | 2153       |
|    iterations           | 6          |
|    time_elapsed         | 22         |
|    total_timesteps      | 49152      |
| train/                  |            |
|    approx_kl            | 0.20347908 |
|    clip_fraction        | 0.654      |
|    clip_range           | 0.2        |
|    entropy_loss         | -12        |
|    explained_variance   | 0.454      |
|    learning_rate        | 0.0003     |
|    loss                 | -0.111     |
|    n_updates            | 830        |
|    policy_gradient_loss | -0.0915    |
|    std                  | 0.66       |
|    value_loss           | 0.0261     |
----------------------------------------
----------------------------------------
| mass/                   |            |
|    rot                  | 0          |
|    rotate_scale         | 2.5        |
|    tilt                 | 0          |
|    tilt_scale           | 0          |
| rollout/                |            |
|    ep_len_mean          | 500        |
|    ep_rew_mean          | 1.51e+03   |
|    success_rate         | 1          |
| time/                   |            |
|    fps                  | 2137       |
|    iterations           | 7          |
|    time_elapsed         | 26         |
|    total_timesteps      | 57344      |
| train/                  |            |
|    approx_kl            | 0.18795203 |
|    clip_fraction        | 0.645      |
|    clip_range           | 0.2        |
|    entropy_loss         | -12        |
|    explained_variance   | 0.608      |
|    learning_rate        | 0.0003     |
|    loss                 | -0.102     |
|    n_updates            | 840        |
|    policy_gradient_loss | -0.0822    |
|    std                  | 0.657      |
|    value_loss           | 0.0269     |
----------------------------------------
----------------------------------------
| mass/                   |            |
|    rot                  | 0          |
|    rotate_scale         | 2.5        |
|    tilt                 | 0          |
|    tilt_scale           | 0          |
| rollout/                |            |
|    ep_len_mean          | 500        |
|    ep_rew_mean          | 1.59e+03   |
|    success_rate         | 1          |
| time/                   |            |
|    fps                  | 2120       |
|    iterations           | 8          |
|    time_elapsed         | 30         |
|    total_timesteps      | 65536      |
| train/                  |            |
|    approx_kl            | 0.20725366 |
|    clip_fraction        | 0.643      |
|    clip_range           | 0.2        |
|    entropy_loss         | -11.9      |
|    explained_variance   | 0.505      |
|    learning_rate        | 0.0003     |
|    loss                 | -0.109     |
|    n_updates            | 850        |
|    policy_gradient_loss | -0.0888    |
|    std                  | 0.653      |
|    value_loss           | 0.0243     |
----------------------------------------
----------------------------------------
| mass/                   |            |
|    rot                  | 0          |
|    rotate_scale         | 2.5        |
|    tilt                 | 0          |
|    tilt_scale           | 0          |
| rollout/                |            |
|    ep_len_mean          | 500        |
|    ep_rew_mean          | 1.59e+03   |
|    success_rate         | 1          |
| time/                   |            |
|    fps                  | 2108       |
|    iterations           | 9          |
|    time_elapsed         | 34         |
|    total_timesteps      | 73728      |
| train/                  |            |
|    approx_kl            | 0.19013643 |
|    clip_fraction        | 0.649      |
|    clip_range           | 0.2        |
|    entropy_loss         | -11.8      |
|    explained_variance   | 0.519      |
|    learning_rate        | 0.0003     |
|    loss                 | -0.102     |
|    n_updates            | 860        |
|    policy_gradient_loss | -0.0826    |
|    std                  | 0.649      |
|    value_loss           | 0.0242     |
----------------------------------------
---------------------------------------
| mass/                   |           |
|    rot                  | 0         |
|    rotate_scale         | 2.5       |
|    tilt                 | 0         |
|    tilt_scale           | 0         |
| rollout/                |           |
|    ep_len_mean          | 500       |
|    ep_rew_mean          | 1.65e+03  |
|    success_rate         | 1         |
| time/                   |           |
|    fps                  | 2097      |
|    iterations           | 10        |
|    time_elapsed         | 39        |
|    total_timesteps      | 81920     |
| train/                  |           |
|    approx_kl            | 0.2059288 |
|    clip_fraction        | 0.654     |
|    clip_range           | 0.2       |
|    entropy_loss         | -11.8     |
|    explained_variance   | 0.401     |
|    learning_rate        | 0.0003    |
|    loss                 | -0.112    |
|    n_updates            | 870       |
|    policy_gradient_loss | -0.0854   |
|    std                  | 0.647     |
|    value_loss           | 0.0291    |
---------------------------------------
----------------------------------------
| mass/                   |            |
|    rot                  | 0          |
|    rotate_scale         | 2.5        |
|    tilt                 | 0          |
|    tilt_scale           | 0          |
| rollout/                |            |
|    ep_len_mean          | 500        |
|    ep_rew_mean          | 1.65e+03   |
|    success_rate         | 1          |
| time/                   |            |
|    fps                  | 2095       |
|    iterations           | 11         |
|    time_elapsed         | 43         |
|    total_timesteps      | 90112      |
| train/                  |            |
|    approx_kl            | 0.20689806 |
|    clip_fraction        | 0.653      |
|    clip_range           | 0.2        |
|    entropy_loss         | -11.7      |
|    explained_variance   | 0.597      |
|    learning_rate        | 0.0003     |
|    loss                 | -0.105     |
|    n_updates            | 880        |
|    policy_gradient_loss | -0.0837    |
|    std                  | 0.643      |
|    value_loss           | 0.0272     |
----------------------------------------
----------------------------------------
| mass/                   |            |
|    rot                  | 0          |
|    rotate_scale         | 2.5        |
|    tilt                 | 0          |
|    tilt_scale           | 0          |
| rollout/                |            |
|    ep_len_mean          | 500        |
|    ep_rew_mean          | 1.71e+03   |
|    success_rate         | 1          |
| time/                   |            |
|    fps                  | 2086       |
|    iterations           | 12         |
|    time_elapsed         | 47         |
|    total_timesteps      | 98304      |
| train/                  |            |
|    approx_kl            | 0.20543706 |
|    clip_fraction        | 0.654      |
|    clip_range           | 0.2        |
|    entropy_loss         | -11.6      |
|    explained_variance   | 0.518      |
|    learning_rate        | 0.0003     |
|    loss                 | -0.101     |
|    n_updates            | 890        |
|    policy_gradient_loss | -0.0829    |
|    std                  | 0.639      |
|    value_loss           | 0.0259     |
----------------------------------------
----------------------------------------
| mass/                   |            |
|    rot                  | 0          |
|    rotate_scale         | 2.5        |
|    tilt                 | 0          |
|    tilt_scale           | 0          |
| rollout/                |            |
|    ep_len_mean          | 500        |
|    ep_rew_mean          | 1.71e+03   |
|    success_rate         | 1          |
| time/                   |            |
|    fps                  | 2074       |
|    iterations           | 13         |
|    time_elapsed         | 51         |
|    total_timesteps      | 106496     |
| train/                  |            |
|    approx_kl            | 0.23211455 |
|    clip_fraction        | 0.661      |
|    clip_range           | 0.2        |
|    entropy_loss         | -11.6      |
|    explained_variance   | 0.797      |
|    learning_rate        | 0.0003     |
|    loss                 | -0.12      |
|    n_updates            | 900        |
|    policy_gradient_loss | -0.083     |
|    std                  | 0.637      |
|    value_loss           | 0.0257     |
----------------------------------------
/data/ypx/allegro_rod_mvp/.venv/lib/python3.13/site-packages/stable_baselines3/common/on_policy_algorithm.py:150: UserWarning: You are trying to run PPO on the GPU, but it is primarily intended to run on the CPU when not using a CNN policy (you are using ActorCriticPolicy which should be a MlpPolicy). See https://github.com/DLR-RM/stable-baselines3/issues/1245 for more info. You can pass `device='cpu'` or `export CUDA_VISIBLE_DEVICES=` to force using the CPU.Note: The model will train, but the GPU utilization will be poor and the training might take longer than on CPU.
  warnings.warn(
Load smoke OK: /data/ypx/allegro_rod_mvp/runs/20260823-1855-net-angle-C-force-curriculum-seed0-R04-s25-mu0.100933-iter2-seed0/checkpoints/final_model.zip
EXP-infra complete: ok=True run_dir=/data/ypx/allegro_rod_mvp/runs/20260823-1855-net-angle-C-force-curriculum-seed0-R04-s25-mu0.100933-iter2-seed0
{
  "model": "/data/ypx/allegro_rod_mvp/runs/20260823-1855-net-angle-C-force-curriculum-seed0-R04-s25-mu0.100933-iter2-seed0/checkpoints/final_model.zip",
  "stage": 0,
  "episodes": 10,
  "physics_mode": "revolute",
  "reward_style": "dexscrew",
  "tip_connect_solref": null,
  "tip_connect_enabled": false,
  "axis_stabilizer_scale": 0.0,
  "axis_tilt_penalty_weight": 1.0,
  "axis_tilt_recovery_scale": 0.0,
  "rotation_reward_scale": 16.0,
  "contact_reward_mode": "discrete",
  "three_contact_reward": 0.3,
  "rotation_requires_three_contacts": false,
  "contact_support_termination_enabled": false,
  "contact_reward_scale": 0.1,
  "contact_window_steps": 25,
  "contact_window_threshold": 18.0,
  "omega_success_threshold": 0.5,
  "omega_success_hold_seconds": 10.0,
  "success_mode": "net_angle",
  "net_angle_success_threshold_rad": 3.141592653589793,
  "net_angle_success_threshold_deg": 180.0,
  "rod_mass_scale": 25.0,
  "rod_friction_cap": 4.0,
  "contact_friction_scale": 0.10093333723575372,
  "scale_tip_solref_with_mass": false,
  "contact_friction_vector": [
    0.1816800070243567,
    0.05,
    0.001
  ],
  "tilt_terminate_rad": 0.7,
  "tip_anchor": "bottom",
  "hand_model": "allegro",
  "hand_pose_config": "/data/ypx/allegro_rod_mvp/configs/hand_poses/my_grasp.json",
  "hand_pose_config_sha256": "2d8ac7f17a6693855543395d52022524c1a2956422915ee2962544019f6e7c9f",
  "hand_pose_config_content": {
    "schema": "allegro_rod_mvp.hand_pose",
    "schema_version": 1,
    "transform_space": "model",
    "body": "palm",
    "translation": [
      0.0262807865392716,
      -0.08578110798288589,
      0.113580438493427
    ],
    "quaternion_wxyz": [
      0.7071067811865475,
      1.3877787807814457e-17,
      0.7071067811865476,
      1.3877787807814457e-17
    ],
    "euler_xyz_degrees": [
      169.97501213792427,
      90.0,
      169.97501213792427
    ],
    "source_pose": {
      "type": "model_default",
      "model": "models/allegro_three_finger_rod_revolute.xml",
      "translation": [
        -0.018718,
        -0.022177,
        -0.058714
      ],
      "quaternion_wxyz": [
        0.0,
        0.7071067811865476,
        0.0,
        0.7071067811865476
      ]
    },
    "pivot": "palm_body_origin",
    "rotation_convention": "world-axis incremental rotations pre-multiplied onto the palm orientation; Euler display is extrinsic XYZ in degrees",
    "model_variant": "allegro_three_finger_rod_revolute",
    "compatible_model_variants": [
      "allegro_three_finger_rod",
      "allegro_three_finger_rod_revolute"
    ],
    "created_at": "2026-08-23T17:15:52-07:00",
    "notes": ""
  },
  "hand_grasp_config": "/data/ypx/allegro_rod_mvp/configs/hand_grasps/my_grasp_revolute_shared.json",
  "hand_grasp_config_sha256": "fdd9ead60842eca3167f98ecda3c496ea752cff3fa9e053de47a4544e061b03a",
  "hand_grasp_config_content": {
    "schema": "allegro_rod_mvp.hand_grasp",
    "schema_version": 1,
    "hand_model": "allegro",
    "hand_pose_path": "configs/hand_poses/my_grasp.json",
    "hand_pose_sha256": "2d8ac7f17a6693855543395d52022524c1a2956422915ee2962544019f6e7c9f",
    "joint_order": [
      "f0_j0",
      "f0_j1",
      "f0_j2",
      "f0_j3",
      "f1_j0",
      "f1_j1",
      "f1_j2",
      "f1_j3",
      "f2_j0",
      "f2_j1",
      "f2_j2",
      "f2_j3"
    ],
    "reset_qpos": [
      7.548838867727841e-08,
      1.0736323864341875,
      1.0313785514651856,
      0.7316452497148404,
      0.16193687029911827,
      1.2757924785844845,
      1.0454911512789378,
      0.7641591781446949,
      1.0492318494888706,
      0.40374195243716865,
      0.19782398096519818,
      1.1841084856455784
    ],
    "grasp_qpos": [
      7.548838867727841e-08,
      1.0736323864341875,
      1.0313785514651856,
      0.7316452497148404,
      0.16193687029911827,
      1.2757924785844845,
      1.0454911512789378,
      0.7641591781446949,
      1.0492318494888706,
      0.40374195243716865,
      0.19782398096519818,
      1.1841084856455784
    ],
    "reset_joint_noise": 0.0075,
    "grasp_ramp_steps": 1,
    "grasp_hold_steps": 100,
    "validated_for": {
      "physics_modes": [
        "revolute"
      ],
      "mass_scales": [
        400.0,
        1.0
      ],
      "fixed_seeds": [
        0,
        1,
        2,
        3,
        4,
        5,
        6,
        7,
        8,
        9
      ],
      "steps_per_seed": 100
    },
    "source": "bounded per-finger signed-distance search at -1 mm target followed by deterministic dynamic robustness audit",
    "notes": "Shared revolute endpoint preset. The same vector passed tip-connect s=1 but not tip-connect s=400, so it is not silently promoted as a universal preset."
  },
  "dexscrew_tip_penalty_scale": 0.5,
  "vecnormalize": "/data/ypx/allegro_rod_mvp/runs/20260823-1855-net-angle-C-force-curriculum-seed0-R04-s25-mu0.100933-iter2-seed0/checkpoints/vecnormalize.pkl",
  "axis_rotation_deg_mean": 3198.7253578972654,
  "axis_rotation_deg_std": 125.55570127001431,
  "tip_error_m_mean": 1.5386134110684298e-17,
  "tip_error_m_std": 4.998980180367171e-18,
  "contact_count_mean": 0.5,
  "contact_count_step_distribution": {
    "0": 0.415,
    "1": 0.4822,
    "2": 0.085,
    "3": 0.0178
  },
  "contact_fraction_at_least_one": 0.585,
  "contact_fraction_at_least_two": 0.1028,
  "finger_contact_step_fraction": [
    0.2448,
    0.42,
    0.0408
  ],
  "minimum_window_three_contact_occupancy": {
    "window_steps": 25,
    "minimum_across_episodes": 0.0,
    "mean_episode_minimum": 0.0
  },
  "rolling_contact_gate_failure_steps": {
    "total": 4760,
    "episodes_with_failure": 10
  },
  "per_tip_contact_loss_longest": [
    {
      "mean_steps": 32.1,
      "max_steps": 38,
      "mean_seconds": 1.284,
      "max_seconds": 1.52
    },
    {
      "mean_steps": 25.2,
      "max_steps": 31,
      "mean_seconds": 1.008,
      "max_seconds": 1.24
    },
    {
      "mean_steps": 470.3,
      "max_steps": 486,
      "mean_seconds": 18.812,
      "max_seconds": 19.44
    }
  ],
  "per_tip_leave_return_events": [
    {
      "mean": 48.2,
      "minimum": 40,
      "maximum": 54,
      "total": 482
    },
    {
      "mean": 67.4,
      "minimum": 59,
      "maximum": 79,
      "total": 674
    },
    {
      "mean": 1.7,
      "minimum": 0,
      "maximum": 3,
      "total": 17
    }
  ],
  "complete_contact_loss_longest": {
    "mean_steps": 15.6,
    "max_steps": 19,
    "mean_seconds": 0.624,
    "max_seconds": 0.76
  },
  "below_two_contact_longest": {
    "mean_steps": 88.9,
    "max_steps": 121,
    "mean_seconds": 3.5560000000000005,
    "max_seconds": 4.84
  },
  "rotation_cycle_metrics": {
    "cumulative_absolute_rotation_deg_mean": 3350.7495671377437,
    "completed_net_cycles_mean": 8.4,
    "episodes_with_at_least_two_net_cycles": 10
  },
  "axial_omega_metrics": {
    "mean_rad_s": 2.4635317126924576,
    "p95_rad_s": 7.070713453546468,
    "fraction_above_success_threshold": 0.7704
  },
  "tip_error_m_max": 3.982794759301771e-17,
  "numerical_instability_episodes": 0,
  "final_axis_tilt_deg_mean": 0.0,
  "omega_hold_satisfied_rate": 0.0,
  "omega_hold_seconds_max_mean": 1.1320000000000001,
  "stabilizer_torque_mean": 0.0,
  "stabilizer_torque_max_mean": 0.0,
  "termination_reasons": {
    "none": 10
  },
  "reward_component_step_means": {
    "reward_rotation": 4.976742730780564,
    "reward_tip_penalty": -2.1677856488516577e-31,
    "reward_axis_tilt_penalty": 0.0,
    "reward_axis_tilt_penalty_raw": 0.0,
    "reward_axis_tilt_recovery": 0.0,
    "reward_lateral_omega_penalty": 0.0,
    "reward_contact_bonus": -0.461836,
    "reward_contact_bonus_raw": -4.61836,
    "reward_proximity": 0.42166113376528286,
    "reward_force_penalty": 0.0,
    "reward_action_rate_penalty": -0.023155088295665927
  },
  "normal_contact_force_n": {
    "per_tip": [
      {
        "mean": 7.005646433229736,
        "median": 0.0,
        "p95": 40.301679765446735
      },
      {
        "mean": 10.941396210133659,
        "median": 0.0,
        "p95": 42.80675720888317
      },
      {
        "mean": 1.7525773850330428,
        "median": 0.0,
        "p95": 0.0
      }
    ],
    "total": {
      "mean": 19.69962002839644,
      "median": 12.584019694147631,
      "p95": 64.5344884242503
    },
    "definition": "MuJoCo contact-frame normal force, not actuator effort"
  },
  "conditioned_positive_rotation_support_force_n": {
    "condition": "axial_omega > 0.5 rad/s AND contact_count >= 2",
    "eligible_steps": 352,
    "eligible_step_fraction": 0.0704,
    "excluded_step_fraction": 0.9296,
    "per_tip": [
      {
        "mean": 22.200388919670328,
        "median": 20.946440151345143,
        "p95": 46.0894087685236
      },
      {
        "mean": 27.23529770940395,
        "median": 26.271319214142537,
        "p95": 53.56052050105385
      },
      {
        "mean": 12.321289748282384,
        "median": 0.0,
        "p95": 48.48688208576193
      }
    ],
    "total": {
      "mean": 61.756976377356665,
      "median": 54.899510158358936,
      "p95": 125.46420079167531
    },
    "reference_statistic": "total median",
    "definition": "MuJoCo contact-frame normal force on genuine positive-rotation timesteps with at least two supporting fingertips; not actuator effort"
  },
  "success_rate": 1.0,
  "legacy_omega_success_rate": 0.0,
  "net_angle_success_rate": 1.0,
  "drop_rate": 0.0,
  "passed": true
}
{
  "model": "/data/ypx/allegro_rod_mvp/runs/20260823-1855-net-angle-C-force-curriculum-seed0-R04-s25-mu0.100933-iter2-seed0/checkpoints/final_model.zip",
  "stage": 0,
  "episodes": 10,
  "physics_mode": "revolute",
  "reward_style": "dexscrew",
  "tip_connect_solref": null,
  "tip_connect_enabled": false,
  "axis_stabilizer_scale": 0.0,
  "axis_tilt_penalty_weight": 1.0,
  "axis_tilt_recovery_scale": 0.0,
  "rotation_reward_scale": 16.0,
  "contact_reward_mode": "discrete",
  "three_contact_reward": 0.3,
  "rotation_requires_three_contacts": false,
  "contact_support_termination_enabled": false,
  "contact_reward_scale": 0.1,
  "contact_window_steps": 25,
  "contact_window_threshold": 18.0,
  "omega_success_threshold": 0.5,
  "omega_success_hold_seconds": 10.0,
  "success_mode": "net_angle",
  "net_angle_success_threshold_rad": 3.141592653589793,
  "net_angle_success_threshold_deg": 180.0,
  "rod_mass_scale": 25.0,
  "rod_friction_cap": 4.0,
  "contact_friction_scale": 0.10093333723575372,
  "scale_tip_solref_with_mass": false,
  "contact_friction_vector": [
    0.1816800070243567,
    0.05,
    0.001
  ],
  "tilt_terminate_rad": 0.7,
  "tip_anchor": "bottom",
  "hand_model": "allegro",
  "hand_pose_config": "/data/ypx/allegro_rod_mvp/configs/hand_poses/my_grasp.json",
  "hand_pose_config_sha256": "2d8ac7f17a6693855543395d52022524c1a2956422915ee2962544019f6e7c9f",
  "hand_pose_config_content": {
    "schema": "allegro_rod_mvp.hand_pose",
    "schema_version": 1,
    "transform_space": "model",
    "body": "palm",
    "translation": [
      0.0262807865392716,
      -0.08578110798288589,
      0.113580438493427
    ],
    "quaternion_wxyz": [
      0.7071067811865475,
      1.3877787807814457e-17,
      0.7071067811865476,
      1.3877787807814457e-17
    ],
    "euler_xyz_degrees": [
      169.97501213792427,
      90.0,
      169.97501213792427
    ],
    "source_pose": {
      "type": "model_default",
      "model": "models/allegro_three_finger_rod_revolute.xml",
      "translation": [
        -0.018718,
        -0.022177,
        -0.058714
      ],
      "quaternion_wxyz": [
        0.0,
        0.7071067811865476,
        0.0,
        0.7071067811865476
      ]
    },
    "pivot": "palm_body_origin",
    "rotation_convention": "world-axis incremental rotations pre-multiplied onto the palm orientation; Euler display is extrinsic XYZ in degrees",
    "model_variant": "allegro_three_finger_rod_revolute",
    "compatible_model_variants": [
      "allegro_three_finger_rod",
      "allegro_three_finger_rod_revolute"
    ],
    "created_at": "2026-08-23T17:15:52-07:00",
    "notes": ""
  },
  "hand_grasp_config": "/data/ypx/allegro_rod_mvp/configs/hand_grasps/my_grasp_revolute_shared.json",
  "hand_grasp_config_sha256": "fdd9ead60842eca3167f98ecda3c496ea752cff3fa9e053de47a4544e061b03a",
  "hand_grasp_config_content": {
    "schema": "allegro_rod_mvp.hand_grasp",
    "schema_version": 1,
    "hand_model": "allegro",
    "hand_pose_path": "configs/hand_poses/my_grasp.json",
    "hand_pose_sha256": "2d8ac7f17a6693855543395d52022524c1a2956422915ee2962544019f6e7c9f",
    "joint_order": [
      "f0_j0",
      "f0_j1",
      "f0_j2",
      "f0_j3",
      "f1_j0",
      "f1_j1",
      "f1_j2",
      "f1_j3",
      "f2_j0",
      "f2_j1",
      "f2_j2",
      "f2_j3"
    ],
    "reset_qpos": [
      7.548838867727841e-08,
      1.0736323864341875,
      1.0313785514651856,
      0.7316452497148404,
      0.16193687029911827,
      1.2757924785844845,
      1.0454911512789378,
      0.7641591781446949,
      1.0492318494888706,
      0.40374195243716865,
      0.19782398096519818,
      1.1841084856455784
    ],
    "grasp_qpos": [
      7.548838867727841e-08,
      1.0736323864341875,
      1.0313785514651856,
      0.7316452497148404,
      0.16193687029911827,
      1.2757924785844845,
      1.0454911512789378,
      0.7641591781446949,
      1.0492318494888706,
      0.40374195243716865,
      0.19782398096519818,
      1.1841084856455784
    ],
    "reset_joint_noise": 0.0075,
    "grasp_ramp_steps": 1,
    "grasp_hold_steps": 100,
    "validated_for": {
      "physics_modes": [
        "revolute"
      ],
      "mass_scales": [
        400.0,
        1.0
      ],
      "fixed_seeds": [
        0,
        1,
        2,
        3,
        4,
        5,
        6,
        7,
        8,
        9
      ],
      "steps_per_seed": 100
    },
    "source": "bounded per-finger signed-distance search at -1 mm target followed by deterministic dynamic robustness audit",
    "notes": "Shared revolute endpoint preset. The same vector passed tip-connect s=1 but not tip-connect s=400, so it is not silently promoted as a universal preset."
  },
  "dexscrew_tip_penalty_scale": 0.5,
  "vecnormalize": "/data/ypx/allegro_rod_mvp/runs/20260823-1855-net-angle-C-force-curriculum-seed0-R04-s25-mu0.100933-iter2-seed0/checkpoints/vecnormalize.pkl",
  "axis_rotation_deg_mean": 3245.731469901112,
  "axis_rotation_deg_std": 109.02418817775848,
  "tip_error_m_mean": 1.515149591002042e-17,
  "tip_error_m_std": 7.653785245389213e-18,
  "contact_count_mean": 0.5,
  "contact_count_step_distribution": {
    "0": 0.4056,
    "1": 0.4888,
    "2": 0.0888,
    "3": 0.0168
  },
  "contact_fraction_at_least_one": 0.5944,
  "contact_fraction_at_least_two": 0.1056,
  "finger_contact_step_fraction": [
    0.2446,
    0.4372,
    0.035
  ],
  "minimum_window_three_contact_occupancy": {
    "window_steps": 25,
    "minimum_across_episodes": 0.0,
    "mean_episode_minimum": 0.0
  },
  "rolling_contact_gate_failure_steps": {
    "total": 4760,
    "episodes_with_failure": 10
  },
  "per_tip_contact_loss_longest": [
    {
      "mean_steps": 35.1,
      "max_steps": 47,
      "mean_seconds": 1.4040000000000001,
      "max_seconds": 1.8800000000000001
    },
    {
      "mean_steps": 24.1,
      "max_steps": 36,
      "mean_seconds": 0.9640000000000001,
      "max_seconds": 1.44
    },
    {
      "mean_steps": 476.1,
      "max_steps": 487,
      "mean_seconds": 19.044,
      "max_seconds": 19.48
    }
  ],
  "per_tip_leave_return_events": [
    {
      "mean": 48.0,
      "minimum": 38,
      "maximum": 59,
      "total": 480
    },
    {
      "mean": 68.7,
      "minimum": 54,
      "maximum": 77,
      "total": 687
    },
    {
      "mean": 1.3,
      "minimum": 0,
      "maximum": 4,
      "total": 13
    }
  ],
  "complete_contact_loss_longest": {
    "mean_steps": 13.2,
    "max_steps": 17,
    "mean_seconds": 0.528,
    "max_seconds": 0.68
  },
  "below_two_contact_longest": {
    "mean_steps": 75.5,
    "max_steps": 106,
    "mean_seconds": 3.02,
    "max_seconds": 4.24
  },
  "rotation_cycle_metrics": {
    "cumulative_absolute_rotation_deg_mean": 3368.4553910432537,
    "completed_net_cycles_mean": 8.3,
    "episodes_with_at_least_two_net_cycles": 10
  },
  "axial_omega_metrics": {
    "mean_rad_s": 2.5154703271289742,
    "p95_rad_s": 7.0288940837483045,
    "fraction_above_success_threshold": 0.782
  },
  "tip_error_m_max": 4.92162909488519e-17,
  "numerical_instability_episodes": 0,
  "final_axis_tilt_deg_mean": 0.0,
  "omega_hold_satisfied_rate": 0.0,
  "omega_hold_seconds_max_mean": 1.1320000000000001,
  "stabilizer_torque_mean": 0.0,
  "stabilizer_torque_max_mean": 0.0,
  "termination_reasons": {
    "none": 10
  },
  "reward_component_step_means": {
    "reward_rotation": 5.082412833076575,
    "reward_tip_penalty": -2.297597900868537e-31,
    "reward_axis_tilt_penalty": 0.0,
    "reward_axis_tilt_penalty_raw": 0.0,
    "reward_axis_tilt_recovery": 0.0,
    "reward_lateral_omega_penalty": 0.0,
    "reward_contact_bonus": -0.453088,
    "reward_contact_bonus_raw": -4.53088,
    "reward_proximity": 0.43451849710365736,
    "reward_force_penalty": 0.0,
    "reward_action_rate_penalty": -0.02302532726599115
  },
  "normal_contact_force_n": {
    "per_tip": [
      {
        "mean": 6.412725393938207,
        "median": 0.0,
        "p95": 36.57821096822763
      },
      {
        "mean": 10.831043557530222,
        "median": 0.0,
        "p95": 41.80045890278219
      },
      {
        "mean": 1.4097206773276665,
        "median": 0.0,
        "p95": 0.0
      }
    ],
    "total": {
      "mean": 18.6534896287961,
      "median": 12.726958963412576,
      "p95": 57.7593016576439
    },
    "definition": "MuJoCo contact-frame normal force, not actuator effort"
  },
  "conditioned_positive_rotation_support_force_n": {
    "condition": "axial_omega > 0.5 rad/s AND contact_count >= 2",
    "eligible_steps": 395,
    "eligible_step_fraction": 0.079,
    "excluded_step_fraction": 0.921,
    "per_tip": [
      {
        "mean": 21.6849781780295,
        "median": 20.75065203890869,
        "p95": 44.31217732698506
      },
      {
        "mean": 27.498848069008368,
        "median": 26.583001692849244,
        "p95": 54.60227679696255
      },
      {
        "mean": 9.571243141493733,
        "median": 0.0,
        "p95": 44.372197908051206
      }
    ],
    "total": {
      "mean": 58.7550693885316,
      "median": 49.966495460337434,
      "p95": 125.33410081872923
    },
    "reference_statistic": "total median",
    "definition": "MuJoCo contact-frame normal force on genuine positive-rotation timesteps with at least two supporting fingertips; not actuator effort"
  },
  "success_rate": 1.0,
  "legacy_omega_success_rate": 0.0,
  "net_angle_success_rate": 1.0,
  "drop_rate": 0.0,
  "passed": true
}
/data/ypx/allegro_rod_mvp/.venv/lib/python3.13/site-packages/stable_baselines3/common/on_policy_algorithm.py:150: UserWarning: You are trying to run PPO on the GPU, but it is primarily intended to run on the CPU when not using a CNN policy (you are using ActorCriticPolicy which should be a MlpPolicy). See https://github.com/DLR-RM/stable-baselines3/issues/1245 for more info. You can pass `device='cpu'` or `export CUDA_VISIBLE_DEVICES=` to force using the CPU.Note: The model will train, but the GPU utilization will be poor and the training might take longer than on CPU.
  warnings.warn(
Starting run: stage=0 n_envs=32 device=cuda:1 net_arch=[512, 256, 128] steps=100000 ent_coef=0.0 reset_timesteps=True run=20260823-1855-net-angle-C-force-curriculum-seed0-R04-s25-mu0.1-iter3-seed0
Logging to /data/ypx/allegro_rod_mvp/runs/20260823-1855-net-angle-C-force-curriculum-seed0-R04-s25-mu0.1-iter3-seed0/tb/PPO_1
---------------------------------
| mass/              |          |
|    rot             | 0        |
|    rotate_scale    | 2.5      |
|    tilt            | 0        |
|    tilt_scale      | 0        |
| time/              |          |
|    fps             | 3623     |
|    iterations      | 1        |
|    time_elapsed    | 2        |
|    total_timesteps | 8192     |
---------------------------------
----------------------------------------
| mass/                   |            |
|    rot                  | 0          |
|    rotate_scale         | 2.5        |
|    tilt                 | 0          |
|    tilt_scale           | 0          |
| rollout/                |            |
|    ep_len_mean          | 500        |
|    ep_rew_mean          | 1.39e+03   |
|    success_rate         | 1          |
| time/                   |            |
|    fps                  | 2483       |
|    iterations           | 2          |
|    time_elapsed         | 6          |
|    total_timesteps      | 16384      |
| train/                  |            |
|    approx_kl            | 0.18264505 |
|    clip_fraction        | 0.644      |
|    clip_range           | 0.2        |
|    entropy_loss         | -12.3      |
|    explained_variance   | 0.31       |
|    learning_rate        | 0.0003     |
|    loss                 | -0.116     |
|    n_updates            | 790        |
|    policy_gradient_loss | -0.0939    |
|    std                  | 0.674      |
|    value_loss           | 0.0335     |
----------------------------------------
----------------------------------------
| mass/                   |            |
|    rot                  | 0          |
|    rotate_scale         | 2.5        |
|    tilt                 | 0          |
|    tilt_scale           | 0          |
| rollout/                |            |
|    ep_len_mean          | 500        |
|    ep_rew_mean          | 1.39e+03   |
|    success_rate         | 1          |
| time/                   |            |
|    fps                  | 2344       |
|    iterations           | 3          |
|    time_elapsed         | 10         |
|    total_timesteps      | 24576      |
| train/                  |            |
|    approx_kl            | 0.17210202 |
|    clip_fraction        | 0.631      |
|    clip_range           | 0.2        |
|    entropy_loss         | -12.2      |
|    explained_variance   | 0.386      |
|    learning_rate        | 0.0003     |
|    loss                 | -0.114     |
|    n_updates            | 800        |
|    policy_gradient_loss | -0.0879    |
|    std                  | 0.67       |
|    value_loss           | 0.0294     |
----------------------------------------
----------------------------------------
| mass/                   |            |
|    rot                  | 0          |
|    rotate_scale         | 2.5        |
|    tilt                 | 0          |
|    tilt_scale           | 0          |
| rollout/                |            |
|    ep_len_mean          | 500        |
|    ep_rew_mean          | 1.46e+03   |
|    success_rate         | 1          |
| time/                   |            |
|    fps                  | 2255       |
|    iterations           | 4          |
|    time_elapsed         | 14         |
|    total_timesteps      | 32768      |
| train/                  |            |
|    approx_kl            | 0.18613671 |
|    clip_fraction        | 0.648      |
|    clip_range           | 0.2        |
|    entropy_loss         | -12.2      |
|    explained_variance   | 0.53       |
|    learning_rate        | 0.0003     |
|    loss                 | -0.12      |
|    n_updates            | 810        |
|    policy_gradient_loss | -0.0912    |
|    std                  | 0.666      |
|    value_loss           | 0.0325     |
----------------------------------------
----------------------------------------
| mass/                   |            |
|    rot                  | 0          |
|    rotate_scale         | 2.5        |
|    tilt                 | 0          |
|    tilt_scale           | 0          |
| rollout/                |            |
|    ep_len_mean          | 500        |
|    ep_rew_mean          | 1.46e+03   |
|    success_rate         | 1          |
| time/                   |            |
|    fps                  | 2217       |
|    iterations           | 5          |
|    time_elapsed         | 18         |
|    total_timesteps      | 40960      |
| train/                  |            |
|    approx_kl            | 0.17803355 |
|    clip_fraction        | 0.637      |
|    clip_range           | 0.2        |
|    entropy_loss         | -12.1      |
|    explained_variance   | 0.679      |
|    learning_rate        | 0.0003     |
|    loss                 | -0.116     |
|    n_updates            | 820        |
|    policy_gradient_loss | -0.0815    |
|    std                  | 0.663      |
|    value_loss           | 0.0273     |
----------------------------------------
----------------------------------------
| mass/                   |            |
|    rot                  | 0          |
|    rotate_scale         | 2.5        |
|    tilt                 | 0          |
|    tilt_scale           | 0          |
| rollout/                |            |
|    ep_len_mean          | 500        |
|    ep_rew_mean          | 1.53e+03   |
|    success_rate         | 1          |
| time/                   |            |
|    fps                  | 2193       |
|    iterations           | 6          |
|    time_elapsed         | 22         |
|    total_timesteps      | 49152      |
| train/                  |            |
|    approx_kl            | 0.19058847 |
|    clip_fraction        | 0.647      |
|    clip_range           | 0.2        |
|    entropy_loss         | -12        |
|    explained_variance   | 0.445      |
|    learning_rate        | 0.0003     |
|    loss                 | -0.116     |
|    n_updates            | 830        |
|    policy_gradient_loss | -0.089     |
|    std                  | 0.658      |
|    value_loss           | 0.0287     |
----------------------------------------
---------------------------------------
| mass/                   |           |
|    rot                  | 0         |
|    rotate_scale         | 2.5       |
|    tilt                 | 0         |
|    tilt_scale           | 0         |
| rollout/                |           |
|    ep_len_mean          | 500       |
|    ep_rew_mean          | 1.53e+03  |
|    success_rate         | 1         |
| time/                   |           |
|    fps                  | 2178      |
|    iterations           | 7         |
|    time_elapsed         | 26        |
|    total_timesteps      | 57344     |
| train/                  |           |
|    approx_kl            | 0.1850121 |
|    clip_fraction        | 0.638     |
|    clip_range           | 0.2       |
|    entropy_loss         | -11.9     |
|    explained_variance   | 0.65      |
|    learning_rate        | 0.0003    |
|    loss                 | -0.109    |
|    n_updates            | 840       |
|    policy_gradient_loss | -0.08     |
|    std                  | 0.654     |
|    value_loss           | 0.0306    |
---------------------------------------
----------------------------------------
| mass/                   |            |
|    rot                  | 0          |
|    rotate_scale         | 2.5        |
|    tilt                 | 0          |
|    tilt_scale           | 0          |
| rollout/                |            |
|    ep_len_mean          | 500        |
|    ep_rew_mean          | 1.64e+03   |
|    success_rate         | 1          |
| time/                   |            |
|    fps                  | 2169       |
|    iterations           | 8          |
|    time_elapsed         | 30         |
|    total_timesteps      | 65536      |
| train/                  |            |
|    approx_kl            | 0.19792877 |
|    clip_fraction        | 0.652      |
|    clip_range           | 0.2        |
|    entropy_loss         | -11.9      |
|    explained_variance   | 0.427      |
|    learning_rate        | 0.0003     |
|    loss                 | -0.118     |
|    n_updates            | 850        |
|    policy_gradient_loss | -0.0896    |
|    std                  | 0.65       |
|    value_loss           | 0.0239     |
----------------------------------------
----------------------------------------
| mass/                   |            |
|    rot                  | 0          |
|    rotate_scale         | 2.5        |
|    tilt                 | 0          |
|    tilt_scale           | 0          |
| rollout/                |            |
|    ep_len_mean          | 500        |
|    ep_rew_mean          | 1.64e+03   |
|    success_rate         | 1          |
| time/                   |            |
|    fps                  | 2162       |
|    iterations           | 9          |
|    time_elapsed         | 34         |
|    total_timesteps      | 73728      |
| train/                  |            |
|    approx_kl            | 0.20501468 |
|    clip_fraction        | 0.656      |
|    clip_range           | 0.2        |
|    entropy_loss         | -11.8      |
|    explained_variance   | 0.718      |
|    learning_rate        | 0.0003     |
|    loss                 | -0.107     |
|    n_updates            | 860        |
|    policy_gradient_loss | -0.0816    |
|    std                  | 0.646      |
|    value_loss           | 0.026      |
----------------------------------------
----------------------------------------
| mass/                   |            |
|    rot                  | 0          |
|    rotate_scale         | 2.5        |
|    tilt                 | 0          |
|    tilt_scale           | 0          |
| rollout/                |            |
|    ep_len_mean          | 500        |
|    ep_rew_mean          | 1.73e+03   |
|    success_rate         | 1          |
| time/                   |            |
|    fps                  | 2153       |
|    iterations           | 10         |
|    time_elapsed         | 38         |
|    total_timesteps      | 81920      |
| train/                  |            |
|    approx_kl            | 0.19014005 |
|    clip_fraction        | 0.655      |
|    clip_range           | 0.2        |
|    entropy_loss         | -11.7      |
|    explained_variance   | 0.423      |
|    learning_rate        | 0.0003     |
|    loss                 | -0.119     |
|    n_updates            | 870        |
|    policy_gradient_loss | -0.0849    |
|    std                  | 0.643      |
|    value_loss           | 0.0218     |
----------------------------------------
---------------------------------------
| mass/                   |           |
|    rot                  | 0         |
|    rotate_scale         | 2.5       |
|    tilt                 | 0         |
|    tilt_scale           | 0         |
| rollout/                |           |
|    ep_len_mean          | 500       |
|    ep_rew_mean          | 1.73e+03  |
|    success_rate         | 1         |
| time/                   |           |
|    fps                  | 2139      |
|    iterations           | 11        |
|    time_elapsed         | 42        |
|    total_timesteps      | 90112     |
| train/                  |           |
|    approx_kl            | 0.2212549 |
|    clip_fraction        | 0.669     |
|    clip_range           | 0.2       |
|    entropy_loss         | -11.7     |
|    explained_variance   | 0.643     |
|    learning_rate        | 0.0003    |
|    loss                 | -0.121    |
|    n_updates            | 880       |
|    policy_gradient_loss | -0.0826   |
|    std                  | 0.64      |
|    value_loss           | 0.0235    |
---------------------------------------
----------------------------------------
| mass/                   |            |
|    rot                  | 0          |
|    rotate_scale         | 2.5        |
|    tilt                 | 0          |
|    tilt_scale           | 0          |
| rollout/                |            |
|    ep_len_mean          | 500        |
|    ep_rew_mean          | 1.8e+03    |
|    success_rate         | 1          |
| time/                   |            |
|    fps                  | 2133       |
|    iterations           | 12         |
|    time_elapsed         | 46         |
|    total_timesteps      | 98304      |
| train/                  |            |
|    approx_kl            | 0.19652796 |
|    clip_fraction        | 0.653      |
|    clip_range           | 0.2        |
|    entropy_loss         | -11.6      |
|    explained_variance   | 0.32       |
|    learning_rate        | 0.0003     |
|    loss                 | -0.122     |
|    n_updates            | 890        |
|    policy_gradient_loss | -0.0877    |
|    std                  | 0.637      |
|    value_loss           | 0.017      |
----------------------------------------
----------------------------------------
| mass/                   |            |
|    rot                  | 0          |
|    rotate_scale         | 2.5        |
|    tilt                 | 0          |
|    tilt_scale           | 0          |
| rollout/                |            |
|    ep_len_mean          | 500        |
|    ep_rew_mean          | 1.8e+03    |
|    success_rate         | 1          |
| time/                   |            |
|    fps                  | 2128       |
|    iterations           | 13         |
|    time_elapsed         | 50         |
|    total_timesteps      | 106496     |
| train/                  |            |
|    approx_kl            | 0.23031169 |
|    clip_fraction        | 0.661      |
|    clip_range           | 0.2        |
|    entropy_loss         | -11.6      |
|    explained_variance   | 0.662      |
|    learning_rate        | 0.0003     |
|    loss                 | -0.104     |
|    n_updates            | 900        |
|    policy_gradient_loss | -0.0821    |
|    std                  | 0.634      |
|    value_loss           | 0.0223     |
----------------------------------------
/data/ypx/allegro_rod_mvp/.venv/lib/python3.13/site-packages/stable_baselines3/common/on_policy_algorithm.py:150: UserWarning: You are trying to run PPO on the GPU, but it is primarily intended to run on the CPU when not using a CNN policy (you are using ActorCriticPolicy which should be a MlpPolicy). See https://github.com/DLR-RM/stable-baselines3/issues/1245 for more info. You can pass `device='cpu'` or `export CUDA_VISIBLE_DEVICES=` to force using the CPU.Note: The model will train, but the GPU utilization will be poor and the training might take longer than on CPU.
  warnings.warn(
Load smoke OK: /data/ypx/allegro_rod_mvp/runs/20260823-1855-net-angle-C-force-curriculum-seed0-R04-s25-mu0.1-iter3-seed0/checkpoints/final_model.zip
EXP-infra complete: ok=True run_dir=/data/ypx/allegro_rod_mvp/runs/20260823-1855-net-angle-C-force-curriculum-seed0-R04-s25-mu0.1-iter3-seed0
{
  "model": "/data/ypx/allegro_rod_mvp/runs/20260823-1855-net-angle-C-force-curriculum-seed0-R04-s25-mu0.1-iter3-seed0/checkpoints/final_model.zip",
  "stage": 0,
  "episodes": 10,
  "physics_mode": "revolute",
  "reward_style": "dexscrew",
  "tip_connect_solref": null,
  "tip_connect_enabled": false,
  "axis_stabilizer_scale": 0.0,
  "axis_tilt_penalty_weight": 1.0,
  "axis_tilt_recovery_scale": 0.0,
  "rotation_reward_scale": 16.0,
  "contact_reward_mode": "discrete",
  "three_contact_reward": 0.3,
  "rotation_requires_three_contacts": false,
  "contact_support_termination_enabled": false,
  "contact_reward_scale": 0.1,
  "contact_window_steps": 25,
  "contact_window_threshold": 18.0,
  "omega_success_threshold": 0.5,
  "omega_success_hold_seconds": 10.0,
  "success_mode": "net_angle",
  "net_angle_success_threshold_rad": 3.141592653589793,
  "net_angle_success_threshold_deg": 180.0,
  "rod_mass_scale": 25.0,
  "rod_friction_cap": 4.0,
  "contact_friction_scale": 0.1,
  "scale_tip_solref_with_mass": false,
  "contact_friction_vector": [
    0.18000000000000002,
    0.05,
    0.001
  ],
  "tilt_terminate_rad": 0.7,
  "tip_anchor": "bottom",
  "hand_model": "allegro",
  "hand_pose_config": "/data/ypx/allegro_rod_mvp/configs/hand_poses/my_grasp.json",
  "hand_pose_config_sha256": "2d8ac7f17a6693855543395d52022524c1a2956422915ee2962544019f6e7c9f",
  "hand_pose_config_content": {
    "schema": "allegro_rod_mvp.hand_pose",
    "schema_version": 1,
    "transform_space": "model",
    "body": "palm",
    "translation": [
      0.0262807865392716,
      -0.08578110798288589,
      0.113580438493427
    ],
    "quaternion_wxyz": [
      0.7071067811865475,
      1.3877787807814457e-17,
      0.7071067811865476,
      1.3877787807814457e-17
    ],
    "euler_xyz_degrees": [
      169.97501213792427,
      90.0,
      169.97501213792427
    ],
    "source_pose": {
      "type": "model_default",
      "model": "models/allegro_three_finger_rod_revolute.xml",
      "translation": [
        -0.018718,
        -0.022177,
        -0.058714
      ],
      "quaternion_wxyz": [
        0.0,
        0.7071067811865476,
        0.0,
        0.7071067811865476
      ]
    },
    "pivot": "palm_body_origin",
    "rotation_convention": "world-axis incremental rotations pre-multiplied onto the palm orientation; Euler display is extrinsic XYZ in degrees",
    "model_variant": "allegro_three_finger_rod_revolute",
    "compatible_model_variants": [
      "allegro_three_finger_rod",
      "allegro_three_finger_rod_revolute"
    ],
    "created_at": "2026-08-23T17:15:52-07:00",
    "notes": ""
  },
  "hand_grasp_config": "/data/ypx/allegro_rod_mvp/configs/hand_grasps/my_grasp_revolute_shared.json",
  "hand_grasp_config_sha256": "fdd9ead60842eca3167f98ecda3c496ea752cff3fa9e053de47a4544e061b03a",
  "hand_grasp_config_content": {
    "schema": "allegro_rod_mvp.hand_grasp",
    "schema_version": 1,
    "hand_model": "allegro",
    "hand_pose_path": "configs/hand_poses/my_grasp.json",
    "hand_pose_sha256": "2d8ac7f17a6693855543395d52022524c1a2956422915ee2962544019f6e7c9f",
    "joint_order": [
      "f0_j0",
      "f0_j1",
      "f0_j2",
      "f0_j3",
      "f1_j0",
      "f1_j1",
      "f1_j2",
      "f1_j3",
      "f2_j0",
      "f2_j1",
      "f2_j2",
      "f2_j3"
    ],
    "reset_qpos": [
      7.548838867727841e-08,
      1.0736323864341875,
      1.0313785514651856,
      0.7316452497148404,
      0.16193687029911827,
      1.2757924785844845,
      1.0454911512789378,
      0.7641591781446949,
      1.0492318494888706,
      0.40374195243716865,
      0.19782398096519818,
      1.1841084856455784
    ],
    "grasp_qpos": [
      7.548838867727841e-08,
      1.0736323864341875,
      1.0313785514651856,
      0.7316452497148404,
      0.16193687029911827,
      1.2757924785844845,
      1.0454911512789378,
      0.7641591781446949,
      1.0492318494888706,
      0.40374195243716865,
      0.19782398096519818,
      1.1841084856455784
    ],
    "reset_joint_noise": 0.0075,
    "grasp_ramp_steps": 1,
    "grasp_hold_steps": 100,
    "validated_for": {
      "physics_modes": [
        "revolute"
      ],
      "mass_scales": [
        400.0,
        1.0
      ],
      "fixed_seeds": [
        0,
        1,
        2,
        3,
        4,
        5,
        6,
        7,
        8,
        9
      ],
      "steps_per_seed": 100
    },
    "source": "bounded per-finger signed-distance search at -1 mm target followed by deterministic dynamic robustness audit",
    "notes": "Shared revolute endpoint preset. The same vector passed tip-connect s=1 but not tip-connect s=400, so it is not silently promoted as a universal preset."
  },
  "dexscrew_tip_penalty_scale": 0.5,
  "vecnormalize": "/data/ypx/allegro_rod_mvp/runs/20260823-1855-net-angle-C-force-curriculum-seed0-R04-s25-mu0.1-iter3-seed0/checkpoints/vecnormalize.pkl",
  "axis_rotation_deg_mean": 3126.813290542431,
  "axis_rotation_deg_std": 96.3800475952853,
  "tip_error_m_mean": 1.7364545158506634e-17,
  "tip_error_m_std": 9.6828179436793e-18,
  "contact_count_mean": 1.1,
  "contact_count_step_distribution": {
    "0": 0.2502,
    "1": 0.5338,
    "2": 0.1956,
    "3": 0.0204
  },
  "contact_fraction_at_least_one": 0.7498,
  "contact_fraction_at_least_two": 0.216,
  "finger_contact_step_fraction": [
    0.3328,
    0.6228,
    0.0306
  ],
  "minimum_window_three_contact_occupancy": {
    "window_steps": 25,
    "minimum_across_episodes": 0.0,
    "mean_episode_minimum": 0.0
  },
  "rolling_contact_gate_failure_steps": {
    "total": 4760,
    "episodes_with_failure": 10
  },
  "per_tip_contact_loss_longest": [
    {
      "mean_steps": 30.4,
      "max_steps": 41,
      "mean_seconds": 1.216,
      "max_seconds": 1.6400000000000001
    },
    {
      "mean_steps": 13.7,
      "max_steps": 18,
      "mean_seconds": 0.5479999999999999,
      "max_seconds": 0.72
    },
    {
      "mean_steps": 472.1,
      "max_steps": 489,
      "mean_seconds": 18.884,
      "max_seconds": 19.56
    }
  ],
  "per_tip_leave_return_events": [
    {
      "mean": 58.8,
      "minimum": 54,
      "maximum": 64,
      "total": 588
    },
    {
      "mean": 78.9,
      "minimum": 72,
      "maximum": 85,
      "total": 789
    },
    {
      "mean": 0.7,
      "minimum": 0,
      "maximum": 4,
      "total": 7
    }
  ],
  "complete_contact_loss_longest": {
    "mean_steps": 10.2,
    "max_steps": 15,
    "mean_seconds": 0.408,
    "max_seconds": 0.6
  },
  "below_two_contact_longest": {
    "mean_steps": 48.6,
    "max_steps": 89,
    "mean_seconds": 1.9440000000000002,
    "max_seconds": 3.56
  },
  "rotation_cycle_metrics": {
    "cumulative_absolute_rotation_deg_mean": 3230.8740436067205,
    "completed_net_cycles_mean": 8.3,
    "episodes_with_at_least_two_net_cycles": 10
  },
  "axial_omega_metrics": {
    "mean_rad_s": 2.404971727132136,
    "p95_rad_s": 6.660601235937587,
    "fraction_above_success_threshold": 0.773
  },
  "tip_error_m_max": 5.084822210304329e-17,
  "numerical_instability_episodes": 0,
  "final_axis_tilt_deg_mean": 0.0,
  "omega_hold_satisfied_rate": 0.0,
  "omega_hold_seconds_max_mean": 1.016,
  "stabilizer_torque_mean": 0.0,
  "stabilizer_torque_max_mean": 0.0,
  "termination_reasons": {
    "none": 10
  },
  "reward_component_step_means": {
    "reward_rotation": 5.055660161138908,
    "reward_tip_penalty": -2.8680113231757693e-31,
    "reward_axis_tilt_penalty": 0.0,
    "reward_axis_tilt_penalty_raw": 0.0,
    "reward_axis_tilt_recovery": 0.0,
    "reward_lateral_omega_penalty": 0.0,
    "reward_contact_bonus": -0.301012,
    "reward_contact_bonus_raw": -3.0101199999999997,
    "reward_proximity": 0.4206546557108042,
    "reward_force_penalty": 0.0,
    "reward_action_rate_penalty": -0.024641548097538067
  },
  "normal_contact_force_n": {
    "per_tip": [
      {
        "mean": 9.281743448353938,
        "median": 0.0,
        "p95": 43.789331198385376
      },
      {
        "mean": 16.351487299023884,
        "median": 12.481317224656133,
        "p95": 49.3508880652008
      },
      {
        "mean": 1.2945431566087244,
        "median": 0.0,
        "p95": 0.0
      }
    ],
    "total": {
      "mean": 26.927773903986544,
      "median": 23.444927735448154,
      "p95": 67.13853867552886
    },
    "definition": "MuJoCo contact-frame normal force, not actuator effort"
  },
  "conditioned_positive_rotation_support_force_n": {
    "condition": "axial_omega > 0.5 rad/s AND contact_count >= 2",
    "eligible_steps": 785,
    "eligible_step_fraction": 0.157,
    "excluded_step_fraction": 0.843,
    "per_tip": [
      {
        "mean": 24.85029672156215,
        "median": 23.495431667201377,
        "p95": 48.86752300404482
      },
      {
        "mean": 27.96112645829792,
        "median": 26.519327347083525,
        "p95": 55.14827232027315
      },
      {
        "mean": 6.964373000555353,
        "median": 0.0,
        "p95": 45.37973428847756
      }
    ],
    "total": {
      "mean": 59.775796180415426,
      "median": 53.386097975489854,
      "p95": 125.79233645660815
    },
    "reference_statistic": "total median",
    "definition": "MuJoCo contact-frame normal force on genuine positive-rotation timesteps with at least two supporting fingertips; not actuator effort"
  },
  "success_rate": 1.0,
  "legacy_omega_success_rate": 0.0,
  "net_angle_success_rate": 1.0,
  "drop_rate": 0.0,
  "passed": true
}
{
  "model": "/data/ypx/allegro_rod_mvp/runs/20260823-1855-net-angle-C-force-curriculum-seed0-R04-s25-mu0.1-iter3-seed0/checkpoints/final_model.zip",
  "stage": 0,
  "episodes": 10,
  "physics_mode": "revolute",
  "reward_style": "dexscrew",
  "tip_connect_solref": null,
  "tip_connect_enabled": false,
  "axis_stabilizer_scale": 0.0,
  "axis_tilt_penalty_weight": 1.0,
  "axis_tilt_recovery_scale": 0.0,
  "rotation_reward_scale": 16.0,
  "contact_reward_mode": "discrete",
  "three_contact_reward": 0.3,
  "rotation_requires_three_contacts": false,
  "contact_support_termination_enabled": false,
  "contact_reward_scale": 0.1,
  "contact_window_steps": 25,
  "contact_window_threshold": 18.0,
  "omega_success_threshold": 0.5,
  "omega_success_hold_seconds": 10.0,
  "success_mode": "net_angle",
  "net_angle_success_threshold_rad": 3.141592653589793,
  "net_angle_success_threshold_deg": 180.0,
  "rod_mass_scale": 25.0,
  "rod_friction_cap": 4.0,
  "contact_friction_scale": 0.1,
  "scale_tip_solref_with_mass": false,
  "contact_friction_vector": [
    0.18000000000000002,
    0.05,
    0.001
  ],
  "tilt_terminate_rad": 0.7,
  "tip_anchor": "bottom",
  "hand_model": "allegro",
  "hand_pose_config": "/data/ypx/allegro_rod_mvp/configs/hand_poses/my_grasp.json",
  "hand_pose_config_sha256": "2d8ac7f17a6693855543395d52022524c1a2956422915ee2962544019f6e7c9f",
  "hand_pose_config_content": {
    "schema": "allegro_rod_mvp.hand_pose",
    "schema_version": 1,
    "transform_space": "model",
    "body": "palm",
    "translation": [
      0.0262807865392716,
      -0.08578110798288589,
      0.113580438493427
    ],
    "quaternion_wxyz": [
      0.7071067811865475,
      1.3877787807814457e-17,
      0.7071067811865476,
      1.3877787807814457e-17
    ],
    "euler_xyz_degrees": [
      169.97501213792427,
      90.0,
      169.97501213792427
    ],
    "source_pose": {
      "type": "model_default",
      "model": "models/allegro_three_finger_rod_revolute.xml",
      "translation": [
        -0.018718,
        -0.022177,
        -0.058714
      ],
      "quaternion_wxyz": [
        0.0,
        0.7071067811865476,
        0.0,
        0.7071067811865476
      ]
    },
    "pivot": "palm_body_origin",
    "rotation_convention": "world-axis incremental rotations pre-multiplied onto the palm orientation; Euler display is extrinsic XYZ in degrees",
    "model_variant": "allegro_three_finger_rod_revolute",
    "compatible_model_variants": [
      "allegro_three_finger_rod",
      "allegro_three_finger_rod_revolute"
    ],
    "created_at": "2026-08-23T17:15:52-07:00",
    "notes": ""
  },
  "hand_grasp_config": "/data/ypx/allegro_rod_mvp/configs/hand_grasps/my_grasp_revolute_shared.json",
  "hand_grasp_config_sha256": "fdd9ead60842eca3167f98ecda3c496ea752cff3fa9e053de47a4544e061b03a",
  "hand_grasp_config_content": {
    "schema": "allegro_rod_mvp.hand_grasp",
    "schema_version": 1,
    "hand_model": "allegro",
    "hand_pose_path": "configs/hand_poses/my_grasp.json",
    "hand_pose_sha256": "2d8ac7f17a6693855543395d52022524c1a2956422915ee2962544019f6e7c9f",
    "joint_order": [
      "f0_j0",
      "f0_j1",
      "f0_j2",
      "f0_j3",
      "f1_j0",
      "f1_j1",
      "f1_j2",
      "f1_j3",
      "f2_j0",
      "f2_j1",
      "f2_j2",
      "f2_j3"
    ],
    "reset_qpos": [
      7.548838867727841e-08,
      1.0736323864341875,
      1.0313785514651856,
      0.7316452497148404,
      0.16193687029911827,
      1.2757924785844845,
      1.0454911512789378,
      0.7641591781446949,
      1.0492318494888706,
      0.40374195243716865,
      0.19782398096519818,
      1.1841084856455784
    ],
    "grasp_qpos": [
      7.548838867727841e-08,
      1.0736323864341875,
      1.0313785514651856,
      0.7316452497148404,
      0.16193687029911827,
      1.2757924785844845,
      1.0454911512789378,
      0.7641591781446949,
      1.0492318494888706,
      0.40374195243716865,
      0.19782398096519818,
      1.1841084856455784
    ],
    "reset_joint_noise": 0.0075,
    "grasp_ramp_steps": 1,
    "grasp_hold_steps": 100,
    "validated_for": {
      "physics_modes": [
        "revolute"
      ],
      "mass_scales": [
        400.0,
        1.0
      ],
      "fixed_seeds": [
        0,
        1,
        2,
        3,
        4,
        5,
        6,
        7,
        8,
        9
      ],
      "steps_per_seed": 100
    },
    "source": "bounded per-finger signed-distance search at -1 mm target followed by deterministic dynamic robustness audit",
    "notes": "Shared revolute endpoint preset. The same vector passed tip-connect s=1 but not tip-connect s=400, so it is not silently promoted as a universal preset."
  },
  "dexscrew_tip_penalty_scale": 0.5,
  "vecnormalize": "/data/ypx/allegro_rod_mvp/runs/20260823-1855-net-angle-C-force-curriculum-seed0-R04-s25-mu0.1-iter3-seed0/checkpoints/vecnormalize.pkl",
  "axis_rotation_deg_mean": 3046.995060355194,
  "axis_rotation_deg_std": 133.95487036221965,
  "tip_error_m_mean": 1.3562077856495816e-17,
  "tip_error_m_std": 7.009337096924314e-18,
  "contact_count_mean": 1.0,
  "contact_count_step_distribution": {
    "0": 0.2624,
    "1": 0.535,
    "2": 0.183,
    "3": 0.0196
  },
  "contact_fraction_at_least_one": 0.7376,
  "contact_fraction_at_least_two": 0.2026,
  "finger_contact_step_fraction": [
    0.3256,
    0.605,
    0.0292
  ],
  "minimum_window_three_contact_occupancy": {
    "window_steps": 25,
    "minimum_across_episodes": 0.0,
    "mean_episode_minimum": 0.0
  },
  "rolling_contact_gate_failure_steps": {
    "total": 4760,
    "episodes_with_failure": 10
  },
  "per_tip_contact_loss_longest": [
    {
      "mean_steps": 32.9,
      "max_steps": 53,
      "mean_seconds": 1.316,
      "max_seconds": 2.12
    },
    {
      "mean_steps": 18.1,
      "max_steps": 24,
      "mean_seconds": 0.7240000000000001,
      "max_seconds": 0.96
    },
    {
      "mean_steps": 433.1,
      "max_steps": 488,
      "mean_seconds": 17.324,
      "max_seconds": 19.52
    }
  ],
  "per_tip_leave_return_events": [
    {
      "mean": 55.4,
      "minimum": 44,
      "maximum": 66,
      "total": 554
    },
    {
      "mean": 74.7,
      "minimum": 63,
      "maximum": 88,
      "total": 747
    },
    {
      "mean": 0.6,
      "minimum": 0,
      "maximum": 2,
      "total": 6
    }
  ],
  "complete_contact_loss_longest": {
    "mean_steps": 10.7,
    "max_steps": 19,
    "mean_seconds": 0.428,
    "max_seconds": 0.76
  },
  "below_two_contact_longest": {
    "mean_steps": 45.8,
    "max_steps": 57,
    "mean_seconds": 1.8319999999999999,
    "max_seconds": 2.2800000000000002
  },
  "rotation_cycle_metrics": {
    "cumulative_absolute_rotation_deg_mean": 3179.2273266913235,
    "completed_net_cycles_mean": 8.0,
    "episodes_with_at_least_two_net_cycles": 10
  },
  "axial_omega_metrics": {
    "mean_rad_s": 2.35514791221435,
    "p95_rad_s": 6.940263778701857,
    "fraction_above_success_threshold": 0.7658
  },
  "tip_error_m_max": 4.758766085665787e-17,
  "numerical_instability_episodes": 0,
  "final_axis_tilt_deg_mean": 0.0,
  "omega_hold_satisfied_rate": 0.0,
  "omega_hold_seconds_max_mean": 1.18,
  "stabilizer_torque_mean": 0.0,
  "stabilizer_torque_max_mean": 0.0,
  "termination_reasons": {
    "none": 10
  },
  "reward_component_step_means": {
    "reward_rotation": 4.845717853570204,
    "reward_tip_penalty": -2.7246527449008366e-31,
    "reward_axis_tilt_penalty": 0.0,
    "reward_axis_tilt_penalty_raw": 0.0,
    "reward_axis_tilt_recovery": 0.0,
    "reward_lateral_omega_penalty": 0.0,
    "reward_contact_bonus": -0.31348200000000004,
    "reward_contact_bonus_raw": -3.1348200000000004,
    "reward_proximity": 0.411317654779387,
    "reward_force_penalty": 0.0,
    "reward_action_rate_penalty": -0.02430826857530454
  },
  "normal_contact_force_n": {
    "per_tip": [
      {
        "mean": 9.153494428143528,
        "median": 0.0,
        "p95": 43.95062061976438
      },
      {
        "mean": 16.64141837553251,
        "median": 12.128122092778115,
        "p95": 51.03689005726722
      },
      {
        "mean": 1.1163275898828278,
        "median": 0.0,
        "p95": 0.0
      }
    ],
    "total": {
      "mean": 26.911240393558867,
      "median": 23.446640760919003,
      "p95": 68.72734637435123
    },
    "definition": "MuJoCo contact-frame normal force, not actuator effort"
  },
  "conditioned_positive_rotation_support_force_n": {
    "condition": "axial_omega > 0.5 rad/s AND contact_count >= 2",
    "eligible_steps": 724,
    "eligible_step_fraction": 0.1448,
    "excluded_step_fraction": 0.8552,
    "per_tip": [
      {
        "mean": 23.886743283847146,
        "median": 21.50923608116485,
        "p95": 48.040997808768644
      },
      {
        "mean": 29.87974374662638,
        "median": 29.2930291750379,
        "p95": 56.59866096536667
      },
      {
        "mean": 6.44528034209315,
        "median": 0.0,
        "p95": 41.2265794452956
      }
    ],
    "total": {
      "mean": 60.21176737256666,
      "median": 54.04328406632597,
      "p95": 126.83068202163443
    },
    "reference_statistic": "total median",
    "definition": "MuJoCo contact-frame normal force on genuine positive-rotation timesteps with at least two supporting fingertips; not actuator effort"
  },
  "success_rate": 1.0,
  "legacy_omega_success_rate": 0.0,
  "net_angle_success_rate": 1.0,
  "drop_rate": 0.0,
  "passed": true
}
