
=== /Users/youpeixing/ws/allegro_rod_mvp/.venv/bin/python /Users/youpeixing/ws/allegro_rod_mvp/scripts/train.py --stage 1 --steps 250000 --resume /Users/youpeixing/ws/allegro_rod_mvp/checkpoints/stage0/final_model.zip ===
Logging to checkpoints/stage0/tb/PPO_1
WARNING: Nan, Inf or huge value in QACC at DOF 12. The simulation is unstable. Time = 0.0320.

WARNING: Nan, Inf or huge value in QACC at DOF 12. The simulation is unstable. Time = 0.0320.

WARNING: Nan, Inf or huge value in QACC at DOF 12. The simulation is unstable. Time = 0.0300.

WARNING: Nan, Inf or huge value in QACC at DOF 12. The simulation is unstable. Time = 0.0340.

WARNING: Nan, Inf or huge value in QACC at DOF 12. The simulation is unstable. Time = 0.0320.

WARNING: Nan, Inf or huge value in QACC at DOF 12. The simulation is unstable. Time = 0.0320.

WARNING: Nan, Inf or huge value in QACC at DOF 12. The simulation is unstable. Time = 0.0300.

WARNING: Nan, Inf or huge value in QACC at DOF 12. The simulation is unstable. Time = 0.0300.

WARNING: Nan, Inf or huge value in QACC at DOF 12. The simulation is unstable. Time = 0.0320.

WARNING: Nan, Inf or huge value in QACC at DOF 12. The simulation is unstable. Time = 0.0300.

WARNING: Nan, Inf or huge value in QACC at DOF 12. The simulation is unstable. Time = 0.0320.

WARNING: Nan, Inf or huge value in QACC at DOF 12. The simulation is unstable. Time = 0.0300.

WARNING: Nan, Inf or huge value in QACC at DOF 12. The simulation is unstable. Time = 0.0300.

WARNING: Nan, Inf or huge value in QACC at DOF 12. The simulation is unstable. Time = 0.0300.

WARNING: Nan, Inf or huge value in QACC at DOF 12. The simulation is unstable. Time = 0.0340.

WARNING: Nan, Inf or huge value in QACC at DOF 12. The simulation is unstable. Time = 0.0320.

WARNING: Nan, Inf or huge value in QACC at DOF 12. The simulation is unstable. Time = 0.0320.

WARNING: Nan, Inf or huge value in QACC at DOF 12. The simulation is unstable. Time = 0.0340.

WARNING: Nan, Inf or huge value in QACC at DOF 12. The simulation is unstable. Time = 0.0320.

WARNING: Nan, Inf or huge value in QACC at DOF 12. The simulation is unstable. Time = 0.0300.

WARNING: Nan, Inf or huge value in QACC at DOF 12. The simulation is unstable. Time = 0.0320.

WARNING: Nan, Inf or huge value in QACC at DOF 12. The simulation is unstable. Time = 0.0300.

---------------------------------
| rollout/           |          |
|    ep_len_mean     | 1.21     |
|    ep_rew_mean     | -16.8    |
|    success_rate    | 0        |
| time/              |          |
|    fps             | 1673     |
|    iterations      | 1        |
|    time_elapsed    | 0        |
|    total_timesteps | 251904   |
---------------------------------
WARNING: Nan, Inf or huge value in QACC at DOF 12. The simulation is unstable. Time = 0.0340.

WARNING: Nan, Inf or huge value in QACC at DOF 12. The simulation is unstable. Time = 0.0320.

WARNING: Nan, Inf or huge value in QACC at DOF 12. The simulation is unstable. Time = 0.0320.

WARNING: Nan, Inf or huge value in QACC at DOF 12. The simulation is unstable. Time = 0.0340.

WARNING: Nan, Inf or huge value in QACC at DOF 12. The simulation is unstable. Time = 0.0320.

WARNING: Nan, Inf or huge value in QACC at DOF 12. The simulation is unstable. Time = 0.0300.

WARNING: Nan, Inf or huge value in QACC at DOF 12. The simulation is unstable. Time = 0.0320.

WARNING: Nan, Inf or huge value in QACC at DOF 12. The simulation is unstable. Time = 0.0320.

WARNING: Nan, Inf or huge value in QACC at DOF 12. The simulation is unstable. Time = 0.0320.

WARNING: Nan, Inf or huge value in QACC at DOF 12. The simulation is unstable. Time = 0.0340.

WARNING: Nan, Inf or huge value in QACC at DOF 12. The simulation is unstable. Time = 0.0340.

WARNING: Nan, Inf or huge value in QACC at DOF 12. The simulation is unstable. Time = 0.0320.

WARNING: Nan, Inf or huge value in QACC at DOF 12. The simulation is unstable. Time = 0.0320.

WARNING: Nan, Inf or huge value in QACC at DOF 12. The simulation is unstable. Time = 0.0340.

WARNING: Nan, Inf or huge value in QACC at DOF 12. The simulation is unstable. Time = 0.0320.

WARNING: Nan, Inf or huge value in QACC at DOF 12. The simulation is unstable. Time = 0.0320.

WARNING: Nan, Inf or huge value in QACC at DOF 12. The simulation is unstable. Time = 0.0320.

WARNING: Nan, Inf or huge value in QACC at DOF 12. The simulation is unstable. Time = 0.0300.

WARNING: Nan, Inf or huge value in QACC at DOF 12. The simulation is unstable. Time = 0.0320.

WARNING: Nan, Inf or huge value in QACC at DOF 12. The simulation is unstable. Time = 0.0320.

WARNING: Nan, Inf or huge value in QACC at DOF 12. The simulation is unstable. Time = 0.0340.

WARNING: Nan, Inf or huge value in QACC at DOF 12. The simulation is unstable. Time = 0.0300.

WARNING: Nan, Inf or huge value in QACC at DOF 12. The simulation is unstable. Time = 0.0300.

WARNING: Nan, Inf or huge value in QACC at DOF 12. The simulation is unstable. Time = 0.0260.

WARNING: Nan, Inf or huge value in QACC at DOF 12. The simulation is unstable. Time = 0.0320.

WARNING: Nan, Inf or huge value in QACC at DOF 12. The simulation is unstable. Time = 0.0320.

-----------------------------------------
| rollout/                |             |
|    ep_len_mean          | 1.35        |
|    ep_rew_mean          | -19.3       |
|    success_rate         | 0           |
| time/                   |             |
|    fps                  | 1543        |
|    iterations           | 2           |
|    time_elapsed         | 1           |
|    total_timesteps      | 252928      |
| train/                  |             |
|    approx_kl            | 0.017977517 |
|    clip_fraction        | 0.114       |
|    clip_range           | 0.2         |
|    entropy_loss         | -13.8       |
|    explained_variance   | 0.0887      |
|    learning_rate        | 0.0003      |
|    loss                 | 115         |
|    n_updates            | 2460        |
|    policy_gradient_loss | -0.0144     |
|    std                  | 1.17        |
|    value_loss           | 950         |
-----------------------------------------
WARNING: Nan, Inf or huge value in QACC at DOF 12. The simulation is unstable. Time = 0.0340.

WARNING: Nan, Inf or huge value in QACC at DOF 12. The simulation is unstable. Time = 0.0340.

WARNING: Nan, Inf or huge value in QACC at DOF 12. The simulation is unstable. Time = 0.0320.

WARNING: Nan, Inf or huge value in QACC at DOF 12. The simulation is unstable. Time = 0.0300.

WARNING: Nan, Inf or huge value in QACC at DOF 12. The simulation is unstable. Time = 0.0320.

WARNING: Nan, Inf or huge value in QACC at DOF 12. The simulation is unstable. Time = 0.0320.

WARNING: Nan, Inf or huge value in QACC at DOF 12. The simulation is unstable. Time = 0.0320.

WARNING: Nan, Inf or huge value in QACC at DOF 12. The simulation is unstable. Time = 0.0320.

WARNING: Nan, Inf or huge value in QACC at DOF 12. The simulation is unstable. Time = 0.0340.

WARNING: Nan, Inf or huge value in QACC at DOF 12. The simulation is unstable. Time = 0.0320.

WARNING: Nan, Inf or huge value in QACC at DOF 12. The simulation is unstable. Time = 0.0340.

WARNING: Nan, Inf or huge value in QACC at DOF 12. The simulation is unstable. Time = 0.0320.

WARNING: Nan, Inf or huge value in QACC at DOF 12. The simulation is unstable. Time = 0.0300.

WARNING: Nan, Inf or huge value in QACC at DOF 12. The simulation is unstable. Time = 0.0320.

WARNING: Nan, Inf or huge value in QACC at DOF 12. The simulation is unstable. Time = 0.0340.

WARNING: Nan, Inf or huge value in QACC at DOF 12. The simulation is unstable. Time = 0.0320.

WARNING: Nan, Inf or huge value in QACC at DOF 12. The simulation is unstable. Time = 0.0340.

WARNING: Nan, Inf or huge value in QACC at DOF 12. The simulation is unstable. Time = 0.0300.

WARNING: Nan, Inf or huge value in QACC at DOF 12. The simulation is unstable. Time = 0.0280.

WARNING: Nan, Inf or huge value in QACC at DOF 12. The simulation is unstable. Time = 0.0320.

WARNING: Nan, Inf or huge value in QACC at DOF 12. The simulation is unstable. Time = 0.0340.

WARNING: Nan, Inf or huge value in QACC at DOF 12. The simulation is unstable. Time = 0.0320.

WARNING: Nan, Inf or huge value in QACC at DOF 12. The simulation is unstable. Time = 0.0300.

WARNING: Nan, Inf or huge value in QACC at DOF 12. The simulation is unstable. Time = 0.0340.

WARNING: Nan, Inf or huge value in QACC at DOF 12. The simulation is unstable. Time = 0.0320.

WARNING: Nan, Inf or huge value in QACC at DOF 12. The simulation is unstable. Time = 0.0280.

-----------------------------------------
| rollout/                |             |
|    ep_len_mean          | 1.3         |
|    ep_rew_mean          | -19         |
|    success_rate         | 0           |
| time/                   |             |
|    fps                  | 1509        |
|    iterations           | 3           |
|    time_elapsed         | 2           |
|    total_timesteps      | 253952      |
| train/                  |             |
|    approx_kl            | 0.005403881 |
|    clip_fraction        | 0.0879      |
|    clip_range           | 0.2         |
|    entropy_loss         | -13.8       |
|    explained_variance   | 0.336       |
|    learning_rate        | 0.0003      |
|    loss                 | 1.25e+03    |
|    n_updates            | 2470        |
|    policy_gradient_loss | -0.0153     |
|    std                  | 1.17        |
|    value_loss           | 1.9e+03     |
-----------------------------------------
WARNING: Nan, Inf or huge value in QACC at DOF 12. The simulation is unstable. Time = 0.0340.

WARNING: Nan, Inf or huge value in QACC at DOF 12. The simulation is unstable. Time = 0.0320.

WARNING: Nan, Inf or huge value in QACC at DOF 12. The simulation is unstable. Time = 0.0340.

WARNING: Nan, Inf or huge value in QACC at DOF 12. The simulation is unstable. Time = 0.0300.

WARNING: Nan, Inf or huge value in QACC at DOF 12. The simulation is unstable. Time = 0.0320.

WARNING: Nan, Inf or huge value in QACC at DOF 12. The simulation is unstable. Time = 0.0320.

WARNING: Nan, Inf or huge value in QACC at DOF 12. The simulation is unstable. Time = 0.0300.

WARNING: Nan, Inf or huge value in QACC at DOF 12. The simulation is unstable. Time = 0.0340.

WARNING: Nan, Inf or huge value in QACC at DOF 12. The simulation is unstable. Time = 0.0280.

WARNING: Nan, Inf or huge value in QACC at DOF 12. The simulation is unstable. Time = 0.0320.

WARNING: Nan, Inf or huge value in QACC at DOF 12. The simulation is unstable. Time = 0.0300.

WARNING: Nan, Inf or huge value in QACC at DOF 12. The simulation is unstable. Time = 0.0300.

WARNING: Nan, Inf or huge value in QACC at DOF 12. The simulation is unstable. Time = 0.0340.

WARNING: Nan, Inf or huge value in QACC at DOF 12. The simulation is unstable. Time = 0.0320.

WARNING: Nan, Inf or huge value in QACC at DOF 12. The simulation is unstable. Time = 0.0280.

WARNING: Nan, Inf or huge value in QACC at DOF 12. The simulation is unstable. Time = 0.0320.

WARNING: Nan, Inf or huge value in QACC at DOF 12. The simulation is unstable. Time = 0.0300.

WARNING: Nan, Inf or huge value in QACC at DOF 12. The simulation is unstable. Time = 0.0320.

WARNING: Nan, Inf or huge value in QACC at DOF 12. The simulation is unstable. Time = 0.0280.

WARNING: Nan, Inf or huge value in QACC at DOF 12. The simulation is unstable. Time = 0.0300.

WARNING: Nan, Inf or huge value in QACC at DOF 12. The simulation is unstable. Time = 0.0320.

WARNING: Nan, Inf or huge value in QACC at DOF 12. The simulation is unstable. Time = 0.0300.

WARNING: Nan, Inf or huge value in QACC at DOF 12. The simulation is unstable. Time = 0.0340.

WARNING: Nan, Inf or huge value in QACC at DOF 12. The simulation is unstable. Time = 0.0320.

WARNING: Nan, Inf or huge value in QACC at DOF 12. The simulation is unstable. Time = 0.0300.

WARNING: Nan, Inf or huge value in QACC at DOF 12. The simulation is unstable. Time = 0.0300.

WARNING: Nan, Inf or huge value in QACC at DOF 12. The simulation is unstable. Time = 0.0280.

WARNING: Nan, Inf or huge value in QACC at DOF 12. The simulation is unstable. Time = 0.0320.

WARNING: Nan, Inf or huge value in QACC at DOF 12. The simulation is unstable. Time = 0.0340.

WARNING: Nan, Inf or huge value in QACC at DOF 12. The simulation is unstable. Time = 0.0300.

WARNING: Nan, Inf or huge value in QACC at DOF 12. The simulation is unstable. Time = 0.0320.

-----------------------------------------
| rollout/                |             |
|    ep_len_mean          | 1.41        |
|    ep_rew_mean          | -19.7       |
|    success_rate         | 0           |
| time/                   |             |
|    fps                  | 1498        |
|    iterations           | 4           |
|    time_elapsed         | 2           |
|    total_timesteps      | 254976      |
| train/                  |             |
|    approx_kl            | 0.007982429 |
|    clip_fraction        | 0.0853      |
|    clip_range           | 0.2         |
|    entropy_loss         | -13.8       |
|    explained_variance   | 0.661       |
|    learning_rate        | 0.0003      |
|    loss                 | 232         |
|    n_updates            | 2480        |
|    policy_gradient_loss | -0.0246     |
|    std                  | 1.17        |
|    value_loss           | 468         |
-----------------------------------------
WARNING: Nan, Inf or huge value in QACC at DOF 12. The simulation is unstable. Time = 0.0320.

WARNING: Nan, Inf or huge value in QACC at DOF 12. The simulation is unstable. Time = 0.0320.

WARNING: Nan, Inf or huge value in QACC at DOF 12. The simulation is unstable. Time = 0.0320.

WARNING: Nan, Inf or huge value in QACC at DOF 12. The simulation is unstable. Time = 0.0320.

WARNING: Nan, Inf or huge value in QACC at DOF 12. The simulation is unstable. Time = 0.0320.

WARNING: Nan, Inf or huge value in QACC at DOF 12. The simulation is unstable. Time = 0.0320.

WARNING: Nan, Inf or huge value in QACC at DOF 12. The simulation is unstable. Time = 0.0320.

WARNING: Nan, Inf or huge value in QACC at DOF 12. The simulation is unstable. Time = 0.0280.

WARNING: Nan, Inf or huge value in QACC at DOF 12. The simulation is unstable. Time = 0.0320.

WARNING: Nan, Inf or huge value in QACC at DOF 12. The simulation is unstable. Time = 0.0300.

WARNING: Nan, Inf or huge value in QACC at DOF 12. The simulation is unstable. Time = 0.0320.

WARNING: Nan, Inf or huge value in QACC at DOF 12. The simulation is unstable. Time = 0.0300.

WARNING: Nan, Inf or huge value in QACC at DOF 12. The simulation is unstable. Time = 0.0300.

WARNING: Nan, Inf or huge value in QACC at DOF 12. The simulation is unstable. Time = 0.0320.

WARNING: Nan, Inf or huge value in QACC at DOF 12. The simulation is unstable. Time = 0.0300.

WARNING: Nan, Inf or huge value in QACC at DOF 12. The simulation is unstable. Time = 0.0320.

WARNING: Nan, Inf or huge value in QACC at DOF 12. The simulation is unstable. Time = 0.0340.

WARNING: Nan, Inf or huge value in QACC at DOF 12. The simulation is unstable. Time = 0.0320.

WARNING: Nan, Inf or huge value in QACC at DOF 12. The simulation is unstable. Time = 0.0320.

WARNING: Nan, Inf or huge value in QACC at DOF 12. The simulation is unstable. Time = 0.0320.

WARNING: Nan, Inf or huge value in QACC at DOF 12. The simulation is unstable. Time = 0.0300.

WARNING: Nan, Inf or huge value in QACC at DOF 12. The simulation is unstable. Time = 0.0320.

WARNING: Nan, Inf or huge value in QACC at DOF 12. The simulation is unstable. Time = 0.0280.

WARNING: Nan, Inf or huge value in QACC at DOF 12. The simulation is unstable. Time = 0.0340.

WARNING: Nan, Inf or huge value in QACC at DOF 12. The simulation is unstable. Time = 0.0320.

-----------------------------------------
| rollout/                |             |
|    ep_len_mean          | 1.08        |
|    ep_rew_mean          | -15.4       |
|    success_rate         | 0           |
| time/                   |             |
|    fps                  | 1487        |
|    iterations           | 5           |
|    time_elapsed         | 3           |
|    total_timesteps      | 256000      |
| train/                  |             |
|    approx_kl            | 0.004361756 |
|    clip_fraction        | 0.0316      |
|    clip_range           | 0.2         |
|    entropy_loss         | -13.8       |
|    explained_variance   | 0.546       |
|    learning_rate        | 0.0003      |
|    loss                 | 351         |
|    n_updates            | 2490        |
|    policy_gradient_loss | -0.0172     |
|    std                  | 1.17        |
|    value_loss           | 1.24e+03    |
-----------------------------------------
WARNING: Nan, Inf or huge value in QACC at DOF 12. The simulation is unstable. Time = 0.0300.

WARNING: Nan, Inf or huge value in QACC at DOF 12. The simulation is unstable. Time = 0.0320.

WARNING: Nan, Inf or huge value in QACC at DOF 12. The simulation is unstable. Time = 0.0320.

WARNING: Nan, Inf or huge value in QACC at DOF 12. The simulation is unstable. Time = 0.0340.

WARNING: Nan, Inf or huge value in QACC at DOF 12. The simulation is unstable. Time = 0.0300.

WARNING: Nan, Inf or huge value in QACC at DOF 12. The simulation is unstable. Time = 0.0300.

WARNING: Nan, Inf or huge value in QACC at DOF 12. The simulation is unstable. Time = 0.0320.

WARNING: Nan, Inf or huge value in QACC at DOF 12. The simulation is unstable. Time = 0.0300.

WARNING: Nan, Inf or huge value in QACC at DOF 12. The simulation is unstable. Time = 0.0340.

WARNING: Nan, Inf or huge value in QACC at DOF 12. The simulation is unstable. Time = 0.0340.

WARNING: Nan, Inf or huge value in QACC at DOF 12. The simulation is unstable. Time = 0.0320.

WARNING: Nan, Inf or huge value in QACC at DOF 12. The simulation is unstable. Time = 0.0320.

WARNING: Nan, Inf or huge value in QACC at DOF 12. The simulation is unstable. Time = 0.0320.

WARNING: Nan, Inf or huge value in QACC at DOF 12. The simulation is unstable. Time = 0.0320.

WARNING: Nan, Inf or huge value in QACC at DOF 12. The simulation is unstable. Time = 0.0320.

WARNING: Nan, Inf or huge value in QACC at DOF 12. The simulation is unstable. Time = 0.0320.

WARNING: Nan, Inf or huge value in QACC at DOF 12. The simulation is unstable. Time = 0.0320.

WARNING: Nan, Inf or huge value in QACC at DOF 12. The simulation is unstable. Time = 0.0300.

WARNING: Nan, Inf or huge value in QACC at DOF 12. The simulation is unstable. Time = 0.0320.

WARNING: Nan, Inf or huge value in QACC at DOF 12. The simulation is unstable. Time = 0.0300.

WARNING: Nan, Inf or huge value in QACC at DOF 12. The simulation is unstable. Time = 0.0300.

WARNING: Nan, Inf or huge value in QACC at DOF 12. The simulation is unstable. Time = 0.0300.

WARNING: Nan, Inf or huge value in QACC at DOF 12. The simulation is unstable. Time = 0.0320.

WARNING: Nan, Inf or huge value in QACC at DOF 12. The simulation is unstable. Time = 0.0320.

WARNING: Nan, Inf or huge value in QACC at DOF 12. The simulation is unstable. Time = 0.0300.

WARNING: Nan, Inf or huge value in QACC at DOF 12. The simulation is unstable. Time = 0.0320.

WARNING: Nan, Inf or huge value in QACC at DOF 12. The simulation is unstable. Time = 0.0300.

WARNING: Nan, Inf or huge value in QACC at DOF 12. The simulation is unstable. Time = 0.0300.

WARNING: Nan, Inf or huge value in QACC at DOF 12. The simulation is unstable. Time = 0.0300.

WARNING: Nan, Inf or huge value in QACC at DOF 12. The simulation is unstable. Time = 0.0320.

WARNING: Nan, Inf or huge value in QACC at DOF 12. The simulation is unstable. Time = 0.0320.

WARNING: Nan, Inf or huge value in QACC at DOF 12. The simulation is unstable. Time = 0.0320.

WARNING: Nan, Inf or huge value in QACC at DOF 12. The simulation is unstable. Time = 0.0300.

-----------------------------------------
| rollout/                |             |
|    ep_len_mean          | 1.26        |
|    ep_rew_mean          | -17.3       |
|    success_rate         | 0           |
| time/                   |             |
|    fps                  | 1472        |
|    iterations           | 6           |
|    time_elapsed         | 4           |
|    total_timesteps      | 257024      |
| train/                  |             |
|    approx_kl            | 0.004890003 |
|    clip_fraction        | 0.0422      |
|    clip_range           | 0.2         |
|    entropy_loss         | -13.8       |
|    explained_variance   | 0.544       |
|    learning_rate        | 0.0003      |
|    loss                 | 329         |
|    n_updates            | 2500        |
|    policy_gradient_loss | -0.0205     |
|    std                  | 1.17        |
|    value_loss           | 1.06e+03    |
-----------------------------------------
WARNING: Nan, Inf or huge value in QACC at DOF 12. The simulation is unstable. Time = 0.0320.

WARNING: Nan, Inf or huge value in QACC at DOF 12. The simulation is unstable. Time = 0.0320.

WARNING: Nan, Inf or huge value in QACC at DOF 12. The simulation is unstable. Time = 0.0340.

WARNING: Nan, Inf or huge value in QACC at DOF 12. The simulation is unstable. Time = 0.0320.

WARNING: Nan, Inf or huge value in QACC at DOF 12. The simulation is unstable. Time = 0.0320.

WARNING: Nan, Inf or huge value in QACC at DOF 12. The simulation is unstable. Time = 0.0320.

WARNING: Nan, Inf or huge value in QACC at DOF 12. The simulation is unstable. Time = 0.0320.

WARNING: Nan, Inf or huge value in QACC at DOF 12. The simulation is unstable. Time = 0.0300.

WARNING: Nan, Inf or huge value in QACC at DOF 12. The simulation is unstable. Time = 0.0320.

WARNING: Nan, Inf or huge value in QACC at DOF 12. The simulation is unstable. Time = 0.0320.

WARNING: Nan, Inf or huge value in QACC at DOF 12. The simulation is unstable. Time = 0.0320.

WARNING: Nan, Inf or huge value in QACC at DOF 12. The simulation is unstable. Time = 0.0320.

WARNING: Nan, Inf or huge value in QACC at DOF 12. The simulation is unstable. Time = 0.0300.

WARNING: Nan, Inf or huge value in QACC at DOF 12. The simulation is unstable. Time = 0.0320.

WARNING: Nan, Inf or huge value in QACC at DOF 12. The simulation is unstable. Time = 0.0300.

WARNING: Nan, Inf or huge value in QACC at DOF 12. The simulation is unstable. Time = 0.0260.

WARNING: Nan, Inf or huge value in QACC at DOF 12. The simulation is unstable. Time = 0.0320.

WARNING: Nan, Inf or huge value in QACC at DOF 12. The simulation is unstable. Time = 0.0340.

WARNING: Nan, Inf or huge value in QACC at DOF 12. The simulation is unstable. Time = 0.0340.

WARNING: Nan, Inf or huge value in QACC at DOF 12. The simulation is unstable. Time = 0.0320.

WARNING: Nan, Inf or huge value in QACC at DOF 12. The simulation is unstable. Time = 0.0320.

WARNING: Nan, Inf or huge value in QACC at DOF 12. The simulation is unstable. Time = 0.0320.

------------------------------------------
| rollout/                |              |
|    ep_len_mean          | 1.11         |
|    ep_rew_mean          | -15.6        |
|    success_rate         | 0            |
| time/                   |              |
|    fps                  | 1464         |
|    iterations           | 7            |
|    time_elapsed         | 4            |
|    total_timesteps      | 258048       |
| train/                  |              |
|    approx_kl            | 0.0070537804 |
|    clip_fraction        | 0.0424       |
|    clip_range           | 0.2          |
|    entropy_loss         | -13.8        |
|    explained_variance   | 0.644        |
|    learning_rate        | 0.0003       |
|    loss                 | 313          |
|    n_updates            | 2510         |
|    policy_gradient_loss | -0.0206      |
|    std                  | 1.17         |
|    value_loss           | 658          |
------------------------------------------
WARNING: Nan, Inf or huge value in QACC at DOF 12. The simulation is unstable. Time = 0.0340.

WARNING: Nan, Inf or huge value in QACC at DOF 12. The simulation is unstable. Time = 0.0320.

WARNING: Nan, Inf or huge value in QACC at DOF 12. The simulation is unstable. Time = 0.0340.

WARNING: Nan, Inf or huge value in QACC at DOF 12. The simulation is unstable. Time = 0.0340.

WARNING: Nan, Inf or huge value in QACC at DOF 12. The simulation is unstable. Time = 0.0320.

WARNING: Nan, Inf or huge value in QACC at DOF 12. The simulation is unstable. Time = 0.0300.

WARNING: Nan, Inf or huge value in QACC at DOF 12. The simulation is unstable. Time = 0.0300.

WARNING: Nan, Inf or huge value in QACC at DOF 12. The simulation is unstable. Time = 0.0340.

WARNING: Nan, Inf or huge value in QACC at DOF 12. The simulation is unstable. Time = 0.0320.

WARNING: Nan, Inf or huge value in QACC at DOF 12. The simulation is unstable. Time = 0.0340.

WARNING: Nan, Inf or huge value in QACC at DOF 12. The simulation is unstable. Time = 0.0280.

WARNING: Nan, Inf or huge value in QACC at DOF 12. The simulation is unstable. Time = 0.0280.

WARNING: Nan, Inf or huge value in QACC at DOF 12. The simulation is unstable. Time = 0.0280.

WARNING: Nan, Inf or huge value in QACC at DOF 12. The simulation is unstable. Time = 0.0300.

WARNING: Nan, Inf or huge value in QACC at DOF 12. The simulation is unstable. Time = 0.0320.

WARNING: Nan, Inf or huge value in QACC at DOF 12. The simulation is unstable. Time = 0.0300.

WARNING: Nan, Inf or huge value in QACC at DOF 12. The simulation is unstable. Time = 0.0300.

WARNING: Nan, Inf or huge value in QACC at DOF 12. The simulation is unstable. Time = 0.0300.

WARNING: Nan, Inf or huge value in QACC at DOF 12. The simulation is unstable. Time = 0.0300.

WARNING: Nan, Inf or huge value in QACC at DOF 12. The simulation is unstable. Time = 0.0320.

WARNING: Nan, Inf or huge value in QACC at DOF 12. The simulation is unstable. Time = 0.0320.

WARNING: Nan, Inf or huge value in QACC at DOF 12. The simulation is unstable. Time = 0.0320.

WARNING: Nan, Inf or huge value in QACC at DOF 12. The simulation is unstable. Time = 0.0260.

WARNING: Nan, Inf or huge value in QACC at DOF 12. The simulation is unstable. Time = 0.0340.

WARNING: Nan, Inf or huge value in QACC at DOF 12. The simulation is unstable. Time = 0.0320.

WARNING: Nan, Inf or huge value in QACC at DOF 12. The simulation is unstable. Time = 0.0320.

WARNING: Nan, Inf or huge value in QACC at DOF 12. The simulation is unstable. Time = 0.0300.

WARNING: Nan, Inf or huge value in QACC at DOF 12. The simulation is unstable. Time = 0.0320.

WARNING: Nan, Inf or huge value in QACC at DOF 12. The simulation is unstable. Time = 0.0300.

WARNING: Nan, Inf or huge value in QACC at DOF 12. The simulation is unstable. Time = 0.0340.

WARNING: Nan, Inf or huge value in QACC at DOF 12. The simulation is unstable. Time = 0.0320.

WARNING: Nan, Inf or huge value in QACC at DOF 12. The simulation is unstable. Time = 0.0320.

WARNING: Nan, Inf or huge value in QACC at DOF 12. The simulation is unstable. Time = 0.0320.

WARNING: Nan, Inf or huge value in QACC at DOF 12. The simulation is unstable. Time = 0.0340.

-----------------------------------------
| rollout/                |             |
|    ep_len_mean          | 1.23        |
|    ep_rew_mean          | -17.9       |
|    success_rate         | 0           |
| time/                   |             |
|    fps                  | 1464        |
|    iterations           | 8           |
|    time_elapsed         | 5           |
|    total_timesteps      | 259072      |
| train/                  |             |
|    approx_kl            | 0.008660749 |
|    clip_fraction        | 0.0577      |
|    clip_range           | 0.2         |
|    entropy_loss         | -13.8       |
|    explained_variance   | 0.625       |
|    learning_rate        | 0.0003      |
|    loss                 | 247         |
|    n_updates            | 2520        |
|    policy_gradient_loss | -0.0233     |
|    std                  | 1.17        |
|    value_loss           | 377         |
-----------------------------------------
WARNING: Nan, Inf or huge value in QACC at DOF 12. The simulation is unstable. Time = 0.0340.

WARNING: Nan, Inf or huge value in QACC at DOF 12. The simulation is unstable. Time = 0.0340.

WARNING: Nan, Inf or huge value in QACC at DOF 12. The simulation is unstable. Time = 0.0340.

WARNING: Nan, Inf or huge value in QACC at DOF 12. The simulation is unstable. Time = 0.0280.

WARNING: Nan, Inf or huge value in QACC at DOF 12. The simulation is unstable. Time = 0.0320.

WARNING: Nan, Inf or huge value in QACC at DOF 12. The simulation is unstable. Time = 0.0320.

WARNING: Nan, Inf or huge value in QACC at DOF 12. The simulation is unstable. Time = 0.0320.

WARNING: Nan, Inf or huge value in QACC at DOF 12. The simulation is unstable. Time = 0.0320.

WARNING: Nan, Inf or huge value in QACC at DOF 12. The simulation is unstable. Time = 0.0320.

WARNING: Nan, Inf or huge value in QACC at DOF 12. The simulation is unstable. Time = 0.0320.

WARNING: Nan, Inf or huge value in QACC at DOF 12. The simulation is unstable. Time = 0.0320.

WARNING: Nan, Inf or huge value in QACC at DOF 12. The simulation is unstable. Time = 0.0340.

WARNING: Nan, Inf or huge value in QACC at DOF 12. The simulation is unstable. Time = 0.0320.

WARNING: Nan, Inf or huge value in QACC at DOF 12. The simulation is unstable. Time = 0.0320.

WARNING: Nan, Inf or huge value in QACC at DOF 12. The simulation is unstable. Time = 0.0320.

WARNING: Nan, Inf or huge value in QACC at DOF 12. The simulation is unstable. Time = 0.0320.

WARNING: Nan, Inf or huge value in QACC at DOF 12. The simulation is unstable. Time = 0.0340.

WARNING: Nan, Inf or huge value in QACC at DOF 12. The simulation is unstable. Time = 0.0300.

WARNING: Nan, Inf or huge value in QACC at DOF 12. The simulation is unstable. Time = 0.0300.

WARNING: Nan, Inf or huge value in QACC at DOF 12. The simulation is unstable. Time = 0.0320.

WARNING: Nan, Inf or huge value in QACC at DOF 12. The simulation is unstable. Time = 0.0320.

WARNING: Nan, Inf or huge value in QACC at DOF 12. The simulation is unstable. Time = 0.0320.

WARNING: Nan, Inf or huge value in QACC at DOF 12. The simulation is unstable. Time = 0.0280.

WARNING: Nan, Inf or huge value in QACC at DOF 12. The simulation is unstable. Time = 0.0260.

WARNING: Nan, Inf or huge value in QACC at DOF 12. The simulation is unstable. Time = 0.0340.

WARNING: Nan, Inf or huge value in QACC at DOF 12. The simulation is unstable. Time = 0.0300.

WARNING: Nan, Inf or huge value in QACC at DOF 12. The simulation is unstable. Time = 0.0340.

WARNING: Nan, Inf or huge value in QACC at DOF 12. The simulation is unstable. Time = 0.0320.

-----------------------------------------
| rollout/                |             |
|    ep_len_mean          | 1.22        |
|    ep_rew_mean          | -16.9       |
|    success_rate         | 0           |
| time/                   |             |
|    fps                  | 1458        |
|    iterations           | 9           |
|    time_elapsed         | 6           |
|    total_timesteps      | 260096      |
| train/                  |             |
|    approx_kl            | 0.009747164 |
|    clip_fraction        | 0.0667      |
|    clip_range           | 0.2         |
|    entropy_loss         | -13.8       |
|    explained_variance   | 0.69        |
|    learning_rate        | 0.0003      |
|    loss                 | 211         |
|    n_updates            | 2530        |
|    policy_gradient_loss | -0.0272     |
|    std                  | 1.17        |
|    value_loss           | 565         |
-----------------------------------------
WARNING: Nan, Inf or huge value in QACC at DOF 12. The simulation is unstable. Time = 0.0300.

WARNING: Nan, Inf or huge value in QACC at DOF 12. The simulation is unstable. Time = 0.0340.

WARNING: Nan, Inf or huge value in QACC at DOF 12. The simulation is unstable. Time = 0.0300.

WARNING: Nan, Inf or huge value in QACC at DOF 12. The simulation is unstable. Time = 0.0320.

WARNING: Nan, Inf or huge value in QACC at DOF 12. The simulation is unstable. Time = 0.0340.

WARNING: Nan, Inf or huge value in QACC at DOF 12. The simulation is unstable. Time = 0.0320.

WARNING: Nan, Inf or huge value in QACC at DOF 12. The simulation is unstable. Time = 0.0320.

WARNING: Nan, Inf or huge value in QACC at DOF 12. The simulation is unstable. Time = 0.0320.

WARNING: Nan, Inf or huge value in QACC at DOF 12. The simulation is unstable. Time = 0.0320.

WARNING: Nan, Inf or huge value in QACC at DOF 12. The simulation is unstable. Time = 0.0320.

WARNING: Nan, Inf or huge value in QACC at DOF 12. The simulation is unstable. Time = 0.0340.

WARNING: Nan, Inf or huge value in QACC at DOF 12. The simulation is unstable. Time = 0.0320.

WARNING: Nan, Inf or huge value in QACC at DOF 12. The simulation is unstable. Time = 0.0320.

WARNING: Nan, Inf or huge value in QACC at DOF 12. The simulation is unstable. Time = 0.0280.

WARNING: Nan, Inf or huge value in QACC at DOF 12. The simulation is unstable. Time = 0.0280.

WARNING: Nan, Inf or huge value in QACC at DOF 12. The simulation is unstable. Time = 0.0320.

WARNING: Nan, Inf or huge value in QACC at DOF 12. The simulation is unstable. Time = 0.0320.

WARNING: Nan, Inf or huge value in QACC at DOF 12. The simulation is unstable. Time = 0.0320.

WARNING: Nan, Inf or huge value in QACC at DOF 12. The simulation is unstable. Time = 0.0300.

WARNING: Nan, Inf or huge value in QACC at DOF 12. The simulation is unstable. Time = 0.0340.

WARNING: Nan, Inf or huge value in QACC at DOF 12. The simulation is unstable. Time = 0.0340.

WARNING: Nan, Inf or huge value in QACC at DOF 12. The simulation is unstable. Time = 0.0300.

WARNING: Nan, Inf or huge value in QACC at DOF 12. The simulation is unstable. Time = 0.0320.

WARNING: Nan, Inf or huge value in QACC at DOF 12. The simulation is unstable. Time = 0.0300.

WARNING: Nan, Inf or huge value in QACC at DOF 12. The simulation is unstable. Time = 0.0300.

WARNING: Nan, Inf or huge value in QACC at DOF 12. The simulation is unstable. Time = 0.0320.

WARNING: Nan, Inf or huge value in QACC at DOF 12. The simulation is unstable. Time = 0.0320.

WARNING: Nan, Inf or huge value in QACC at DOF 12. The simulation is unstable. Time = 0.0320.

WARNING: Nan, Inf or huge value in QACC at DOF 12. The simulation is unstable. Time = 0.0340.

WARNING: Nan, Inf or huge value in QACC at DOF 12. The simulation is unstable. Time = 0.0340.

-----------------------------------------
| rollout/                |             |
|    ep_len_mean          | 1.25        |
|    ep_rew_mean          | -19.2       |
|    success_rate         | 0           |
| time/                   |             |
|    fps                  | 1455        |
|    iterations           | 10          |
|    time_elapsed         | 7           |
|    total_timesteps      | 261120      |
| train/                  |             |
|    approx_kl            | 0.010657102 |
|    clip_fraction        | 0.0894      |
|    clip_range           | 0.2         |
|    entropy_loss         | -13.8       |
|    explained_variance   | 0.748       |
|    learning_rate        | 0.0003      |
|    loss                 | 41.8        |
|    n_updates            | 2540        |
|    policy_gradient_loss | -0.0236     |
|    std                  | 1.17        |
|    value_loss           | 225         |
-----------------------------------------
WARNING: Nan, Inf or huge value in QACC at DOF 12. The simulation is unstable. Time = 0.0280.

WARNING: Nan, Inf or huge value in QACC at DOF 12. The simulation is unstable. Time = 0.0320.

WARNING: Nan, Inf or huge value in QACC at DOF 12. The simulation is unstable. Time = 0.0320.

WARNING: Nan, Inf or huge value in QACC at DOF 12. The simulation is unstable. Time = 0.0320.

WARNING: Nan, Inf or huge value in QACC at DOF 12. The simulation is unstable. Time = 0.0340.

WARNING: Nan, Inf or huge value in QACC at DOF 12. The simulation is unstable. Time = 0.0300.

WARNING: Nan, Inf or huge value in QACC at DOF 12. The simulation is unstable. Time = 0.0300.

WARNING: Nan, Inf or huge value in QACC at DOF 12. The simulation is unstable. Time = 0.0300.

WARNING: Nan, Inf or huge value in QACC at DOF 12. The simulation is unstable. Time = 0.0340.

WARNING: Nan, Inf or huge value in QACC at DOF 12. The simulation is unstable. Time = 0.0340.

WARNING: Nan, Inf or huge value in QACC at DOF 12. The simulation is unstable. Time = 0.0340.

WARNING: Nan, Inf or huge value in QACC at DOF 12. The simulation is unstable. Time = 0.0320.

WARNING: Nan, Inf or huge value in QACC at DOF 12. The simulation is unstable. Time = 0.0320.

WARNING: Nan, Inf or huge value in QACC at DOF 12. The simulation is unstable. Time = 0.0320.

WARNING: Nan, Inf or huge value in QACC at DOF 12. The simulation is unstable. Time = 0.0320.

WARNING: Nan, Inf or huge value in QACC at DOF 12. The simulation is unstable. Time = 0.0320.

WARNING: Nan, Inf or huge value in QACC at DOF 12. The simulation is unstable. Time = 0.0300.

WARNING: Nan, Inf or huge value in QACC at DOF 12. The simulation is unstable. Time = 0.0340.

WARNING: Nan, Inf or huge value in QACC at DOF 12. The simulation is unstable. Time = 0.0320.

WARNING: Nan, Inf or huge value in QACC at DOF 12. The simulation is unstable. Time = 0.0320.

WARNING: Nan, Inf or huge value in QACC at DOF 12. The simulation is unstable. Time = 0.0320.

WARNING: Nan, Inf or huge value in QACC at DOF 12. The simulation is unstable. Time = 0.0340.

WARNING: Nan, Inf or huge value in QACC at DOF 12. The simulation is unstable. Time = 0.0340.

WARNING: Nan, Inf or huge value in QACC at DOF 12. The simulation is unstable. Time = 0.0340.

WARNING: Nan, Inf or huge value in QACC at DOF 12. The simulation is unstable. Time = 0.0340.

WARNING: Nan, Inf or huge value in QACC at DOF 12. The simulation is unstable. Time = 0.0320.

WARNING: Nan, Inf or huge value in QACC at DOF 12. The simulation is unstable. Time = 0.0340.

WARNING: Nan, Inf or huge value in QACC at DOF 12. The simulation is unstable. Time = 0.0320.

WARNING: Nan, Inf or huge value in QACC at DOF 12. The simulation is unstable. Time = 0.0320.

WARNING: Nan, Inf or huge value in QACC at DOF 12. The simulation is unstable. Time = 0.0300.

WARNING: Nan, Inf or huge value in QACC at DOF 12. The simulation is unstable. Time = 0.0340.

-----------------------------------------
| rollout/                |             |
|    ep_len_mean          | 1.09        |
|    ep_rew_mean          | -15.5       |
|    success_rate         | 0           |
| time/                   |             |
|    fps                  | 1453        |
|    iterations           | 11          |
|    time_elapsed         | 7           |
|    total_timesteps      | 262144      |
| train/                  |             |
|    approx_kl            | 0.008089194 |
|    clip_fraction        | 0.0822      |
|    clip_range           | 0.2         |
|    entropy_loss         | -13.8       |
|    explained_variance   | 0.73        |
|    learning_rate        | 0.0003      |
|    loss                 | 72.1        |
|    n_updates            | 2550        |
|    policy_gradient_loss | -0.0245     |
|    std                  | 1.17        |
|    value_loss           | 206         |
-----------------------------------------
WARNING: Nan, Inf or huge value in QACC at DOF 12. The simulation is unstable. Time = 0.0320.

WARNING: Nan, Inf or huge value in QACC at DOF 12. The simulation is unstable. Time = 0.0320.

WARNING: Nan, Inf or huge value in QACC at DOF 12. The simulation is unstable. Time = 0.0320.

WARNING: Nan, Inf or huge value in QACC at DOF 12. The simulation is unstable. Time = 0.0320.

WARNING: Nan, Inf or huge value in QACC at DOF 12. The simulation is unstable. Time = 0.0320.

WARNING: Nan, Inf or huge value in QACC at DOF 12. The simulation is unstable. Time = 0.0300.

WARNING: Nan, Inf or huge value in QACC at DOF 12. The simulation is unstable. Time = 0.0320.

WARNING: Nan, Inf or huge value in QACC at DOF 12. The simulation is unstable. Time = 0.0280.

WARNING: Nan, Inf or huge value in QACC at DOF 12. The simulation is unstable. Time = 0.0340.

WARNING: Nan, Inf or huge value in QACC at DOF 12. The simulation is unstable. Time = 0.0320.

WARNING: Nan, Inf or huge value in QACC at DOF 12. The simulation is unstable. Time = 0.0320.

WARNING: Nan, Inf or huge value in QACC at DOF 12. The simulation is unstable. Time = 0.0320.

WARNING: Nan, Inf or huge value in QACC at DOF 12. The simulation is unstable. Time = 0.0320.

WARNING: Nan, Inf or huge value in QACC at DOF 12. The simulation is unstable. Time = 0.0340.

WARNING: Nan, Inf or huge value in QACC at DOF 12. The simulation is unstable. Time = 0.0340.

WARNING: Nan, Inf or huge value in QACC at DOF 12. The simulation is unstable. Time = 0.0320.

WARNING: Nan, Inf or huge value in QACC at DOF 12. The simulation is unstable. Time = 0.0320.

WARNING: Nan, Inf or huge value in QACC at DOF 12. The simulation is unstable. Time = 0.0320.

WARNING: Nan, Inf or huge value in QACC at DOF 12. The simulation is unstable. Time = 0.0320.

WARNING: Nan, Inf or huge value in QACC at DOF 12. The simulation is unstable. Time = 0.0320.

WARNING: Nan, Inf or huge value in QACC at DOF 12. The simulation is unstable. Time = 0.0320.

WARNING: Nan, Inf or huge value in QACC at DOF 12. The simulation is unstable. Time = 0.0320.

WARNING: Nan, Inf or huge value in QACC at DOF 12. The simulation is unstable. Time = 0.0300.

WARNING: Nan, Inf or huge value in QACC at DOF 12. The simulation is unstable. Time = 0.0300.

WARNING: Nan, Inf or huge value in QACC at DOF 12. The simulation is unstable. Time = 0.0300.

WARNING: Nan, Inf or huge value in QACC at DOF 12. The simulation is unstable. Time = 0.0320.

WARNING: Nan, Inf or huge value in QACC at DOF 12. The simulation is unstable. Time = 0.0300.

WARNING: Nan, Inf or huge value in QACC at DOF 12. The simulation is unstable. Time = 0.0340.

WARNING: Nan, Inf or huge value in QACC at DOF 12. The simulation is unstable. Time = 0.0320.

WARNING: Nan, Inf or huge value in QACC at DOF 12. The simulation is unstable. Time = 0.0300.

WARNING: Nan, Inf or huge value in QACC at DOF 12. The simulation is unstable. Time = 0.0320.

----------------------------------------
| rollout/                |            |
|    ep_len_mean          | 1.16       |
|    ep_rew_mean          | -16.9      |
|    success_rate         | 0          |
| time/                   |            |
|    fps                  | 1452       |
|    iterations           | 12         |
|    time_elapsed         | 8          |
|    total_timesteps      | 263168     |
| train/                  |            |
|    approx_kl            | 0.01581546 |
|    clip_fraction        | 0.138      |
|    clip_range           | 0.2        |
|    entropy_loss         | -13.8      |
|    explained_variance   | 0.73       |
|    learning_rate        | 0.0003     |
|    loss                 | 71.4       |
|    n_updates            | 2560       |
|    policy_gradient_loss | -0.0282    |
|    std                  | 1.17       |
|    value_loss           | 159        |
----------------------------------------
WARNING: Nan, Inf or huge value in QACC at DOF 12. The simulation is unstable. Time = 0.0300.

WARNING: Nan, Inf or huge value in QACC at DOF 12. The simulation is unstable. Time = 0.0320.

WARNING: Nan, Inf or huge value in QACC at DOF 12. The simulation is unstable. Time = 0.0340.

WARNING: Nan, Inf or huge value in QACC at DOF 12. The simulation is unstable. Time = 0.0300.

WARNING: Nan, Inf or huge value in QACC at DOF 12. The simulation is unstable. Time = 0.0300.

WARNING: Nan, Inf or huge value in QACC at DOF 12. The simulation is unstable. Time = 0.0320.

WARNING: Nan, Inf or huge value in QACC at DOF 12. The simulation is unstable. Time = 0.0320.

WARNING: Nan, Inf or huge value in QACC at DOF 12. The simulation is unstable. Time = 0.0320.

WARNING: Nan, Inf or huge value in QACC at DOF 12. The simulation is unstable. Time = 0.0320.

WARNING: Nan, Inf or huge value in QACC at DOF 12. The simulation is unstable. Time = 0.0320.

WARNING: Nan, Inf or huge value in QACC at DOF 12. The simulation is unstable. Time = 0.0340.

WARNING: Nan, Inf or huge value in QACC at DOF 12. The simulation is unstable. Time = 0.0320.

WARNING: Nan, Inf or huge value in QACC at DOF 12. The simulation is unstable. Time = 0.0340.

WARNING: Nan, Inf or huge value in QACC at DOF 12. The simulation is unstable. Time = 0.0340.

WARNING: Nan, Inf or huge value in QACC at DOF 12. The simulation is unstable. Time = 0.0320.

WARNING: Nan, Inf or huge value in QACC at DOF 12. The simulation is unstable. Time = 0.0340.

WARNING: Nan, Inf or huge value in QACC at DOF 12. The simulation is unstable. Time = 0.0320.

WARNING: Nan, Inf or huge value in QACC at DOF 12. The simulation is unstable. Time = 0.0320.

WARNING: Nan, Inf or huge value in QACC at DOF 12. The simulation is unstable. Time = 0.0300.

WARNING: Nan, Inf or huge value in QACC at DOF 12. The simulation is unstable. Time = 0.0300.

WARNING: Nan, Inf or huge value in QACC at DOF 12. The simulation is unstable. Time = 0.0320.

WARNING: Nan, Inf or huge value in QACC at DOF 12. The simulation is unstable. Time = 0.0300.

WARNING: Nan, Inf or huge value in QACC at DOF 12. The simulation is unstable. Time = 0.0320.

WARNING: Nan, Inf or huge value in QACC at DOF 12. The simulation is unstable. Time = 0.0340.

WARNING: Nan, Inf or huge value in QACC at DOF 12. The simulation is unstable. Time = 0.0340.

WARNING: Nan, Inf or huge value in QACC at DOF 12. The simulation is unstable. Time = 0.0340.

-----------------------------------------
| rollout/                |             |
|    ep_len_mean          | 1.14        |
|    ep_rew_mean          | -16.1       |
|    success_rate         | 0           |
| time/                   |             |
|    fps                  | 1450        |
|    iterations           | 13          |
|    time_elapsed         | 9           |
|    total_timesteps      | 264192      |
| train/                  |             |
|    approx_kl            | 0.008411782 |
|    clip_fraction        | 0.074       |
|    clip_range           | 0.2         |
|    entropy_loss         | -13.8       |
|    explained_variance   | 0.744       |
|    learning_rate        | 0.0003      |
|    loss                 | 63.1        |
|    n_updates            | 2570        |
|    policy_gradient_loss | -0.0279     |
|    std                  | 1.17        |
|    value_loss           | 224         |
-----------------------------------------
WARNING: Nan, Inf or huge value in QACC at DOF 12. The simulation is unstable. Time = 0.0340.

WARNING: Nan, Inf or huge value in QACC at DOF 12. The simulation is unstable. Time = 0.0320.

WARNING: Nan, Inf or huge value in QACC at DOF 12. The simulation is unstable. Time = 0.0300.

WARNING: Nan, Inf or huge value in QACC at DOF 12. The simulation is unstable. Time = 0.0320.

WARNING: Nan, Inf or huge value in QACC at DOF 12. The simulation is unstable. Time = 0.0300.

WARNING: Nan, Inf or huge value in QACC at DOF 12. The simulation is unstable. Time = 0.0320.

WARNING: Nan, Inf or huge value in QACC at DOF 12. The simulation is unstable. Time = 0.0260.

WARNING: Nan, Inf or huge value in QACC at DOF 12. The simulation is unstable. Time = 0.0300.

WARNING: Nan, Inf or huge value in QACC at DOF 12. The simulation is unstable. Time = 0.0340.

WARNING: Nan, Inf or huge value in QACC at DOF 12. The simulation is unstable. Time = 0.0320.

WARNING: Nan, Inf or huge value in QACC at DOF 12. The simulation is unstable. Time = 0.0300.

WARNING: Nan, Inf or huge value in QACC at DOF 12. The simulation is unstable. Time = 0.0340.

WARNING: Nan, Inf or huge value in QACC at DOF 12. The simulation is unstable. Time = 0.0300.

WARNING: Nan, Inf or huge value in QACC at DOF 12. The simulation is unstable. Time = 0.0300.

WARNING: Nan, Inf or huge value in QACC at DOF 12. The simulation is unstable. Time = 0.0320.

WARNING: Nan, Inf or huge value in QACC at DOF 12. The simulation is unstable. Time = 0.0280.

WARNING: Nan, Inf or huge value in QACC at DOF 12. The simulation is unstable. Time = 0.0320.

WARNING: Nan, Inf or huge value in QACC at DOF 12. The simulation is unstable. Time = 0.0320.

WARNING: Nan, Inf or huge value in QACC at DOF 12. The simulation is unstable. Time = 0.0320.

WARNING: Nan, Inf or huge value in QACC at DOF 12. The simulation is unstable. Time = 0.0320.

WARNING: Nan, Inf or huge value in QACC at DOF 12. The simulation is unstable. Time = 0.0300.

WARNING: Nan, Inf or huge value in QACC at DOF 12. The simulation is unstable. Time = 0.0300.

-----------------------------------------
| rollout/                |             |
|    ep_len_mean          | 1.15        |
|    ep_rew_mean          | -16.1       |
|    success_rate         | 0           |
| time/                   |             |
|    fps                  | 1448        |
|    iterations           | 14          |
|    time_elapsed         | 9           |
|    total_timesteps      | 265216      |
| train/                  |             |
|    approx_kl            | 0.009129513 |
|    clip_fraction        | 0.141       |
|    clip_range           | 0.2         |
|    entropy_loss         | -13.8       |
|    explained_variance   | 0.622       |
|    learning_rate        | 0.0003      |
|    loss                 | 54.3        |
|    n_updates            | 2580        |
|    policy_gradient_loss | -0.0254     |
|    std                  | 1.17        |
|    value_loss           | 125         |
-----------------------------------------
WARNING: Nan, Inf or huge value in QACC at DOF 12. The simulation is unstable. Time = 0.0300.

WARNING: Nan, Inf or huge value in QACC at DOF 12. The simulation is unstable. Time = 0.0340.

WARNING: Nan, Inf or huge value in QACC at DOF 12. The simulation is unstable. Time = 0.0340.

WARNING: Nan, Inf or huge value in QACC at DOF 12. The simulation is unstable. Time = 0.0300.

WARNING: Nan, Inf or huge value in QACC at DOF 12. The simulation is unstable. Time = 0.0320.

WARNING: Nan, Inf or huge value in QACC at DOF 12. The simulation is unstable. Time = 0.0320.

WARNING: Nan, Inf or huge value in QACC at DOF 12. The simulation is unstable. Time = 0.0340.

WARNING: Nan, Inf or huge value in QACC at DOF 12. The simulation is unstable. Time = 0.0340.

WARNING: Nan, Inf or huge value in QACC at DOF 12. The simulation is unstable. Time = 0.0320.

WARNING: Nan, Inf or huge value in QACC at DOF 12. The simulation is unstable. Time = 0.0320.

WARNING: Nan, Inf or huge value in QACC at DOF 12. The simulation is unstable. Time = 0.0320.

WARNING: Nan, Inf or huge value in QACC at DOF 12. The simulation is unstable. Time = 0.0300.

WARNING: Nan, Inf or huge value in QACC at DOF 12. The simulation is unstable. Time = 0.0320.

WARNING: Nan, Inf or huge value in QACC at DOF 12. The simulation is unstable. Time = 0.0320.

WARNING: Nan, Inf or huge value in QACC at DOF 12. The simulation is unstable. Time = 0.0340.

WARNING: Nan, Inf or huge value in QACC at DOF 12. The simulation is unstable. Time = 0.0300.

WARNING: Nan, Inf or huge value in QACC at DOF 12. The simulation is unstable. Time = 0.0280.

WARNING: Nan, Inf or huge value in QACC at DOF 12. The simulation is unstable. Time = 0.0320.

WARNING: Nan, Inf or huge value in QACC at DOF 12. The simulation is unstable. Time = 0.0320.

WARNING: Nan, Inf or huge value in QACC at DOF 12. The simulation is unstable. Time = 0.0340.

WARNING: Nan, Inf or huge value in QACC at DOF 12. The simulation is unstable. Time = 0.0300.

WARNING: Nan, Inf or huge value in QACC at DOF 12. The simulation is unstable. Time = 0.0320.

WARNING: Nan, Inf or huge value in QACC at DOF 12. The simulation is unstable. Time = 0.0300.

WARNING: Nan, Inf or huge value in QACC at DOF 12. The simulation is unstable. Time = 0.0320.

WARNING: Nan, Inf or huge value in QACC at DOF 12. The simulation is unstable. Time = 0.0320.

WARNING: Nan, Inf or huge value in QACC at DOF 12. The simulation is unstable. Time = 0.0300.

WARNING: Nan, Inf or huge value in QACC at DOF 12. The simulation is unstable. Time = 0.0300.

WARNING: Nan, Inf or huge value in QACC at DOF 12. The simulation is unstable. Time = 0.0320.

WARNING: Nan, Inf or huge value in QACC at DOF 12. The simulation is unstable. Time = 0.0300.

WARNING: Nan, Inf or huge value in QACC at DOF 12. The simulation is unstable. Time = 0.0320.

WARNING: Nan, Inf or huge value in QACC at DOF 12. The simulation is unstable. Time = 0.0340.

WARNING: Nan, Inf or huge value in QACC at DOF 12. The simulation is unstable. Time = 0.0320.

WARNING: Nan, Inf or huge value in QACC at DOF 12. The simulation is unstable. Time = 0.0340.

-----------------------------------------
| rollout/                |             |
|    ep_len_mean          | 1.25        |
|    ep_rew_mean          | -17.8       |
|    success_rate         | 0           |
| time/                   |             |
|    fps                  | 1447        |
|    iterations           | 15          |
|    time_elapsed         | 10          |
|    total_timesteps      | 266240      |
| train/                  |             |
|    approx_kl            | 0.012843374 |
|    clip_fraction        | 0.194       |
|    clip_range           | 0.2         |
|    entropy_loss         | -13.8       |
|    explained_variance   | 0.798       |
|    learning_rate        | 0.0003      |
|    loss                 | 19.9        |
|    n_updates            | 2590        |
|    policy_gradient_loss | -0.0253     |
|    std                  | 1.17        |
|    value_loss           | 56.4        |
-----------------------------------------
WARNING: Nan, Inf or huge value in QACC at DOF 12. The simulation is unstable. Time = 0.0320.

WARNING: Nan, Inf or huge value in QACC at DOF 12. The simulation is unstable. Time = 0.0320.

WARNING: Nan, Inf or huge value in QACC at DOF 12. The simulation is unstable. Time = 0.0320.

WARNING: Nan, Inf or huge value in QACC at DOF 12. The simulation is unstable. Time = 0.0320.

WARNING: Nan, Inf or huge value in QACC at DOF 12. The simulation is unstable. Time = 0.0300.

WARNING: Nan, Inf or huge value in QACC at DOF 12. The simulation is unstable. Time = 0.0280.

WARNING: Nan, Inf or huge value in QACC at DOF 12. The simulation is unstable. Time = 0.0300.

WARNING: Nan, Inf or huge value in QACC at DOF 12. The simulation is unstable. Time = 0.0340.

WARNING: Nan, Inf or huge value in QACC at DOF 12. The simulation is unstable. Time = 0.0320.

WARNING: Nan, Inf or huge value in QACC at DOF 12. The simulation is unstable. Time = 0.0300.

WARNING: Nan, Inf or huge value in QACC at DOF 12. The simulation is unstable. Time = 0.0300.

WARNING: Nan, Inf or huge value in QACC at DOF 12. The simulation is unstable. Time = 0.0320.

WARNING: Nan, Inf or huge value in QACC at DOF 12. The simulation is unstable. Time = 0.0340.

WARNING: Nan, Inf or huge value in QACC at DOF 12. The simulation is unstable. Time = 0.0340.

WARNING: Nan, Inf or huge value in QACC at DOF 12. The simulation is unstable. Time = 0.0320.

WARNING: Nan, Inf or huge value in QACC at DOF 12. The simulation is unstable. Time = 0.0320.

WARNING: Nan, Inf or huge value in QACC at DOF 12. The simulation is unstable. Time = 0.0340.

WARNING: Nan, Inf or huge value in QACC at DOF 12. The simulation is unstable. Time = 0.0300.

WARNING: Nan, Inf or huge value in QACC at DOF 12. The simulation is unstable. Time = 0.0320.

WARNING: Nan, Inf or huge value in QACC at DOF 12. The simulation is unstable. Time = 0.0320.

WARNING: Nan, Inf or huge value in QACC at DOF 12. The simulation is unstable. Time = 0.0300.

WARNING: Nan, Inf or huge value in QACC at DOF 12. The simulation is unstable. Time = 0.0320.

WARNING: Nan, Inf or huge value in QACC at DOF 12. The simulation is unstable. Time = 0.0320.

WARNING: Nan, Inf or huge value in QACC at DOF 12. The simulation is unstable. Time = 0.0340.

WARNING: Nan, Inf or huge value in QACC at DOF 12. The simulation is unstable. Time = 0.0320.

-----------------------------------------
| rollout/                |             |
|    ep_len_mean          | 1.07        |
|    ep_rew_mean          | -15.5       |
|    success_rate         | 0           |
| time/                   |             |
|    fps                  | 1445        |
|    iterations           | 16          |
|    time_elapsed         | 11          |
|    total_timesteps      | 267264      |
| train/                  |             |
|    approx_kl            | 0.019858409 |
|    clip_fraction        | 0.162       |
|    clip_range           | 0.2         |
|    entropy_loss         | -13.8       |
|    explained_variance   | 0.845       |
|    learning_rate        | 0.0003      |
|    loss                 | 15.5        |
|    n_updates            | 2600        |
|    policy_gradient_loss | -0.0318     |
|    std                  | 1.17        |
|    value_loss           | 36.5        |
-----------------------------------------
WARNING: Nan, Inf or huge value in QACC at DOF 12. The simulation is unstable. Time = 0.0340.

WARNING: Nan, Inf or huge value in QACC at DOF 12. The simulation is unstable. Time = 0.0320.

WARNING: Nan, Inf or huge value in QACC at DOF 12. The simulation is unstable. Time = 0.0320.

WARNING: Nan, Inf or huge value in QACC at DOF 12. The simulation is unstable. Time = 0.0320.

WARNING: Nan, Inf or huge value in QACC at DOF 12. The simulation is unstable. Time = 0.0300.

WARNING: Nan, Inf or huge value in QACC at DOF 12. The simulation is unstable. Time = 0.0300.

WARNING: Nan, Inf or huge value in QACC at DOF 12. The simulation is unstable. Time = 0.0320.

WARNING: Nan, Inf or huge value in QACC at DOF 12. The simulation is unstable. Time = 0.0340.

WARNING: Nan, Inf or huge value in QACC at DOF 12. The simulation is unstable. Time = 0.0280.

WARNING: Nan, Inf or huge value in QACC at DOF 12. The simulation is unstable. Time = 0.0320.

WARNING: Nan, Inf or huge value in QACC at DOF 12. The simulation is unstable. Time = 0.0320.

WARNING: Nan, Inf or huge value in QACC at DOF 12. The simulation is unstable. Time = 0.0300.

WARNING: Nan, Inf or huge value in QACC at DOF 12. The simulation is unstable. Time = 0.0340.

WARNING: Nan, Inf or huge value in QACC at DOF 12. The simulation is unstable. Time = 0.0280.

WARNING: Nan, Inf or huge value in QACC at DOF 12. The simulation is unstable. Time = 0.0320.

WARNING: Nan, Inf or huge value in QACC at DOF 12. The simulation is unstable. Time = 0.0300.

WARNING: Nan, Inf or huge value in QACC at DOF 12. The simulation is unstable. Time = 0.0320.

WARNING: Nan, Inf or huge value in QACC at DOF 12. The simulation is unstable. Time = 0.0300.

WARNING: Nan, Inf or huge value in QACC at DOF 12. The simulation is unstable. Time = 0.0320.

WARNING: Nan, Inf or huge value in QACC at DOF 12. The simulation is unstable. Time = 0.0300.

WARNING: Nan, Inf or huge value in QACC at DOF 12. The simulation is unstable. Time = 0.0320.

WARNING: Nan, Inf or huge value in QACC at DOF 12. The simulation is unstable. Time = 0.0300.

-----------------------------------------
| rollout/                |             |
|    ep_len_mean          | 1.09        |
|    ep_rew_mean          | -16         |
|    success_rate         | 0           |
| time/                   |             |
|    fps                  | 1443        |
|    iterations           | 17          |
|    time_elapsed         | 12          |
|    total_timesteps      | 268288      |
| train/                  |             |
|    approx_kl            | 0.018827662 |
|    clip_fraction        | 0.134       |
|    clip_range           | 0.2         |
|    entropy_loss         | -13.8       |
|    explained_variance   | 0.775       |
|    learning_rate        | 0.0003      |
|    loss                 | 35.7        |
|    n_updates            | 2610        |
|    policy_gradient_loss | -0.0288     |
|    std                  | 1.17        |
|    value_loss           | 74.6        |
-----------------------------------------
WARNING: Nan, Inf or huge value in QACC at DOF 12. The simulation is unstable. Time = 0.0320.

WARNING: Nan, Inf or huge value in QACC at DOF 12. The simulation is unstable. Time = 0.0320.

WARNING: Nan, Inf or huge value in QACC at DOF 12. The simulation is unstable. Time = 0.0340.

WARNING: Nan, Inf or huge value in QACC at DOF 12. The simulation is unstable. Time = 0.0320.

WARNING: Nan, Inf or huge value in QACC at DOF 12. The simulation is unstable. Time = 0.0320.

WARNING: Nan, Inf or huge value in QACC at DOF 12. The simulation is unstable. Time = 0.0300.

WARNING: Nan, Inf or huge value in QACC at DOF 12. The simulation is unstable. Time = 0.0340.

WARNING: Nan, Inf or huge value in QACC at DOF 12. The simulation is unstable. Time = 0.0340.

WARNING: Nan, Inf or huge value in QACC at DOF 12. The simulation is unstable. Time = 0.0300.

WARNING: Nan, Inf or huge value in QACC at DOF 12. The simulation is unstable. Time = 0.0320.

WARNING: Nan, Inf or huge value in QACC at DOF 12. The simulation is unstable. Time = 0.0320.

WARNING: Nan, Inf or huge value in QACC at DOF 12. The simulation is unstable. Time = 0.0340.

WARNING: Nan, Inf or huge value in QACC at DOF 12. The simulation is unstable. Time = 0.0320.

WARNING: Nan, Inf or huge value in QACC at DOF 12. The simulation is unstable. Time = 0.0320.

WARNING: Nan, Inf or huge value in QACC at DOF 12. The simulation is unstable. Time = 0.0320.

WARNING: Nan, Inf or huge value in QACC at DOF 12. The simulation is unstable. Time = 0.0280.

WARNING: Nan, Inf or huge value in QACC at DOF 12. The simulation is unstable. Time = 0.0320.

WARNING: Nan, Inf or huge value in QACC at DOF 12. The simulation is unstable. Time = 0.0340.

WARNING: Nan, Inf or huge value in QACC at DOF 12. The simulation is unstable. Time = 0.0340.

WARNING: Nan, Inf or huge value in QACC at DOF 12. The simulation is unstable. Time = 0.0320.

WARNING: Nan, Inf or huge value in QACC at DOF 12. The simulation is unstable. Time = 0.0320.

WARNING: Nan, Inf or huge value in QACC at DOF 12. The simulation is unstable. Time = 0.0340.

WARNING: Nan, Inf or huge value in QACC at DOF 12. The simulation is unstable. Time = 0.0320.

WARNING: Nan, Inf or huge value in QACC at DOF 12. The simulation is unstable. Time = 0.0320.

WARNING: Nan, Inf or huge value in QACC at DOF 12. The simulation is unstable. Time = 0.0340.

WARNING: Nan, Inf or huge value in QACC at DOF 12. The simulation is unstable. Time = 0.0320.

WARNING: Nan, Inf or huge value in QACC at DOF 12. The simulation is unstable. Time = 0.0320.

WARNING: Nan, Inf or huge value in QACC at DOF 12. The simulation is unstable. Time = 0.0320.

WARNING: Nan, Inf or huge value in QACC at DOF 12. The simulation is unstable. Time = 0.0320.

WARNING: Nan, Inf or huge value in QACC at DOF 12. The simulation is unstable. Time = 0.0340.

-----------------------------------------
| rollout/                |             |
|    ep_len_mean          | 1.28        |
|    ep_rew_mean          | -17.5       |
|    success_rate         | 0           |
| time/                   |             |
|    fps                  | 1442        |
|    iterations           | 18          |
|    time_elapsed         | 12          |
|    total_timesteps      | 269312      |
| train/                  |             |
|    approx_kl            | 0.027762564 |
|    clip_fraction        | 0.255       |
|    clip_range           | 0.2         |
|    entropy_loss         | -13.8       |
|    explained_variance   | 0.685       |
|    learning_rate        | 0.0003      |
|    loss                 | 100         |
|    n_updates            | 2620        |
|    policy_gradient_loss | -0.0236     |
|    std                  | 1.17        |
|    value_loss           | 78.7        |
-----------------------------------------
WARNING: Nan, Inf or huge value in QACC at DOF 12. The simulation is unstable. Time = 0.0320.

WARNING: Nan, Inf or huge value in QACC at DOF 12. The simulation is unstable. Time = 0.0320.

WARNING: Nan, Inf or huge value in QACC at DOF 12. The simulation is unstable. Time = 0.0320.

WARNING: Nan, Inf or huge value in QACC at DOF 12. The simulation is unstable. Time = 0.0300.

WARNING: Nan, Inf or huge value in QACC at DOF 12. The simulation is unstable. Time = 0.0340.

WARNING: Nan, Inf or huge value in QACC at DOF 12. The simulation is unstable. Time = 0.0340.

WARNING: Nan, Inf or huge value in QACC at DOF 12. The simulation is unstable. Time = 0.0320.

WARNING: Nan, Inf or huge value in QACC at DOF 12. The simulation is unstable. Time = 0.0340.

WARNING: Nan, Inf or huge value in QACC at DOF 12. The simulation is unstable. Time = 0.0320.

WARNING: Nan, Inf or huge value in QACC at DOF 12. The simulation is unstable. Time = 0.0320.

WARNING: Nan, Inf or huge value in QACC at DOF 12. The simulation is unstable. Time = 0.0320.

WARNING: Nan, Inf or huge value in QACC at DOF 12. The simulation is unstable. Time = 0.0340.

WARNING: Nan, Inf or huge value in QACC at DOF 12. The simulation is unstable. Time = 0.0300.

WARNING: Nan, Inf or huge value in QACC at DOF 12. The simulation is unstable. Time = 0.0320.

WARNING: Nan, Inf or huge value in QACC at DOF 12. The simulation is unstable. Time = 0.0340.

WARNING: Nan, Inf or huge value in QACC at DOF 12. The simulation is unstable. Time = 0.0280.

WARNING: Nan, Inf or huge value in QACC at DOF 12. The simulation is unstable. Time = 0.0320.

WARNING: Nan, Inf or huge value in QACC at DOF 12. The simulation is unstable. Time = 0.0300.

WARNING: Nan, Inf or huge value in QACC at DOF 12. The simulation is unstable. Time = 0.0300.

WARNING: Nan, Inf or huge value in QACC at DOF 12. The simulation is unstable. Time = 0.0320.

WARNING: Nan, Inf or huge value in QACC at DOF 12. The simulation is unstable. Time = 0.0320.

WARNING: Nan, Inf or huge value in QACC at DOF 12. The simulation is unstable. Time = 0.0300.

WARNING: Nan, Inf or huge value in QACC at DOF 12. The simulation is unstable. Time = 0.0300.

WARNING: Nan, Inf or huge value in QACC at DOF 12. The simulation is unstable. Time = 0.0280.

WARNING: Nan, Inf or huge value in QACC at DOF 12. The simulation is unstable. Time = 0.0340.

WARNING: Nan, Inf or huge value in QACC at DOF 12. The simulation is unstable. Time = 0.0320.

WARNING: Nan, Inf or huge value in QACC at DOF 12. The simulation is unstable. Time = 0.0300.

WARNING: Nan, Inf or huge value in QACC at DOF 12. The simulation is unstable. Time = 0.0340.

WARNING: Nan, Inf or huge value in QACC at DOF 12. The simulation is unstable. Time = 0.0320.

-----------------------------------------
| rollout/                |             |
|    ep_len_mean          | 1.16        |
|    ep_rew_mean          | -17.2       |
|    success_rate         | 0           |
| time/                   |             |
|    fps                  | 1440        |
|    iterations           | 19          |
|    time_elapsed         | 13          |
|    total_timesteps      | 270336      |
| train/                  |             |
|    approx_kl            | 0.015914094 |
|    clip_fraction        | 0.147       |
|    clip_range           | 0.2         |
|    entropy_loss         | -13.8       |
|    explained_variance   | 0.655       |
|    learning_rate        | 0.0003      |
|    loss                 | 18.7        |
|    n_updates            | 2630        |
|    policy_gradient_loss | -0.0292     |
|    std                  | 1.17        |
|    value_loss           | 173         |
-----------------------------------------
WARNING: Nan, Inf or huge value in QACC at DOF 12. The simulation is unstable. Time = 0.0300.

WARNING: Nan, Inf or huge value in QACC at DOF 12. The simulation is unstable. Time = 0.0300.

WARNING: Nan, Inf or huge value in QACC at DOF 12. The simulation is unstable. Time = 0.0340.

WARNING: Nan, Inf or huge value in QACC at DOF 12. The simulation is unstable. Time = 0.0300.

WARNING: Nan, Inf or huge value in QACC at DOF 12. The simulation is unstable. Time = 0.0340.

WARNING: Nan, Inf or huge value in QACC at DOF 12. The simulation is unstable. Time = 0.0300.

WARNING: Nan, Inf or huge value in QACC at DOF 12. The simulation is unstable. Time = 0.0320.

WARNING: Nan, Inf or huge value in QACC at DOF 12. The simulation is unstable. Time = 0.0320.

WARNING: Nan, Inf or huge value in QACC at DOF 12. The simulation is unstable. Time = 0.0320.

WARNING: Nan, Inf or huge value in QACC at DOF 12. The simulation is unstable. Time = 0.0320.

WARNING: Nan, Inf or huge value in QACC at DOF 12. The simulation is unstable. Time = 0.0300.

WARNING: Nan, Inf or huge value in QACC at DOF 12. The simulation is unstable. Time = 0.0320.

WARNING: Nan, Inf or huge value in QACC at DOF 12. The simulation is unstable. Time = 0.0340.

WARNING: Nan, Inf or huge value in QACC at DOF 12. The simulation is unstable. Time = 0.0320.

WARNING: Nan, Inf or huge value in QACC at DOF 12. The simulation is unstable. Time = 0.0320.

WARNING: Nan, Inf or huge value in QACC at DOF 12. The simulation is unstable. Time = 0.0320.

WARNING: Nan, Inf or huge value in QACC at DOF 12. The simulation is unstable. Time = 0.0300.

WARNING: Nan, Inf or huge value in QACC at DOF 12. The simulation is unstable. Time = 0.0320.

WARNING: Nan, Inf or huge value in QACC at DOF 12. The simulation is unstable. Time = 0.0300.

WARNING: Nan, Inf or huge value in QACC at DOF 12. The simulation is unstable. Time = 0.0340.

WARNING: Nan, Inf or huge value in QACC at DOF 12. The simulation is unstable. Time = 0.0320.

WARNING: Nan, Inf or huge value in QACC at DOF 12. The simulation is unstable. Time = 0.0340.

WARNING: Nan, Inf or huge value in QACC at DOF 12. The simulation is unstable. Time = 0.0300.

WARNING: Nan, Inf or huge value in QACC at DOF 12. The simulation is unstable. Time = 0.0320.

WARNING: Nan, Inf or huge value in QACC at DOF 12. The simulation is unstable. Time = 0.0320.

WARNING: Nan, Inf or huge value in QACC at DOF 12. The simulation is unstable. Time = 0.0320.

WARNING: Nan, Inf or huge value in QACC at DOF 12. The simulation is unstable. Time = 0.0340.

WARNING: Nan, Inf or huge value in QACC at DOF 12. The simulation is unstable. Time = 0.0320.

WARNING: Nan, Inf or huge value in QACC at DOF 12. The simulation is unstable. Time = 0.0300.

WARNING: Nan, Inf or huge value in QACC at DOF 12. The simulation is unstable. Time = 0.0340.

WARNING: Nan, Inf or huge value in QACC at DOF 12. The simulation is unstable. Time = 0.0320.

-----------------------------------------
| rollout/                |             |
|    ep_len_mean          | 1.1         |
|    ep_rew_mean          | -15.8       |
|    success_rate         | 0           |
| time/                   |             |
|    fps                  | 1438        |
|    iterations           | 20          |
|    time_elapsed         | 14          |
|    total_timesteps      | 271360      |
| train/                  |             |
|    approx_kl            | 0.029055255 |
|    clip_fraction        | 0.252       |
|    clip_range           | 0.2         |
|    entropy_loss         | -13.8       |
|    explained_variance   | 0.887       |
|    learning_rate        | 0.0003      |
|    loss                 | 3.08        |
|    n_updates            | 2640        |
|    policy_gradient_loss | -0.0246     |
|    std                  | 1.17        |
|    value_loss           | 24.6        |
-----------------------------------------
WARNING: Nan, Inf or huge value in QACC at DOF 12. The simulation is unstable. Time = 0.0300.

WARNING: Nan, Inf or huge value in QACC at DOF 12. The simulation is unstable. Time = 0.0300.

WARNING: Nan, Inf or huge value in QACC at DOF 12. The simulation is unstable. Time = 0.0320.

WARNING: Nan, Inf or huge value in QACC at DOF 12. The simulation is unstable. Time = 0.0320.

WARNING: Nan, Inf or huge value in QACC at DOF 12. The simulation is unstable. Time = 0.0300.

WARNING: Nan, Inf or huge value in QACC at DOF 12. The simulation is unstable. Time = 0.0320.

WARNING: Nan, Inf or huge value in QACC at DOF 12. The simulation is unstable. Time = 0.0300.

WARNING: Nan, Inf or huge value in QACC at DOF 12. The simulation is unstable. Time = 0.0300.

WARNING: Nan, Inf or huge value in QACC at DOF 12. The simulation is unstable. Time = 0.0340.

WARNING: Nan, Inf or huge value in QACC at DOF 12. The simulation is unstable. Time = 0.0340.

WARNING: Nan, Inf or huge value in QACC at DOF 12. The simulation is unstable. Time = 0.0300.

WARNING: Nan, Inf or huge value in QACC at DOF 12. The simulation is unstable. Time = 0.0320.

WARNING: Nan, Inf or huge value in QACC at DOF 12. The simulation is unstable. Time = 0.0340.

WARNING: Nan, Inf or huge value in QACC at DOF 12. The simulation is unstable. Time = 0.0320.

WARNING: Nan, Inf or huge value in QACC at DOF 12. The simulation is unstable. Time = 0.0320.

WARNING: Nan, Inf or huge value in QACC at DOF 12. The simulation is unstable. Time = 0.0300.

WARNING: Nan, Inf or huge value in QACC at DOF 12. The simulation is unstable. Time = 0.0300.

WARNING: Nan, Inf or huge value in QACC at DOF 12. The simulation is unstable. Time = 0.0340.

WARNING: Nan, Inf or huge value in QACC at DOF 12. The simulation is unstable. Time = 0.0300.

WARNING: Nan, Inf or huge value in QACC at DOF 12. The simulation is unstable. Time = 0.0300.

WARNING: Nan, Inf or huge value in QACC at DOF 12. The simulation is unstable. Time = 0.0300.

WARNING: Nan, Inf or huge value in QACC at DOF 12. The simulation is unstable. Time = 0.0340.

WARNING: Nan, Inf or huge value in QACC at DOF 12. The simulation is unstable. Time = 0.0300.

WARNING: Nan, Inf or huge value in QACC at DOF 12. The simulation is unstable. Time = 0.0300.

WARNING: Nan, Inf or huge value in QACC at DOF 12. The simulation is unstable. Time = 0.0300.

WARNING: Nan, Inf or huge value in QACC at DOF 12. The simulation is unstable. Time = 0.0300.

WARNING: Nan, Inf or huge value in QACC at DOF 12. The simulation is unstable. Time = 0.0320.

WARNING: Nan, Inf or huge value in QACC at DOF 12. The simulation is unstable. Time = 0.0300.

WARNING: Nan, Inf or huge value in QACC at DOF 12. The simulation is unstable. Time = 0.0320.

WARNING: Nan, Inf or huge value in QACC at DOF 12. The simulation is unstable. Time = 0.0300.

WARNING: Nan, Inf or huge value in QACC at DOF 12. The simulation is unstable. Time = 0.0300.

WARNING: Nan, Inf or huge value in QACC at DOF 12. The simulation is unstable. Time = 0.0340.

WARNING: Nan, Inf or huge value in QACC at DOF 12. The simulation is unstable. Time = 0.0300.

WARNING: Nan, Inf or huge value in QACC at DOF 12. The simulation is unstable. Time = 0.0280.

WARNING: Nan, Inf or huge value in QACC at DOF 12. The simulation is unstable. Time = 0.0300.

WARNING: Nan, Inf or huge value in QACC at DOF 12. The simulation is unstable. Time = 0.0340.

WARNING: Nan, Inf or huge value in QACC at DOF 12. The simulation is unstable. Time = 0.0320.

WARNING: Nan, Inf or huge value in QACC at DOF 12. The simulation is unstable. Time = 0.0320.

---------------------------------------
| rollout/                |           |
|    ep_len_mean          | 1.26      |
|    ep_rew_mean          | -17.3     |
|    success_rate         | 0         |
| time/                   |           |
|    fps                  | 1429      |
|    iterations           | 21        |
|    time_elapsed         | 15        |
|    total_timesteps      | 272384    |
| train/                  |           |
|    approx_kl            | 0.0268609 |
|    clip_fraction        | 0.278     |
|    clip_range           | 0.2       |
|    entropy_loss         | -13.8     |
|    explained_variance   | 0.881     |
|    learning_rate        | 0.0003    |
|    loss                 | 9.29      |
|    n_updates            | 2650      |
|    policy_gradient_loss | -0.0285   |
|    std                  | 1.17      |
|    value_loss           | 21.8      |
---------------------------------------
WARNING: Nan, Inf or huge value in QACC at DOF 12. The simulation is unstable. Time = 0.0300.

WARNING: Nan, Inf or huge value in QACC at DOF 12. The simulation is unstable. Time = 0.0320.

WARNING: Nan, Inf or huge value in QACC at DOF 12. The simulation is unstable. Time = 0.0300.

WARNING: Nan, Inf or huge value in QACC at DOF 12. The simulation is unstable. Time = 0.0300.

WARNING: Nan, Inf or huge value in QACC at DOF 12. The simulation is unstable. Time = 0.0320.

WARNING: Nan, Inf or huge value in QACC at DOF 12. The simulation is unstable. Time = 0.0300.

WARNING: Nan, Inf or huge value in QACC at DOF 12. The simulation is unstable. Time = 0.0300.

WARNING: Nan, Inf or huge value in QACC at DOF 12. The simulation is unstable. Time = 0.0320.

WARNING: Nan, Inf or huge value in QACC at DOF 12. The simulation is unstable. Time = 0.0300.

WARNING: Nan, Inf or huge value in QACC at DOF 12. The simulation is unstable. Time = 0.0320.

WARNING: Nan, Inf or huge value in QACC at DOF 12. The simulation is unstable. Time = 0.0320.

WARNING: Nan, Inf or huge value in QACC at DOF 12. The simulation is unstable. Time = 0.0320.

WARNING: Nan, Inf or huge value in QACC at DOF 12. The simulation is unstable. Time = 0.0300.

WARNING: Nan, Inf or huge value in QACC at DOF 12. The simulation is unstable. Time = 0.0300.

WARNING: Nan, Inf or huge value in QACC at DOF 12. The simulation is unstable. Time = 0.0300.

WARNING: Nan, Inf or huge value in QACC at DOF 12. The simulation is unstable. Time = 0.0320.

WARNING: Nan, Inf or huge value in QACC at DOF 12. The simulation is unstable. Time = 0.0340.

WARNING: Nan, Inf or huge value in QACC at DOF 12. The simulation is unstable. Time = 0.0340.

WARNING: Nan, Inf or huge value in QACC at DOF 12. The simulation is unstable. Time = 0.0320.

WARNING: Nan, Inf or huge value in QACC at DOF 12. The simulation is unstable. Time = 0.0300.

WARNING: Nan, Inf or huge value in QACC at DOF 12. The simulation is unstable. Time = 0.0300.

WARNING: Nan, Inf or huge value in QACC at DOF 12. The simulation is unstable. Time = 0.0340.

WARNING: Nan, Inf or huge value in QACC at DOF 12. The simulation is unstable. Time = 0.0340.

WARNING: Nan, Inf or huge value in QACC at DOF 12. The simulation is unstable. Time = 0.0320.

WARNING: Nan, Inf or huge value in QACC at DOF 12. The simulation is unstable. Time = 0.0320.

WARNING: Nan, Inf or huge value in QACC at DOF 12. The simulation is unstable. Time = 0.0280.

WARNING: Nan, Inf or huge value in QACC at DOF 12. The simulation is unstable. Time = 0.0320.

WARNING: Nan, Inf or huge value in QACC at DOF 12. The simulation is unstable. Time = 0.0280.

WARNING: Nan, Inf or huge value in QACC at DOF 12. The simulation is unstable. Time = 0.0340.

WARNING: Nan, Inf or huge value in QACC at DOF 12. The simulation is unstable. Time = 0.0300.

WARNING: Nan, Inf or huge value in QACC at DOF 12. The simulation is unstable. Time = 0.0300.

WARNING: Nan, Inf or huge value in QACC at DOF 12. The simulation is unstable. Time = 0.0320.

WARNING: Nan, Inf or huge value in QACC at DOF 12. The simulation is unstable. Time = 0.0320.

WARNING: Nan, Inf or huge value in QACC at DOF 12. The simulation is unstable. Time = 0.0280.

WARNING: Nan, Inf or huge value in QACC at DOF 12. The simulation is unstable. Time = 0.0320.

-----------------------------------------
| rollout/                |             |
|    ep_len_mean          | 1.26        |
|    ep_rew_mean          | -16.9       |
|    success_rate         | 0           |
| time/                   |             |
|    fps                  | 1429        |
|    iterations           | 22          |
|    time_elapsed         | 15          |
|    total_timesteps      | 273408      |
| train/                  |             |
|    approx_kl            | 0.011189552 |
|    clip_fraction        | 0.125       |
|    clip_range           | 0.2         |
|    entropy_loss         | -13.8       |
|    explained_variance   | 0.455       |
|    learning_rate        | 0.0003      |
|    loss                 | 133         |
|    n_updates            | 2660        |
|    policy_gradient_loss | -0.0197     |
|    std                  | 1.18        |
|    value_loss           | 509         |
-----------------------------------------
WARNING: Nan, Inf or huge value in QACC at DOF 12. The simulation is unstable. Time = 0.0320.

WARNING: Nan, Inf or huge value in QACC at DOF 12. The simulation is unstable. Time = 0.0300.

WARNING: Nan, Inf or huge value in QACC at DOF 12. The simulation is unstable. Time = 0.0320.

WARNING: Nan, Inf or huge value in QACC at DOF 12. The simulation is unstable. Time = 0.0320.

WARNING: Nan, Inf or huge value in QACC at DOF 12. The simulation is unstable. Time = 0.0300.

WARNING: Nan, Inf or huge value in QACC at DOF 12. The simulation is unstable. Time = 0.0320.

WARNING: Nan, Inf or huge value in QACC at DOF 12. The simulation is unstable. Time = 0.0300.

WARNING: Nan, Inf or huge value in QACC at DOF 12. The simulation is unstable. Time = 0.0340.

WARNING: Nan, Inf or huge value in QACC at DOF 12. The simulation is unstable. Time = 0.0280.

WARNING: Nan, Inf or huge value in QACC at DOF 12. The simulation is unstable. Time = 0.0320.

WARNING: Nan, Inf or huge value in QACC at DOF 12. The simulation is unstable. Time = 0.0320.

WARNING: Nan, Inf or huge value in QACC at DOF 12. The simulation is unstable. Time = 0.0300.

WARNING: Nan, Inf or huge value in QACC at DOF 12. The simulation is unstable. Time = 0.0320.

WARNING: Nan, Inf or huge value in QACC at DOF 12. The simulation is unstable. Time = 0.0340.

WARNING: Nan, Inf or huge value in QACC at DOF 12. The simulation is unstable. Time = 0.0340.

WARNING: Nan, Inf or huge value in QACC at DOF 12. The simulation is unstable. Time = 0.0320.

WARNING: Nan, Inf or huge value in QACC at DOF 12. The simulation is unstable. Time = 0.0320.

WARNING: Nan, Inf or huge value in QACC at DOF 12. The simulation is unstable. Time = 0.0300.

WARNING: Nan, Inf or huge value in QACC at DOF 12. The simulation is unstable. Time = 0.0320.

WARNING: Nan, Inf or huge value in QACC at DOF 12. The simulation is unstable. Time = 0.0300.

WARNING: Nan, Inf or huge value in QACC at DOF 12. The simulation is unstable. Time = 0.0340.

WARNING: Nan, Inf or huge value in QACC at DOF 12. The simulation is unstable. Time = 0.0320.

WARNING: Nan, Inf or huge value in QACC at DOF 12. The simulation is unstable. Time = 0.0340.

WARNING: Nan, Inf or huge value in QACC at DOF 12. The simulation is unstable. Time = 0.0340.

WARNING: Nan, Inf or huge value in QACC at DOF 12. The simulation is unstable. Time = 0.0340.

WARNING: Nan, Inf or huge value in QACC at DOF 12. The simulation is unstable. Time = 0.0320.

WARNING: Nan, Inf or huge value in QACC at DOF 12. The simulation is unstable. Time = 0.0300.

-----------------------------------------
| rollout/                |             |
|    ep_len_mean          | 1.06        |
|    ep_rew_mean          | -15.4       |
|    success_rate         | 0           |
| time/                   |             |
|    fps                  | 1428        |
|    iterations           | 23          |
|    time_elapsed         | 16          |
|    total_timesteps      | 274432      |
| train/                  |             |
|    approx_kl            | 0.038735352 |
|    clip_fraction        | 0.25        |
|    clip_range           | 0.2         |
|    entropy_loss         | -13.8       |
|    explained_variance   | 0.864       |
|    learning_rate        | 0.0003      |
|    loss                 | 5.39        |
|    n_updates            | 2670        |
|    policy_gradient_loss | -0.0268     |
|    std                  | 1.18        |
|    value_loss           | 15.9        |
-----------------------------------------
WARNING: Nan, Inf or huge value in QACC at DOF 12. The simulation is unstable. Time = 0.0320.

WARNING: Nan, Inf or huge value in QACC at DOF 12. The simulation is unstable. Time = 0.0320.

WARNING: Nan, Inf or huge value in QACC at DOF 12. The simulation is unstable. Time = 0.0300.

WARNING: Nan, Inf or huge value in QACC at DOF 12. The simulation is unstable. Time = 0.0300.

WARNING: Nan, Inf or huge value in QACC at DOF 12. The simulation is unstable. Time = 0.0340.

WARNING: Nan, Inf or huge value in QACC at DOF 12. The simulation is unstable. Time = 0.0320.

WARNING: Nan, Inf or huge value in QACC at DOF 12. The simulation is unstable. Time = 0.0340.

WARNING: Nan, Inf or huge value in QACC at DOF 12. The simulation is unstable. Time = 0.0320.

WARNING: Nan, Inf or huge value in QACC at DOF 12. The simulation is unstable. Time = 0.0320.

WARNING: Nan, Inf or huge value in QACC at DOF 12. The simulation is unstable. Time = 0.0320.

WARNING: Nan, Inf or huge value in QACC at DOF 12. The simulation is unstable. Time = 0.0280.

WARNING: Nan, Inf or huge value in QACC at DOF 12. The simulation is unstable. Time = 0.0280.

WARNING: Nan, Inf or huge value in QACC at DOF 12. The simulation is unstable. Time = 0.0300.

WARNING: Nan, Inf or huge value in QACC at DOF 12. The simulation is unstable. Time = 0.0340.

WARNING: Nan, Inf or huge value in QACC at DOF 12. The simulation is unstable. Time = 0.0340.

WARNING: Nan, Inf or huge value in QACC at DOF 12. The simulation is unstable. Time = 0.0340.

WARNING: Nan, Inf or huge value in QACC at DOF 12. The simulation is unstable. Time = 0.0320.

WARNING: Nan, Inf or huge value in QACC at DOF 12. The simulation is unstable. Time = 0.0320.

WARNING: Nan, Inf or huge value in QACC at DOF 12. The simulation is unstable. Time = 0.0320.

WARNING: Nan, Inf or huge value in QACC at DOF 12. The simulation is unstable. Time = 0.0300.

WARNING: Nan, Inf or huge value in QACC at DOF 12. The simulation is unstable. Time = 0.0300.

WARNING: Nan, Inf or huge value in QACC at DOF 12. The simulation is unstable. Time = 0.0320.

WARNING: Nan, Inf or huge value in QACC at DOF 12. The simulation is unstable. Time = 0.0320.

WARNING: Nan, Inf or huge value in QACC at DOF 12. The simulation is unstable. Time = 0.0320.

WARNING: Nan, Inf or huge value in QACC at DOF 12. The simulation is unstable. Time = 0.0300.

WARNING: Nan, Inf or huge value in QACC at DOF 12. The simulation is unstable. Time = 0.0320.

WARNING: Nan, Inf or huge value in QACC at DOF 12. The simulation is unstable. Time = 0.0340.

WARNING: Nan, Inf or huge value in QACC at DOF 12. The simulation is unstable. Time = 0.0320.

WARNING: Nan, Inf or huge value in QACC at DOF 12. The simulation is unstable. Time = 0.0320.

WARNING: Nan, Inf or huge value in QACC at DOF 12. The simulation is unstable. Time = 0.0320.

WARNING: Nan, Inf or huge value in QACC at DOF 12. The simulation is unstable. Time = 0.0320.

WARNING: Nan, Inf or huge value in QACC at DOF 12. The simulation is unstable. Time = 0.0300.

WARNING: Nan, Inf or huge value in QACC at DOF 12. The simulation is unstable. Time = 0.0300.

WARNING: Nan, Inf or huge value in QACC at DOF 12. The simulation is unstable. Time = 0.0340.

WARNING: Nan, Inf or huge value in QACC at DOF 12. The simulation is unstable. Time = 0.0340.

WARNING: Nan, Inf or huge value in QACC at DOF 12. The simulation is unstable. Time = 0.0300.

----------------------------------------
| rollout/                |            |
|    ep_len_mean          | 1.33       |
|    ep_rew_mean          | -17.4      |
|    success_rate         | 0          |
| time/                   |            |
|    fps                  | 1428       |
|    iterations           | 24         |
|    time_elapsed         | 17         |
|    total_timesteps      | 275456     |
| train/                  |            |
|    approx_kl            | 0.05158958 |
|    clip_fraction        | 0.347      |
|    clip_range           | 0.2        |
|    entropy_loss         | -13.8      |
|    explained_variance   | 0.945      |
|    learning_rate        | 0.0003     |
|    loss                 | 3.45       |
|    n_updates            | 2680       |
|    policy_gradient_loss | -0.0226    |
|    std                  | 1.18       |
|    value_loss           | 6.33       |
----------------------------------------
WARNING: Nan, Inf or huge value in QACC at DOF 12. The simulation is unstable. Time = 0.0320.

WARNING: Nan, Inf or huge value in QACC at DOF 12. The simulation is unstable. Time = 0.0340.

WARNING: Nan, Inf or huge value in QACC at DOF 12. The simulation is unstable. Time = 0.0300.

WARNING: Nan, Inf or huge value in QACC at DOF 12. The simulation is unstable. Time = 0.0320.

WARNING: Nan, Inf or huge value in QACC at DOF 12. The simulation is unstable. Time = 0.0320.

WARNING: Nan, Inf or huge value in QACC at DOF 12. The simulation is unstable. Time = 0.0280.

WARNING: Nan, Inf or huge value in QACC at DOF 12. The simulation is unstable. Time = 0.0320.

WARNING: Nan, Inf or huge value in QACC at DOF 12. The simulation is unstable. Time = 0.0320.

WARNING: Nan, Inf or huge value in QACC at DOF 12. The simulation is unstable. Time = 0.0300.

WARNING: Nan, Inf or huge value in QACC at DOF 12. The simulation is unstable. Time = 0.0300.

WARNING: Nan, Inf or huge value in QACC at DOF 12. The simulation is unstable. Time = 0.0340.

WARNING: Nan, Inf or huge value in QACC at DOF 12. The simulation is unstable. Time = 0.0320.

WARNING: Nan, Inf or huge value in QACC at DOF 12. The simulation is unstable. Time = 0.0320.

WARNING: Nan, Inf or huge value in QACC at DOF 12. The simulation is unstable. Time = 0.0320.

WARNING: Nan, Inf or huge value in QACC at DOF 12. The simulation is unstable. Time = 0.0320.

WARNING: Nan, Inf or huge value in QACC at DOF 12. The simulation is unstable. Time = 0.0320.

WARNING: Nan, Inf or huge value in QACC at DOF 12. The simulation is unstable. Time = 0.0320.

WARNING: Nan, Inf or huge value in QACC at DOF 12. The simulation is unstable. Time = 0.0320.

WARNING: Nan, Inf or huge value in QACC at DOF 12. The simulation is unstable. Time = 0.0300.

WARNING: Nan, Inf or huge value in QACC at DOF 12. The simulation is unstable. Time = 0.0300.

WARNING: Nan, Inf or huge value in QACC at DOF 12. The simulation is unstable. Time = 0.0320.

WARNING: Nan, Inf or huge value in QACC at DOF 12. The simulation is unstable. Time = 0.0300.

WARNING: Nan, Inf or huge value in QACC at DOF 12. The simulation is unstable. Time = 0.0320.

WARNING: Nan, Inf or huge value in QACC at DOF 12. The simulation is unstable. Time = 0.0320.

WARNING: Nan, Inf or huge value in QACC at DOF 12. The simulation is unstable. Time = 0.0340.

WARNING: Nan, Inf or huge value in QACC at DOF 12. The simulation is unstable. Time = 0.0320.

WARNING: Nan, Inf or huge value in QACC at DOF 12. The simulation is unstable. Time = 0.0300.

WARNING: Nan, Inf or huge value in QACC at DOF 12. The simulation is unstable. Time = 0.0320.

WARNING: Nan, Inf or huge value in QACC at DOF 12. The simulation is unstable. Time = 0.0320.

WARNING: Nan, Inf or huge value in QACC at DOF 12. The simulation is unstable. Time = 0.0300.

WARNING: Nan, Inf or huge value in QACC at DOF 12. The simulation is unstable. Time = 0.0280.

WARNING: Nan, Inf or huge value in QACC at DOF 12. The simulation is unstable. Time = 0.0260.

WARNING: Nan, Inf or huge value in QACC at DOF 12. The simulation is unstable. Time = 0.0300.

WARNING: Nan, Inf or huge value in QACC at DOF 12. The simulation is unstable. Time = 0.0320.

-----------------------------------------
| rollout/                |             |
|    ep_len_mean          | 1.23        |
|    ep_rew_mean          | -17.1       |
|    success_rate         | 0           |
| time/                   |             |
|    fps                  | 1425        |
|    iterations           | 25          |
|    time_elapsed         | 17          |
|    total_timesteps      | 276480      |
| train/                  |             |
|    approx_kl            | 0.021394774 |
|    clip_fraction        | 0.167       |
|    clip_range           | 0.2         |
|    entropy_loss         | -13.8       |
|    explained_variance   | 0.895       |
|    learning_rate        | 0.0003      |
|    loss                 | 9.06        |
|    n_updates            | 2690        |
|    policy_gradient_loss | -0.031      |
|    std                  | 1.18        |
|    value_loss           | 22.6        |
-----------------------------------------
WARNING: Nan, Inf or huge value in QACC at DOF 12. The simulation is unstable. Time = 0.0300.

WARNING: Nan, Inf or huge value in QACC at DOF 12. The simulation is unstable. Time = 0.0280.

WARNING: Nan, Inf or huge value in QACC at DOF 12. The simulation is unstable. Time = 0.0300.

WARNING: Nan, Inf or huge value in QACC at DOF 12. The simulation is unstable. Time = 0.0320.

WARNING: Nan, Inf or huge value in QACC at DOF 12. The simulation is unstable. Time = 0.0300.

WARNING: Nan, Inf or huge value in QACC at DOF 12. The simulation is unstable. Time = 0.0300.

WARNING: Nan, Inf or huge value in QACC at DOF 12. The simulation is unstable. Time = 0.0320.

WARNING: Nan, Inf or huge value in QACC at DOF 12. The simulation is unstable. Time = 0.0320.

WARNING: Nan, Inf or huge value in QACC at DOF 12. The simulation is unstable. Time = 0.0320.

WARNING: Nan, Inf or huge value in QACC at DOF 12. The simulation is unstable. Time = 0.0260.

WARNING: Nan, Inf or huge value in QACC at DOF 12. The simulation is unstable. Time = 0.0260.

WARNING: Nan, Inf or huge value in QACC at DOF 12. The simulation is unstable. Time = 0.0300.

WARNING: Nan, Inf or huge value in QACC at DOF 12. The simulation is unstable. Time = 0.0340.

WARNING: Nan, Inf or huge value in QACC at DOF 12. The simulation is unstable. Time = 0.0320.

WARNING: Nan, Inf or huge value in QACC at DOF 12. The simulation is unstable. Time = 0.0300.

WARNING: Nan, Inf or huge value in QACC at DOF 12. The simulation is unstable. Time = 0.0340.

WARNING: Nan, Inf or huge value in QACC at DOF 12. The simulation is unstable. Time = 0.0320.

WARNING: Nan, Inf or huge value in QACC at DOF 12. The simulation is unstable. Time = 0.0320.

WARNING: Nan, Inf or huge value in QACC at DOF 12. The simulation is unstable. Time = 0.0320.

WARNING: Nan, Inf or huge value in QACC at DOF 12. The simulation is unstable. Time = 0.0340.

WARNING: Nan, Inf or huge value in QACC at DOF 12. The simulation is unstable. Time = 0.0300.

WARNING: Nan, Inf or huge value in QACC at DOF 12. The simulation is unstable. Time = 0.0320.

WARNING: Nan, Inf or huge value in QACC at DOF 12. The simulation is unstable. Time = 0.0320.

WARNING: Nan, Inf or huge value in QACC at DOF 12. The simulation is unstable. Time = 0.0320.

WARNING: Nan, Inf or huge value in QACC at DOF 12. The simulation is unstable. Time = 0.0320.

WARNING: Nan, Inf or huge value in QACC at DOF 12. The simulation is unstable. Time = 0.0300.

WARNING: Nan, Inf or huge value in QACC at DOF 12. The simulation is unstable. Time = 0.0320.

WARNING: Nan, Inf or huge value in QACC at DOF 12. The simulation is unstable. Time = 0.0340.

WARNING: Nan, Inf or huge value in QACC at DOF 12. The simulation is unstable. Time = 0.0320.

WARNING: Nan, Inf or huge value in QACC at DOF 12. The simulation is unstable. Time = 0.0320.

-----------------------------------------
| rollout/                |             |
|    ep_len_mean          | 1.23        |
|    ep_rew_mean          | -16.6       |
|    success_rate         | 0           |
| time/                   |             |
|    fps                  | 1424        |
|    iterations           | 26          |
|    time_elapsed         | 18          |
|    total_timesteps      | 277504      |
| train/                  |             |
|    approx_kl            | 0.031871706 |
|    clip_fraction        | 0.162       |
|    clip_range           | 0.2         |
|    entropy_loss         | -13.9       |
|    explained_variance   | 0.826       |
|    learning_rate        | 0.0003      |
|    loss                 | 3.21        |
|    n_updates            | 2700        |
|    policy_gradient_loss | -0.0241     |
|    std                  | 1.18        |
|    value_loss           | 39.4        |
-----------------------------------------
WARNING: Nan, Inf or huge value in QACC at DOF 12. The simulation is unstable. Time = 0.0320.

WARNING: Nan, Inf or huge value in QACC at DOF 12. The simulation is unstable. Time = 0.0300.

WARNING: Nan, Inf or huge value in QACC at DOF 12. The simulation is unstable. Time = 0.0340.

WARNING: Nan, Inf or huge value in QACC at DOF 12. The simulation is unstable. Time = 0.0320.

WARNING: Nan, Inf or huge value in QACC at DOF 12. The simulation is unstable. Time = 0.0320.

WARNING: Nan, Inf or huge value in QACC at DOF 12. The simulation is unstable. Time = 0.0340.

WARNING: Nan, Inf or huge value in QACC at DOF 12. The simulation is unstable. Time = 0.0320.

WARNING: Nan, Inf or huge value in QACC at DOF 12. The simulation is unstable. Time = 0.0300.

WARNING: Nan, Inf or huge value in QACC at DOF 12. The simulation is unstable. Time = 0.0320.

WARNING: Nan, Inf or huge value in QACC at DOF 12. The simulation is unstable. Time = 0.0320.

WARNING: Nan, Inf or huge value in QACC at DOF 12. The simulation is unstable. Time = 0.0320.

WARNING: Nan, Inf or huge value in QACC at DOF 12. The simulation is unstable. Time = 0.0260.

WARNING: Nan, Inf or huge value in QACC at DOF 12. The simulation is unstable. Time = 0.0340.

WARNING: Nan, Inf or huge value in QACC at DOF 12. The simulation is unstable. Time = 0.0320.

WARNING: Nan, Inf or huge value in QACC at DOF 12. The simulation is unstable. Time = 0.0340.

WARNING: Nan, Inf or huge value in QACC at DOF 12. The simulation is unstable. Time = 0.0320.

WARNING: Nan, Inf or huge value in QACC at DOF 12. The simulation is unstable. Time = 0.0300.

WARNING: Nan, Inf or huge value in QACC at DOF 12. The simulation is unstable. Time = 0.0280.

WARNING: Nan, Inf or huge value in QACC at DOF 12. The simulation is unstable. Time = 0.0300.

WARNING: Nan, Inf or huge value in QACC at DOF 12. The simulation is unstable. Time = 0.0320.

WARNING: Nan, Inf or huge value in QACC at DOF 12. The simulation is unstable. Time = 0.0340.

WARNING: Nan, Inf or huge value in QACC at DOF 12. The simulation is unstable. Time = 0.0320.

WARNING: Nan, Inf or huge value in QACC at DOF 12. The simulation is unstable. Time = 0.0340.

WARNING: Nan, Inf or huge value in QACC at DOF 12. The simulation is unstable. Time = 0.0300.

WARNING: Nan, Inf or huge value in QACC at DOF 12. The simulation is unstable. Time = 0.0300.

WARNING: Nan, Inf or huge value in QACC at DOF 12. The simulation is unstable. Time = 0.0320.

WARNING: Nan, Inf or huge value in QACC at DOF 12. The simulation is unstable. Time = 0.0300.

WARNING: Nan, Inf or huge value in QACC at DOF 12. The simulation is unstable. Time = 0.0300.

WARNING: Nan, Inf or huge value in QACC at DOF 12. The simulation is unstable. Time = 0.0320.

WARNING: Nan, Inf or huge value in QACC at DOF 12. The simulation is unstable. Time = 0.0320.

WARNING: Nan, Inf or huge value in QACC at DOF 12. The simulation is unstable. Time = 0.0300.

WARNING: Nan, Inf or huge value in QACC at DOF 12. The simulation is unstable. Time = 0.0340.

WARNING: Nan, Inf or huge value in QACC at DOF 12. The simulation is unstable. Time = 0.0300.

----------------------------------------
| rollout/                |            |
|    ep_len_mean          | 1.12       |
|    ep_rew_mean          | -15.8      |
|    success_rate         | 0          |
| time/                   |            |
|    fps                  | 1425       |
|    iterations           | 27         |
|    time_elapsed         | 19         |
|    total_timesteps      | 278528     |
| train/                  |            |
|    approx_kl            | 0.08098172 |
|    clip_fraction        | 0.344      |
|    clip_range           | 0.2        |
|    entropy_loss         | -13.9      |
|    explained_variance   | 0.932      |
|    learning_rate        | 0.0003     |
|    loss                 | 4.36       |
|    n_updates            | 2710       |
|    policy_gradient_loss | -0.0202    |
|    std                  | 1.19       |
|    value_loss           | 6.43       |
----------------------------------------
WARNING: Nan, Inf or huge value in QACC at DOF 12. The simulation is unstable. Time = 0.0300.

WARNING: Nan, Inf or huge value in QACC at DOF 12. The simulation is unstable. Time = 0.0320.

WARNING: Nan, Inf or huge value in QACC at DOF 12. The simulation is unstable. Time = 0.0300.

WARNING: Nan, Inf or huge value in QACC at DOF 12. The simulation is unstable. Time = 0.0320.

WARNING: Nan, Inf or huge value in QACC at DOF 12. The simulation is unstable. Time = 0.0320.

WARNING: Nan, Inf or huge value in QACC at DOF 12. The simulation is unstable. Time = 0.0300.

WARNING: Nan, Inf or huge value in QACC at DOF 12. The simulation is unstable. Time = 0.0320.

WARNING: Nan, Inf or huge value in QACC at DOF 12. The simulation is unstable. Time = 0.0320.

WARNING: Nan, Inf or huge value in QACC at DOF 12. The simulation is unstable. Time = 0.0280.

WARNING: Nan, Inf or huge value in QACC at DOF 12. The simulation is unstable. Time = 0.0300.

WARNING: Nan, Inf or huge value in QACC at DOF 12. The simulation is unstable. Time = 0.0300.

WARNING: Nan, Inf or huge value in QACC at DOF 12. The simulation is unstable. Time = 0.0320.

WARNING: Nan, Inf or huge value in QACC at DOF 12. The simulation is unstable. Time = 0.0320.

WARNING: Nan, Inf or huge value in QACC at DOF 12. The simulation is unstable. Time = 0.0340.

WARNING: Nan, Inf or huge value in QACC at DOF 12. The simulation is unstable. Time = 0.0340.

WARNING: Nan, Inf or huge value in QACC at DOF 12. The simulation is unstable. Time = 0.0320.

WARNING: Nan, Inf or huge value in QACC at DOF 12. The simulation is unstable. Time = 0.0320.

WARNING: Nan, Inf or huge value in QACC at DOF 12. The simulation is unstable. Time = 0.0300.

WARNING: Nan, Inf or huge value in QACC at DOF 12. The simulation is unstable. Time = 0.0300.

WARNING: Nan, Inf or huge value in QACC at DOF 12. The simulation is unstable. Time = 0.0320.

WARNING: Nan, Inf or huge value in QACC at DOF 12. The simulation is unstable. Time = 0.0300.

WARNING: Nan, Inf or huge value in QACC at DOF 12. The simulation is unstable. Time = 0.0320.

WARNING: Nan, Inf or huge value in QACC at DOF 12. The simulation is unstable. Time = 0.0320.

WARNING: Nan, Inf or huge value in QACC at DOF 12. The simulation is unstable. Time = 0.0300.

WARNING: Nan, Inf or huge value in QACC at DOF 12. The simulation is unstable. Time = 0.0320.

WARNING: Nan, Inf or huge value in QACC at DOF 12. The simulation is unstable. Time = 0.0300.

WARNING: Nan, Inf or huge value in QACC at DOF 12. The simulation is unstable. Time = 0.0300.

WARNING: Nan, Inf or huge value in QACC at DOF 12. The simulation is unstable. Time = 0.0340.

WARNING: Nan, Inf or huge value in QACC at DOF 12. The simulation is unstable. Time = 0.0320.

WARNING: Nan, Inf or huge value in QACC at DOF 12. The simulation is unstable. Time = 0.0320.

WARNING: Nan, Inf or huge value in QACC at DOF 12. The simulation is unstable. Time = 0.0300.

WARNING: Nan, Inf or huge value in QACC at DOF 12. The simulation is unstable. Time = 0.0320.

WARNING: Nan, Inf or huge value in QACC at DOF 12. The simulation is unstable. Time = 0.0340.

-----------------------------------------
| rollout/                |             |
|    ep_len_mean          | 1.23        |
|    ep_rew_mean          | -16.8       |
|    success_rate         | 0           |
| time/                   |             |
|    fps                  | 1425        |
|    iterations           | 28          |
|    time_elapsed         | 20          |
|    total_timesteps      | 279552      |
| train/                  |             |
|    approx_kl            | 0.027915634 |
|    clip_fraction        | 0.189       |
|    clip_range           | 0.2         |
|    entropy_loss         | -13.9       |
|    explained_variance   | 0.742       |
|    learning_rate        | 0.0003      |
|    loss                 | 170         |
|    n_updates            | 2720        |
|    policy_gradient_loss | -0.0243     |
|    std                  | 1.18        |
|    value_loss           | 72.3        |
-----------------------------------------
WARNING: Nan, Inf or huge value in QACC at DOF 12. The simulation is unstable. Time = 0.0320.

WARNING: Nan, Inf or huge value in QACC at DOF 12. The simulation is unstable. Time = 0.0340.

WARNING: Nan, Inf or huge value in QACC at DOF 12. The simulation is unstable. Time = 0.0320.

WARNING: Nan, Inf or huge value in QACC at DOF 12. The simulation is unstable. Time = 0.0300.

WARNING: Nan, Inf or huge value in QACC at DOF 12. The simulation is unstable. Time = 0.0320.

WARNING: Nan, Inf or huge value in QACC at DOF 12. The simulation is unstable. Time = 0.0320.

WARNING: Nan, Inf or huge value in QACC at DOF 12. The simulation is unstable. Time = 0.0320.

WARNING: Nan, Inf or huge value in QACC at DOF 12. The simulation is unstable. Time = 0.0320.

WARNING: Nan, Inf or huge value in QACC at DOF 12. The simulation is unstable. Time = 0.0300.

WARNING: Nan, Inf or huge value in QACC at DOF 12. The simulation is unstable. Time = 0.0340.

WARNING: Nan, Inf or huge value in QACC at DOF 12. The simulation is unstable. Time = 0.0320.

WARNING: Nan, Inf or huge value in QACC at DOF 12. The simulation is unstable. Time = 0.0300.

WARNING: Nan, Inf or huge value in QACC at DOF 12. The simulation is unstable. Time = 0.0320.

WARNING: Nan, Inf or huge value in QACC at DOF 12. The simulation is unstable. Time = 0.0320.

WARNING: Nan, Inf or huge value in QACC at DOF 12. The simulation is unstable. Time = 0.0300.

WARNING: Nan, Inf or huge value in QACC at DOF 12. The simulation is unstable. Time = 0.0340.

WARNING: Nan, Inf or huge value in QACC at DOF 12. The simulation is unstable. Time = 0.0300.

WARNING: Nan, Inf or huge value in QACC at DOF 12. The simulation is unstable. Time = 0.0340.

WARNING: Nan, Inf or huge value in QACC at DOF 12. The simulation is unstable. Time = 0.0320.

WARNING: Nan, Inf or huge value in QACC at DOF 12. The simulation is unstable. Time = 0.0320.

WARNING: Nan, Inf or huge value in QACC at DOF 12. The simulation is unstable. Time = 0.0320.

WARNING: Nan, Inf or huge value in QACC at DOF 12. The simulation is unstable. Time = 0.0340.

WARNING: Nan, Inf or huge value in QACC at DOF 12. The simulation is unstable. Time = 0.0300.

WARNING: Nan, Inf or huge value in QACC at DOF 12. The simulation is unstable. Time = 0.0300.

WARNING: Nan, Inf or huge value in QACC at DOF 12. The simulation is unstable. Time = 0.0300.

WARNING: Nan, Inf or huge value in QACC at DOF 12. The simulation is unstable. Time = 0.0300.

WARNING: Nan, Inf or huge value in QACC at DOF 12. The simulation is unstable. Time = 0.0320.

WARNING: Nan, Inf or huge value in QACC at DOF 12. The simulation is unstable. Time = 0.0300.

WARNING: Nan, Inf or huge value in QACC at DOF 12. The simulation is unstable. Time = 0.0320.

WARNING: Nan, Inf or huge value in QACC at DOF 12. The simulation is unstable. Time = 0.0320.

WARNING: Nan, Inf or huge value in QACC at DOF 12. The simulation is unstable. Time = 0.0280.

WARNING: Nan, Inf or huge value in QACC at DOF 12. The simulation is unstable. Time = 0.0320.

WARNING: Nan, Inf or huge value in QACC at DOF 12. The simulation is unstable. Time = 0.0320.

WARNING: Nan, Inf or huge value in QACC at DOF 12. The simulation is unstable. Time = 0.0320.

WARNING: Nan, Inf or huge value in QACC at DOF 12. The simulation is unstable. Time = 0.0300.

WARNING: Nan, Inf or huge value in QACC at DOF 12. The simulation is unstable. Time = 0.0300.

WARNING: Nan, Inf or huge value in QACC at DOF 12. The simulation is unstable. Time = 0.0320.

WARNING: Nan, Inf or huge value in QACC at DOF 12. The simulation is unstable. Time = 0.0320.

-----------------------------------------
| rollout/                |             |
|    ep_len_mean          | 1.3         |
|    ep_rew_mean          | -16.8       |
|    success_rate         | 0           |
| time/                   |             |
|    fps                  | 1425        |
|    iterations           | 29          |
|    time_elapsed         | 20          |
|    total_timesteps      | 280576      |
| train/                  |             |
|    approx_kl            | 0.022381296 |
|    clip_fraction        | 0.206       |
|    clip_range           | 0.2         |
|    entropy_loss         | -13.9       |
|    explained_variance   | 0.891       |
|    learning_rate        | 0.0003      |
|    loss                 | 22.7        |
|    n_updates            | 2730        |
|    policy_gradient_loss | -0.0295     |
|    std                  | 1.18        |
|    value_loss           | 19.6        |
-----------------------------------------
WARNING: Nan, Inf or huge value in QACC at DOF 12. The simulation is unstable. Time = 0.0320.

WARNING: Nan, Inf or huge value in QACC at DOF 12. The simulation is unstable. Time = 0.0280.

WARNING: Nan, Inf or huge value in QACC at DOF 12. The simulation is unstable. Time = 0.0340.

WARNING: Nan, Inf or huge value in QACC at DOF 12. The simulation is unstable. Time = 0.0320.

WARNING: Nan, Inf or huge value in QACC at DOF 12. The simulation is unstable. Time = 0.0320.

WARNING: Nan, Inf or huge value in QACC at DOF 12. The simulation is unstable. Time = 0.0320.

WARNING: Nan, Inf or huge value in QACC at DOF 12. The simulation is unstable. Time = 0.0340.

WARNING: Nan, Inf or huge value in QACC at DOF 12. The simulation is unstable. Time = 0.0320.

WARNING: Nan, Inf or huge value in QACC at DOF 12. The simulation is unstable. Time = 0.0320.

WARNING: Nan, Inf or huge value in QACC at DOF 12. The simulation is unstable. Time = 0.0320.

WARNING: Nan, Inf or huge value in QACC at DOF 12. The simulation is unstable. Time = 0.0320.

WARNING: Nan, Inf or huge value in QACC at DOF 12. The simulation is unstable. Time = 0.0300.

WARNING: Nan, Inf or huge value in QACC at DOF 12. The simulation is unstable. Time = 0.0320.

WARNING: Nan, Inf or huge value in QACC at DOF 12. The simulation is unstable. Time = 0.0300.

WARNING: Nan, Inf or huge value in QACC at DOF 12. The simulation is unstable. Time = 0.0300.

WARNING: Nan, Inf or huge value in QACC at DOF 12. The simulation is unstable. Time = 0.0300.

WARNING: Nan, Inf or huge value in QACC at DOF 12. The simulation is unstable. Time = 0.0320.

WARNING: Nan, Inf or huge value in QACC at DOF 12. The simulation is unstable. Time = 0.0320.

WARNING: Nan, Inf or huge value in QACC at DOF 12. The simulation is unstable. Time = 0.0320.

WARNING: Nan, Inf or huge value in QACC at DOF 12. The simulation is unstable. Time = 0.0320.

WARNING: Nan, Inf or huge value in QACC at DOF 12. The simulation is unstable. Time = 0.0280.

WARNING: Nan, Inf or huge value in QACC at DOF 12. The simulation is unstable. Time = 0.0340.

WARNING: Nan, Inf or huge value in QACC at DOF 12. The simulation is unstable. Time = 0.0300.

WARNING: Nan, Inf or huge value in QACC at DOF 12. The simulation is unstable. Time = 0.0340.

WARNING: Nan, Inf or huge value in QACC at DOF 12. The simulation is unstable. Time = 0.0300.

WARNING: Nan, Inf or huge value in QACC at DOF 12. The simulation is unstable. Time = 0.0340.

WARNING: Nan, Inf or huge value in QACC at DOF 12. The simulation is unstable. Time = 0.0320.

WARNING: Nan, Inf or huge value in QACC at DOF 12. The simulation is unstable. Time = 0.0320.

WARNING: Nan, Inf or huge value in QACC at DOF 12. The simulation is unstable. Time = 0.0340.

-----------------------------------------
| rollout/                |             |
|    ep_len_mean          | 1.14        |
|    ep_rew_mean          | -16         |
|    success_rate         | 0           |
| time/                   |             |
|    fps                  | 1425        |
|    iterations           | 30          |
|    time_elapsed         | 21          |
|    total_timesteps      | 281600      |
| train/                  |             |
|    approx_kl            | 0.090931654 |
|    clip_fraction        | 0.315       |
|    clip_range           | 0.2         |
|    entropy_loss         | -13.9       |
|    explained_variance   | 0.928       |
|    learning_rate        | 0.0003      |
|    loss                 | 4.98        |
|    n_updates            | 2740        |
|    policy_gradient_loss | -0.0196     |
|    std                  | 1.18        |
|    value_loss           | 8.03        |
-----------------------------------------
WARNING: Nan, Inf or huge value in QACC at DOF 12. The simulation is unstable. Time = 0.0320.

WARNING: Nan, Inf or huge value in QACC at DOF 12. The simulation is unstable. Time = 0.0320.

WARNING: Nan, Inf or huge value in QACC at DOF 12. The simulation is unstable. Time = 0.0320.

WARNING: Nan, Inf or huge value in QACC at DOF 12. The simulation is unstable. Time = 0.0300.

WARNING: Nan, Inf or huge value in QACC at DOF 12. The simulation is unstable. Time = 0.0320.

WARNING: Nan, Inf or huge value in QACC at DOF 12. The simulation is unstable. Time = 0.0320.

WARNING: Nan, Inf or huge value in QACC at DOF 12. The simulation is unstable. Time = 0.0320.

WARNING: Nan, Inf or huge value in QACC at DOF 12. The simulation is unstable. Time = 0.0320.

WARNING: Nan, Inf or huge value in QACC at DOF 12. The simulation is unstable. Time = 0.0300.

WARNING: Nan, Inf or huge value in QACC at DOF 12. The simulation is unstable. Time = 0.0300.

WARNING: Nan, Inf or huge value in QACC at DOF 12. The simulation is unstable. Time = 0.0320.

WARNING: Nan, Inf or huge value in QACC at DOF 12. The simulation is unstable. Time = 0.0300.

WARNING: Nan, Inf or huge value in QACC at DOF 12. The simulation is unstable. Time = 0.0300.

WARNING: Nan, Inf or huge value in QACC at DOF 12. The simulation is unstable. Time = 0.0340.

WARNING: Nan, Inf or huge value in QACC at DOF 12. The simulation is unstable. Time = 0.0300.

WARNING: Nan, Inf or huge value in QACC at DOF 12. The simulation is unstable. Time = 0.0300.

WARNING: Nan, Inf or huge value in QACC at DOF 12. The simulation is unstable. Time = 0.0300.

WARNING: Nan, Inf or huge value in QACC at DOF 12. The simulation is unstable. Time = 0.0300.

WARNING: Nan, Inf or huge value in QACC at DOF 12. The simulation is unstable. Time = 0.0320.

WARNING: Nan, Inf or huge value in QACC at DOF 12. The simulation is unstable. Time = 0.0320.

WARNING: Nan, Inf or huge value in QACC at DOF 12. The simulation is unstable. Time = 0.0340.

WARNING: Nan, Inf or huge value in QACC at DOF 12. The simulation is unstable. Time = 0.0320.

WARNING: Nan, Inf or huge value in QACC at DOF 12. The simulation is unstable. Time = 0.0340.

WARNING: Nan, Inf or huge value in QACC at DOF 12. The simulation is unstable. Time = 0.0300.

WARNING: Nan, Inf or huge value in QACC at DOF 12. The simulation is unstable. Time = 0.0280.

WARNING: Nan, Inf or huge value in QACC at DOF 12. The simulation is unstable. Time = 0.0320.

WARNING: Nan, Inf or huge value in QACC at DOF 12. The simulation is unstable. Time = 0.0300.

WARNING: Nan, Inf or huge value in QACC at DOF 12. The simulation is unstable. Time = 0.0300.

WARNING: Nan, Inf or huge value in QACC at DOF 12. The simulation is unstable. Time = 0.0320.

WARNING: Nan, Inf or huge value in QACC at DOF 12. The simulation is unstable. Time = 0.0320.

WARNING: Nan, Inf or huge value in QACC at DOF 12. The simulation is unstable. Time = 0.0340.

WARNING: Nan, Inf or huge value in QACC at DOF 12. The simulation is unstable. Time = 0.0320.

WARNING: Nan, Inf or huge value in QACC at DOF 12. The simulation is unstable. Time = 0.0320.

WARNING: Nan, Inf or huge value in QACC at DOF 12. The simulation is unstable. Time = 0.0340.

-----------------------------------------
| rollout/                |             |
|    ep_len_mean          | 1.24        |
|    ep_rew_mean          | -16.1       |
|    success_rate         | 0           |
| time/                   |             |
|    fps                  | 1425        |
|    iterations           | 31          |
|    time_elapsed         | 22          |
|    total_timesteps      | 282624      |
| train/                  |             |
|    approx_kl            | 0.024697129 |
|    clip_fraction        | 0.183       |
|    clip_range           | 0.2         |
|    entropy_loss         | -13.9       |
|    explained_variance   | 0.868       |
|    learning_rate        | 0.0003      |
|    loss                 | 7.24        |
|    n_updates            | 2750        |
|    policy_gradient_loss | -0.0339     |
|    std                  | 1.18        |
|    value_loss           | 24.2        |
-----------------------------------------
WARNING: Nan, Inf or huge value in QACC at DOF 12. The simulation is unstable. Time = 0.0340.

WARNING: Nan, Inf or huge value in QACC at DOF 12. The simulation is unstable. Time = 0.0340.

WARNING: Nan, Inf or huge value in QACC at DOF 12. The simulation is unstable. Time = 0.0340.

WARNING: Nan, Inf or huge value in QACC at DOF 12. The simulation is unstable. Time = 0.0300.

WARNING: Nan, Inf or huge value in QACC at DOF 12. The simulation is unstable. Time = 0.0320.

WARNING: Nan, Inf or huge value in QACC at DOF 12. The simulation is unstable. Time = 0.0340.

WARNING: Nan, Inf or huge value in QACC at DOF 12. The simulation is unstable. Time = 0.0300.

WARNING: Nan, Inf or huge value in QACC at DOF 12. The simulation is unstable. Time = 0.0320.

WARNING: Nan, Inf or huge value in QACC at DOF 12. The simulation is unstable. Time = 0.0340.

WARNING: Nan, Inf or huge value in QACC at DOF 12. The simulation is unstable. Time = 0.0280.

WARNING: Nan, Inf or huge value in QACC at DOF 12. The simulation is unstable. Time = 0.0320.

WARNING: Nan, Inf or huge value in QACC at DOF 12. The simulation is unstable. Time = 0.0340.

WARNING: Nan, Inf or huge value in QACC at DOF 12. The simulation is unstable. Time = 0.0300.

WARNING: Nan, Inf or huge value in QACC at DOF 12. The simulation is unstable. Time = 0.0300.

WARNING: Nan, Inf or huge value in QACC at DOF 12. The simulation is unstable. Time = 0.0320.

WARNING: Nan, Inf or huge value in QACC at DOF 12. The simulation is unstable. Time = 0.0320.

WARNING: Nan, Inf or huge value in QACC at DOF 12. The simulation is unstable. Time = 0.0320.

WARNING: Nan, Inf or huge value in QACC at DOF 12. The simulation is unstable. Time = 0.0320.

WARNING: Nan, Inf or huge value in QACC at DOF 12. The simulation is unstable. Time = 0.0320.

WARNING: Nan, Inf or huge value in QACC at DOF 12. The simulation is unstable. Time = 0.0320.

WARNING: Nan, Inf or huge value in QACC at DOF 12. The simulation is unstable. Time = 0.0320.

WARNING: Nan, Inf or huge value in QACC at DOF 12. The simulation is unstable. Time = 0.0320.

WARNING: Nan, Inf or huge value in QACC at DOF 12. The simulation is unstable. Time = 0.0320.

WARNING: Nan, Inf or huge value in QACC at DOF 12. The simulation is unstable. Time = 0.0340.

WARNING: Nan, Inf or huge value in QACC at DOF 12. The simulation is unstable. Time = 0.0320.

WARNING: Nan, Inf or huge value in QACC at DOF 12. The simulation is unstable. Time = 0.0300.

WARNING: Nan, Inf or huge value in QACC at DOF 12. The simulation is unstable. Time = 0.0340.

WARNING: Nan, Inf or huge value in QACC at DOF 12. The simulation is unstable. Time = 0.0320.

WARNING: Nan, Inf or huge value in QACC at DOF 12. The simulation is unstable. Time = 0.0340.

WARNING: Nan, Inf or huge value in QACC at DOF 12. The simulation is unstable. Time = 0.0280.

WARNING: Nan, Inf or huge value in QACC at DOF 12. The simulation is unstable. Time = 0.0340.

-----------------------------------------
| rollout/                |             |
|    ep_len_mean          | 1.46        |
|    ep_rew_mean          | -18.2       |
|    success_rate         | 0           |
| time/                   |             |
|    fps                  | 1425        |
|    iterations           | 32          |
|    time_elapsed         | 22          |
|    total_timesteps      | 283648      |
| train/                  |             |
|    approx_kl            | 0.029896207 |
|    clip_fraction        | 0.271       |
|    clip_range           | 0.2         |
|    entropy_loss         | -13.8       |
|    explained_variance   | 0.909       |
|    learning_rate        | 0.0003      |
|    loss                 | 4.89        |
|    n_updates            | 2760        |
|    policy_gradient_loss | -0.0281     |
|    std                  | 1.18        |
|    value_loss           | 11.2        |
-----------------------------------------
WARNING: Nan, Inf or huge value in QACC at DOF 12. The simulation is unstable. Time = 0.0320.

WARNING: Nan, Inf or huge value in QACC at DOF 12. The simulation is unstable. Time = 0.0300.

WARNING: Nan, Inf or huge value in QACC at DOF 12. The simulation is unstable. Time = 0.0320.

WARNING: Nan, Inf or huge value in QACC at DOF 12. The simulation is unstable. Time = 0.0340.

WARNING: Nan, Inf or huge value in QACC at DOF 12. The simulation is unstable. Time = 0.0320.

WARNING: Nan, Inf or huge value in QACC at DOF 12. The simulation is unstable. Time = 0.0340.

WARNING: Nan, Inf or huge value in QACC at DOF 12. The simulation is unstable. Time = 0.0320.

WARNING: Nan, Inf or huge value in QACC at DOF 12. The simulation is unstable. Time = 0.0340.

WARNING: Nan, Inf or huge value in QACC at DOF 12. The simulation is unstable. Time = 0.0320.

WARNING: Nan, Inf or huge value in QACC at DOF 12. The simulation is unstable. Time = 0.0340.

WARNING: Nan, Inf or huge value in QACC at DOF 12. The simulation is unstable. Time = 0.0340.

WARNING: Nan, Inf or huge value in QACC at DOF 12. The simulation is unstable. Time = 0.0320.

WARNING: Nan, Inf or huge value in QACC at DOF 12. The simulation is unstable. Time = 0.0300.

WARNING: Nan, Inf or huge value in QACC at DOF 12. The simulation is unstable. Time = 0.0300.

WARNING: Nan, Inf or huge value in QACC at DOF 12. The simulation is unstable. Time = 0.0320.

WARNING: Nan, Inf or huge value in QACC at DOF 12. The simulation is unstable. Time = 0.0320.

WARNING: Nan, Inf or huge value in QACC at DOF 12. The simulation is unstable. Time = 0.0320.

WARNING: Nan, Inf or huge value in QACC at DOF 12. The simulation is unstable. Time = 0.0300.

WARNING: Nan, Inf or huge value in QACC at DOF 12. The simulation is unstable. Time = 0.0320.

WARNING: Nan, Inf or huge value in QACC at DOF 12. The simulation is unstable. Time = 0.0320.

WARNING: Nan, Inf or huge value in QACC at DOF 12. The simulation is unstable. Time = 0.0320.

WARNING: Nan, Inf or huge value in QACC at DOF 12. The simulation is unstable. Time = 0.0320.

WARNING: Nan, Inf or huge value in QACC at DOF 12. The simulation is unstable. Time = 0.0320.

WARNING: Nan, Inf or huge value in QACC at DOF 12. The simulation is unstable. Time = 0.0340.

WARNING: Nan, Inf or huge value in QACC at DOF 12. The simulation is unstable. Time = 0.0320.

WARNING: Nan, Inf or huge value in QACC at DOF 12. The simulation is unstable. Time = 0.0280.

WARNING: Nan, Inf or huge value in QACC at DOF 12. The simulation is unstable. Time = 0.0300.

----------------------------------------
| rollout/                |            |
|    ep_len_mean          | 1.2        |
|    ep_rew_mean          | -16.3      |
|    success_rate         | 0          |
| time/                   |            |
|    fps                  | 1425       |
|    iterations           | 33         |
|    time_elapsed         | 23         |
|    total_timesteps      | 284672     |
| train/                  |            |
|    approx_kl            | 0.04565876 |
|    clip_fraction        | 0.28       |
|    clip_range           | 0.2        |
|    entropy_loss         | -13.8      |
|    explained_variance   | 0.856      |
|    learning_rate        | 0.0003     |
|    loss                 | 16.7       |
|    n_updates            | 2770       |
|    policy_gradient_loss | -0.0245    |
|    std                  | 1.18       |
|    value_loss           | 26.5       |
----------------------------------------
WARNING: Nan, Inf or huge value in QACC at DOF 12. The simulation is unstable. Time = 0.0320.

WARNING: Nan, Inf or huge value in QACC at DOF 12. The simulation is unstable. Time = 0.0300.

WARNING: Nan, Inf or huge value in QACC at DOF 12. The simulation is unstable. Time = 0.0320.

WARNING: Nan, Inf or huge value in QACC at DOF 12. The simulation is unstable. Time = 0.0320.

WARNING: Nan, Inf or huge value in QACC at DOF 12. The simulation is unstable. Time = 0.0320.

WARNING: Nan, Inf or huge value in QACC at DOF 12. The simulation is unstable. Time = 0.0300.

WARNING: Nan, Inf or huge value in QACC at DOF 12. The simulation is unstable. Time = 0.0340.

WARNING: Nan, Inf or huge value in QACC at DOF 12. The simulation is unstable. Time = 0.0340.

WARNING: Nan, Inf or huge value in QACC at DOF 12. The simulation is unstable. Time = 0.0320.

WARNING: Nan, Inf or huge value in QACC at DOF 12. The simulation is unstable. Time = 0.0320.

WARNING: Nan, Inf or huge value in QACC at DOF 12. The simulation is unstable. Time = 0.0300.

WARNING: Nan, Inf or huge value in QACC at DOF 12. The simulation is unstable. Time = 0.0300.

WARNING: Nan, Inf or huge value in QACC at DOF 12. The simulation is unstable. Time = 0.0340.

WARNING: Nan, Inf or huge value in QACC at DOF 12. The simulation is unstable. Time = 0.0320.

WARNING: Nan, Inf or huge value in QACC at DOF 12. The simulation is unstable. Time = 0.0320.

WARNING: Nan, Inf or huge value in QACC at DOF 12. The simulation is unstable. Time = 0.0300.

WARNING: Nan, Inf or huge value in QACC at DOF 12. The simulation is unstable. Time = 0.0320.

WARNING: Nan, Inf or huge value in QACC at DOF 12. The simulation is unstable. Time = 0.0320.

WARNING: Nan, Inf or huge value in QACC at DOF 12. The simulation is unstable. Time = 0.0300.

WARNING: Nan, Inf or huge value in QACC at DOF 12. The simulation is unstable. Time = 0.0320.

WARNING: Nan, Inf or huge value in QACC at DOF 12. The simulation is unstable. Time = 0.0280.

WARNING: Nan, Inf or huge value in QACC at DOF 12. The simulation is unstable. Time = 0.0320.

WARNING: Nan, Inf or huge value in QACC at DOF 12. The simulation is unstable. Time = 0.0340.

WARNING: Nan, Inf or huge value in QACC at DOF 12. The simulation is unstable. Time = 0.0340.

WARNING: Nan, Inf or huge value in QACC at DOF 12. The simulation is unstable. Time = 0.0320.

WARNING: Nan, Inf or huge value in QACC at DOF 12. The simulation is unstable. Time = 0.0300.

-----------------------------------------
| rollout/                |             |
|    ep_len_mean          | 1.08        |
|    ep_rew_mean          | -15.5       |
|    success_rate         | 0           |
| time/                   |             |
|    fps                  | 1425        |
|    iterations           | 34          |
|    time_elapsed         | 24          |
|    total_timesteps      | 285696      |
| train/                  |             |
|    approx_kl            | 0.075275145 |
|    clip_fraction        | 0.381       |
|    clip_range           | 0.2         |
|    entropy_loss         | -13.8       |
|    explained_variance   | 0.946       |
|    learning_rate        | 0.0003      |
|    loss                 | 3.95        |
|    n_updates            | 2780        |
|    policy_gradient_loss | -0.0282     |
|    std                  | 1.18        |
|    value_loss           | 6.16        |
-----------------------------------------
WARNING: Nan, Inf or huge value in QACC at DOF 12. The simulation is unstable. Time = 0.0320.

WARNING: Nan, Inf or huge value in QACC at DOF 12. The simulation is unstable. Time = 0.0280.

WARNING: Nan, Inf or huge value in QACC at DOF 12. The simulation is unstable. Time = 0.0320.

WARNING: Nan, Inf or huge value in QACC at DOF 12. The simulation is unstable. Time = 0.0300.

WARNING: Nan, Inf or huge value in QACC at DOF 12. The simulation is unstable. Time = 0.0320.

WARNING: Nan, Inf or huge value in QACC at DOF 12. The simulation is unstable. Time = 0.0320.

WARNING: Nan, Inf or huge value in QACC at DOF 12. The simulation is unstable. Time = 0.0300.

WARNING: Nan, Inf or huge value in QACC at DOF 12. The simulation is unstable. Time = 0.0320.

WARNING: Nan, Inf or huge value in QACC at DOF 12. The simulation is unstable. Time = 0.0340.

WARNING: Nan, Inf or huge value in QACC at DOF 12. The simulation is unstable. Time = 0.0320.

WARNING: Nan, Inf or huge value in QACC at DOF 12. The simulation is unstable. Time = 0.0320.

WARNING: Nan, Inf or huge value in QACC at DOF 12. The simulation is unstable. Time = 0.0320.

WARNING: Nan, Inf or huge value in QACC at DOF 12. The simulation is unstable. Time = 0.0300.

WARNING: Nan, Inf or huge value in QACC at DOF 12. The simulation is unstable. Time = 0.0340.

WARNING: Nan, Inf or huge value in QACC at DOF 12. The simulation is unstable. Time = 0.0320.

WARNING: Nan, Inf or huge value in QACC at DOF 12. The simulation is unstable. Time = 0.0320.

WARNING: Nan, Inf or huge value in QACC at DOF 12. The simulation is unstable. Time = 0.0320.

WARNING: Nan, Inf or huge value in QACC at DOF 12. The simulation is unstable. Time = 0.0320.

WARNING: Nan, Inf or huge value in QACC at DOF 12. The simulation is unstable. Time = 0.0340.

WARNING: Nan, Inf or huge value in QACC at DOF 12. The simulation is unstable. Time = 0.0320.

WARNING: Nan, Inf or huge value in QACC at DOF 12. The simulation is unstable. Time = 0.0340.

WARNING: Nan, Inf or huge value in QACC at DOF 12. The simulation is unstable. Time = 0.0300.

WARNING: Nan, Inf or huge value in QACC at DOF 12. The simulation is unstable. Time = 0.0300.

WARNING: Nan, Inf or huge value in QACC at DOF 12. The simulation is unstable. Time = 0.0320.

WARNING: Nan, Inf or huge value in QACC at DOF 12. The simulation is unstable. Time = 0.0340.

-----------------------------------------
| rollout/                |             |
|    ep_len_mean          | 1.16        |
|    ep_rew_mean          | -15.9       |
|    success_rate         | 0           |
| time/                   |             |
|    fps                  | 1424        |
|    iterations           | 35          |
|    time_elapsed         | 25          |
|    total_timesteps      | 286720      |
| train/                  |             |
|    approx_kl            | 0.054110125 |
|    clip_fraction        | 0.353       |
|    clip_range           | 0.2         |
|    entropy_loss         | -13.8       |
|    explained_variance   | 0.941       |
|    learning_rate        | 0.0003      |
|    loss                 | 3.23        |
|    n_updates            | 2790        |
|    policy_gradient_loss | -0.0132     |
|    std                  | 1.18        |
|    value_loss           | 5.63        |
-----------------------------------------
WARNING: Nan, Inf or huge value in QACC at DOF 12. The simulation is unstable. Time = 0.0340.

WARNING: Nan, Inf or huge value in QACC at DOF 12. The simulation is unstable. Time = 0.0300.

WARNING: Nan, Inf or huge value in QACC at DOF 12. The simulation is unstable. Time = 0.0300.

WARNING: Nan, Inf or huge value in QACC at DOF 12. The simulation is unstable. Time = 0.0300.

WARNING: Nan, Inf or huge value in QACC at DOF 12. The simulation is unstable. Time = 0.0340.

WARNING: Nan, Inf or huge value in QACC at DOF 12. The simulation is unstable. Time = 0.0320.

WARNING: Nan, Inf or huge value in QACC at DOF 12. The simulation is unstable. Time = 0.0320.

WARNING: Nan, Inf or huge value in QACC at DOF 12. The simulation is unstable. Time = 0.0320.

WARNING: Nan, Inf or huge value in QACC at DOF 12. The simulation is unstable. Time = 0.0320.

WARNING: Nan, Inf or huge value in QACC at DOF 12. The simulation is unstable. Time = 0.0300.

WARNING: Nan, Inf or huge value in QACC at DOF 12. The simulation is unstable. Time = 0.0320.

WARNING: Nan, Inf or huge value in QACC at DOF 12. The simulation is unstable. Time = 0.0340.

WARNING: Nan, Inf or huge value in QACC at DOF 12. The simulation is unstable. Time = 0.0280.

WARNING: Nan, Inf or huge value in QACC at DOF 12. The simulation is unstable. Time = 0.0300.

WARNING: Nan, Inf or huge value in QACC at DOF 12. The simulation is unstable. Time = 0.0300.

WARNING: Nan, Inf or huge value in QACC at DOF 12. The simulation is unstable. Time = 0.0320.

WARNING: Nan, Inf or huge value in QACC at DOF 12. The simulation is unstable. Time = 0.0320.

WARNING: Nan, Inf or huge value in QACC at DOF 12. The simulation is unstable. Time = 0.0320.

WARNING: Nan, Inf or huge value in QACC at DOF 12. The simulation is unstable. Time = 0.0300.

WARNING: Nan, Inf or huge value in QACC at DOF 12. The simulation is unstable. Time = 0.0320.

WARNING: Nan, Inf or huge value in QACC at DOF 12. The simulation is unstable. Time = 0.0320.

WARNING: Nan, Inf or huge value in QACC at DOF 12. The simulation is unstable. Time = 0.0300.

WARNING: Nan, Inf or huge value in QACC at DOF 12. The simulation is unstable. Time = 0.0320.

WARNING: Nan, Inf or huge value in QACC at DOF 12. The simulation is unstable. Time = 0.0300.

WARNING: Nan, Inf or huge value in QACC at DOF 12. The simulation is unstable. Time = 0.0320.

WARNING: Nan, Inf or huge value in QACC at DOF 12. The simulation is unstable. Time = 0.0300.

WARNING: Nan, Inf or huge value in QACC at DOF 12. The simulation is unstable. Time = 0.0300.

-----------------------------------------
| rollout/                |             |
|    ep_len_mean          | 1.15        |
|    ep_rew_mean          | -15.8       |
|    success_rate         | 0           |
| time/                   |             |
|    fps                  | 1424        |
|    iterations           | 36          |
|    time_elapsed         | 25          |
|    total_timesteps      | 287744      |
| train/                  |             |
|    approx_kl            | 0.096259415 |
|    clip_fraction        | 0.471       |
|    clip_range           | 0.2         |
|    entropy_loss         | -13.8       |
|    explained_variance   | 0.959       |
|    learning_rate        | 0.0003      |
|    loss                 | 0.167       |
|    n_updates            | 2800        |
|    policy_gradient_loss | -0.0176     |
|    std                  | 1.18        |
|    value_loss           | 3.83        |
-----------------------------------------
WARNING: Nan, Inf or huge value in QACC at DOF 12. The simulation is unstable. Time = 0.0320.

WARNING: Nan, Inf or huge value in QACC at DOF 12. The simulation is unstable. Time = 0.0320.

WARNING: Nan, Inf or huge value in QACC at DOF 12. The simulation is unstable. Time = 0.0340.

WARNING: Nan, Inf or huge value in QACC at DOF 12. The simulation is unstable. Time = 0.0300.

WARNING: Nan, Inf or huge value in QACC at DOF 12. The simulation is unstable. Time = 0.0300.

WARNING: Nan, Inf or huge value in QACC at DOF 12. The simulation is unstable. Time = 0.0300.

WARNING: Nan, Inf or huge value in QACC at DOF 12. The simulation is unstable. Time = 0.0340.

WARNING: Nan, Inf or huge value in QACC at DOF 12. The simulation is unstable. Time = 0.0300.

WARNING: Nan, Inf or huge value in QACC at DOF 12. The simulation is unstable. Time = 0.0320.

WARNING: Nan, Inf or huge value in QACC at DOF 12. The simulation is unstable. Time = 0.0340.

WARNING: Nan, Inf or huge value in QACC at DOF 12. The simulation is unstable. Time = 0.0340.

WARNING: Nan, Inf or huge value in QACC at DOF 12. The simulation is unstable. Time = 0.0320.

WARNING: Nan, Inf or huge value in QACC at DOF 12. The simulation is unstable. Time = 0.0320.

WARNING: Nan, Inf or huge value in QACC at DOF 12. The simulation is unstable. Time = 0.0320.

WARNING: Nan, Inf or huge value in QACC at DOF 12. The simulation is unstable. Time = 0.0320.

WARNING: Nan, Inf or huge value in QACC at DOF 12. The simulation is unstable. Time = 0.0320.

WARNING: Nan, Inf or huge value in QACC at DOF 12. The simulation is unstable. Time = 0.0300.

WARNING: Nan, Inf or huge value in QACC at DOF 12. The simulation is unstable. Time = 0.0300.

WARNING: Nan, Inf or huge value in QACC at DOF 12. The simulation is unstable. Time = 0.0300.

WARNING: Nan, Inf or huge value in QACC at DOF 12. The simulation is unstable. Time = 0.0300.

WARNING: Nan, Inf or huge value in QACC at DOF 12. The simulation is unstable. Time = 0.0340.

WARNING: Nan, Inf or huge value in QACC at DOF 12. The simulation is unstable. Time = 0.0320.

WARNING: Nan, Inf or huge value in QACC at DOF 12. The simulation is unstable. Time = 0.0320.

WARNING: Nan, Inf or huge value in QACC at DOF 12. The simulation is unstable. Time = 0.0320.

WARNING: Nan, Inf or huge value in QACC at DOF 12. The simulation is unstable. Time = 0.0300.

WARNING: Nan, Inf or huge value in QACC at DOF 12. The simulation is unstable. Time = 0.0300.

-----------------------------------------
| rollout/                |             |
|    ep_len_mean          | 1.14        |
|    ep_rew_mean          | -15.6       |
|    success_rate         | 0           |
| time/                   |             |
|    fps                  | 1424        |
|    iterations           | 37          |
|    time_elapsed         | 26          |
|    total_timesteps      | 288768      |
| train/                  |             |
|    approx_kl            | 0.058986433 |
|    clip_fraction        | 0.368       |
|    clip_range           | 0.2         |
|    entropy_loss         | -13.9       |
|    explained_variance   | 0.944       |
|    learning_rate        | 0.0003      |
|    loss                 | 2.48        |
|    n_updates            | 2810        |
|    policy_gradient_loss | -0.0161     |
|    std                  | 1.18        |
|    value_loss           | 6.21        |
-----------------------------------------
WARNING: Nan, Inf or huge value in QACC at DOF 12. The simulation is unstable. Time = 0.0300.

WARNING: Nan, Inf or huge value in QACC at DOF 12. The simulation is unstable. Time = 0.0340.

WARNING: Nan, Inf or huge value in QACC at DOF 12. The simulation is unstable. Time = 0.0320.

WARNING: Nan, Inf or huge value in QACC at DOF 12. The simulation is unstable. Time = 0.0300.

WARNING: Nan, Inf or huge value in QACC at DOF 12. The simulation is unstable. Time = 0.0320.

WARNING: Nan, Inf or huge value in QACC at DOF 12. The simulation is unstable. Time = 0.0300.

WARNING: Nan, Inf or huge value in QACC at DOF 12. The simulation is unstable. Time = 0.0300.

WARNING: Nan, Inf or huge value in QACC at DOF 12. The simulation is unstable. Time = 0.0320.

WARNING: Nan, Inf or huge value in QACC at DOF 12. The simulation is unstable. Time = 0.0300.

WARNING: Nan, Inf or huge value in QACC at DOF 12. The simulation is unstable. Time = 0.0300.

WARNING: Nan, Inf or huge value in QACC at DOF 12. The simulation is unstable. Time = 0.0300.

WARNING: Nan, Inf or huge value in QACC at DOF 12. The simulation is unstable. Time = 0.0300.

WARNING: Nan, Inf or huge value in QACC at DOF 12. The simulation is unstable. Time = 0.0300.

WARNING: Nan, Inf or huge value in QACC at DOF 12. The simulation is unstable. Time = 0.0320.

WARNING: Nan, Inf or huge value in QACC at DOF 12. The simulation is unstable. Time = 0.0320.

WARNING: Nan, Inf or huge value in QACC at DOF 12. The simulation is unstable. Time = 0.0300.

WARNING: Nan, Inf or huge value in QACC at DOF 12. The simulation is unstable. Time = 0.0300.

WARNING: Nan, Inf or huge value in QACC at DOF 12. The simulation is unstable. Time = 0.0300.

WARNING: Nan, Inf or huge value in QACC at DOF 12. The simulation is unstable. Time = 0.0320.

WARNING: Nan, Inf or huge value in QACC at DOF 12. The simulation is unstable. Time = 0.0320.

WARNING: Nan, Inf or huge value in QACC at DOF 12. The simulation is unstable. Time = 0.0340.

WARNING: Nan, Inf or huge value in QACC at DOF 12. The simulation is unstable. Time = 0.0300.

WARNING: Nan, Inf or huge value in QACC at DOF 12. The simulation is unstable. Time = 0.0300.

WARNING: Nan, Inf or huge value in QACC at DOF 12. The simulation is unstable. Time = 0.0340.

WARNING: Nan, Inf or huge value in QACC at DOF 12. The simulation is unstable. Time = 0.0320.

WARNING: Nan, Inf or huge value in QACC at DOF 12. The simulation is unstable. Time = 0.0320.

WARNING: Nan, Inf or huge value in QACC at DOF 12. The simulation is unstable. Time = 0.0340.

WARNING: Nan, Inf or huge value in QACC at DOF 12. The simulation is unstable. Time = 0.0340.

WARNING: Nan, Inf or huge value in QACC at DOF 12. The simulation is unstable. Time = 0.0340.

WARNING: Nan, Inf or huge value in QACC at DOF 12. The simulation is unstable. Time = 0.0300.

WARNING: Nan, Inf or huge value in QACC at DOF 12. The simulation is unstable. Time = 0.0320.

WARNING: Nan, Inf or huge value in QACC at DOF 12. The simulation is unstable. Time = 0.0320.

WARNING: Nan, Inf or huge value in QACC at DOF 12. The simulation is unstable. Time = 0.0300.

WARNING: Nan, Inf or huge value in QACC at DOF 12. The simulation is unstable. Time = 0.0320.

WARNING: Nan, Inf or huge value in QACC at DOF 12. The simulation is unstable. Time = 0.0320.

WARNING: Nan, Inf or huge value in QACC at DOF 12. The simulation is unstable. Time = 0.0320.

WARNING: Nan, Inf or huge value in QACC at DOF 12. The simulation is unstable. Time = 0.0320.

---------------------------------------
| rollout/                |           |
|    ep_len_mean          | 1.34      |
|    ep_rew_mean          | -16.7     |
|    success_rate         | 0         |
| time/                   |           |
|    fps                  | 1425      |
|    iterations           | 38        |
|    time_elapsed         | 27        |
|    total_timesteps      | 289792    |
| train/                  |           |
|    approx_kl            | 0.0402691 |
|    clip_fraction        | 0.331     |
|    clip_range           | 0.2       |
|    entropy_loss         | -13.9     |
|    explained_variance   | 0.934     |
|    learning_rate        | 0.0003    |
|    loss                 | 4.66      |
|    n_updates            | 2820      |
|    policy_gradient_loss | -0.0211   |
|    std                  | 1.19      |
|    value_loss           | 7.42      |
---------------------------------------
WARNING: Nan, Inf or huge value in QACC at DOF 12. The simulation is unstable. Time = 0.0320.

WARNING: Nan, Inf or huge value in QACC at DOF 12. The simulation is unstable. Time = 0.0320.

WARNING: Nan, Inf or huge value in QACC at DOF 12. The simulation is unstable. Time = 0.0340.

WARNING: Nan, Inf or huge value in QACC at DOF 12. The simulation is unstable. Time = 0.0320.

WARNING: Nan, Inf or huge value in QACC at DOF 12. The simulation is unstable. Time = 0.0300.

WARNING: Nan, Inf or huge value in QACC at DOF 12. The simulation is unstable. Time = 0.0300.

WARNING: Nan, Inf or huge value in QACC at DOF 12. The simulation is unstable. Time = 0.0320.

WARNING: Nan, Inf or huge value in QACC at DOF 12. The simulation is unstable. Time = 0.0340.

WARNING: Nan, Inf or huge value in QACC at DOF 12. The simulation is unstable. Time = 0.0320.

WARNING: Nan, Inf or huge value in QACC at DOF 12. The simulation is unstable. Time = 0.0320.

WARNING: Nan, Inf or huge value in QACC at DOF 12. The simulation is unstable. Time = 0.0320.

WARNING: Nan, Inf or huge value in QACC at DOF 12. The simulation is unstable. Time = 0.0300.

WARNING: Nan, Inf or huge value in QACC at DOF 12. The simulation is unstable. Time = 0.0320.

WARNING: Nan, Inf or huge value in QACC at DOF 12. The simulation is unstable. Time = 0.0320.

WARNING: Nan, Inf or huge value in QACC at DOF 12. The simulation is unstable. Time = 0.0320.

WARNING: Nan, Inf or huge value in QACC at DOF 12. The simulation is unstable. Time = 0.0320.

WARNING: Nan, Inf or huge value in QACC at DOF 12. The simulation is unstable. Time = 0.0320.

WARNING: Nan, Inf or huge value in QACC at DOF 12. The simulation is unstable. Time = 0.0320.

WARNING: Nan, Inf or huge value in QACC at DOF 12. The simulation is unstable. Time = 0.0280.

WARNING: Nan, Inf or huge value in QACC at DOF 12. The simulation is unstable. Time = 0.0300.

WARNING: Nan, Inf or huge value in QACC at DOF 12. The simulation is unstable. Time = 0.0280.

WARNING: Nan, Inf or huge value in QACC at DOF 12. The simulation is unstable. Time = 0.0340.

WARNING: Nan, Inf or huge value in QACC at DOF 12. The simulation is unstable. Time = 0.0340.

WARNING: Nan, Inf or huge value in QACC at DOF 12. The simulation is unstable. Time = 0.0300.

WARNING: Nan, Inf or huge value in QACC at DOF 12. The simulation is unstable. Time = 0.0320.

WARNING: Nan, Inf or huge value in QACC at DOF 12. The simulation is unstable. Time = 0.0300.

WARNING: Nan, Inf or huge value in QACC at DOF 12. The simulation is unstable. Time = 0.0340.

WARNING: Nan, Inf or huge value in QACC at DOF 12. The simulation is unstable. Time = 0.0300.

WARNING: Nan, Inf or huge value in QACC at DOF 12. The simulation is unstable. Time = 0.0340.

WARNING: Nan, Inf or huge value in QACC at DOF 12. The simulation is unstable. Time = 0.0320.

WARNING: Nan, Inf or huge value in QACC at DOF 12. The simulation is unstable. Time = 0.0320.

WARNING: Nan, Inf or huge value in QACC at DOF 12. The simulation is unstable. Time = 0.0340.

WARNING: Nan, Inf or huge value in QACC at DOF 12. The simulation is unstable. Time = 0.0320.

WARNING: Nan, Inf or huge value in QACC at DOF 12. The simulation is unstable. Time = 0.0320.

-----------------------------------------
| rollout/                |             |
|    ep_len_mean          | 1.38        |
|    ep_rew_mean          | -17.3       |
|    success_rate         | 0           |
| time/                   |             |
|    fps                  | 1426        |
|    iterations           | 39          |
|    time_elapsed         | 27          |
|    total_timesteps      | 290816      |
| train/                  |             |
|    approx_kl            | 0.019358654 |
|    clip_fraction        | 0.224       |
|    clip_range           | 0.2         |
|    entropy_loss         | -13.9       |
|    explained_variance   | 0.919       |
|    learning_rate        | 0.0003      |
|    loss                 | 3.67        |
|    n_updates            | 2830        |
|    policy_gradient_loss | -0.0326     |
|    std                  | 1.19        |
|    value_loss           | 12.1        |
-----------------------------------------
WARNING: Nan, Inf or huge value in QACC at DOF 12. The simulation is unstable. Time = 0.0300.

WARNING: Nan, Inf or huge value in QACC at DOF 12. The simulation is unstable. Time = 0.0320.

WARNING: Nan, Inf or huge value in QACC at DOF 12. The simulation is unstable. Time = 0.0300.

WARNING: Nan, Inf or huge value in QACC at DOF 12. The simulation is unstable. Time = 0.0320.

WARNING: Nan, Inf or huge value in QACC at DOF 12. The simulation is unstable. Time = 0.0320.

WARNING: Nan, Inf or huge value in QACC at DOF 12. The simulation is unstable. Time = 0.0320.

WARNING: Nan, Inf or huge value in QACC at DOF 12. The simulation is unstable. Time = 0.0320.

WARNING: Nan, Inf or huge value in QACC at DOF 12. The simulation is unstable. Time = 0.0320.

WARNING: Nan, Inf or huge value in QACC at DOF 12. The simulation is unstable. Time = 0.0320.

WARNING: Nan, Inf or huge value in QACC at DOF 12. The simulation is unstable. Time = 0.0320.

WARNING: Nan, Inf or huge value in QACC at DOF 12. The simulation is unstable. Time = 0.0320.

WARNING: Nan, Inf or huge value in QACC at DOF 12. The simulation is unstable. Time = 0.0280.

WARNING: Nan, Inf or huge value in QACC at DOF 12. The simulation is unstable. Time = 0.0320.

WARNING: Nan, Inf or huge value in QACC at DOF 12. The simulation is unstable. Time = 0.0300.

WARNING: Nan, Inf or huge value in QACC at DOF 12. The simulation is unstable. Time = 0.0340.

WARNING: Nan, Inf or huge value in QACC at DOF 12. The simulation is unstable. Time = 0.0320.

WARNING: Nan, Inf or huge value in QACC at DOF 12. The simulation is unstable. Time = 0.0320.

WARNING: Nan, Inf or huge value in QACC at DOF 12. The simulation is unstable. Time = 0.0320.

WARNING: Nan, Inf or huge value in QACC at DOF 12. The simulation is unstable. Time = 0.0300.

WARNING: Nan, Inf or huge value in QACC at DOF 12. The simulation is unstable. Time = 0.0300.

WARNING: Nan, Inf or huge value in QACC at DOF 12. The simulation is unstable. Time = 0.0340.

WARNING: Nan, Inf or huge value in QACC at DOF 12. The simulation is unstable. Time = 0.0320.

WARNING: Nan, Inf or huge value in QACC at DOF 12. The simulation is unstable. Time = 0.0320.

WARNING: Nan, Inf or huge value in QACC at DOF 12. The simulation is unstable. Time = 0.0300.

WARNING: Nan, Inf or huge value in QACC at DOF 12. The simulation is unstable. Time = 0.0320.

WARNING: Nan, Inf or huge value in QACC at DOF 12. The simulation is unstable. Time = 0.0320.

WARNING: Nan, Inf or huge value in QACC at DOF 12. The simulation is unstable. Time = 0.0320.

WARNING: Nan, Inf or huge value in QACC at DOF 12. The simulation is unstable. Time = 0.0300.

WARNING: Nan, Inf or huge value in QACC at DOF 12. The simulation is unstable. Time = 0.0320.

-----------------------------------------
| rollout/                |             |
|    ep_len_mean          | 1.34        |
|    ep_rew_mean          | -16.6       |
|    success_rate         | 0           |
| time/                   |             |
|    fps                  | 1427        |
|    iterations           | 40          |
|    time_elapsed         | 28          |
|    total_timesteps      | 291840      |
| train/                  |             |
|    approx_kl            | 0.020936899 |
|    clip_fraction        | 0.223       |
|    clip_range           | 0.2         |
|    entropy_loss         | -13.9       |
|    explained_variance   | 0.708       |
|    learning_rate        | 0.0003      |
|    loss                 | 64.7        |
|    n_updates            | 2840        |
|    policy_gradient_loss | -0.0236     |
|    std                  | 1.19        |
|    value_loss           | 75.8        |
-----------------------------------------
WARNING: Nan, Inf or huge value in QACC at DOF 12. The simulation is unstable. Time = 0.0320.

WARNING: Nan, Inf or huge value in QACC at DOF 12. The simulation is unstable. Time = 0.0320.

WARNING: Nan, Inf or huge value in QACC at DOF 12. The simulation is unstable. Time = 0.0320.

WARNING: Nan, Inf or huge value in QACC at DOF 12. The simulation is unstable. Time = 0.0320.

WARNING: Nan, Inf or huge value in QACC at DOF 12. The simulation is unstable. Time = 0.0300.

WARNING: Nan, Inf or huge value in QACC at DOF 12. The simulation is unstable. Time = 0.0320.

WARNING: Nan, Inf or huge value in QACC at DOF 12. The simulation is unstable. Time = 0.0320.

WARNING: Nan, Inf or huge value in QACC at DOF 12. The simulation is unstable. Time = 0.0320.

WARNING: Nan, Inf or huge value in QACC at DOF 12. The simulation is unstable. Time = 0.0300.

WARNING: Nan, Inf or huge value in QACC at DOF 12. The simulation is unstable. Time = 0.0320.

WARNING: Nan, Inf or huge value in QACC at DOF 12. The simulation is unstable. Time = 0.0300.

WARNING: Nan, Inf or huge value in QACC at DOF 12. The simulation is unstable. Time = 0.0300.

WARNING: Nan, Inf or huge value in QACC at DOF 12. The simulation is unstable. Time = 0.0340.

WARNING: Nan, Inf or huge value in QACC at DOF 12. The simulation is unstable. Time = 0.0300.

WARNING: Nan, Inf or huge value in QACC at DOF 12. The simulation is unstable. Time = 0.0320.

WARNING: Nan, Inf or huge value in QACC at DOF 12. The simulation is unstable. Time = 0.0300.

WARNING: Nan, Inf or huge value in QACC at DOF 12. The simulation is unstable. Time = 0.0320.

WARNING: Nan, Inf or huge value in QACC at DOF 12. The simulation is unstable. Time = 0.0320.

WARNING: Nan, Inf or huge value in QACC at DOF 12. The simulation is unstable. Time = 0.0320.

WARNING: Nan, Inf or huge value in QACC at DOF 12. The simulation is unstable. Time = 0.0320.

WARNING: Nan, Inf or huge value in QACC at DOF 12. The simulation is unstable. Time = 0.0320.

WARNING: Nan, Inf or huge value in QACC at DOF 12. The simulation is unstable. Time = 0.0300.

WARNING: Nan, Inf or huge value in QACC at DOF 12. The simulation is unstable. Time = 0.0300.

WARNING: Nan, Inf or huge value in QACC at DOF 12. The simulation is unstable. Time = 0.0320.

WARNING: Nan, Inf or huge value in QACC at DOF 12. The simulation is unstable. Time = 0.0320.

WARNING: Nan, Inf or huge value in QACC at DOF 12. The simulation is unstable. Time = 0.0280.

WARNING: Nan, Inf or huge value in QACC at DOF 12. The simulation is unstable. Time = 0.0320.

WARNING: Nan, Inf or huge value in QACC at DOF 12. The simulation is unstable. Time = 0.0320.

WARNING: Nan, Inf or huge value in QACC at DOF 12. The simulation is unstable. Time = 0.0320.

WARNING: Nan, Inf or huge value in QACC at DOF 12. The simulation is unstable. Time = 0.0320.

WARNING: Nan, Inf or huge value in QACC at DOF 12. The simulation is unstable. Time = 0.0300.

WARNING: Nan, Inf or huge value in QACC at DOF 12. The simulation is unstable. Time = 0.0320.

WARNING: Nan, Inf or huge value in QACC at DOF 12. The simulation is unstable. Time = 0.0320.

WARNING: Nan, Inf or huge value in QACC at DOF 12. The simulation is unstable. Time = 0.0320.

WARNING: Nan, Inf or huge value in QACC at DOF 12. The simulation is unstable. Time = 0.0320.

---------------------------------------
| rollout/                |           |
|    ep_len_mean          | 1.52      |
|    ep_rew_mean          | -16.7     |
|    success_rate         | 0         |
| time/                   |           |
|    fps                  | 1428      |
|    iterations           | 41        |
|    time_elapsed         | 29        |
|    total_timesteps      | 292864    |
| train/                  |           |
|    approx_kl            | 0.2150901 |
|    clip_fraction        | 0.512     |
|    clip_range           | 0.2       |
|    entropy_loss         | -13.9     |
|    explained_variance   | 0.931     |
|    learning_rate        | 0.0003    |
|    loss                 | 1.52      |
|    n_updates            | 2850      |
|    policy_gradient_loss | -0.0149   |
|    std                  | 1.18      |
|    value_loss           | 6.38      |
---------------------------------------
WARNING: Nan, Inf or huge value in QACC at DOF 12. The simulation is unstable. Time = 0.0300.

WARNING: Nan, Inf or huge value in QACC at DOF 12. The simulation is unstable. Time = 0.0280.

WARNING: Nan, Inf or huge value in QACC at DOF 12. The simulation is unstable. Time = 0.0340.

WARNING: Nan, Inf or huge value in QACC at DOF 12. The simulation is unstable. Time = 0.0300.

WARNING: Nan, Inf or huge value in QACC at DOF 12. The simulation is unstable. Time = 0.0300.

WARNING: Nan, Inf or huge value in QACC at DOF 12. The simulation is unstable. Time = 0.0320.

WARNING: Nan, Inf or huge value in QACC at DOF 12. The simulation is unstable. Time = 0.0340.

WARNING: Nan, Inf or huge value in QACC at DOF 12. The simulation is unstable. Time = 0.0300.

WARNING: Nan, Inf or huge value in QACC at DOF 12. The simulation is unstable. Time = 0.0320.

WARNING: Nan, Inf or huge value in QACC at DOF 12. The simulation is unstable. Time = 0.0320.

WARNING: Nan, Inf or huge value in QACC at DOF 12. The simulation is unstable. Time = 0.0300.

WARNING: Nan, Inf or huge value in QACC at DOF 12. The simulation is unstable. Time = 0.0340.

WARNING: Nan, Inf or huge value in QACC at DOF 12. The simulation is unstable. Time = 0.0320.

WARNING: Nan, Inf or huge value in QACC at DOF 12. The simulation is unstable. Time = 0.0300.

WARNING: Nan, Inf or huge value in QACC at DOF 12. The simulation is unstable. Time = 0.0320.

WARNING: Nan, Inf or huge value in QACC at DOF 12. The simulation is unstable. Time = 0.0320.

WARNING: Nan, Inf or huge value in QACC at DOF 12. The simulation is unstable. Time = 0.0320.

WARNING: Nan, Inf or huge value in QACC at DOF 12. The simulation is unstable. Time = 0.0320.

WARNING: Nan, Inf or huge value in QACC at DOF 12. The simulation is unstable. Time = 0.0320.

WARNING: Nan, Inf or huge value in QACC at DOF 12. The simulation is unstable. Time = 0.0320.

WARNING: Nan, Inf or huge value in QACC at DOF 12. The simulation is unstable. Time = 0.0340.

WARNING: Nan, Inf or huge value in QACC at DOF 12. The simulation is unstable. Time = 0.0320.

WARNING: Nan, Inf or huge value in QACC at DOF 12. The simulation is unstable. Time = 0.0320.

WARNING: Nan, Inf or huge value in QACC at DOF 12. The simulation is unstable. Time = 0.0300.

WARNING: Nan, Inf or huge value in QACC at DOF 12. The simulation is unstable. Time = 0.0300.

WARNING: Nan, Inf or huge value in QACC at DOF 12. The simulation is unstable. Time = 0.0320.

WARNING: Nan, Inf or huge value in QACC at DOF 12. The simulation is unstable. Time = 0.0340.

-----------------------------------------
| rollout/                |             |
|    ep_len_mean          | 1.33        |
|    ep_rew_mean          | -16.6       |
|    success_rate         | 0           |
| time/                   |             |
|    fps                  | 1429        |
|    iterations           | 42          |
|    time_elapsed         | 30          |
|    total_timesteps      | 293888      |
| train/                  |             |
|    approx_kl            | 0.035904676 |
|    clip_fraction        | 0.357       |
|    clip_range           | 0.2         |
|    entropy_loss         | -13.9       |
|    explained_variance   | 0.923       |
|    learning_rate        | 0.0003      |
|    loss                 | 7.14        |
|    n_updates            | 2860        |
|    policy_gradient_loss | -0.0271     |
|    std                  | 1.19        |
|    value_loss           | 11          |
-----------------------------------------
WARNING: Nan, Inf or huge value in QACC at DOF 12. The simulation is unstable. Time = 0.0320.

WARNING: Nan, Inf or huge value in QACC at DOF 12. The simulation is unstable. Time = 0.0300.

WARNING: Nan, Inf or huge value in QACC at DOF 12. The simulation is unstable. Time = 0.0300.

WARNING: Nan, Inf or huge value in QACC at DOF 12. The simulation is unstable. Time = 0.0340.

WARNING: Nan, Inf or huge value in QACC at DOF 12. The simulation is unstable. Time = 0.0320.

WARNING: Nan, Inf or huge value in QACC at DOF 12. The simulation is unstable. Time = 0.0300.

WARNING: Nan, Inf or huge value in QACC at DOF 12. The simulation is unstable. Time = 0.0320.

WARNING: Nan, Inf or huge value in QACC at DOF 12. The simulation is unstable. Time = 0.0320.

WARNING: Nan, Inf or huge value in QACC at DOF 12. The simulation is unstable. Time = 0.0320.

WARNING: Nan, Inf or huge value in QACC at DOF 12. The simulation is unstable. Time = 0.0320.

WARNING: Nan, Inf or huge value in QACC at DOF 12. The simulation is unstable. Time = 0.0320.

WARNING: Nan, Inf or huge value in QACC at DOF 12. The simulation is unstable. Time = 0.0320.

WARNING: Nan, Inf or huge value in QACC at DOF 12. The simulation is unstable. Time = 0.0320.

WARNING: Nan, Inf or huge value in QACC at DOF 12. The simulation is unstable. Time = 0.0320.

WARNING: Nan, Inf or huge value in QACC at DOF 12. The simulation is unstable. Time = 0.0320.

----------------------------------------
| rollout/                |            |
|    ep_len_mean          | 1.35       |
|    ep_rew_mean          | -15.2      |
|    success_rate         | 0          |
| time/                   |            |
|    fps                  | 1430       |
|    iterations           | 43         |
|    time_elapsed         | 30         |
|    total_timesteps      | 294912     |
| train/                  |            |
|    approx_kl            | 0.18010522 |
|    clip_fraction        | 0.608      |
|    clip_range           | 0.2        |
|    entropy_loss         | -13.9      |
|    explained_variance   | 0.945      |
|    learning_rate        | 0.0003     |
|    loss                 | 1.92       |
|    n_updates            | 2870       |
|    policy_gradient_loss | -0.0269    |
|    std                  | 1.19       |
|    value_loss           | 5.1        |
----------------------------------------
WARNING: Nan, Inf or huge value in QACC at DOF 12. The simulation is unstable. Time = 0.0340.

WARNING: Nan, Inf or huge value in QACC at DOF 12. The simulation is unstable. Time = 0.0340.

WARNING: Nan, Inf or huge value in QACC at DOF 12. The simulation is unstable. Time = 0.0320.

WARNING: Nan, Inf or huge value in QACC at DOF 12. The simulation is unstable. Time = 0.0320.

WARNING: Nan, Inf or huge value in QACC at DOF 12. The simulation is unstable. Time = 0.0320.

WARNING: Nan, Inf or huge value in QACC at DOF 12. The simulation is unstable. Time = 0.0320.

WARNING: Nan, Inf or huge value in QACC at DOF 12. The simulation is unstable. Time = 0.0300.

WARNING: Nan, Inf or huge value in QACC at DOF 12. The simulation is unstable. Time = 0.0280.

WARNING: Nan, Inf or huge value in QACC at DOF 12. The simulation is unstable. Time = 0.0320.

WARNING: Nan, Inf or huge value in QACC at DOF 12. The simulation is unstable. Time = 0.0320.

WARNING: Nan, Inf or huge value in QACC at DOF 12. The simulation is unstable. Time = 0.0340.

WARNING: Nan, Inf or huge value in QACC at DOF 12. The simulation is unstable. Time = 0.0260.

WARNING: Nan, Inf or huge value in QACC at DOF 12. The simulation is unstable. Time = 0.0320.

WARNING: Nan, Inf or huge value in QACC at DOF 12. The simulation is unstable. Time = 0.0300.

WARNING: Nan, Inf or huge value in QACC at DOF 12. The simulation is unstable. Time = 0.0300.

WARNING: Nan, Inf or huge value in QACC at DOF 12. The simulation is unstable. Time = 0.0340.

WARNING: Nan, Inf or huge value in QACC at DOF 12. The simulation is unstable. Time = 0.0320.

WARNING: Nan, Inf or huge value in QACC at DOF 12. The simulation is unstable. Time = 0.0340.

WARNING: Nan, Inf or huge value in QACC at DOF 12. The simulation is unstable. Time = 0.0320.

WARNING: Nan, Inf or huge value in QACC at DOF 12. The simulation is unstable. Time = 0.0320.

WARNING: Nan, Inf or huge value in QACC at DOF 12. The simulation is unstable. Time = 0.0320.

WARNING: Nan, Inf or huge value in QACC at DOF 12. The simulation is unstable. Time = 0.0340.

----------------------------------------
| rollout/                |            |
|    ep_len_mean          | 1.42       |
|    ep_rew_mean          | -15.8      |
|    success_rate         | 0          |
| time/                   |            |
|    fps                  | 1432       |
|    iterations           | 44         |
|    time_elapsed         | 31         |
|    total_timesteps      | 295936     |
| train/                  |            |
|    approx_kl            | 0.14675242 |
|    clip_fraction        | 0.613      |
|    clip_range           | 0.2        |
|    entropy_loss         | -13.9      |
|    explained_variance   | 0.963      |
|    learning_rate        | 0.0003     |
|    loss                 | -0.0208    |
|    n_updates            | 2880       |
|    policy_gradient_loss | -0.0143    |
|    std                  | 1.19       |
|    value_loss           | 1.68       |
----------------------------------------
WARNING: Nan, Inf or huge value in QACC at DOF 12. The simulation is unstable. Time = 0.0340.

WARNING: Nan, Inf or huge value in QACC at DOF 12. The simulation is unstable. Time = 0.0320.

WARNING: Nan, Inf or huge value in QACC at DOF 12. The simulation is unstable. Time = 0.0300.

WARNING: Nan, Inf or huge value in QACC at DOF 12. The simulation is unstable. Time = 0.0300.

WARNING: Nan, Inf or huge value in QACC at DOF 12. The simulation is unstable. Time = 0.0300.

WARNING: Nan, Inf or huge value in QACC at DOF 12. The simulation is unstable. Time = 0.0340.

WARNING: Nan, Inf or huge value in QACC at DOF 12. The simulation is unstable. Time = 0.0320.

WARNING: Nan, Inf or huge value in QACC at DOF 12. The simulation is unstable. Time = 0.0340.

WARNING: Nan, Inf or huge value in QACC at DOF 12. The simulation is unstable. Time = 0.0320.

WARNING: Nan, Inf or huge value in QACC at DOF 12. The simulation is unstable. Time = 0.0320.

WARNING: Nan, Inf or huge value in QACC at DOF 12. The simulation is unstable. Time = 0.0340.

WARNING: Nan, Inf or huge value in QACC at DOF 12. The simulation is unstable. Time = 0.0320.

WARNING: Nan, Inf or huge value in QACC at DOF 12. The simulation is unstable. Time = 0.0340.

WARNING: Nan, Inf or huge value in QACC at DOF 12. The simulation is unstable. Time = 0.0340.

WARNING: Nan, Inf or huge value in QACC at DOF 12. The simulation is unstable. Time = 0.0320.

WARNING: Nan, Inf or huge value in QACC at DOF 12. The simulation is unstable. Time = 0.0280.

WARNING: Nan, Inf or huge value in QACC at DOF 12. The simulation is unstable. Time = 0.0300.

WARNING: Nan, Inf or huge value in QACC at DOF 12. The simulation is unstable. Time = 0.0320.

WARNING: Nan, Inf or huge value in QACC at DOF 12. The simulation is unstable. Time = 0.0300.

WARNING: Nan, Inf or huge value in QACC at DOF 12. The simulation is unstable. Time = 0.0320.

WARNING: Nan, Inf or huge value in QACC at DOF 12. The simulation is unstable. Time = 0.0340.

WARNING: Nan, Inf or huge value in QACC at DOF 12. The simulation is unstable. Time = 0.0300.

----------------------------------------
| rollout/                |            |
|    ep_len_mean          | 1.57       |
|    ep_rew_mean          | -15.8      |
|    success_rate         | 0          |
| time/                   |            |
|    fps                  | 1435       |
|    iterations           | 45         |
|    time_elapsed         | 32         |
|    total_timesteps      | 296960     |
| train/                  |            |
|    approx_kl            | 0.08798787 |
|    clip_fraction        | 0.637      |
|    clip_range           | 0.2        |
|    entropy_loss         | -13.9      |
|    explained_variance   | 0.961      |
|    learning_rate        | 0.0003     |
|    loss                 | 0.505      |
|    n_updates            | 2890       |
|    policy_gradient_loss | -0.0248    |
|    std                  | 1.19       |
|    value_loss           | 2.93       |
----------------------------------------
WARNING: Nan, Inf or huge value in QACC at DOF 12. The simulation is unstable. Time = 0.0300.

WARNING: Nan, Inf or huge value in QACC at DOF 12. The simulation is unstable. Time = 0.0320.

WARNING: Nan, Inf or huge value in QACC at DOF 12. The simulation is unstable. Time = 0.0300.

WARNING: Nan, Inf or huge value in QACC at DOF 12. The simulation is unstable. Time = 0.0300.

WARNING: Nan, Inf or huge value in QACC at DOF 12. The simulation is unstable. Time = 0.0320.

WARNING: Nan, Inf or huge value in QACC at DOF 12. The simulation is unstable. Time = 0.0300.

WARNING: Nan, Inf or huge value in QACC at DOF 12. The simulation is unstable. Time = 0.0300.

WARNING: Nan, Inf or huge value in QACC at DOF 12. The simulation is unstable. Time = 0.0320.

WARNING: Nan, Inf or huge value in QACC at DOF 12. The simulation is unstable. Time = 0.0320.

WARNING: Nan, Inf or huge value in QACC at DOF 12. The simulation is unstable. Time = 0.0320.

WARNING: Nan, Inf or huge value in QACC at DOF 12. The simulation is unstable. Time = 0.0320.

WARNING: Nan, Inf or huge value in QACC at DOF 12. The simulation is unstable. Time = 0.0340.

WARNING: Nan, Inf or huge value in QACC at DOF 12. The simulation is unstable. Time = 0.0300.

WARNING: Nan, Inf or huge value in QACC at DOF 12. The simulation is unstable. Time = 0.0320.

WARNING: Nan, Inf or huge value in QACC at DOF 12. The simulation is unstable. Time = 0.0340.

WARNING: Nan, Inf or huge value in QACC at DOF 12. The simulation is unstable. Time = 0.0320.

WARNING: Nan, Inf or huge value in QACC at DOF 12. The simulation is unstable. Time = 0.0320.

--------------------------------------
| rollout/                |          |
|    ep_len_mean          | 1.65     |
|    ep_rew_mean          | -15.7    |
|    success_rate         | 0        |
| time/                   |          |
|    fps                  | 1434     |
|    iterations           | 46       |
|    time_elapsed         | 32       |
|    total_timesteps      | 297984   |
| train/                  |          |
|    approx_kl            | 0.069841 |
|    clip_fraction        | 0.512    |
|    clip_range           | 0.2      |
|    entropy_loss         | -13.9    |
|    explained_variance   | 0.935    |
|    learning_rate        | 0.0003   |
|    loss                 | 1.16     |
|    n_updates            | 2900     |
|    policy_gradient_loss | -0.0282  |
|    std                  | 1.19     |
|    value_loss           | 5.36     |
--------------------------------------
WARNING: Nan, Inf or huge value in QACC at DOF 12. The simulation is unstable. Time = 0.0300.

WARNING: Nan, Inf or huge value in QACC at DOF 12. The simulation is unstable. Time = 0.0320.

WARNING: Nan, Inf or huge value in QACC at DOF 12. The simulation is unstable. Time = 0.0320.

WARNING: Nan, Inf or huge value in QACC at DOF 12. The simulation is unstable. Time = 0.0320.

WARNING: Nan, Inf or huge value in QACC at DOF 12. The simulation is unstable. Time = 0.0300.

WARNING: Nan, Inf or huge value in QACC at DOF 12. The simulation is unstable. Time = 0.0320.

WARNING: Nan, Inf or huge value in QACC at DOF 12. The simulation is unstable. Time = 0.0300.

WARNING: Nan, Inf or huge value in QACC at DOF 12. The simulation is unstable. Time = 0.0300.

WARNING: Nan, Inf or huge value in QACC at DOF 12. The simulation is unstable. Time = 0.0300.

WARNING: Nan, Inf or huge value in QACC at DOF 12. The simulation is unstable. Time = 0.0300.

WARNING: Nan, Inf or huge value in QACC at DOF 12. The simulation is unstable. Time = 0.0320.

WARNING: Nan, Inf or huge value in QACC at DOF 12. The simulation is unstable. Time = 0.0300.

WARNING: Nan, Inf or huge value in QACC at DOF 12. The simulation is unstable. Time = 0.0320.

WARNING: Nan, Inf or huge value in QACC at DOF 12. The simulation is unstable. Time = 0.0320.

WARNING: Nan, Inf or huge value in QACC at DOF 12. The simulation is unstable. Time = 0.0300.

WARNING: Nan, Inf or huge value in QACC at DOF 12. The simulation is unstable. Time = 0.0340.

WARNING: Nan, Inf or huge value in QACC at DOF 12. The simulation is unstable. Time = 0.0320.

WARNING: Nan, Inf or huge value in QACC at DOF 12. The simulation is unstable. Time = 0.0320.

WARNING: Nan, Inf or huge value in QACC at DOF 12. The simulation is unstable. Time = 0.0260.

WARNING: Nan, Inf or huge value in QACC at DOF 12. The simulation is unstable. Time = 0.0320.

WARNING: Nan, Inf or huge value in QACC at DOF 12. The simulation is unstable. Time = 0.0320.

WARNING: Nan, Inf or huge value in QACC at DOF 12. The simulation is unstable. Time = 0.0300.

WARNING: Nan, Inf or huge value in QACC at DOF 12. The simulation is unstable. Time = 0.0280.

-----------------------------------------
| rollout/                |             |
|    ep_len_mean          | 1.8         |
|    ep_rew_mean          | -16.7       |
|    success_rate         | 0           |
| time/                   |             |
|    fps                  | 1437        |
|    iterations           | 47          |
|    time_elapsed         | 33          |
|    total_timesteps      | 299008      |
| train/                  |             |
|    approx_kl            | 0.071952686 |
|    clip_fraction        | 0.472       |
|    clip_range           | 0.2         |
|    entropy_loss         | -13.9       |
|    explained_variance   | 0.931       |
|    learning_rate        | 0.0003      |
|    loss                 | 2.81        |
|    n_updates            | 2910        |
|    policy_gradient_loss | -0.0326     |
|    std                  | 1.19        |
|    value_loss           | 5.28        |
-----------------------------------------
WARNING: Nan, Inf or huge value in QACC at DOF 12. The simulation is unstable. Time = 0.0320.

WARNING: Nan, Inf or huge value in QACC at DOF 12. The simulation is unstable. Time = 0.0320.

WARNING: Nan, Inf or huge value in QACC at DOF 12. The simulation is unstable. Time = 0.0300.

WARNING: Nan, Inf or huge value in QACC at DOF 12. The simulation is unstable. Time = 0.0320.

WARNING: Nan, Inf or huge value in QACC at DOF 12. The simulation is unstable. Time = 0.0300.

WARNING: Nan, Inf or huge value in QACC at DOF 12. The simulation is unstable. Time = 0.0320.

WARNING: Nan, Inf or huge value in QACC at DOF 12. The simulation is unstable. Time = 0.0340.

WARNING: Nan, Inf or huge value in QACC at DOF 12. The simulation is unstable. Time = 0.0320.

WARNING: Nan, Inf or huge value in QACC at DOF 12. The simulation is unstable. Time = 0.0300.

WARNING: Nan, Inf or huge value in QACC at DOF 12. The simulation is unstable. Time = 0.0260.

WARNING: Nan, Inf or huge value in QACC at DOF 12. The simulation is unstable. Time = 0.0300.

WARNING: Nan, Inf or huge value in QACC at DOF 12. The simulation is unstable. Time = 0.0300.

WARNING: Nan, Inf or huge value in QACC at DOF 12. The simulation is unstable. Time = 0.0320.

WARNING: Nan, Inf or huge value in QACC at DOF 12. The simulation is unstable. Time = 0.0320.

WARNING: Nan, Inf or huge value in QACC at DOF 12. The simulation is unstable. Time = 0.0320.

WARNING: Nan, Inf or huge value in QACC at DOF 12. The simulation is unstable. Time = 0.0300.

WARNING: Nan, Inf or huge value in QACC at DOF 12. The simulation is unstable. Time = 0.0320.

WARNING: Nan, Inf or huge value in QACC at DOF 12. The simulation is unstable. Time = 0.0320.

---------------------------------------
| rollout/                |           |
|    ep_len_mean          | 1.89      |
|    ep_rew_mean          | -16.8     |
|    success_rate         | 0         |
| time/                   |           |
|    fps                  | 1440      |
|    iterations           | 48        |
|    time_elapsed         | 34        |
|    total_timesteps      | 300032    |
| train/                  |           |
|    approx_kl            | 0.1762999 |
|    clip_fraction        | 0.599     |
|    clip_range           | 0.2       |
|    entropy_loss         | -13.9     |
|    explained_variance   | 0.96      |
|    learning_rate        | 0.0003    |
|    loss                 | 0.997     |
|    n_updates            | 2920      |
|    policy_gradient_loss | -0.0319   |
|    std                  | 1.19      |
|    value_loss           | 2.81      |
---------------------------------------
WARNING: Nan, Inf or huge value in QACC at DOF 12. The simulation is unstable. Time = 0.0320.

WARNING: Nan, Inf or huge value in QACC at DOF 12. The simulation is unstable. Time = 0.0320.

WARNING: Nan, Inf or huge value in QACC at DOF 12. The simulation is unstable. Time = 0.0320.

WARNING: Nan, Inf or huge value in QACC at DOF 12. The simulation is unstable. Time = 0.0300.

WARNING: Nan, Inf or huge value in QACC at DOF 12. The simulation is unstable. Time = 0.0340.

WARNING: Nan, Inf or huge value in QACC at DOF 12. The simulation is unstable. Time = 0.0320.

WARNING: Nan, Inf or huge value in QACC at DOF 12. The simulation is unstable. Time = 0.0340.

WARNING: Nan, Inf or huge value in QACC at DOF 12. The simulation is unstable. Time = 0.0340.

WARNING: Nan, Inf or huge value in QACC at DOF 12. The simulation is unstable. Time = 0.0320.

WARNING: Nan, Inf or huge value in QACC at DOF 12. The simulation is unstable. Time = 0.0320.

WARNING: Nan, Inf or huge value in QACC at DOF 12. The simulation is unstable. Time = 0.0300.

WARNING: Nan, Inf or huge value in QACC at DOF 12. The simulation is unstable. Time = 0.0300.

WARNING: Nan, Inf or huge value in QACC at DOF 12. The simulation is unstable. Time = 0.0300.

WARNING: Nan, Inf or huge value in QACC at DOF 12. The simulation is unstable. Time = 0.0320.

WARNING: Nan, Inf or huge value in QACC at DOF 12. The simulation is unstable. Time = 0.0340.

WARNING: Nan, Inf or huge value in QACC at DOF 12. The simulation is unstable. Time = 0.0340.

WARNING: Nan, Inf or huge value in QACC at DOF 12. The simulation is unstable. Time = 0.0320.

WARNING: Nan, Inf or huge value in QACC at DOF 12. The simulation is unstable. Time = 0.0280.

-----------------------------------------
| rollout/                |             |
|    ep_len_mean          | 1.89        |
|    ep_rew_mean          | -15.6       |
|    success_rate         | 0           |
| time/                   |             |
|    fps                  | 1444        |
|    iterations           | 49          |
|    time_elapsed         | 34          |
|    total_timesteps      | 301056      |
| train/                  |             |
|    approx_kl            | 0.088565305 |
|    clip_fraction        | 0.571       |
|    clip_range           | 0.2         |
|    entropy_loss         | -14         |
|    explained_variance   | 0.941       |
|    learning_rate        | 0.0003      |
|    loss                 | 3.88        |
|    n_updates            | 2930        |
|    policy_gradient_loss | -0.0202     |
|    std                  | 1.19        |
|    value_loss           | 4.25        |
-----------------------------------------
WARNING: Nan, Inf or huge value in QACC at DOF 12. The simulation is unstable. Time = 0.0320.

WARNING: Nan, Inf or huge value in QACC at DOF 12. The simulation is unstable. Time = 0.0320.

WARNING: Nan, Inf or huge value in QACC at DOF 12. The simulation is unstable. Time = 0.0300.

WARNING: Nan, Inf or huge value in QACC at DOF 12. The simulation is unstable. Time = 0.0300.

WARNING: Nan, Inf or huge value in QACC at DOF 12. The simulation is unstable. Time = 0.0300.

WARNING: Nan, Inf or huge value in QACC at DOF 12. The simulation is unstable. Time = 0.0320.

WARNING: Nan, Inf or huge value in QACC at DOF 12. The simulation is unstable. Time = 0.0340.

WARNING: Nan, Inf or huge value in QACC at DOF 12. The simulation is unstable. Time = 0.0320.

WARNING: Nan, Inf or huge value in QACC at DOF 12. The simulation is unstable. Time = 0.0320.

WARNING: Nan, Inf or huge value in QACC at DOF 12. The simulation is unstable. Time = 0.0300.

WARNING: Nan, Inf or huge value in QACC at DOF 12. The simulation is unstable. Time = 0.0300.

WARNING: Nan, Inf or huge value in QACC at DOF 12. The simulation is unstable. Time = 0.0320.

WARNING: Nan, Inf or huge value in QACC at DOF 12. The simulation is unstable. Time = 0.0320.

WARNING: Nan, Inf or huge value in QACC at DOF 12. The simulation is unstable. Time = 0.0300.

WARNING: Nan, Inf or huge value in QACC at DOF 12. The simulation is unstable. Time = 0.0340.

WARNING: Nan, Inf or huge value in QACC at DOF 12. The simulation is unstable. Time = 0.0320.

WARNING: Nan, Inf or huge value in QACC at DOF 12. The simulation is unstable. Time = 0.0320.

----------------------------------------
| rollout/                |            |
|    ep_len_mean          | 2.25       |
|    ep_rew_mean          | -16.3      |
|    success_rate         | 0          |
| time/                   |            |
|    fps                  | 1447       |
|    iterations           | 50         |
|    time_elapsed         | 35         |
|    total_timesteps      | 302080     |
| train/                  |            |
|    approx_kl            | 0.10508168 |
|    clip_fraction        | 0.518      |
|    clip_range           | 0.2        |
|    entropy_loss         | -14        |
|    explained_variance   | 0.972      |
|    learning_rate        | 0.0003     |
|    loss                 | -0.00568   |
|    n_updates            | 2940       |
|    policy_gradient_loss | -0.0301    |
|    std                  | 1.19       |
|    value_loss           | 1.51       |
----------------------------------------
WARNING: Nan, Inf or huge value in QACC at DOF 12. The simulation is unstable. Time = 0.0340.

WARNING: Nan, Inf or huge value in QACC at DOF 12. The simulation is unstable. Time = 0.0340.

WARNING: Nan, Inf or huge value in QACC at DOF 12. The simulation is unstable. Time = 0.0300.

WARNING: Nan, Inf or huge value in QACC at DOF 12. The simulation is unstable. Time = 0.0320.

WARNING: Nan, Inf or huge value in QACC at DOF 12. The simulation is unstable. Time = 0.0320.

WARNING: Nan, Inf or huge value in QACC at DOF 12. The simulation is unstable. Time = 0.0300.

WARNING: Nan, Inf or huge value in QACC at DOF 12. The simulation is unstable. Time = 0.0340.

WARNING: Nan, Inf or huge value in QACC at DOF 12. The simulation is unstable. Time = 0.0280.

WARNING: Nan, Inf or huge value in QACC at DOF 12. The simulation is unstable. Time = 0.0320.

WARNING: Nan, Inf or huge value in QACC at DOF 12. The simulation is unstable. Time = 0.0320.

WARNING: Nan, Inf or huge value in QACC at DOF 12. The simulation is unstable. Time = 0.0320.

WARNING: Nan, Inf or huge value in QACC at DOF 12. The simulation is unstable. Time = 0.0320.

WARNING: Nan, Inf or huge value in QACC at DOF 12. The simulation is unstable. Time = 0.0320.

WARNING: Nan, Inf or huge value in QACC at DOF 12. The simulation is unstable. Time = 0.0320.

WARNING: Nan, Inf or huge value in QACC at DOF 12. The simulation is unstable. Time = 0.0300.

-----------------------------------------
| rollout/                |             |
|    ep_len_mean          | 2.1         |
|    ep_rew_mean          | -16.3       |
|    success_rate         | 0           |
| time/                   |             |
|    fps                  | 1451        |
|    iterations           | 51          |
|    time_elapsed         | 35          |
|    total_timesteps      | 303104      |
| train/                  |             |
|    approx_kl            | 0.079636045 |
|    clip_fraction        | 0.568       |
|    clip_range           | 0.2         |
|    entropy_loss         | -13.9       |
|    explained_variance   | 0.966       |
|    learning_rate        | 0.0003      |
|    loss                 | 0.268       |
|    n_updates            | 2950        |
|    policy_gradient_loss | -0.0193     |
|    std                  | 1.19        |
|    value_loss           | 1.91        |
-----------------------------------------
WARNING: Nan, Inf or huge value in QACC at DOF 12. The simulation is unstable. Time = 0.0320.

WARNING: Nan, Inf or huge value in QACC at DOF 12. The simulation is unstable. Time = 0.0320.

WARNING: Nan, Inf or huge value in QACC at DOF 12. The simulation is unstable. Time = 0.0320.

WARNING: Nan, Inf or huge value in QACC at DOF 12. The simulation is unstable. Time = 0.0300.

WARNING: Nan, Inf or huge value in QACC at DOF 12. The simulation is unstable. Time = 0.0300.

WARNING: Nan, Inf or huge value in QACC at DOF 12. The simulation is unstable. Time = 0.0320.

WARNING: Nan, Inf or huge value in QACC at DOF 12. The simulation is unstable. Time = 0.0300.

WARNING: Nan, Inf or huge value in QACC at DOF 12. The simulation is unstable. Time = 0.0320.

WARNING: Nan, Inf or huge value in QACC at DOF 12. The simulation is unstable. Time = 0.0320.

WARNING: Nan, Inf or huge value in QACC at DOF 12. The simulation is unstable. Time = 0.0320.

WARNING: Nan, Inf or huge value in QACC at DOF 12. The simulation is unstable. Time = 0.0300.

WARNING: Nan, Inf or huge value in QACC at DOF 12. The simulation is unstable. Time = 0.0280.

WARNING: Nan, Inf or huge value in QACC at DOF 12. The simulation is unstable. Time = 0.0300.

WARNING: Nan, Inf or huge value in QACC at DOF 12. The simulation is unstable. Time = 0.0340.

WARNING: Nan, Inf or huge value in QACC at DOF 12. The simulation is unstable. Time = 0.0300.

WARNING: Nan, Inf or huge value in QACC at DOF 12. The simulation is unstable. Time = 0.0320.

-----------------------------------------
| rollout/                |             |
|    ep_len_mean          | 2.3         |
|    ep_rew_mean          | -15.5       |
|    success_rate         | 0           |
| time/                   |             |
|    fps                  | 1455        |
|    iterations           | 52          |
|    time_elapsed         | 36          |
|    total_timesteps      | 304128      |
| train/                  |             |
|    approx_kl            | 0.064106666 |
|    clip_fraction        | 0.516       |
|    clip_range           | 0.2         |
|    entropy_loss         | -13.9       |
|    explained_variance   | 0.935       |
|    learning_rate        | 0.0003      |
|    loss                 | 2.17        |
|    n_updates            | 2960        |
|    policy_gradient_loss | -0.0206     |
|    std                  | 1.19        |
|    value_loss           | 3.65        |
-----------------------------------------
WARNING: Nan, Inf or huge value in QACC at DOF 12. The simulation is unstable. Time = 0.0300.

WARNING: Nan, Inf or huge value in QACC at DOF 12. The simulation is unstable. Time = 0.0320.

WARNING: Nan, Inf or huge value in QACC at DOF 12. The simulation is unstable. Time = 0.0320.

WARNING: Nan, Inf or huge value in QACC at DOF 12. The simulation is unstable. Time = 0.0320.

WARNING: Nan, Inf or huge value in QACC at DOF 12. The simulation is unstable. Time = 0.0320.

WARNING: Nan, Inf or huge value in QACC at DOF 12. The simulation is unstable. Time = 0.0300.

WARNING: Nan, Inf or huge value in QACC at DOF 12. The simulation is unstable. Time = 0.0300.

WARNING: Nan, Inf or huge value in QACC at DOF 12. The simulation is unstable. Time = 0.0300.

WARNING: Nan, Inf or huge value in QACC at DOF 12. The simulation is unstable. Time = 0.0320.

WARNING: Nan, Inf or huge value in QACC at DOF 12. The simulation is unstable. Time = 0.0320.

WARNING: Nan, Inf or huge value in QACC at DOF 12. The simulation is unstable. Time = 0.0340.

WARNING: Nan, Inf or huge value in QACC at DOF 12. The simulation is unstable. Time = 0.0320.

WARNING: Nan, Inf or huge value in QACC at DOF 12. The simulation is unstable. Time = 0.0300.

WARNING: Nan, Inf or huge value in QACC at DOF 12. The simulation is unstable. Time = 0.0300.

WARNING: Nan, Inf or huge value in QACC at DOF 12. The simulation is unstable. Time = 0.0300.

WARNING: Nan, Inf or huge value in QACC at DOF 12. The simulation is unstable. Time = 0.0320.

WARNING: Nan, Inf or huge value in QACC at DOF 12. The simulation is unstable. Time = 0.0340.

WARNING: Nan, Inf or huge value in QACC at DOF 12. The simulation is unstable. Time = 0.0280.

WARNING: Nan, Inf or huge value in QACC at DOF 12. The simulation is unstable. Time = 0.0320.

WARNING: Nan, Inf or huge value in QACC at DOF 12. The simulation is unstable. Time = 0.0300.

WARNING: Nan, Inf or huge value in QACC at DOF 12. The simulation is unstable. Time = 0.0300.

----------------------------------------
| rollout/                |            |
|    ep_len_mean          | 2.53       |
|    ep_rew_mean          | -15.2      |
|    success_rate         | 0          |
| time/                   |            |
|    fps                  | 1458       |
|    iterations           | 53         |
|    time_elapsed         | 37         |
|    total_timesteps      | 305152     |
| train/                  |            |
|    approx_kl            | 0.07523566 |
|    clip_fraction        | 0.537      |
|    clip_range           | 0.2        |
|    entropy_loss         | -13.9      |
|    explained_variance   | 0.958      |
|    learning_rate        | 0.0003     |
|    loss                 | 0.481      |
|    n_updates            | 2970       |
|    policy_gradient_loss | -0.0346    |
|    std                  | 1.19       |
|    value_loss           | 2.27       |
----------------------------------------
WARNING: Nan, Inf or huge value in QACC at DOF 12. The simulation is unstable. Time = 0.0320.

WARNING: Nan, Inf or huge value in QACC at DOF 12. The simulation is unstable. Time = 0.0320.

WARNING: Nan, Inf or huge value in QACC at DOF 12. The simulation is unstable. Time = 0.0300.

WARNING: Nan, Inf or huge value in QACC at DOF 12. The simulation is unstable. Time = 0.0320.

WARNING: Nan, Inf or huge value in QACC at DOF 12. The simulation is unstable. Time = 0.0280.

WARNING: Nan, Inf or huge value in QACC at DOF 12. The simulation is unstable. Time = 0.0320.

WARNING: Nan, Inf or huge value in QACC at DOF 12. The simulation is unstable. Time = 0.0320.

WARNING: Nan, Inf or huge value in QACC at DOF 12. The simulation is unstable. Time = 0.0320.

WARNING: Nan, Inf or huge value in QACC at DOF 12. The simulation is unstable. Time = 0.0300.

WARNING: Nan, Inf or huge value in QACC at DOF 12. The simulation is unstable. Time = 0.0280.

WARNING: Nan, Inf or huge value in QACC at DOF 12. The simulation is unstable. Time = 0.0300.

WARNING: Nan, Inf or huge value in QACC at DOF 12. The simulation is unstable. Time = 0.0320.

WARNING: Nan, Inf or huge value in QACC at DOF 12. The simulation is unstable. Time = 0.0320.

WARNING: Nan, Inf or huge value in QACC at DOF 12. The simulation is unstable. Time = 0.0300.

WARNING: Nan, Inf or huge value in QACC at DOF 12. The simulation is unstable. Time = 0.0300.

WARNING: Nan, Inf or huge value in QACC at DOF 12. The simulation is unstable. Time = 0.0340.

WARNING: Nan, Inf or huge value in QACC at DOF 12. The simulation is unstable. Time = 0.0320.

----------------------------------------
| rollout/                |            |
|    ep_len_mean          | 2.56       |
|    ep_rew_mean          | -16        |
|    success_rate         | 0          |
| time/                   |            |
|    fps                  | 1462       |
|    iterations           | 54         |
|    time_elapsed         | 37         |
|    total_timesteps      | 306176     |
| train/                  |            |
|    approx_kl            | 0.08449489 |
|    clip_fraction        | 0.492      |
|    clip_range           | 0.2        |
|    entropy_loss         | -14        |
|    explained_variance   | 0.933      |
|    learning_rate        | 0.0003     |
|    loss                 | 0.232      |
|    n_updates            | 2980       |
|    policy_gradient_loss | -0.0265    |
|    std                  | 1.19       |
|    value_loss           | 1.62       |
----------------------------------------
WARNING: Nan, Inf or huge value in QACC at DOF 12. The simulation is unstable. Time = 0.0320.

WARNING: Nan, Inf or huge value in QACC at DOF 12. The simulation is unstable. Time = 0.0300.

WARNING: Nan, Inf or huge value in QACC at DOF 12. The simulation is unstable. Time = 0.0300.

WARNING: Nan, Inf or huge value in QACC at DOF 12. The simulation is unstable. Time = 0.0320.

WARNING: Nan, Inf or huge value in QACC at DOF 12. The simulation is unstable. Time = 0.0320.

WARNING: Nan, Inf or huge value in QACC at DOF 12. The simulation is unstable. Time = 0.0320.

WARNING: Nan, Inf or huge value in QACC at DOF 12. The simulation is unstable. Time = 0.0300.

WARNING: Nan, Inf or huge value in QACC at DOF 12. The simulation is unstable. Time = 0.0320.

----------------------------------------
| rollout/                |            |
|    ep_len_mean          | 2.37       |
|    ep_rew_mean          | -15        |
|    success_rate         | 0          |
| time/                   |            |
|    fps                  | 1466       |
|    iterations           | 55         |
|    time_elapsed         | 38         |
|    total_timesteps      | 307200     |
| train/                  |            |
|    approx_kl            | 0.08690788 |
|    clip_fraction        | 0.523      |
|    clip_range           | 0.2        |
|    entropy_loss         | -14        |
|    explained_variance   | 0.978      |
|    learning_rate        | 0.0003     |
|    loss                 | 0.604      |
|    n_updates            | 2990       |
|    policy_gradient_loss | -0.0335    |
|    std                  | 1.19       |
|    value_loss           | 1.22       |
----------------------------------------
WARNING: Nan, Inf or huge value in QACC at DOF 12. The simulation is unstable. Time = 0.0340.

WARNING: Nan, Inf or huge value in QACC at DOF 12. The simulation is unstable. Time = 0.0340.

WARNING: Nan, Inf or huge value in QACC at DOF 12. The simulation is unstable. Time = 0.0340.

WARNING: Nan, Inf or huge value in QACC at DOF 12. The simulation is unstable. Time = 0.0320.

WARNING: Nan, Inf or huge value in QACC at DOF 12. The simulation is unstable. Time = 0.0320.

WARNING: Nan, Inf or huge value in QACC at DOF 12. The simulation is unstable. Time = 0.0340.

WARNING: Nan, Inf or huge value in QACC at DOF 12. The simulation is unstable. Time = 0.0300.

WARNING: Nan, Inf or huge value in QACC at DOF 12. The simulation is unstable. Time = 0.0260.

----------------------------------------
| rollout/                |            |
|    ep_len_mean          | 2.78       |
|    ep_rew_mean          | -14.8      |
|    success_rate         | 0          |
| time/                   |            |
|    fps                  | 1469       |
|    iterations           | 56         |
|    time_elapsed         | 39         |
|    total_timesteps      | 308224     |
| train/                  |            |
|    approx_kl            | 0.09526577 |
|    clip_fraction        | 0.513      |
|    clip_range           | 0.2        |
|    entropy_loss         | -14        |
|    explained_variance   | 0.977      |
|    learning_rate        | 0.0003     |
|    loss                 | 0.0899     |
|    n_updates            | 3000       |
|    policy_gradient_loss | -0.0331    |
|    std                  | 1.19       |
|    value_loss           | 0.601      |
----------------------------------------
WARNING: Nan, Inf or huge value in QACC at DOF 12. The simulation is unstable. Time = 0.0320.

WARNING: Nan, Inf or huge value in QACC at DOF 12. The simulation is unstable. Time = 0.0300.

WARNING: Nan, Inf or huge value in QACC at DOF 12. The simulation is unstable. Time = 0.0320.

WARNING: Nan, Inf or huge value in QACC at DOF 12. The simulation is unstable. Time = 0.0300.

WARNING: Nan, Inf or huge value in QACC at DOF 12. The simulation is unstable. Time = 0.0340.

WARNING: Nan, Inf or huge value in QACC at DOF 12. The simulation is unstable. Time = 0.0280.

WARNING: Nan, Inf or huge value in QACC at DOF 12. The simulation is unstable. Time = 0.0300.

WARNING: Nan, Inf or huge value in QACC at DOF 12. The simulation is unstable. Time = 0.0280.

WARNING: Nan, Inf or huge value in QACC at DOF 12. The simulation is unstable. Time = 0.0320.

-----------------------------------------
| rollout/                |             |
|    ep_len_mean          | 3.26        |
|    ep_rew_mean          | -15.1       |
|    success_rate         | 0           |
| time/                   |             |
|    fps                  | 1473        |
|    iterations           | 57          |
|    time_elapsed         | 39          |
|    total_timesteps      | 309248      |
| train/                  |             |
|    approx_kl            | 0.061457537 |
|    clip_fraction        | 0.463       |
|    clip_range           | 0.2         |
|    entropy_loss         | -14         |
|    explained_variance   | 0.907       |
|    learning_rate        | 0.0003      |
|    loss                 | 1.46        |
|    n_updates            | 3010        |
|    policy_gradient_loss | -0.0256     |
|    std                  | 1.19        |
|    value_loss           | 2.38        |
-----------------------------------------
WARNING: Nan, Inf or huge value in QACC at DOF 12. The simulation is unstable. Time = 0.0320.

WARNING: Nan, Inf or huge value in QACC at DOF 12. The simulation is unstable. Time = 0.0300.

WARNING: Nan, Inf or huge value in QACC at DOF 12. The simulation is unstable. Time = 0.0320.

WARNING: Nan, Inf or huge value in QACC at DOF 12. The simulation is unstable. Time = 0.0320.

WARNING: Nan, Inf or huge value in QACC at DOF 12. The simulation is unstable. Time = 0.0300.

WARNING: Nan, Inf or huge value in QACC at DOF 12. The simulation is unstable. Time = 0.0300.

WARNING: Nan, Inf or huge value in QACC at DOF 12. The simulation is unstable. Time = 0.0280.

WARNING: Nan, Inf or huge value in QACC at DOF 12. The simulation is unstable. Time = 0.0320.

WARNING: Nan, Inf or huge value in QACC at DOF 12. The simulation is unstable. Time = 0.0320.

WARNING: Nan, Inf or huge value in QACC at DOF 12. The simulation is unstable. Time = 0.0300.

WARNING: Nan, Inf or huge value in QACC at DOF 12. The simulation is unstable. Time = 0.0260.

WARNING: Nan, Inf or huge value in QACC at DOF 12. The simulation is unstable. Time = 0.0300.

-----------------------------------------
| rollout/                |             |
|    ep_len_mean          | 3.17        |
|    ep_rew_mean          | -17         |
|    success_rate         | 0           |
| time/                   |             |
|    fps                  | 1477        |
|    iterations           | 58          |
|    time_elapsed         | 40          |
|    total_timesteps      | 310272      |
| train/                  |             |
|    approx_kl            | 0.056166075 |
|    clip_fraction        | 0.427       |
|    clip_range           | 0.2         |
|    entropy_loss         | -13.9       |
|    explained_variance   | 0.959       |
|    learning_rate        | 0.0003      |
|    loss                 | 0.588       |
|    n_updates            | 3020        |
|    policy_gradient_loss | -0.0261     |
|    std                  | 1.19        |
|    value_loss           | 1.38        |
-----------------------------------------
WARNING: Nan, Inf or huge value in QACC at DOF 12. The simulation is unstable. Time = 0.0320.

WARNING: Nan, Inf or huge value in QACC at DOF 12. The simulation is unstable. Time = 0.0320.

WARNING: Nan, Inf or huge value in QACC at DOF 12. The simulation is unstable. Time = 0.0320.

WARNING: Nan, Inf or huge value in QACC at DOF 12. The simulation is unstable. Time = 0.0300.

WARNING: Nan, Inf or huge value in QACC at DOF 12. The simulation is unstable. Time = 0.0320.

WARNING: Nan, Inf or huge value in QACC at DOF 12. The simulation is unstable. Time = 0.0320.

WARNING: Nan, Inf or huge value in QACC at DOF 12. The simulation is unstable. Time = 0.0320.

WARNING: Nan, Inf or huge value in QACC at DOF 12. The simulation is unstable. Time = 0.0320.

WARNING: Nan, Inf or huge value in QACC at DOF 12. The simulation is unstable. Time = 0.0320.

WARNING: Nan, Inf or huge value in QACC at DOF 12. The simulation is unstable. Time = 0.0300.

WARNING: Nan, Inf or huge value in QACC at DOF 12. The simulation is unstable. Time = 0.0300.

WARNING: Nan, Inf or huge value in QACC at DOF 12. The simulation is unstable. Time = 0.0320.

WARNING: Nan, Inf or huge value in QACC at DOF 12. The simulation is unstable. Time = 0.0300.

WARNING: Nan, Inf or huge value in QACC at DOF 12. The simulation is unstable. Time = 0.0300.

WARNING: Nan, Inf or huge value in QACC at DOF 12. The simulation is unstable. Time = 0.0320.

-----------------------------------------
| rollout/                |             |
|    ep_len_mean          | 2.99        |
|    ep_rew_mean          | -15.6       |
|    success_rate         | 0           |
| time/                   |             |
|    fps                  | 1481        |
|    iterations           | 59          |
|    time_elapsed         | 40          |
|    total_timesteps      | 311296      |
| train/                  |             |
|    approx_kl            | 0.057331678 |
|    clip_fraction        | 0.438       |
|    clip_range           | 0.2         |
|    entropy_loss         | -13.9       |
|    explained_variance   | 0.945       |
|    learning_rate        | 0.0003      |
|    loss                 | 1.2         |
|    n_updates            | 3030        |
|    policy_gradient_loss | -0.0325     |
|    std                  | 1.19        |
|    value_loss           | 2.49        |
-----------------------------------------
WARNING: Nan, Inf or huge value in QACC at DOF 12. The simulation is unstable. Time = 0.0300.

WARNING: Nan, Inf or huge value in QACC at DOF 12. The simulation is unstable. Time = 0.0320.

WARNING: Nan, Inf or huge value in QACC at DOF 12. The simulation is unstable. Time = 0.0280.

WARNING: Nan, Inf or huge value in QACC at DOF 12. The simulation is unstable. Time = 0.0320.

WARNING: Nan, Inf or huge value in QACC at DOF 12. The simulation is unstable. Time = 0.0300.

WARNING: Nan, Inf or huge value in QACC at DOF 12. The simulation is unstable. Time = 0.0320.

WARNING: Nan, Inf or huge value in QACC at DOF 12. The simulation is unstable. Time = 0.0300.

WARNING: Nan, Inf or huge value in QACC at DOF 12. The simulation is unstable. Time = 0.0320.

WARNING: Nan, Inf or huge value in QACC at DOF 12. The simulation is unstable. Time = 0.0300.

WARNING: Nan, Inf or huge value in QACC at DOF 12. The simulation is unstable. Time = 0.0320.

WARNING: Nan, Inf or huge value in QACC at DOF 12. The simulation is unstable. Time = 0.0300.

-----------------------------------------
| rollout/                |             |
|    ep_len_mean          | 3.22        |
|    ep_rew_mean          | -15.5       |
|    success_rate         | 0           |
| time/                   |             |
|    fps                  | 1484        |
|    iterations           | 60          |
|    time_elapsed         | 41          |
|    total_timesteps      | 312320      |
| train/                  |             |
|    approx_kl            | 0.040874142 |
|    clip_fraction        | 0.35        |
|    clip_range           | 0.2         |
|    entropy_loss         | -13.9       |
|    explained_variance   | 0.664       |
|    learning_rate        | 0.0003      |
|    loss                 | 32          |
|    n_updates            | 3040        |
|    policy_gradient_loss | -0.0203     |
|    std                  | 1.19        |
|    value_loss           | 44.8        |
-----------------------------------------
WARNING: Nan, Inf or huge value in QACC at DOF 12. The simulation is unstable. Time = 0.0340.

WARNING: Nan, Inf or huge value in QACC at DOF 12. The simulation is unstable. Time = 0.0300.

WARNING: Nan, Inf or huge value in QACC at DOF 12. The simulation is unstable. Time = 0.0320.

WARNING: Nan, Inf or huge value in QACC at DOF 12. The simulation is unstable. Time = 0.0320.

WARNING: Nan, Inf or huge value in QACC at DOF 12. The simulation is unstable. Time = 0.0260.

WARNING: Nan, Inf or huge value in QACC at DOF 12. The simulation is unstable. Time = 0.0320.

WARNING: Nan, Inf or huge value in QACC at DOF 12. The simulation is unstable. Time = 0.0300.

WARNING: Nan, Inf or huge value in QACC at DOF 12. The simulation is unstable. Time = 0.0340.

----------------------------------------
| rollout/                |            |
|    ep_len_mean          | 3.29       |
|    ep_rew_mean          | -15.4      |
|    success_rate         | 0          |
| time/                   |            |
|    fps                  | 1488       |
|    iterations           | 61         |
|    time_elapsed         | 41         |
|    total_timesteps      | 313344     |
| train/                  |            |
|    approx_kl            | 0.06944652 |
|    clip_fraction        | 0.394      |
|    clip_range           | 0.2        |
|    entropy_loss         | -13.9      |
|    explained_variance   | 0.942      |
|    learning_rate        | 0.0003     |
|    loss                 | 0.327      |
|    n_updates            | 3050       |
|    policy_gradient_loss | -0.0364    |
|    std                  | 1.19       |
|    value_loss           | 1.11       |
----------------------------------------
WARNING: Nan, Inf or huge value in QACC at DOF 12. The simulation is unstable. Time = 0.0320.

WARNING: Nan, Inf or huge value in QACC at DOF 12. The simulation is unstable. Time = 0.0320.

WARNING: Nan, Inf or huge value in QACC at DOF 12. The simulation is unstable. Time = 0.0340.

WARNING: Nan, Inf or huge value in QACC at DOF 12. The simulation is unstable. Time = 0.0300.

WARNING: Nan, Inf or huge value in QACC at DOF 12. The simulation is unstable. Time = 0.0280.

WARNING: Nan, Inf or huge value in QACC at DOF 12. The simulation is unstable. Time = 0.0320.

WARNING: Nan, Inf or huge value in QACC at DOF 12. The simulation is unstable. Time = 0.0320.

WARNING: Nan, Inf or huge value in QACC at DOF 12. The simulation is unstable. Time = 0.0340.

WARNING: Nan, Inf or huge value in QACC at DOF 12. The simulation is unstable. Time = 0.0320.

WARNING: Nan, Inf or huge value in QACC at DOF 12. The simulation is unstable. Time = 0.0320.

WARNING: Nan, Inf or huge value in QACC at DOF 12. The simulation is unstable. Time = 0.0340.

WARNING: Nan, Inf or huge value in QACC at DOF 12. The simulation is unstable. Time = 0.0320.

WARNING: Nan, Inf or huge value in QACC at DOF 12. The simulation is unstable. Time = 0.0300.

WARNING: Nan, Inf or huge value in QACC at DOF 12. The simulation is unstable. Time = 0.0340.

----------------------------------------
| rollout/                |            |
|    ep_len_mean          | 3.13       |
|    ep_rew_mean          | -15.4      |
|    success_rate         | 0          |
| time/                   |            |
|    fps                  | 1491       |
|    iterations           | 62         |
|    time_elapsed         | 42         |
|    total_timesteps      | 314368     |
| train/                  |            |
|    approx_kl            | 0.07445032 |
|    clip_fraction        | 0.496      |
|    clip_range           | 0.2        |
|    entropy_loss         | -13.9      |
|    explained_variance   | 0.935      |
|    learning_rate        | 0.0003     |
|    loss                 | 0.23       |
|    n_updates            | 3060       |
|    policy_gradient_loss | -0.0343    |
|    std                  | 1.19       |
|    value_loss           | 1.75       |
----------------------------------------
WARNING: Nan, Inf or huge value in QACC at DOF 12. The simulation is unstable. Time = 0.0300.

WARNING: Nan, Inf or huge value in QACC at DOF 12. The simulation is unstable. Time = 0.0300.

WARNING: Nan, Inf or huge value in QACC at DOF 12. The simulation is unstable. Time = 0.0320.

WARNING: Nan, Inf or huge value in QACC at DOF 12. The simulation is unstable. Time = 0.0320.

WARNING: Nan, Inf or huge value in QACC at DOF 12. The simulation is unstable. Time = 0.0320.

WARNING: Nan, Inf or huge value in QACC at DOF 12. The simulation is unstable. Time = 0.0340.

WARNING: Nan, Inf or huge value in QACC at DOF 12. The simulation is unstable. Time = 0.0320.

WARNING: Nan, Inf or huge value in QACC at DOF 12. The simulation is unstable. Time = 0.0320.

----------------------------------------
| rollout/                |            |
|    ep_len_mean          | 3.21       |
|    ep_rew_mean          | -15.4      |
|    success_rate         | 0          |
| time/                   |            |
|    fps                  | 1495       |
|    iterations           | 63         |
|    time_elapsed         | 43         |
|    total_timesteps      | 315392     |
| train/                  |            |
|    approx_kl            | 0.03639449 |
|    clip_fraction        | 0.4        |
|    clip_range           | 0.2        |
|    entropy_loss         | -13.9      |
|    explained_variance   | 0.68       |
|    learning_rate        | 0.0003     |
|    loss                 | 5.87       |
|    n_updates            | 3070       |
|    policy_gradient_loss | -0.0189    |
|    std                  | 1.19       |
|    value_loss           | 32.1       |
----------------------------------------
WARNING: Nan, Inf or huge value in QACC at DOF 12. The simulation is unstable. Time = 0.0340.

WARNING: Nan, Inf or huge value in QACC at DOF 12. The simulation is unstable. Time = 0.0300.

WARNING: Nan, Inf or huge value in QACC at DOF 12. The simulation is unstable. Time = 0.0340.

WARNING: Nan, Inf or huge value in QACC at DOF 12. The simulation is unstable. Time = 0.0340.

WARNING: Nan, Inf or huge value in QACC at DOF 12. The simulation is unstable. Time = 0.0300.

----------------------------------------
| rollout/                |            |
|    ep_len_mean          | 3.74       |
|    ep_rew_mean          | -14.6      |
|    success_rate         | 0          |
| time/                   |            |
|    fps                  | 1498       |
|    iterations           | 64         |
|    time_elapsed         | 43         |
|    total_timesteps      | 316416     |
| train/                  |            |
|    approx_kl            | 0.07289561 |
|    clip_fraction        | 0.44       |
|    clip_range           | 0.2        |
|    entropy_loss         | -13.9      |
|    explained_variance   | 0.913      |
|    learning_rate        | 0.0003     |
|    loss                 | 0.681      |
|    n_updates            | 3080       |
|    policy_gradient_loss | -0.0376    |
|    std                  | 1.18       |
|    value_loss           | 1.57       |
----------------------------------------
WARNING: Nan, Inf or huge value in QACC at DOF 12. The simulation is unstable. Time = 0.0320.

WARNING: Nan, Inf or huge value in QACC at DOF 12. The simulation is unstable. Time = 0.0320.

WARNING: Nan, Inf or huge value in QACC at DOF 12. The simulation is unstable. Time = 0.0300.

WARNING: Nan, Inf or huge value in QACC at DOF 12. The simulation is unstable. Time = 0.0320.

WARNING: Nan, Inf or huge value in QACC at DOF 12. The simulation is unstable. Time = 0.0320.

WARNING: Nan, Inf or huge value in QACC at DOF 12. The simulation is unstable. Time = 0.0320.

WARNING: Nan, Inf or huge value in QACC at DOF 12. The simulation is unstable. Time = 0.0320.

WARNING: Nan, Inf or huge value in QACC at DOF 12. The simulation is unstable. Time = 0.0340.

WARNING: Nan, Inf or huge value in QACC at DOF 12. The simulation is unstable. Time = 0.0300.

WARNING: Nan, Inf or huge value in QACC at DOF 12. The simulation is unstable. Time = 0.0320.

-----------------------------------------
| rollout/                |             |
|    ep_len_mean          | 3.06        |
|    ep_rew_mean          | -15         |
|    success_rate         | 0           |
| time/                   |             |
|    fps                  | 1501        |
|    iterations           | 65          |
|    time_elapsed         | 44          |
|    total_timesteps      | 317440      |
| train/                  |             |
|    approx_kl            | 0.077082336 |
|    clip_fraction        | 0.465       |
|    clip_range           | 0.2         |
|    entropy_loss         | -13.9       |
|    explained_variance   | 0.903       |
|    learning_rate        | 0.0003      |
|    loss                 | 0.602       |
|    n_updates            | 3090        |
|    policy_gradient_loss | -0.0378     |
|    std                  | 1.18        |
|    value_loss           | 1.64        |
-----------------------------------------
WARNING: Nan, Inf or huge value in QACC at DOF 12. The simulation is unstable. Time = 0.0280.

WARNING: Nan, Inf or huge value in QACC at DOF 12. The simulation is unstable. Time = 0.0300.

WARNING: Nan, Inf or huge value in QACC at DOF 12. The simulation is unstable. Time = 0.0320.

WARNING: Nan, Inf or huge value in QACC at DOF 12. The simulation is unstable. Time = 0.0340.

WARNING: Nan, Inf or huge value in QACC at DOF 12. The simulation is unstable. Time = 0.0320.

WARNING: Nan, Inf or huge value in QACC at DOF 12. The simulation is unstable. Time = 0.0340.

WARNING: Nan, Inf or huge value in QACC at DOF 12. The simulation is unstable. Time = 0.0260.

WARNING: Nan, Inf or huge value in QACC at DOF 12. The simulation is unstable. Time = 0.0300.

WARNING: Nan, Inf or huge value in QACC at DOF 12. The simulation is unstable. Time = 0.0300.

WARNING: Nan, Inf or huge value in QACC at DOF 12. The simulation is unstable. Time = 0.0300.

WARNING: Nan, Inf or huge value in QACC at DOF 12. The simulation is unstable. Time = 0.0320.

WARNING: Nan, Inf or huge value in QACC at DOF 12. The simulation is unstable. Time = 0.0320.

WARNING: Nan, Inf or huge value in QACC at DOF 12. The simulation is unstable. Time = 0.0320.

WARNING: Nan, Inf or huge value in QACC at DOF 12. The simulation is unstable. Time = 0.0340.

---------------------------------------
| rollout/                |           |
|    ep_len_mean          | 3.93      |
|    ep_rew_mean          | -15.5     |
|    success_rate         | 0         |
| time/                   |           |
|    fps                  | 1504      |
|    iterations           | 66        |
|    time_elapsed         | 44        |
|    total_timesteps      | 318464    |
| train/                  |           |
|    approx_kl            | 0.0761749 |
|    clip_fraction        | 0.435     |
|    clip_range           | 0.2       |
|    entropy_loss         | -13.9     |
|    explained_variance   | 0.963     |
|    learning_rate        | 0.0003    |
|    loss                 | 0.685     |
|    n_updates            | 3100      |
|    policy_gradient_loss | -0.0305   |
|    std                  | 1.18      |
|    value_loss           | 1.31      |
---------------------------------------
WARNING: Nan, Inf or huge value in QACC at DOF 12. The simulation is unstable. Time = 0.0300.

WARNING: Nan, Inf or huge value in QACC at DOF 12. The simulation is unstable. Time = 0.0320.

WARNING: Nan, Inf or huge value in QACC at DOF 12. The simulation is unstable. Time = 0.0300.

WARNING: Nan, Inf or huge value in QACC at DOF 12. The simulation is unstable. Time = 0.0320.

WARNING: Nan, Inf or huge value in QACC at DOF 12. The simulation is unstable. Time = 0.0320.

WARNING: Nan, Inf or huge value in QACC at DOF 12. The simulation is unstable. Time = 0.0320.

WARNING: Nan, Inf or huge value in QACC at DOF 12. The simulation is unstable. Time = 0.0300.

WARNING: Nan, Inf or huge value in QACC at DOF 12. The simulation is unstable. Time = 0.0320.

-----------------------------------------
| rollout/                |             |
|    ep_len_mean          | 3.88        |
|    ep_rew_mean          | -16.9       |
|    success_rate         | 0           |
| time/                   |             |
|    fps                  | 1508        |
|    iterations           | 67          |
|    time_elapsed         | 45          |
|    total_timesteps      | 319488      |
| train/                  |             |
|    approx_kl            | 0.076836735 |
|    clip_fraction        | 0.509       |
|    clip_range           | 0.2         |
|    entropy_loss         | -13.9       |
|    explained_variance   | 0.945       |
|    learning_rate        | 0.0003      |
|    loss                 | 1.49        |
|    n_updates            | 3110        |
|    policy_gradient_loss | -0.0356     |
|    std                  | 1.18        |
|    value_loss           | 2.59        |
-----------------------------------------
WARNING: Nan, Inf or huge value in QACC at DOF 12. The simulation is unstable. Time = 0.0320.

WARNING: Nan, Inf or huge value in QACC at DOF 12. The simulation is unstable. Time = 0.0340.

WARNING: Nan, Inf or huge value in QACC at DOF 12. The simulation is unstable. Time = 0.0300.

WARNING: Nan, Inf or huge value in QACC at DOF 12. The simulation is unstable. Time = 0.0320.

WARNING: Nan, Inf or huge value in QACC at DOF 12. The simulation is unstable. Time = 0.0320.

WARNING: Nan, Inf or huge value in QACC at DOF 12. The simulation is unstable. Time = 0.0300.

WARNING: Nan, Inf or huge value in QACC at DOF 12. The simulation is unstable. Time = 0.0300.

WARNING: Nan, Inf or huge value in QACC at DOF 12. The simulation is unstable. Time = 0.0320.

WARNING: Nan, Inf or huge value in QACC at DOF 12. The simulation is unstable. Time = 0.0320.

WARNING: Nan, Inf or huge value in QACC at DOF 12. The simulation is unstable. Time = 0.0320.

WARNING: Nan, Inf or huge value in QACC at DOF 12. The simulation is unstable. Time = 0.0300.

-----------------------------------------
| rollout/                |             |
|    ep_len_mean          | 3.84        |
|    ep_rew_mean          | -15.8       |
|    success_rate         | 0           |
| time/                   |             |
|    fps                  | 1511        |
|    iterations           | 68          |
|    time_elapsed         | 46          |
|    total_timesteps      | 320512      |
| train/                  |             |
|    approx_kl            | 0.071755946 |
|    clip_fraction        | 0.363       |
|    clip_range           | 0.2         |
|    entropy_loss         | -13.9       |
|    explained_variance   | 0.418       |
|    learning_rate        | 0.0003      |
|    loss                 | 172         |
|    n_updates            | 3120        |
|    policy_gradient_loss | -0.0135     |
|    std                  | 1.18        |
|    value_loss           | 177         |
-----------------------------------------
WARNING: Nan, Inf or huge value in QACC at DOF 12. The simulation is unstable. Time = 0.0280.

WARNING: Nan, Inf or huge value in QACC at DOF 12. The simulation is unstable. Time = 0.0300.

WARNING: Nan, Inf or huge value in QACC at DOF 12. The simulation is unstable. Time = 0.0320.

WARNING: Nan, Inf or huge value in QACC at DOF 12. The simulation is unstable. Time = 0.0320.

WARNING: Nan, Inf or huge value in QACC at DOF 12. The simulation is unstable. Time = 0.0300.

WARNING: Nan, Inf or huge value in QACC at DOF 12. The simulation is unstable. Time = 0.0340.

-----------------------------------------
| rollout/                |             |
|    ep_len_mean          | 3.7         |
|    ep_rew_mean          | -14.3       |
|    success_rate         | 0           |
| time/                   |             |
|    fps                  | 1514        |
|    iterations           | 69          |
|    time_elapsed         | 46          |
|    total_timesteps      | 321536      |
| train/                  |             |
|    approx_kl            | 0.071890235 |
|    clip_fraction        | 0.321       |
|    clip_range           | 0.2         |
|    entropy_loss         | -13.9       |
|    explained_variance   | 0.746       |
|    learning_rate        | 0.0003      |
|    loss                 | 0.459       |
|    n_updates            | 3130        |
|    policy_gradient_loss | -0.0272     |
|    std                  | 1.18        |
|    value_loss           | 3           |
-----------------------------------------
WARNING: Nan, Inf or huge value in QACC at DOF 12. The simulation is unstable. Time = 0.0300.

WARNING: Nan, Inf or huge value in QACC at DOF 12. The simulation is unstable. Time = 0.0320.

WARNING: Nan, Inf or huge value in QACC at DOF 12. The simulation is unstable. Time = 0.0320.

WARNING: Nan, Inf or huge value in QACC at DOF 12. The simulation is unstable. Time = 0.0300.

WARNING: Nan, Inf or huge value in QACC at DOF 12. The simulation is unstable. Time = 0.0320.

WARNING: Nan, Inf or huge value in QACC at DOF 12. The simulation is unstable. Time = 0.0320.

WARNING: Nan, Inf or huge value in QACC at DOF 12. The simulation is unstable. Time = 0.0340.

WARNING: Nan, Inf or huge value in QACC at DOF 12. The simulation is unstable. Time = 0.0300.

WARNING: Nan, Inf or huge value in QACC at DOF 12. The simulation is unstable. Time = 0.0300.

WARNING: Nan, Inf or huge value in QACC at DOF 12. The simulation is unstable. Time = 0.0340.

WARNING: Nan, Inf or huge value in QACC at DOF 12. The simulation is unstable. Time = 0.0320.

----------------------------------------
| rollout/                |            |
|    ep_len_mean          | 3.98       |
|    ep_rew_mean          | -15.3      |
|    success_rate         | 0          |
| time/                   |            |
|    fps                  | 1517       |
|    iterations           | 70         |
|    time_elapsed         | 47         |
|    total_timesteps      | 322560     |
| train/                  |            |
|    approx_kl            | 0.05515945 |
|    clip_fraction        | 0.423      |
|    clip_range           | 0.2        |
|    entropy_loss         | -13.9      |
|    explained_variance   | 0.917      |
|    learning_rate        | 0.0003     |
|    loss                 | 0.683      |
|    n_updates            | 3140       |
|    policy_gradient_loss | -0.0384    |
|    std                  | 1.18       |
|    value_loss           | 1.5        |
----------------------------------------
WARNING: Nan, Inf or huge value in QACC at DOF 12. The simulation is unstable. Time = 0.0320.

WARNING: Nan, Inf or huge value in QACC at DOF 12. The simulation is unstable. Time = 0.0320.

WARNING: Nan, Inf or huge value in QACC at DOF 12. The simulation is unstable. Time = 0.0320.

WARNING: Nan, Inf or huge value in QACC at DOF 12. The simulation is unstable. Time = 0.0300.

WARNING: Nan, Inf or huge value in QACC at DOF 12. The simulation is unstable. Time = 0.0340.

WARNING: Nan, Inf or huge value in QACC at DOF 12. The simulation is unstable. Time = 0.0300.

WARNING: Nan, Inf or huge value in QACC at DOF 12. The simulation is unstable. Time = 0.0320.

WARNING: Nan, Inf or huge value in QACC at DOF 12. The simulation is unstable. Time = 0.0320.

WARNING: Nan, Inf or huge value in QACC at DOF 12. The simulation is unstable. Time = 0.0340.

WARNING: Nan, Inf or huge value in QACC at DOF 12. The simulation is unstable. Time = 0.0300.

----------------------------------------
| rollout/                |            |
|    ep_len_mean          | 4.49       |
|    ep_rew_mean          | -17.5      |
|    success_rate         | 0          |
| time/                   |            |
|    fps                  | 1520       |
|    iterations           | 71         |
|    time_elapsed         | 47         |
|    total_timesteps      | 323584     |
| train/                  |            |
|    approx_kl            | 0.04496699 |
|    clip_fraction        | 0.438      |
|    clip_range           | 0.2        |
|    entropy_loss         | -13.9      |
|    explained_variance   | 0.792      |
|    learning_rate        | 0.0003     |
|    loss                 | 8.79       |
|    n_updates            | 3150       |
|    policy_gradient_loss | -0.02      |
|    std                  | 1.18       |
|    value_loss           | 11.8       |
----------------------------------------
WARNING: Nan, Inf or huge value in QACC at DOF 12. The simulation is unstable. Time = 0.0340.

WARNING: Nan, Inf or huge value in QACC at DOF 12. The simulation is unstable. Time = 0.0320.

WARNING: Nan, Inf or huge value in QACC at DOF 12. The simulation is unstable. Time = 0.0280.

WARNING: Nan, Inf or huge value in QACC at DOF 12. The simulation is unstable. Time = 0.0340.

WARNING: Nan, Inf or huge value in QACC at DOF 12. The simulation is unstable. Time = 0.0300.

WARNING: Nan, Inf or huge value in QACC at DOF 12. The simulation is unstable. Time = 0.0320.

WARNING: Nan, Inf or huge value in QACC at DOF 12. The simulation is unstable. Time = 0.0280.

WARNING: Nan, Inf or huge value in QACC at DOF 12. The simulation is unstable. Time = 0.0340.

WARNING: Nan, Inf or huge value in QACC at DOF 12. The simulation is unstable. Time = 0.0320.

WARNING: Nan, Inf or huge value in QACC at DOF 12. The simulation is unstable. Time = 0.0280.

-----------------------------------------
| rollout/                |             |
|    ep_len_mean          | 4.57        |
|    ep_rew_mean          | -14         |
|    success_rate         | 0           |
| time/                   |             |
|    fps                  | 1524        |
|    iterations           | 72          |
|    time_elapsed         | 48          |
|    total_timesteps      | 324608      |
| train/                  |             |
|    approx_kl            | 0.012354972 |
|    clip_fraction        | 0.294       |
|    clip_range           | 0.2         |
|    entropy_loss         | -13.9       |
|    explained_variance   | 0.257       |
|    learning_rate        | 0.0003      |
|    loss                 | 201         |
|    n_updates            | 3160        |
|    policy_gradient_loss | -0.0123     |
|    std                  | 1.18        |
|    value_loss           | 359         |
-----------------------------------------
WARNING: Nan, Inf or huge value in QACC at DOF 12. The simulation is unstable. Time = 0.0340.

WARNING: Nan, Inf or huge value in QACC at DOF 12. The simulation is unstable. Time = 0.0320.

WARNING: Nan, Inf or huge value in QACC at DOF 12. The simulation is unstable. Time = 0.0340.

WARNING: Nan, Inf or huge value in QACC at DOF 12. The simulation is unstable. Time = 0.0320.

WARNING: Nan, Inf or huge value in QACC at DOF 12. The simulation is unstable. Time = 0.0340.

WARNING: Nan, Inf or huge value in QACC at DOF 12. The simulation is unstable. Time = 0.0280.

WARNING: Nan, Inf or huge value in QACC at DOF 12. The simulation is unstable. Time = 0.0300.

WARNING: Nan, Inf or huge value in QACC at DOF 12. The simulation is unstable. Time = 0.0320.

----------------------------------------
| rollout/                |            |
|    ep_len_mean          | 4.15       |
|    ep_rew_mean          | -14.1      |
|    success_rate         | 0          |
| time/                   |            |
|    fps                  | 1526       |
|    iterations           | 73         |
|    time_elapsed         | 48         |
|    total_timesteps      | 325632     |
| train/                  |            |
|    approx_kl            | 0.06334526 |
|    clip_fraction        | 0.349      |
|    clip_range           | 0.2        |
|    entropy_loss         | -13.9      |
|    explained_variance   | 0.807      |
|    learning_rate        | 0.0003     |
|    loss                 | 1.23       |
|    n_updates            | 3170       |
|    policy_gradient_loss | -0.0447    |
|    std                  | 1.19       |
|    value_loss           | 3.31       |
----------------------------------------
WARNING: Nan, Inf or huge value in QACC at DOF 12. The simulation is unstable. Time = 0.0320.

WARNING: Nan, Inf or huge value in QACC at DOF 12. The simulation is unstable. Time = 0.0340.

WARNING: Nan, Inf or huge value in QACC at DOF 12. The simulation is unstable. Time = 0.0320.

WARNING: Nan, Inf or huge value in QACC at DOF 12. The simulation is unstable. Time = 0.0320.

WARNING: Nan, Inf or huge value in QACC at DOF 12. The simulation is unstable. Time = 0.0300.

WARNING: Nan, Inf or huge value in QACC at DOF 12. The simulation is unstable. Time = 0.0320.

WARNING: Nan, Inf or huge value in QACC at DOF 12. The simulation is unstable. Time = 0.0320.

WARNING: Nan, Inf or huge value in QACC at DOF 12. The simulation is unstable. Time = 0.0300.

WARNING: Nan, Inf or huge value in QACC at DOF 12. The simulation is unstable. Time = 0.0320.

WARNING: Nan, Inf or huge value in QACC at DOF 12. The simulation is unstable. Time = 0.0320.

WARNING: Nan, Inf or huge value in QACC at DOF 12. The simulation is unstable. Time = 0.0300.

WARNING: Nan, Inf or huge value in QACC at DOF 12. The simulation is unstable. Time = 0.0340.

WARNING: Nan, Inf or huge value in QACC at DOF 12. The simulation is unstable. Time = 0.0320.

WARNING: Nan, Inf or huge value in QACC at DOF 12. The simulation is unstable. Time = 0.0320.

WARNING: Nan, Inf or huge value in QACC at DOF 12. The simulation is unstable. Time = 0.0320.

WARNING: Nan, Inf or huge value in QACC at DOF 12. The simulation is unstable. Time = 0.0320.

WARNING: Nan, Inf or huge value in QACC at DOF 12. The simulation is unstable. Time = 0.0320.

-----------------------------------------
| rollout/                |             |
|    ep_len_mean          | 4.06        |
|    ep_rew_mean          | -15.6       |
|    success_rate         | 0           |
| time/                   |             |
|    fps                  | 1529        |
|    iterations           | 74          |
|    time_elapsed         | 49          |
|    total_timesteps      | 326656      |
| train/                  |             |
|    approx_kl            | 0.070541054 |
|    clip_fraction        | 0.449       |
|    clip_range           | 0.2         |
|    entropy_loss         | -13.9       |
|    explained_variance   | 0.949       |
|    learning_rate        | 0.0003      |
|    loss                 | 0.428       |
|    n_updates            | 3180        |
|    policy_gradient_loss | -0.0455     |
|    std                  | 1.18        |
|    value_loss           | 1.42        |
-----------------------------------------
WARNING: Nan, Inf or huge value in QACC at DOF 12. The simulation is unstable. Time = 0.0320.

WARNING: Nan, Inf or huge value in QACC at DOF 12. The simulation is unstable. Time = 0.0320.

WARNING: Nan, Inf or huge value in QACC at DOF 12. The simulation is unstable. Time = 0.0340.

WARNING: Nan, Inf or huge value in QACC at DOF 12. The simulation is unstable. Time = 0.0320.

WARNING: Nan, Inf or huge value in QACC at DOF 12. The simulation is unstable. Time = 0.0320.

WARNING: Nan, Inf or huge value in QACC at DOF 12. The simulation is unstable. Time = 0.0320.

WARNING: Nan, Inf or huge value in QACC at DOF 12. The simulation is unstable. Time = 0.0320.

WARNING: Nan, Inf or huge value in QACC at DOF 12. The simulation is unstable. Time = 0.0320.

WARNING: Nan, Inf or huge value in QACC at DOF 12. The simulation is unstable. Time = 0.0300.

WARNING: Nan, Inf or huge value in QACC at DOF 12. The simulation is unstable. Time = 0.0320.

WARNING: Nan, Inf or huge value in QACC at DOF 12. The simulation is unstable. Time = 0.0340.

WARNING: Nan, Inf or huge value in QACC at DOF 12. The simulation is unstable. Time = 0.0300.

---------------------------------------
| rollout/                |           |
|    ep_len_mean          | 4.43      |
|    ep_rew_mean          | -16       |
|    success_rate         | 0         |
| time/                   |           |
|    fps                  | 1532      |
|    iterations           | 75        |
|    time_elapsed         | 50        |
|    total_timesteps      | 327680    |
| train/                  |           |
|    approx_kl            | 0.0593932 |
|    clip_fraction        | 0.427     |
|    clip_range           | 0.2       |
|    entropy_loss         | -13.8     |
|    explained_variance   | 0.956     |
|    learning_rate        | 0.0003    |
|    loss                 | 0.528     |
|    n_updates            | 3190      |
|    policy_gradient_loss | -0.0413   |
|    std                  | 1.18      |
|    value_loss           | 2.49      |
---------------------------------------
WARNING: Nan, Inf or huge value in QACC at DOF 12. The simulation is unstable. Time = 0.0320.

WARNING: Nan, Inf or huge value in QACC at DOF 12. The simulation is unstable. Time = 0.0300.

WARNING: Nan, Inf or huge value in QACC at DOF 12. The simulation is unstable. Time = 0.0320.

WARNING: Nan, Inf or huge value in QACC at DOF 12. The simulation is unstable. Time = 0.0320.

WARNING: Nan, Inf or huge value in QACC at DOF 12. The simulation is unstable. Time = 0.0320.

WARNING: Nan, Inf or huge value in QACC at DOF 12. The simulation is unstable. Time = 0.0320.

WARNING: Nan, Inf or huge value in QACC at DOF 12. The simulation is unstable. Time = 0.0300.

WARNING: Nan, Inf or huge value in QACC at DOF 12. The simulation is unstable. Time = 0.0320.

WARNING: Nan, Inf or huge value in QACC at DOF 12. The simulation is unstable. Time = 0.0300.

WARNING: Nan, Inf or huge value in QACC at DOF 12. The simulation is unstable. Time = 0.0300.

WARNING: Nan, Inf or huge value in QACC at DOF 12. The simulation is unstable. Time = 0.0320.

WARNING: Nan, Inf or huge value in QACC at DOF 12. The simulation is unstable. Time = 0.0320.

WARNING: Nan, Inf or huge value in QACC at DOF 12. The simulation is unstable. Time = 0.0320.

WARNING: Nan, Inf or huge value in QACC at DOF 12. The simulation is unstable. Time = 0.0320.

WARNING: Nan, Inf or huge value in QACC at DOF 12. The simulation is unstable. Time = 0.0300.

-----------------------------------------
| rollout/                |             |
|    ep_len_mean          | 4.56        |
|    ep_rew_mean          | -14.9       |
|    success_rate         | 0           |
| time/                   |             |
|    fps                  | 1534        |
|    iterations           | 76          |
|    time_elapsed         | 50          |
|    total_timesteps      | 328704      |
| train/                  |             |
|    approx_kl            | 0.071018755 |
|    clip_fraction        | 0.438       |
|    clip_range           | 0.2         |
|    entropy_loss         | -13.8       |
|    explained_variance   | 0.96        |
|    learning_rate        | 0.0003      |
|    loss                 | 0.645       |
|    n_updates            | 3200        |
|    policy_gradient_loss | -0.0431     |
|    std                  | 1.18        |
|    value_loss           | 1.77        |
-----------------------------------------
WARNING: Nan, Inf or huge value in QACC at DOF 12. The simulation is unstable. Time = 0.0320.

WARNING: Nan, Inf or huge value in QACC at DOF 12. The simulation is unstable. Time = 0.0320.

WARNING: Nan, Inf or huge value in QACC at DOF 12. The simulation is unstable. Time = 0.0280.

WARNING: Nan, Inf or huge value in QACC at DOF 12. The simulation is unstable. Time = 0.0320.

WARNING: Nan, Inf or huge value in QACC at DOF 12. The simulation is unstable. Time = 0.0280.

WARNING: Nan, Inf or huge value in QACC at DOF 12. The simulation is unstable. Time = 0.0320.

WARNING: Nan, Inf or huge value in QACC at DOF 12. The simulation is unstable. Time = 0.0320.

WARNING: Nan, Inf or huge value in QACC at DOF 12. The simulation is unstable. Time = 0.0340.

-----------------------------------------
| rollout/                |             |
|    ep_len_mean          | 4.32        |
|    ep_rew_mean          | -14.8       |
|    success_rate         | 0           |
| time/                   |             |
|    fps                  | 1536        |
|    iterations           | 77          |
|    time_elapsed         | 51          |
|    total_timesteps      | 329728      |
| train/                  |             |
|    approx_kl            | 0.041464366 |
|    clip_fraction        | 0.388       |
|    clip_range           | 0.2         |
|    entropy_loss         | -13.8       |
|    explained_variance   | 0.572       |
|    learning_rate        | 0.0003      |
|    loss                 | 55          |
|    n_updates            | 3210        |
|    policy_gradient_loss | -0.0209     |
|    std                  | 1.18        |
|    value_loss           | 67.2        |
-----------------------------------------
WARNING: Nan, Inf or huge value in QACC at DOF 12. The simulation is unstable. Time = 0.0340.

WARNING: Nan, Inf or huge value in QACC at DOF 12. The simulation is unstable. Time = 0.0320.

WARNING: Nan, Inf or huge value in QACC at DOF 12. The simulation is unstable. Time = 0.0340.

WARNING: Nan, Inf or huge value in QACC at DOF 12. The simulation is unstable. Time = 0.0320.

WARNING: Nan, Inf or huge value in QACC at DOF 12. The simulation is unstable. Time = 0.0320.

WARNING: Nan, Inf or huge value in QACC at DOF 12. The simulation is unstable. Time = 0.0340.

WARNING: Nan, Inf or huge value in QACC at DOF 12. The simulation is unstable. Time = 0.0320.

WARNING: Nan, Inf or huge value in QACC at DOF 12. The simulation is unstable. Time = 0.0320.

-----------------------------------------
| rollout/                |             |
|    ep_len_mean          | 4.37        |
|    ep_rew_mean          | -14.2       |
|    success_rate         | 0           |
| time/                   |             |
|    fps                  | 1539        |
|    iterations           | 78          |
|    time_elapsed         | 51          |
|    total_timesteps      | 330752      |
| train/                  |             |
|    approx_kl            | 0.052709065 |
|    clip_fraction        | 0.405       |
|    clip_range           | 0.2         |
|    entropy_loss         | -13.8       |
|    explained_variance   | 0.905       |
|    learning_rate        | 0.0003      |
|    loss                 | 0.669       |
|    n_updates            | 3220        |
|    policy_gradient_loss | -0.0549     |
|    std                  | 1.18        |
|    value_loss           | 2.2         |
-----------------------------------------
WARNING: Nan, Inf or huge value in QACC at DOF 12. The simulation is unstable. Time = 0.0320.

WARNING: Nan, Inf or huge value in QACC at DOF 12. The simulation is unstable. Time = 0.0300.

WARNING: Nan, Inf or huge value in QACC at DOF 12. The simulation is unstable. Time = 0.0300.

WARNING: Nan, Inf or huge value in QACC at DOF 12. The simulation is unstable. Time = 0.0320.

WARNING: Nan, Inf or huge value in QACC at DOF 12. The simulation is unstable. Time = 0.0300.

WARNING: Nan, Inf or huge value in QACC at DOF 12. The simulation is unstable. Time = 0.0340.

WARNING: Nan, Inf or huge value in QACC at DOF 12. The simulation is unstable. Time = 0.0340.

WARNING: Nan, Inf or huge value in QACC at DOF 12. The simulation is unstable. Time = 0.0320.

WARNING: Nan, Inf or huge value in QACC at DOF 12. The simulation is unstable. Time = 0.0320.

WARNING: Nan, Inf or huge value in QACC at DOF 12. The simulation is unstable. Time = 0.0300.

WARNING: Nan, Inf or huge value in QACC at DOF 12. The simulation is unstable. Time = 0.0320.

----------------------------------------
| rollout/                |            |
|    ep_len_mean          | 4.67       |
|    ep_rew_mean          | -16.1      |
|    success_rate         | 0          |
| time/                   |            |
|    fps                  | 1542       |
|    iterations           | 79         |
|    time_elapsed         | 52         |
|    total_timesteps      | 331776     |
| train/                  |            |
|    approx_kl            | 0.04693812 |
|    clip_fraction        | 0.406      |
|    clip_range           | 0.2        |
|    entropy_loss         | -13.8      |
|    explained_variance   | 0.885      |
|    learning_rate        | 0.0003     |
|    loss                 | 1.34       |
|    n_updates            | 3230       |
|    policy_gradient_loss | -0.044     |
|    std                  | 1.18       |
|    value_loss           | 3.35       |
----------------------------------------
WARNING: Nan, Inf or huge value in QACC at DOF 12. The simulation is unstable. Time = 0.0320.

WARNING: Nan, Inf or huge value in QACC at DOF 12. The simulation is unstable. Time = 0.0320.

WARNING: Nan, Inf or huge value in QACC at DOF 12. The simulation is unstable. Time = 0.0320.

WARNING: Nan, Inf or huge value in QACC at DOF 12. The simulation is unstable. Time = 0.0300.

WARNING: Nan, Inf or huge value in QACC at DOF 12. The simulation is unstable. Time = 0.0320.

WARNING: Nan, Inf or huge value in QACC at DOF 12. The simulation is unstable. Time = 0.0340.

WARNING: Nan, Inf or huge value in QACC at DOF 12. The simulation is unstable. Time = 0.0300.

WARNING: Nan, Inf or huge value in QACC at DOF 12. The simulation is unstable. Time = 0.0280.

-----------------------------------------
| rollout/                |             |
|    ep_len_mean          | 4.3         |
|    ep_rew_mean          | -14.4       |
|    success_rate         | 0           |
| time/                   |             |
|    fps                  | 1545        |
|    iterations           | 80          |
|    time_elapsed         | 53          |
|    total_timesteps      | 332800      |
| train/                  |             |
|    approx_kl            | 0.059059896 |
|    clip_fraction        | 0.482       |
|    clip_range           | 0.2         |
|    entropy_loss         | -13.7       |
|    explained_variance   | 0.931       |
|    learning_rate        | 0.0003      |
|    loss                 | 1.93        |
|    n_updates            | 3240        |
|    policy_gradient_loss | -0.0433     |
|    std                  | 1.17        |
|    value_loss           | 2.97        |
-----------------------------------------
WARNING: Nan, Inf or huge value in QACC at DOF 12. The simulation is unstable. Time = 0.0320.

WARNING: Nan, Inf or huge value in QACC at DOF 12. The simulation is unstable. Time = 0.0320.

WARNING: Nan, Inf or huge value in QACC at DOF 12. The simulation is unstable. Time = 0.0320.

WARNING: Nan, Inf or huge value in QACC at DOF 12. The simulation is unstable. Time = 0.0320.

WARNING: Nan, Inf or huge value in QACC at DOF 12. The simulation is unstable. Time = 0.0320.

WARNING: Nan, Inf or huge value in QACC at DOF 12. The simulation is unstable. Time = 0.0300.

WARNING: Nan, Inf or huge value in QACC at DOF 12. The simulation is unstable. Time = 0.0300.

WARNING: Nan, Inf or huge value in QACC at DOF 12. The simulation is unstable. Time = 0.0320.

WARNING: Nan, Inf or huge value in QACC at DOF 12. The simulation is unstable. Time = 0.0300.

WARNING: Nan, Inf or huge value in QACC at DOF 12. The simulation is unstable. Time = 0.0280.

WARNING: Nan, Inf or huge value in QACC at DOF 12. The simulation is unstable. Time = 0.0320.

---------------------------------------
| rollout/                |           |
|    ep_len_mean          | 4.3       |
|    ep_rew_mean          | -16       |
|    success_rate         | 0         |
| time/                   |           |
|    fps                  | 1547      |
|    iterations           | 81        |
|    time_elapsed         | 53        |
|    total_timesteps      | 333824    |
| train/                  |           |
|    approx_kl            | 0.0407753 |
|    clip_fraction        | 0.363     |
|    clip_range           | 0.2       |
|    entropy_loss         | -13.7     |
|    explained_variance   | 0.589     |
|    learning_rate        | 0.0003    |
|    loss                 | 32.7      |
|    n_updates            | 3250      |
|    policy_gradient_loss | -0.0237   |
|    std                  | 1.17      |
|    value_loss           | 49.4      |
---------------------------------------
WARNING: Nan, Inf or huge value in QACC at DOF 12. The simulation is unstable. Time = 0.0320.

WARNING: Nan, Inf or huge value in QACC at DOF 12. The simulation is unstable. Time = 0.0300.

WARNING: Nan, Inf or huge value in QACC at DOF 12. The simulation is unstable. Time = 0.0340.

WARNING: Nan, Inf or huge value in QACC at DOF 12. The simulation is unstable. Time = 0.0320.

WARNING: Nan, Inf or huge value in QACC at DOF 12. The simulation is unstable. Time = 0.0320.

WARNING: Nan, Inf or huge value in QACC at DOF 12. The simulation is unstable. Time = 0.0320.

WARNING: Nan, Inf or huge value in QACC at DOF 12. The simulation is unstable. Time = 0.0340.

----------------------------------------
| rollout/                |            |
|    ep_len_mean          | 5.64       |
|    ep_rew_mean          | -13.6      |
|    success_rate         | 0          |
| time/                   |            |
|    fps                  | 1550       |
|    iterations           | 82         |
|    time_elapsed         | 54         |
|    total_timesteps      | 334848     |
| train/                  |            |
|    approx_kl            | 0.06444767 |
|    clip_fraction        | 0.401      |
|    clip_range           | 0.2        |
|    entropy_loss         | -13.7      |
|    explained_variance   | 0.646      |
|    learning_rate        | 0.0003     |
|    loss                 | 27.5       |
|    n_updates            | 3260       |
|    policy_gradient_loss | -0.0183    |
|    std                  | 1.17       |
|    value_loss           | 49.4       |
----------------------------------------
WARNING: Nan, Inf or huge value in QACC at DOF 12. The simulation is unstable. Time = 0.0320.

WARNING: Nan, Inf or huge value in QACC at DOF 12. The simulation is unstable. Time = 0.0320.

WARNING: Nan, Inf or huge value in QACC at DOF 12. The simulation is unstable. Time = 0.0300.

WARNING: Nan, Inf or huge value in QACC at DOF 12. The simulation is unstable. Time = 0.0320.

WARNING: Nan, Inf or huge value in QACC at DOF 12. The simulation is unstable. Time = 0.0300.

WARNING: Nan, Inf or huge value in QACC at DOF 12. The simulation is unstable. Time = 0.0320.

----------------------------------------
| rollout/                |            |
|    ep_len_mean          | 4.74       |
|    ep_rew_mean          | -18.4      |
|    success_rate         | 0          |
| time/                   |            |
|    fps                  | 1553       |
|    iterations           | 83         |
|    time_elapsed         | 54         |
|    total_timesteps      | 335872     |
| train/                  |            |
|    approx_kl            | 0.07518192 |
|    clip_fraction        | 0.427      |
|    clip_range           | 0.2        |
|    entropy_loss         | -13.7      |
|    explained_variance   | 0.83       |
|    learning_rate        | 0.0003     |
|    loss                 | 1.83       |
|    n_updates            | 3270       |
|    policy_gradient_loss | -0.046     |
|    std                  | 1.17       |
|    value_loss           | 3.79       |
----------------------------------------
WARNING: Nan, Inf or huge value in QACC at DOF 12. The simulation is unstable. Time = 0.0320.

WARNING: Nan, Inf or huge value in QACC at DOF 12. The simulation is unstable. Time = 0.0320.

WARNING: Nan, Inf or huge value in QACC at DOF 12. The simulation is unstable. Time = 0.0320.

WARNING: Nan, Inf or huge value in QACC at DOF 12. The simulation is unstable. Time = 0.0340.

WARNING: Nan, Inf or huge value in QACC at DOF 12. The simulation is unstable. Time = 0.0340.

WARNING: Nan, Inf or huge value in QACC at DOF 12. The simulation is unstable. Time = 0.0300.

WARNING: Nan, Inf or huge value in QACC at DOF 12. The simulation is unstable. Time = 0.0320.

-----------------------------------------
| rollout/                |             |
|    ep_len_mean          | 4.36        |
|    ep_rew_mean          | -14         |
|    success_rate         | 0           |
| time/                   |             |
|    fps                  | 1555        |
|    iterations           | 84          |
|    time_elapsed         | 55          |
|    total_timesteps      | 336896      |
| train/                  |             |
|    approx_kl            | 0.029791374 |
|    clip_fraction        | 0.327       |
|    clip_range           | 0.2         |
|    entropy_loss         | -13.7       |
|    explained_variance   | 0.489       |
|    learning_rate        | 0.0003      |
|    loss                 | 43.2        |
|    n_updates            | 3280        |
|    policy_gradient_loss | -0.0147     |
|    std                  | 1.17        |
|    value_loss           | 169         |
-----------------------------------------
WARNING: Nan, Inf or huge value in QACC at DOF 12. The simulation is unstable. Time = 0.0320.

WARNING: Nan, Inf or huge value in QACC at DOF 12. The simulation is unstable. Time = 0.0320.

WARNING: Nan, Inf or huge value in QACC at DOF 12. The simulation is unstable. Time = 0.0320.

WARNING: Nan, Inf or huge value in QACC at DOF 12. The simulation is unstable. Time = 0.0300.

WARNING: Nan, Inf or huge value in QACC at DOF 12. The simulation is unstable. Time = 0.0320.

WARNING: Nan, Inf or huge value in QACC at DOF 12. The simulation is unstable. Time = 0.0320.

WARNING: Nan, Inf or huge value in QACC at DOF 12. The simulation is unstable. Time = 0.0300.

-----------------------------------------
| rollout/                |             |
|    ep_len_mean          | 5.08        |
|    ep_rew_mean          | -15         |
|    success_rate         | 0           |
| time/                   |             |
|    fps                  | 1558        |
|    iterations           | 85          |
|    time_elapsed         | 55          |
|    total_timesteps      | 337920      |
| train/                  |             |
|    approx_kl            | 0.069821835 |
|    clip_fraction        | 0.429       |
|    clip_range           | 0.2         |
|    entropy_loss         | -13.7       |
|    explained_variance   | 0.451       |
|    learning_rate        | 0.0003      |
|    loss                 | 1.27        |
|    n_updates            | 3290        |
|    policy_gradient_loss | -0.0246     |
|    std                  | 1.17        |
|    value_loss           | 5.65        |
-----------------------------------------
WARNING: Nan, Inf or huge value in QACC at DOF 12. The simulation is unstable. Time = 0.0320.

WARNING: Nan, Inf or huge value in QACC at DOF 12. The simulation is unstable. Time = 0.0280.

WARNING: Nan, Inf or huge value in QACC at DOF 12. The simulation is unstable. Time = 0.0320.

WARNING: Nan, Inf or huge value in QACC at DOF 12. The simulation is unstable. Time = 0.0340.

----------------------------------------
| rollout/                |            |
|    ep_len_mean          | 6.04       |
|    ep_rew_mean          | -13.3      |
|    success_rate         | 0          |
| time/                   |            |
|    fps                  | 1560       |
|    iterations           | 86         |
|    time_elapsed         | 56         |
|    total_timesteps      | 338944     |
| train/                  |            |
|    approx_kl            | 0.07340671 |
|    clip_fraction        | 0.47       |
|    clip_range           | 0.2        |
|    entropy_loss         | -13.7      |
|    explained_variance   | 0.851      |
|    learning_rate        | 0.0003     |
|    loss                 | 1.75       |
|    n_updates            | 3300       |
|    policy_gradient_loss | -0.0488    |
|    std                  | 1.17       |
|    value_loss           | 4.99       |
----------------------------------------
WARNING: Nan, Inf or huge value in QACC at DOF 12. The simulation is unstable. Time = 0.0320.

WARNING: Nan, Inf or huge value in QACC at DOF 12. The simulation is unstable. Time = 0.0340.

WARNING: Nan, Inf or huge value in QACC at DOF 12. The simulation is unstable. Time = 0.0340.

WARNING: Nan, Inf or huge value in QACC at DOF 12. The simulation is unstable. Time = 0.0340.

WARNING: Nan, Inf or huge value in QACC at DOF 12. The simulation is unstable. Time = 0.0340.

WARNING: Nan, Inf or huge value in QACC at DOF 12. The simulation is unstable. Time = 0.0320.

-----------------------------------------
| rollout/                |             |
|    ep_len_mean          | 5.31        |
|    ep_rew_mean          | -14.2       |
|    success_rate         | 0           |
| time/                   |             |
|    fps                  | 1563        |
|    iterations           | 87          |
|    time_elapsed         | 56          |
|    total_timesteps      | 339968      |
| train/                  |             |
|    approx_kl            | 0.066034056 |
|    clip_fraction        | 0.467       |
|    clip_range           | 0.2         |
|    entropy_loss         | -13.7       |
|    explained_variance   | 0.729       |
|    learning_rate        | 0.0003      |
|    loss                 | 1.68        |
|    n_updates            | 3310        |
|    policy_gradient_loss | -0.0539     |
|    std                  | 1.17        |
|    value_loss           | 5.97        |
-----------------------------------------
WARNING: Nan, Inf or huge value in QACC at DOF 12. The simulation is unstable. Time = 0.0320.

WARNING: Nan, Inf or huge value in QACC at DOF 12. The simulation is unstable. Time = 0.0320.

WARNING: Nan, Inf or huge value in QACC at DOF 12. The simulation is unstable. Time = 0.0320.

WARNING: Nan, Inf or huge value in QACC at DOF 12. The simulation is unstable. Time = 0.0320.

WARNING: Nan, Inf or huge value in QACC at DOF 12. The simulation is unstable. Time = 0.0340.

WARNING: Nan, Inf or huge value in QACC at DOF 12. The simulation is unstable. Time = 0.0340.

WARNING: Nan, Inf or huge value in QACC at DOF 12. The simulation is unstable. Time = 0.0320.

WARNING: Nan, Inf or huge value in QACC at DOF 12. The simulation is unstable. Time = 0.0300.

-----------------------------------------
| rollout/                |             |
|    ep_len_mean          | 5.67        |
|    ep_rew_mean          | -13.3       |
|    success_rate         | 0           |
| time/                   |             |
|    fps                  | 1565        |
|    iterations           | 88          |
|    time_elapsed         | 57          |
|    total_timesteps      | 340992      |
| train/                  |             |
|    approx_kl            | 0.048345093 |
|    clip_fraction        | 0.427       |
|    clip_range           | 0.2         |
|    entropy_loss         | -13.7       |
|    explained_variance   | 0.826       |
|    learning_rate        | 0.0003      |
|    loss                 | 1.82        |
|    n_updates            | 3320        |
|    policy_gradient_loss | -0.0485     |
|    std                  | 1.17        |
|    value_loss           | 5.01        |
-----------------------------------------
WARNING: Nan, Inf or huge value in QACC at DOF 12. The simulation is unstable. Time = 0.0320.

WARNING: Nan, Inf or huge value in QACC at DOF 12. The simulation is unstable. Time = 0.0320.

WARNING: Nan, Inf or huge value in QACC at DOF 12. The simulation is unstable. Time = 0.0320.

WARNING: Nan, Inf or huge value in QACC at DOF 12. The simulation is unstable. Time = 0.0300.

WARNING: Nan, Inf or huge value in QACC at DOF 12. The simulation is unstable. Time = 0.0340.

WARNING: Nan, Inf or huge value in QACC at DOF 12. The simulation is unstable. Time = 0.0340.

WARNING: Nan, Inf or huge value in QACC at DOF 12. The simulation is unstable. Time = 0.0300.

WARNING: Nan, Inf or huge value in QACC at DOF 12. The simulation is unstable. Time = 0.0320.

WARNING: Nan, Inf or huge value in QACC at DOF 12. The simulation is unstable. Time = 0.0320.

----------------------------------------
| rollout/                |            |
|    ep_len_mean          | 4.62       |
|    ep_rew_mean          | -14.3      |
|    success_rate         | 0          |
| time/                   |            |
|    fps                  | 1568       |
|    iterations           | 89         |
|    time_elapsed         | 58         |
|    total_timesteps      | 342016     |
| train/                  |            |
|    approx_kl            | 0.04972561 |
|    clip_fraction        | 0.443      |
|    clip_range           | 0.2        |
|    entropy_loss         | -13.7      |
|    explained_variance   | 0.84       |
|    learning_rate        | 0.0003     |
|    loss                 | 4.89       |
|    n_updates            | 3330       |
|    policy_gradient_loss | -0.043     |
|    std                  | 1.17       |
|    value_loss           | 7.81       |
----------------------------------------
WARNING: Nan, Inf or huge value in QACC at DOF 12. The simulation is unstable. Time = 0.0280.

WARNING: Nan, Inf or huge value in QACC at DOF 12. The simulation is unstable. Time = 0.0320.

WARNING: Nan, Inf or huge value in QACC at DOF 12. The simulation is unstable. Time = 0.0320.

WARNING: Nan, Inf or huge value in QACC at DOF 12. The simulation is unstable. Time = 0.0300.

WARNING: Nan, Inf or huge value in QACC at DOF 12. The simulation is unstable. Time = 0.0320.

WARNING: Nan, Inf or huge value in QACC at DOF 12. The simulation is unstable. Time = 0.0320.

-----------------------------------------
| rollout/                |             |
|    ep_len_mean          | 4.61        |
|    ep_rew_mean          | -13.6       |
|    success_rate         | 0           |
| time/                   |             |
|    fps                  | 1570        |
|    iterations           | 90          |
|    time_elapsed         | 58          |
|    total_timesteps      | 343040      |
| train/                  |             |
|    approx_kl            | 0.059236854 |
|    clip_fraction        | 0.404       |
|    clip_range           | 0.2         |
|    entropy_loss         | -13.7       |
|    explained_variance   | 0.868       |
|    learning_rate        | 0.0003      |
|    loss                 | 1.71        |
|    n_updates            | 3340        |
|    policy_gradient_loss | -0.0514     |
|    std                  | 1.17        |
|    value_loss           | 4.16        |
-----------------------------------------
WARNING: Nan, Inf or huge value in QACC at DOF 12. The simulation is unstable. Time = 0.0320.

WARNING: Nan, Inf or huge value in QACC at DOF 12. The simulation is unstable. Time = 0.0320.

WARNING: Nan, Inf or huge value in QACC at DOF 12. The simulation is unstable. Time = 0.0320.

WARNING: Nan, Inf or huge value in QACC at DOF 12. The simulation is unstable. Time = 0.0300.

WARNING: Nan, Inf or huge value in QACC at DOF 12. The simulation is unstable. Time = 0.0320.

-----------------------------------------
| rollout/                |             |
|    ep_len_mean          | 5.32        |
|    ep_rew_mean          | -13.3       |
|    success_rate         | 0           |
| time/                   |             |
|    fps                  | 1572        |
|    iterations           | 91          |
|    time_elapsed         | 59          |
|    total_timesteps      | 344064      |
| train/                  |             |
|    approx_kl            | 0.060798284 |
|    clip_fraction        | 0.434       |
|    clip_range           | 0.2         |
|    entropy_loss         | -13.7       |
|    explained_variance   | 0.825       |
|    learning_rate        | 0.0003      |
|    loss                 | 2.01        |
|    n_updates            | 3350        |
|    policy_gradient_loss | -0.0463     |
|    std                  | 1.16        |
|    value_loss           | 4.79        |
-----------------------------------------
WARNING: Nan, Inf or huge value in QACC at DOF 12. The simulation is unstable. Time = 0.0300.

----------------------------------------
| rollout/                |            |
|    ep_len_mean          | 5.77       |
|    ep_rew_mean          | -12.7      |
|    success_rate         | 0          |
| time/                   |            |
|    fps                  | 1575       |
|    iterations           | 92         |
|    time_elapsed         | 59         |
|    total_timesteps      | 345088     |
| train/                  |            |
|    approx_kl            | 0.05535386 |
|    clip_fraction        | 0.437      |
|    clip_range           | 0.2        |
|    entropy_loss         | -13.6      |
|    explained_variance   | 0.789      |
|    learning_rate        | 0.0003     |
|    loss                 | 2.31       |
|    n_updates            | 3360       |
|    policy_gradient_loss | -0.0521    |
|    std                  | 1.16       |
|    value_loss           | 5.08       |
----------------------------------------
WARNING: Nan, Inf or huge value in QACC at DOF 12. The simulation is unstable. Time = 0.0340.

WARNING: Nan, Inf or huge value in QACC at DOF 12. The simulation is unstable. Time = 0.0320.

WARNING: Nan, Inf or huge value in QACC at DOF 12. The simulation is unstable. Time = 0.0300.

WARNING: Nan, Inf or huge value in QACC at DOF 12. The simulation is unstable. Time = 0.0320.

WARNING: Nan, Inf or huge value in QACC at DOF 12. The simulation is unstable. Time = 0.0300.

WARNING: Nan, Inf or huge value in QACC at DOF 12. The simulation is unstable. Time = 0.0320.

WARNING: Nan, Inf or huge value in QACC at DOF 12. The simulation is unstable. Time = 0.0320.

WARNING: Nan, Inf or huge value in QACC at DOF 12. The simulation is unstable. Time = 0.0320.

----------------------------------------
| rollout/                |            |
|    ep_len_mean          | 6.59       |
|    ep_rew_mean          | -13.3      |
|    success_rate         | 0          |
| time/                   |            |
|    fps                  | 1577       |
|    iterations           | 93         |
|    time_elapsed         | 60         |
|    total_timesteps      | 346112     |
| train/                  |            |
|    approx_kl            | 0.03845002 |
|    clip_fraction        | 0.367      |
|    clip_range           | 0.2        |
|    entropy_loss         | -13.6      |
|    explained_variance   | 0.487      |
|    learning_rate        | 0.0003     |
|    loss                 | 4.14       |
|    n_updates            | 3370       |
|    policy_gradient_loss | -0.0382    |
|    std                  | 1.16       |
|    value_loss           | 9.32       |
----------------------------------------
WARNING: Nan, Inf or huge value in QACC at DOF 12. The simulation is unstable. Time = 0.0300.

WARNING: Nan, Inf or huge value in QACC at DOF 12. The simulation is unstable. Time = 0.0340.

WARNING: Nan, Inf or huge value in QACC at DOF 12. The simulation is unstable. Time = 0.0320.

WARNING: Nan, Inf or huge value in QACC at DOF 12. The simulation is unstable. Time = 0.0320.

WARNING: Nan, Inf or huge value in QACC at DOF 12. The simulation is unstable. Time = 0.0320.

----------------------------------------
| rollout/                |            |
|    ep_len_mean          | 5.72       |
|    ep_rew_mean          | -13.5      |
|    success_rate         | 0          |
| time/                   |            |
|    fps                  | 1579       |
|    iterations           | 94         |
|    time_elapsed         | 60         |
|    total_timesteps      | 347136     |
| train/                  |            |
|    approx_kl            | 0.04253693 |
|    clip_fraction        | 0.431      |
|    clip_range           | 0.2        |
|    entropy_loss         | -13.6      |
|    explained_variance   | 0.794      |
|    learning_rate        | 0.0003     |
|    loss                 | 4.13       |
|    n_updates            | 3380       |
|    policy_gradient_loss | -0.0468    |
|    std                  | 1.16       |
|    value_loss           | 8.42       |
----------------------------------------
WARNING: Nan, Inf or huge value in QACC at DOF 12. The simulation is unstable. Time = 0.0300.

WARNING: Nan, Inf or huge value in QACC at DOF 12. The simulation is unstable. Time = 0.0320.

WARNING: Nan, Inf or huge value in QACC at DOF 12. The simulation is unstable. Time = 0.0300.

WARNING: Nan, Inf or huge value in QACC at DOF 12. The simulation is unstable. Time = 0.0300.

WARNING: Nan, Inf or huge value in QACC at DOF 12. The simulation is unstable. Time = 0.0320.

WARNING: Nan, Inf or huge value in QACC at DOF 12. The simulation is unstable. Time = 0.0320.

-----------------------------------------
| rollout/                |             |
|    ep_len_mean          | 5.07        |
|    ep_rew_mean          | -13.2       |
|    success_rate         | 0           |
| time/                   |             |
|    fps                  | 1582        |
|    iterations           | 95          |
|    time_elapsed         | 61          |
|    total_timesteps      | 348160      |
| train/                  |             |
|    approx_kl            | 0.051475257 |
|    clip_fraction        | 0.403       |
|    clip_range           | 0.2         |
|    entropy_loss         | -13.6       |
|    explained_variance   | 0.746       |
|    learning_rate        | 0.0003      |
|    loss                 | 1.58        |
|    n_updates            | 3390        |
|    policy_gradient_loss | -0.0472     |
|    std                  | 1.16        |
|    value_loss           | 6.19        |
-----------------------------------------
WARNING: Nan, Inf or huge value in QACC at DOF 12. The simulation is unstable. Time = 0.0300.

WARNING: Nan, Inf or huge value in QACC at DOF 12. The simulation is unstable. Time = 0.0320.

WARNING: Nan, Inf or huge value in QACC at DOF 12. The simulation is unstable. Time = 0.0320.

WARNING: Nan, Inf or huge value in QACC at DOF 12. The simulation is unstable. Time = 0.0320.

WARNING: Nan, Inf or huge value in QACC at DOF 12. The simulation is unstable. Time = 0.0340.

----------------------------------------
| rollout/                |            |
|    ep_len_mean          | 5.77       |
|    ep_rew_mean          | -13.6      |
|    success_rate         | 0          |
| time/                   |            |
|    fps                  | 1584       |
|    iterations           | 96         |
|    time_elapsed         | 62         |
|    total_timesteps      | 349184     |
| train/                  |            |
|    approx_kl            | 0.02397184 |
|    clip_fraction        | 0.273      |
|    clip_range           | 0.2        |
|    entropy_loss         | -13.6      |
|    explained_variance   | 0.475      |
|    learning_rate        | 0.0003     |
|    loss                 | 15.2       |
|    n_updates            | 3400       |
|    policy_gradient_loss | -0.0335    |
|    std                  | 1.15       |
|    value_loss           | 37.4       |
----------------------------------------
WARNING: Nan, Inf or huge value in QACC at DOF 12. The simulation is unstable. Time = 0.0320.

WARNING: Nan, Inf or huge value in QACC at DOF 12. The simulation is unstable. Time = 0.0320.

WARNING: Nan, Inf or huge value in QACC at DOF 12. The simulation is unstable. Time = 0.0300.

WARNING: Nan, Inf or huge value in QACC at DOF 12. The simulation is unstable. Time = 0.0320.

WARNING: Nan, Inf or huge value in QACC at DOF 12. The simulation is unstable. Time = 0.0300.

WARNING: Nan, Inf or huge value in QACC at DOF 12. The simulation is unstable. Time = 0.0320.

WARNING: Nan, Inf or huge value in QACC at DOF 12. The simulation is unstable. Time = 0.0340.

WARNING: Nan, Inf or huge value in QACC at DOF 12. The simulation is unstable. Time = 0.0280.

-----------------------------------------
| rollout/                |             |
|    ep_len_mean          | 6.66        |
|    ep_rew_mean          | -12.5       |
|    success_rate         | 0           |
| time/                   |             |
|    fps                  | 1586        |
|    iterations           | 97          |
|    time_elapsed         | 62          |
|    total_timesteps      | 350208      |
| train/                  |             |
|    approx_kl            | 0.056335814 |
|    clip_fraction        | 0.417       |
|    clip_range           | 0.2         |
|    entropy_loss         | -13.6       |
|    explained_variance   | 0.756       |
|    learning_rate        | 0.0003      |
|    loss                 | 2.28        |
|    n_updates            | 3410        |
|    policy_gradient_loss | -0.0488     |
|    std                  | 1.16        |
|    value_loss           | 7.06        |
-----------------------------------------
WARNING: Nan, Inf or huge value in QACC at DOF 12. The simulation is unstable. Time = 0.0320.

WARNING: Nan, Inf or huge value in QACC at DOF 12. The simulation is unstable. Time = 0.0300.

WARNING: Nan, Inf or huge value in QACC at DOF 12. The simulation is unstable. Time = 0.0320.

WARNING: Nan, Inf or huge value in QACC at DOF 12. The simulation is unstable. Time = 0.0320.

WARNING: Nan, Inf or huge value in QACC at DOF 12. The simulation is unstable. Time = 0.0340.

WARNING: Nan, Inf or huge value in QACC at DOF 12. The simulation is unstable. Time = 0.0320.

WARNING: Nan, Inf or huge value in QACC at DOF 12. The simulation is unstable. Time = 0.0320.

-----------------------------------------
| rollout/                |             |
|    ep_len_mean          | 7.01        |
|    ep_rew_mean          | -15.6       |
|    success_rate         | 0           |
| time/                   |             |
|    fps                  | 1588        |
|    iterations           | 98          |
|    time_elapsed         | 63          |
|    total_timesteps      | 351232      |
| train/                  |             |
|    approx_kl            | 0.068530515 |
|    clip_fraction        | 0.445       |
|    clip_range           | 0.2         |
|    entropy_loss         | -13.6       |
|    explained_variance   | 0.859       |
|    learning_rate        | 0.0003      |
|    loss                 | 1.97        |
|    n_updates            | 3420        |
|    policy_gradient_loss | -0.0525     |
|    std                  | 1.16        |
|    value_loss           | 4.83        |
-----------------------------------------
WARNING: Nan, Inf or huge value in QACC at DOF 12. The simulation is unstable. Time = 0.0300.

WARNING: Nan, Inf or huge value in QACC at DOF 12. The simulation is unstable. Time = 0.0280.

WARNING: Nan, Inf or huge value in QACC at DOF 12. The simulation is unstable. Time = 0.0320.

WARNING: Nan, Inf or huge value in QACC at DOF 12. The simulation is unstable. Time = 0.0320.

WARNING: Nan, Inf or huge value in QACC at DOF 12. The simulation is unstable. Time = 0.0300.

WARNING: Nan, Inf or huge value in QACC at DOF 12. The simulation is unstable. Time = 0.0340.

-----------------------------------------
| rollout/                |             |
|    ep_len_mean          | 7.11        |
|    ep_rew_mean          | -13.4       |
|    success_rate         | 0           |
| time/                   |             |
|    fps                  | 1590        |
|    iterations           | 99          |
|    time_elapsed         | 63          |
|    total_timesteps      | 352256      |
| train/                  |             |
|    approx_kl            | 0.022463044 |
|    clip_fraction        | 0.294       |
|    clip_range           | 0.2         |
|    entropy_loss         | -13.6       |
|    explained_variance   | 0.539       |
|    learning_rate        | 0.0003      |
|    loss                 | 6.35        |
|    n_updates            | 3430        |
|    policy_gradient_loss | -0.026      |
|    std                  | 1.16        |
|    value_loss           | 56.7        |
-----------------------------------------
WARNING: Nan, Inf or huge value in QACC at DOF 12. The simulation is unstable. Time = 0.0280.

WARNING: Nan, Inf or huge value in QACC at DOF 12. The simulation is unstable. Time = 0.0340.

WARNING: Nan, Inf or huge value in QACC at DOF 12. The simulation is unstable. Time = 0.0340.

WARNING: Nan, Inf or huge value in QACC at DOF 12. The simulation is unstable. Time = 0.0320.

WARNING: Nan, Inf or huge value in QACC at DOF 12. The simulation is unstable. Time = 0.0320.

-----------------------------------------
| rollout/                |             |
|    ep_len_mean          | 6.66        |
|    ep_rew_mean          | -11.9       |
|    success_rate         | 0           |
| time/                   |             |
|    fps                  | 1592        |
|    iterations           | 100         |
|    time_elapsed         | 64          |
|    total_timesteps      | 353280      |
| train/                  |             |
|    approx_kl            | 0.048279047 |
|    clip_fraction        | 0.369       |
|    clip_range           | 0.2         |
|    entropy_loss         | -13.6       |
|    explained_variance   | 0.703       |
|    learning_rate        | 0.0003      |
|    loss                 | 3.08        |
|    n_updates            | 3440        |
|    policy_gradient_loss | -0.0527     |
|    std                  | 1.16        |
|    value_loss           | 7.78        |
-----------------------------------------
WARNING: Nan, Inf or huge value in QACC at DOF 12. The simulation is unstable. Time = 0.0320.

WARNING: Nan, Inf or huge value in QACC at DOF 12. The simulation is unstable. Time = 0.0340.

WARNING: Nan, Inf or huge value in QACC at DOF 12. The simulation is unstable. Time = 0.0320.

----------------------------------------
| rollout/                |            |
|    ep_len_mean          | 6.74       |
|    ep_rew_mean          | -12.7      |
|    success_rate         | 0          |
| time/                   |            |
|    fps                  | 1594       |
|    iterations           | 101        |
|    time_elapsed         | 64         |
|    total_timesteps      | 354304     |
| train/                  |            |
|    approx_kl            | 0.05694118 |
|    clip_fraction        | 0.401      |
|    clip_range           | 0.2        |
|    entropy_loss         | -13.6      |
|    explained_variance   | 0.804      |
|    learning_rate        | 0.0003     |
|    loss                 | 2.62       |
|    n_updates            | 3450       |
|    policy_gradient_loss | -0.0484    |
|    std                  | 1.15       |
|    value_loss           | 6.84       |
----------------------------------------
WARNING: Nan, Inf or huge value in QACC at DOF 12. The simulation is unstable. Time = 0.0340.

WARNING: Nan, Inf or huge value in QACC at DOF 12. The simulation is unstable. Time = 0.0280.

-----------------------------------------
| rollout/                |             |
|    ep_len_mean          | 7.23        |
|    ep_rew_mean          | -12.3       |
|    success_rate         | 0           |
| time/                   |             |
|    fps                  | 1596        |
|    iterations           | 102         |
|    time_elapsed         | 65          |
|    total_timesteps      | 355328      |
| train/                  |             |
|    approx_kl            | 0.056957673 |
|    clip_fraction        | 0.43        |
|    clip_range           | 0.2         |
|    entropy_loss         | -13.5       |
|    explained_variance   | 0.674       |
|    learning_rate        | 0.0003      |
|    loss                 | 1.94        |
|    n_updates            | 3460        |
|    policy_gradient_loss | -0.051      |
|    std                  | 1.15        |
|    value_loss           | 6.83        |
-----------------------------------------
WARNING: Nan, Inf or huge value in QACC at DOF 12. The simulation is unstable. Time = 0.0300.

WARNING: Nan, Inf or huge value in QACC at DOF 12. The simulation is unstable. Time = 0.0300.

WARNING: Nan, Inf or huge value in QACC at DOF 12. The simulation is unstable. Time = 0.0320.

WARNING: Nan, Inf or huge value in QACC at DOF 12. The simulation is unstable. Time = 0.0340.

WARNING: Nan, Inf or huge value in QACC at DOF 12. The simulation is unstable. Time = 0.0320.

WARNING: Nan, Inf or huge value in QACC at DOF 12. The simulation is unstable. Time = 0.0320.

WARNING: Nan, Inf or huge value in QACC at DOF 12. The simulation is unstable. Time = 0.0320.

WARNING: Nan, Inf or huge value in QACC at DOF 12. The simulation is unstable. Time = 0.0320.

----------------------------------------
| rollout/                |            |
|    ep_len_mean          | 7.29       |
|    ep_rew_mean          | -16.8      |
|    success_rate         | 0          |
| time/                   |            |
|    fps                  | 1598       |
|    iterations           | 103        |
|    time_elapsed         | 65         |
|    total_timesteps      | 356352     |
| train/                  |            |
|    approx_kl            | 0.04784982 |
|    clip_fraction        | 0.379      |
|    clip_range           | 0.2        |
|    entropy_loss         | -13.5      |
|    explained_variance   | 0.561      |
|    learning_rate        | 0.0003     |
|    loss                 | 7.05       |
|    n_updates            | 3470       |
|    policy_gradient_loss | -0.0493    |
|    std                  | 1.15       |
|    value_loss           | 16.5       |
----------------------------------------
WARNING: Nan, Inf or huge value in QACC at DOF 12. The simulation is unstable. Time = 0.0300.

WARNING: Nan, Inf or huge value in QACC at DOF 12. The simulation is unstable. Time = 0.0320.

WARNING: Nan, Inf or huge value in QACC at DOF 12. The simulation is unstable. Time = 0.0340.

WARNING: Nan, Inf or huge value in QACC at DOF 12. The simulation is unstable. Time = 0.0320.

-----------------------------------------
| rollout/                |             |
|    ep_len_mean          | 6.47        |
|    ep_rew_mean          | -13.9       |
|    success_rate         | 0           |
| time/                   |             |
|    fps                  | 1600        |
|    iterations           | 104         |
|    time_elapsed         | 66          |
|    total_timesteps      | 357376      |
| train/                  |             |
|    approx_kl            | 0.020935562 |
|    clip_fraction        | 0.226       |
|    clip_range           | 0.2         |
|    entropy_loss         | -13.5       |
|    explained_variance   | 0.405       |
|    learning_rate        | 0.0003      |
|    loss                 | 8.53        |
|    n_updates            | 3480        |
|    policy_gradient_loss | -0.0177     |
|    std                  | 1.15        |
|    value_loss           | 309         |
-----------------------------------------
WARNING: Nan, Inf or huge value in QACC at DOF 12. The simulation is unstable. Time = 0.0300.

WARNING: Nan, Inf or huge value in QACC at DOF 12. The simulation is unstable. Time = 0.0280.

WARNING: Nan, Inf or huge value in QACC at DOF 12. The simulation is unstable. Time = 0.0280.

WARNING: Nan, Inf or huge value in QACC at DOF 12. The simulation is unstable. Time = 0.0300.

WARNING: Nan, Inf or huge value in QACC at DOF 12. The simulation is unstable. Time = 0.0280.

WARNING: Nan, Inf or huge value in QACC at DOF 12. The simulation is unstable. Time = 0.0320.

WARNING: Nan, Inf or huge value in QACC at DOF 12. The simulation is unstable. Time = 0.0340.

WARNING: Nan, Inf or huge value in QACC at DOF 12. The simulation is unstable. Time = 0.0300.

-----------------------------------------
| rollout/                |             |
|    ep_len_mean          | 7.37        |
|    ep_rew_mean          | -12.2       |
|    success_rate         | 0           |
| time/                   |             |
|    fps                  | 1602        |
|    iterations           | 105         |
|    time_elapsed         | 67          |
|    total_timesteps      | 358400      |
| train/                  |             |
|    approx_kl            | 0.041499183 |
|    clip_fraction        | 0.235       |
|    clip_range           | 0.2         |
|    entropy_loss         | -13.5       |
|    explained_variance   | 0.616       |
|    learning_rate        | 0.0003      |
|    loss                 | 34.4        |
|    n_updates            | 3490        |
|    policy_gradient_loss | -0.0285     |
|    std                  | 1.15        |
|    value_loss           | 49.3        |
-----------------------------------------
WARNING: Nan, Inf or huge value in QACC at DOF 12. The simulation is unstable. Time = 0.0300.

WARNING: Nan, Inf or huge value in QACC at DOF 12. The simulation is unstable. Time = 0.0320.

WARNING: Nan, Inf or huge value in QACC at DOF 12. The simulation is unstable. Time = 0.0320.

WARNING: Nan, Inf or huge value in QACC at DOF 12. The simulation is unstable. Time = 0.0320.

WARNING: Nan, Inf or huge value in QACC at DOF 12. The simulation is unstable. Time = 0.0280.

WARNING: Nan, Inf or huge value in QACC at DOF 12. The simulation is unstable. Time = 0.0280.

WARNING: Nan, Inf or huge value in QACC at DOF 12. The simulation is unstable. Time = 0.0300.

----------------------------------------
| rollout/                |            |
|    ep_len_mean          | 6.81       |
|    ep_rew_mean          | -13.6      |
|    success_rate         | 0          |
| time/                   |            |
|    fps                  | 1604       |
|    iterations           | 106        |
|    time_elapsed         | 67         |
|    total_timesteps      | 359424     |
| train/                  |            |
|    approx_kl            | 0.08271515 |
|    clip_fraction        | 0.384      |
|    clip_range           | 0.2        |
|    entropy_loss         | -13.5      |
|    explained_variance   | 0.654      |
|    learning_rate        | 0.0003     |
|    loss                 | 4.27       |
|    n_updates            | 3500       |
|    policy_gradient_loss | -0.0454    |
|    std                  | 1.15       |
|    value_loss           | 10.8       |
----------------------------------------
WARNING: Nan, Inf or huge value in QACC at DOF 12. The simulation is unstable. Time = 0.0340.

WARNING: Nan, Inf or huge value in QACC at DOF 12. The simulation is unstable. Time = 0.0320.

WARNING: Nan, Inf or huge value in QACC at DOF 12. The simulation is unstable. Time = 0.0340.

-----------------------------------------
| rollout/                |             |
|    ep_len_mean          | 7.67        |
|    ep_rew_mean          | -12.4       |
|    success_rate         | 0           |
| time/                   |             |
|    fps                  | 1606        |
|    iterations           | 107         |
|    time_elapsed         | 68          |
|    total_timesteps      | 360448      |
| train/                  |             |
|    approx_kl            | 0.021649055 |
|    clip_fraction        | 0.311       |
|    clip_range           | 0.2         |
|    entropy_loss         | -13.5       |
|    explained_variance   | 0.504       |
|    learning_rate        | 0.0003      |
|    loss                 | 9.3         |
|    n_updates            | 3510        |
|    policy_gradient_loss | -0.034      |
|    std                  | 1.15        |
|    value_loss           | 34.5        |
-----------------------------------------
WARNING: Nan, Inf or huge value in QACC at DOF 12. The simulation is unstable. Time = 0.0300.

WARNING: Nan, Inf or huge value in QACC at DOF 12. The simulation is unstable. Time = 0.0300.

WARNING: Nan, Inf or huge value in QACC at DOF 12. The simulation is unstable. Time = 0.0320.

WARNING: Nan, Inf or huge value in QACC at DOF 12. The simulation is unstable. Time = 0.0320.

WARNING: Nan, Inf or huge value in QACC at DOF 12. The simulation is unstable. Time = 0.0320.

WARNING: Nan, Inf or huge value in QACC at DOF 12. The simulation is unstable. Time = 0.0320.

----------------------------------------
| rollout/                |            |
|    ep_len_mean          | 7.77       |
|    ep_rew_mean          | -16.4      |
|    success_rate         | 0          |
| time/                   |            |
|    fps                  | 1608       |
|    iterations           | 108        |
|    time_elapsed         | 68         |
|    total_timesteps      | 361472     |
| train/                  |            |
|    approx_kl            | 0.03580562 |
|    clip_fraction        | 0.315      |
|    clip_range           | 0.2        |
|    entropy_loss         | -13.5      |
|    explained_variance   | 0.574      |
|    learning_rate        | 0.0003     |
|    loss                 | 6.06       |
|    n_updates            | 3520       |
|    policy_gradient_loss | -0.0529    |
|    std                  | 1.15       |
|    value_loss           | 14         |
----------------------------------------
WARNING: Nan, Inf or huge value in QACC at DOF 12. The simulation is unstable. Time = 0.0300.

WARNING: Nan, Inf or huge value in QACC at DOF 12. The simulation is unstable. Time = 0.0320.

WARNING: Nan, Inf or huge value in QACC at DOF 12. The simulation is unstable. Time = 0.0320.

-----------------------------------------
| rollout/                |             |
|    ep_len_mean          | 7.34        |
|    ep_rew_mean          | -11.5       |
|    success_rate         | 0           |
| time/                   |             |
|    fps                  | 1610        |
|    iterations           | 109         |
|    time_elapsed         | 69          |
|    total_timesteps      | 362496      |
| train/                  |             |
|    approx_kl            | 0.015544905 |
|    clip_fraction        | 0.272       |
|    clip_range           | 0.2         |
|    entropy_loss         | -13.5       |
|    explained_variance   | 0.443       |
|    learning_rate        | 0.0003      |
|    loss                 | 11.8        |
|    n_updates            | 3530        |
|    policy_gradient_loss | -0.0185     |
|    std                  | 1.15        |
|    value_loss           | 439         |
-----------------------------------------
WARNING: Nan, Inf or huge value in QACC at DOF 12. The simulation is unstable. Time = 0.0340.

WARNING: Nan, Inf or huge value in QACC at DOF 12. The simulation is unstable. Time = 0.0300.

WARNING: Nan, Inf or huge value in QACC at DOF 12. The simulation is unstable. Time = 0.0320.

WARNING: Nan, Inf or huge value in QACC at DOF 12. The simulation is unstable. Time = 0.0320.

-----------------------------------------
| rollout/                |             |
|    ep_len_mean          | 8.56        |
|    ep_rew_mean          | -11.7       |
|    success_rate         | 0           |
| time/                   |             |
|    fps                  | 1612        |
|    iterations           | 110         |
|    time_elapsed         | 69          |
|    total_timesteps      | 363520      |
| train/                  |             |
|    approx_kl            | 0.046483193 |
|    clip_fraction        | 0.367       |
|    clip_range           | 0.2         |
|    entropy_loss         | -13.5       |
|    explained_variance   | 0.369       |
|    learning_rate        | 0.0003      |
|    loss                 | 6.68        |
|    n_updates            | 3540        |
|    policy_gradient_loss | -0.0505     |
|    std                  | 1.15        |
|    value_loss           | 17.8        |
-----------------------------------------
WARNING: Nan, Inf or huge value in QACC at DOF 12. The simulation is unstable. Time = 0.0340.

WARNING: Nan, Inf or huge value in QACC at DOF 12. The simulation is unstable. Time = 0.0340.

WARNING: Nan, Inf or huge value in QACC at DOF 12. The simulation is unstable. Time = 0.0300.

WARNING: Nan, Inf or huge value in QACC at DOF 12. The simulation is unstable. Time = 0.0300.

WARNING: Nan, Inf or huge value in QACC at DOF 12. The simulation is unstable. Time = 0.0280.

WARNING: Nan, Inf or huge value in QACC at DOF 12. The simulation is unstable. Time = 0.0340.

----------------------------------------
| rollout/                |            |
|    ep_len_mean          | 7.63       |
|    ep_rew_mean          | -12.3      |
|    success_rate         | 0          |
| time/                   |            |
|    fps                  | 1614       |
|    iterations           | 111        |
|    time_elapsed         | 70         |
|    total_timesteps      | 364544     |
| train/                  |            |
|    approx_kl            | 0.05702737 |
|    clip_fraction        | 0.427      |
|    clip_range           | 0.2        |
|    entropy_loss         | -13.5      |
|    explained_variance   | 0.666      |
|    learning_rate        | 0.0003     |
|    loss                 | 5.83       |
|    n_updates            | 3550       |
|    policy_gradient_loss | -0.0537    |
|    std                  | 1.14       |
|    value_loss           | 13.4       |
----------------------------------------
WARNING: Nan, Inf or huge value in QACC at DOF 12. The simulation is unstable. Time = 0.0320.

WARNING: Nan, Inf or huge value in QACC at DOF 12. The simulation is unstable. Time = 0.0320.

WARNING: Nan, Inf or huge value in QACC at DOF 12. The simulation is unstable. Time = 0.0260.

WARNING: Nan, Inf or huge value in QACC at DOF 12. The simulation is unstable. Time = 0.0300.

----------------------------------------
| rollout/                |            |
|    ep_len_mean          | 7.77       |
|    ep_rew_mean          | -12.3      |
|    success_rate         | 0          |
| time/                   |            |
|    fps                  | 1616       |
|    iterations           | 112        |
|    time_elapsed         | 70         |
|    total_timesteps      | 365568     |
| train/                  |            |
|    approx_kl            | 0.04527854 |
|    clip_fraction        | 0.385      |
|    clip_range           | 0.2        |
|    entropy_loss         | -13.4      |
|    explained_variance   | 0.69       |
|    learning_rate        | 0.0003     |
|    loss                 | 5.69       |
|    n_updates            | 3560       |
|    policy_gradient_loss | -0.0499    |
|    std                  | 1.14       |
|    value_loss           | 15.3       |
----------------------------------------
WARNING: Nan, Inf or huge value in QACC at DOF 12. The simulation is unstable. Time = 0.0320.

WARNING: Nan, Inf or huge value in QACC at DOF 12. The simulation is unstable. Time = 0.0340.

WARNING: Nan, Inf or huge value in QACC at DOF 12. The simulation is unstable. Time = 0.0320.

WARNING: Nan, Inf or huge value in QACC at DOF 12. The simulation is unstable. Time = 0.0340.

-----------------------------------------
| rollout/                |             |
|    ep_len_mean          | 9.66        |
|    ep_rew_mean          | -10.5       |
|    success_rate         | 0           |
| time/                   |             |
|    fps                  | 1617        |
|    iterations           | 113         |
|    time_elapsed         | 71          |
|    total_timesteps      | 366592      |
| train/                  |             |
|    approx_kl            | 0.037177727 |
|    clip_fraction        | 0.401       |
|    clip_range           | 0.2         |
|    entropy_loss         | -13.4       |
|    explained_variance   | 0.663       |
|    learning_rate        | 0.0003      |
|    loss                 | 5.85        |
|    n_updates            | 3570        |
|    policy_gradient_loss | -0.0579     |
|    std                  | 1.14        |
|    value_loss           | 15.5        |
-----------------------------------------
WARNING: Nan, Inf or huge value in QACC at DOF 12. The simulation is unstable. Time = 0.0320.

WARNING: Nan, Inf or huge value in QACC at DOF 12. The simulation is unstable. Time = 0.0320.

WARNING: Nan, Inf or huge value in QACC at DOF 12. The simulation is unstable. Time = 0.0300.

WARNING: Nan, Inf or huge value in QACC at DOF 12. The simulation is unstable. Time = 0.0320.

----------------------------------------
| rollout/                |            |
|    ep_len_mean          | 7.65       |
|    ep_rew_mean          | -12        |
|    success_rate         | 0          |
| time/                   |            |
|    fps                  | 1619       |
|    iterations           | 114        |
|    time_elapsed         | 72         |
|    total_timesteps      | 367616     |
| train/                  |            |
|    approx_kl            | 0.03914708 |
|    clip_fraction        | 0.376      |
|    clip_range           | 0.2        |
|    entropy_loss         | -13.4      |
|    explained_variance   | 0.606      |
|    learning_rate        | 0.0003     |
|    loss                 | 7.81       |
|    n_updates            | 3580       |
|    policy_gradient_loss | -0.0532    |
|    std                  | 1.14       |
|    value_loss           | 19         |
----------------------------------------
WARNING: Nan, Inf or huge value in QACC at DOF 12. The simulation is unstable. Time = 0.0320.

WARNING: Nan, Inf or huge value in QACC at DOF 12. The simulation is unstable. Time = 0.0260.

WARNING: Nan, Inf or huge value in QACC at DOF 12. The simulation is unstable. Time = 0.0340.

WARNING: Nan, Inf or huge value in QACC at DOF 12. The simulation is unstable. Time = 0.0320.

-----------------------------------------
| rollout/                |             |
|    ep_len_mean          | 9.14        |
|    ep_rew_mean          | -13.6       |
|    success_rate         | 0           |
| time/                   |             |
|    fps                  | 1621        |
|    iterations           | 115         |
|    time_elapsed         | 72          |
|    total_timesteps      | 368640      |
| train/                  |             |
|    approx_kl            | 0.025347877 |
|    clip_fraction        | 0.292       |
|    clip_range           | 0.2         |
|    entropy_loss         | -13.4       |
|    explained_variance   | 0.536       |
|    learning_rate        | 0.0003      |
|    loss                 | 20.4        |
|    n_updates            | 3590        |
|    policy_gradient_loss | -0.043      |
|    std                  | 1.14        |
|    value_loss           | 33.8        |
-----------------------------------------
WARNING: Nan, Inf or huge value in QACC at DOF 12. The simulation is unstable. Time = 0.0320.

WARNING: Nan, Inf or huge value in QACC at DOF 12. The simulation is unstable. Time = 0.0300.

WARNING: Nan, Inf or huge value in QACC at DOF 12. The simulation is unstable. Time = 0.0320.

WARNING: Nan, Inf or huge value in QACC at DOF 12. The simulation is unstable. Time = 0.0300.

WARNING: Nan, Inf or huge value in QACC at DOF 12. The simulation is unstable. Time = 0.0320.

WARNING: Nan, Inf or huge value in QACC at DOF 12. The simulation is unstable. Time = 0.0320.

WARNING: Nan, Inf or huge value in QACC at DOF 12. The simulation is unstable. Time = 0.0340.

WARNING: Nan, Inf or huge value in QACC at DOF 12. The simulation is unstable. Time = 0.0300.

-----------------------------------------
| rollout/                |             |
|    ep_len_mean          | 9.17        |
|    ep_rew_mean          | -11.6       |
|    success_rate         | 0           |
| time/                   |             |
|    fps                  | 1623        |
|    iterations           | 116         |
|    time_elapsed         | 73          |
|    total_timesteps      | 369664      |
| train/                  |             |
|    approx_kl            | 0.021674816 |
|    clip_fraction        | 0.229       |
|    clip_range           | 0.2         |
|    entropy_loss         | -13.4       |
|    explained_variance   | 0.444       |
|    learning_rate        | 0.0003      |
|    loss                 | 9           |
|    n_updates            | 3600        |
|    policy_gradient_loss | -0.02       |
|    std                  | 1.14        |
|    value_loss           | 228         |
-----------------------------------------
WARNING: Nan, Inf or huge value in QACC at DOF 12. The simulation is unstable. Time = 0.0320.

WARNING: Nan, Inf or huge value in QACC at DOF 12. The simulation is unstable. Time = 0.0320.

WARNING: Nan, Inf or huge value in QACC at DOF 12. The simulation is unstable. Time = 0.0320.

WARNING: Nan, Inf or huge value in QACC at DOF 12. The simulation is unstable. Time = 0.0300.

WARNING: Nan, Inf or huge value in QACC at DOF 12. The simulation is unstable. Time = 0.0320.

----------------------------------------
| rollout/                |            |
|    ep_len_mean          | 9.74       |
|    ep_rew_mean          | -10.7      |
|    success_rate         | 0          |
| time/                   |            |
|    fps                  | 1625       |
|    iterations           | 117        |
|    time_elapsed         | 73         |
|    total_timesteps      | 370688     |
| train/                  |            |
|    approx_kl            | 0.03954462 |
|    clip_fraction        | 0.345      |
|    clip_range           | 0.2        |
|    entropy_loss         | -13.4      |
|    explained_variance   | 0.677      |
|    learning_rate        | 0.0003     |
|    loss                 | 39.8       |
|    n_updates            | 3610       |
|    policy_gradient_loss | -0.0361    |
|    std                  | 1.14       |
|    value_loss           | 69.3       |
----------------------------------------
WARNING: Nan, Inf or huge value in QACC at DOF 12. The simulation is unstable. Time = 0.0320.

WARNING: Nan, Inf or huge value in QACC at DOF 12. The simulation is unstable. Time = 0.0320.

WARNING: Nan, Inf or huge value in QACC at DOF 12. The simulation is unstable. Time = 0.0300.

-----------------------------------------
| rollout/                |             |
|    ep_len_mean          | 10.9        |
|    ep_rew_mean          | -9.17       |
|    success_rate         | 0           |
| time/                   |             |
|    fps                  | 1627        |
|    iterations           | 118         |
|    time_elapsed         | 74          |
|    total_timesteps      | 371712      |
| train/                  |             |
|    approx_kl            | 0.046522185 |
|    clip_fraction        | 0.388       |
|    clip_range           | 0.2         |
|    entropy_loss         | -13.4       |
|    explained_variance   | 0.61        |
|    learning_rate        | 0.0003      |
|    loss                 | 8.66        |
|    n_updates            | 3620        |
|    policy_gradient_loss | -0.053      |
|    std                  | 1.14        |
|    value_loss           | 19.3        |
-----------------------------------------
WARNING: Nan, Inf or huge value in QACC at DOF 12. The simulation is unstable. Time = 0.0300.

WARNING: Nan, Inf or huge value in QACC at DOF 12. The simulation is unstable. Time = 0.0340.

WARNING: Nan, Inf or huge value in QACC at DOF 12. The simulation is unstable. Time = 0.0320.

WARNING: Nan, Inf or huge value in QACC at DOF 12. The simulation is unstable. Time = 0.0320.

WARNING: Nan, Inf or huge value in QACC at DOF 12. The simulation is unstable. Time = 0.0300.

WARNING: Nan, Inf or huge value in QACC at DOF 12. The simulation is unstable. Time = 0.0320.

-----------------------------------------
| rollout/                |             |
|    ep_len_mean          | 9.7         |
|    ep_rew_mean          | -12.1       |
|    success_rate         | 0           |
| time/                   |             |
|    fps                  | 1627        |
|    iterations           | 119         |
|    time_elapsed         | 74          |
|    total_timesteps      | 372736      |
| train/                  |             |
|    approx_kl            | 0.048731167 |
|    clip_fraction        | 0.363       |
|    clip_range           | 0.2         |
|    entropy_loss         | -13.4       |
|    explained_variance   | 0.639       |
|    learning_rate        | 0.0003      |
|    loss                 | 13.2        |
|    n_updates            | 3630        |
|    policy_gradient_loss | -0.0496     |
|    std                  | 1.14        |
|    value_loss           | 24          |
-----------------------------------------
WARNING: Nan, Inf or huge value in QACC at DOF 12. The simulation is unstable. Time = 0.0340.

-----------------------------------------
| rollout/                |             |
|    ep_len_mean          | 9.8         |
|    ep_rew_mean          | -8.01       |
|    success_rate         | 0           |
| time/                   |             |
|    fps                  | 1628        |
|    iterations           | 120         |
|    time_elapsed         | 75          |
|    total_timesteps      | 373760      |
| train/                  |             |
|    approx_kl            | 0.031848572 |
|    clip_fraction        | 0.353       |
|    clip_range           | 0.2         |
|    entropy_loss         | -13.4       |
|    explained_variance   | 0.62        |
|    learning_rate        | 0.0003      |
|    loss                 | 10.6        |
|    n_updates            | 3640        |
|    policy_gradient_loss | -0.0405     |
|    std                  | 1.13        |
|    value_loss           | 35.1        |
-----------------------------------------
WARNING: Nan, Inf or huge value in QACC at DOF 12. The simulation is unstable. Time = 0.0280.

WARNING: Nan, Inf or huge value in QACC at DOF 12. The simulation is unstable. Time = 0.0320.

WARNING: Nan, Inf or huge value in QACC at DOF 12. The simulation is unstable. Time = 0.0340.

WARNING: Nan, Inf or huge value in QACC at DOF 12. The simulation is unstable. Time = 0.0300.

-----------------------------------------
| rollout/                |             |
|    ep_len_mean          | 9.19        |
|    ep_rew_mean          | -10.9       |
|    success_rate         | 0           |
| time/                   |             |
|    fps                  | 1630        |
|    iterations           | 121         |
|    time_elapsed         | 75          |
|    total_timesteps      | 374784      |
| train/                  |             |
|    approx_kl            | 0.058079958 |
|    clip_fraction        | 0.389       |
|    clip_range           | 0.2         |
|    entropy_loss         | -13.4       |
|    explained_variance   | 0.395       |
|    learning_rate        | 0.0003      |
|    loss                 | 10.9        |
|    n_updates            | 3650        |
|    policy_gradient_loss | -0.0524     |
|    std                  | 1.13        |
|    value_loss           | 22.4        |
-----------------------------------------
WARNING: Nan, Inf or huge value in QACC at DOF 12. The simulation is unstable. Time = 0.0320.

WARNING: Nan, Inf or huge value in QACC at DOF 12. The simulation is unstable. Time = 0.0320.

WARNING: Nan, Inf or huge value in QACC at DOF 12. The simulation is unstable. Time = 0.0340.

-----------------------------------------
| rollout/                |             |
|    ep_len_mean          | 8.5         |
|    ep_rew_mean          | -10.5       |
|    success_rate         | 0           |
| time/                   |             |
|    fps                  | 1632        |
|    iterations           | 122         |
|    time_elapsed         | 76          |
|    total_timesteps      | 375808      |
| train/                  |             |
|    approx_kl            | 0.042745203 |
|    clip_fraction        | 0.355       |
|    clip_range           | 0.2         |
|    entropy_loss         | -13.3       |
|    explained_variance   | 0.61        |
|    learning_rate        | 0.0003      |
|    loss                 | 12.2        |
|    n_updates            | 3660        |
|    policy_gradient_loss | -0.0547     |
|    std                  | 1.13        |
|    value_loss           | 23.8        |
-----------------------------------------
WARNING: Nan, Inf or huge value in QACC at DOF 12. The simulation is unstable. Time = 0.0280.

WARNING: Nan, Inf or huge value in QACC at DOF 12. The simulation is unstable. Time = 0.0300.

WARNING: Nan, Inf or huge value in QACC at DOF 12. The simulation is unstable. Time = 0.0300.

WARNING: Nan, Inf or huge value in QACC at DOF 12. The simulation is unstable. Time = 0.0340.

----------------------------------------
| rollout/                |            |
|    ep_len_mean          | 10.4       |
|    ep_rew_mean          | -8.62      |
|    success_rate         | 0          |
| time/                   |            |
|    fps                  | 1633       |
|    iterations           | 123        |
|    time_elapsed         | 77         |
|    total_timesteps      | 376832     |
| train/                  |            |
|    approx_kl            | 0.03970079 |
|    clip_fraction        | 0.357      |
|    clip_range           | 0.2        |
|    entropy_loss         | -13.3      |
|    explained_variance   | 0.581      |
|    learning_rate        | 0.0003     |
|    loss                 | 9.17       |
|    n_updates            | 3670       |
|    policy_gradient_loss | -0.0494    |
|    std                  | 1.13       |
|    value_loss           | 23.3       |
----------------------------------------
WARNING: Nan, Inf or huge value in QACC at DOF 12. The simulation is unstable. Time = 0.0340.

WARNING: Nan, Inf or huge value in QACC at DOF 12. The simulation is unstable. Time = 0.0340.

WARNING: Nan, Inf or huge value in QACC at DOF 12. The simulation is unstable. Time = 0.0320.

WARNING: Nan, Inf or huge value in QACC at DOF 12. The simulation is unstable. Time = 0.0320.

WARNING: Nan, Inf or huge value in QACC at DOF 12. The simulation is unstable. Time = 0.0300.

-----------------------------------------
| rollout/                |             |
|    ep_len_mean          | 11.4        |
|    ep_rew_mean          | -8.33       |
|    success_rate         | 0           |
| time/                   |             |
|    fps                  | 1635        |
|    iterations           | 124         |
|    time_elapsed         | 77          |
|    total_timesteps      | 377856      |
| train/                  |             |
|    approx_kl            | 0.053224936 |
|    clip_fraction        | 0.397       |
|    clip_range           | 0.2         |
|    entropy_loss         | -13.3       |
|    explained_variance   | 0.613       |
|    learning_rate        | 0.0003      |
|    loss                 | 10.2        |
|    n_updates            | 3680        |
|    policy_gradient_loss | -0.0436     |
|    std                  | 1.13        |
|    value_loss           | 20.6        |
-----------------------------------------
WARNING: Nan, Inf or huge value in QACC at DOF 12. The simulation is unstable. Time = 0.0320.

WARNING: Nan, Inf or huge value in QACC at DOF 12. The simulation is unstable. Time = 0.0280.

WARNING: Nan, Inf or huge value in QACC at DOF 12. The simulation is unstable. Time = 0.0320.

WARNING: Nan, Inf or huge value in QACC at DOF 12. The simulation is unstable. Time = 0.0280.

WARNING: Nan, Inf or huge value in QACC at DOF 12. The simulation is unstable. Time = 0.0320.

WARNING: Nan, Inf or huge value in QACC at DOF 12. The simulation is unstable. Time = 0.0320.

-----------------------------------------
| rollout/                |             |
|    ep_len_mean          | 10.3        |
|    ep_rew_mean          | -9.87       |
|    success_rate         | 0           |
| time/                   |             |
|    fps                  | 1637        |
|    iterations           | 125         |
|    time_elapsed         | 78          |
|    total_timesteps      | 378880      |
| train/                  |             |
|    approx_kl            | 0.043161083 |
|    clip_fraction        | 0.393       |
|    clip_range           | 0.2         |
|    entropy_loss         | -13.3       |
|    explained_variance   | 0.636       |
|    learning_rate        | 0.0003      |
|    loss                 | 13.8        |
|    n_updates            | 3690        |
|    policy_gradient_loss | -0.0507     |
|    std                  | 1.13        |
|    value_loss           | 25.8        |
-----------------------------------------
WARNING: Nan, Inf or huge value in QACC at DOF 12. The simulation is unstable. Time = 0.0320.

WARNING: Nan, Inf or huge value in QACC at DOF 12. The simulation is unstable. Time = 0.0320.

WARNING: Nan, Inf or huge value in QACC at DOF 12. The simulation is unstable. Time = 0.0300.

----------------------------------------
| rollout/                |            |
|    ep_len_mean          | 11.6       |
|    ep_rew_mean          | -7.03      |
|    success_rate         | 0          |
| time/                   |            |
|    fps                  | 1638       |
|    iterations           | 126        |
|    time_elapsed         | 78         |
|    total_timesteps      | 379904     |
| train/                  |            |
|    approx_kl            | 0.04231895 |
|    clip_fraction        | 0.388      |
|    clip_range           | 0.2        |
|    entropy_loss         | -13.3      |
|    explained_variance   | 0.673      |
|    learning_rate        | 0.0003     |
|    loss                 | 9.89       |
|    n_updates            | 3700       |
|    policy_gradient_loss | -0.0501    |
|    std                  | 1.13       |
|    value_loss           | 20.8       |
----------------------------------------
WARNING: Nan, Inf or huge value in QACC at DOF 12. The simulation is unstable. Time = 0.0300.

-----------------------------------------
| rollout/                |             |
|    ep_len_mean          | 12.3        |
|    ep_rew_mean          | -6.73       |
|    success_rate         | 0           |
| time/                   |             |
|    fps                  | 1640        |
|    iterations           | 127         |
|    time_elapsed         | 79          |
|    total_timesteps      | 380928      |
| train/                  |             |
|    approx_kl            | 0.032146264 |
|    clip_fraction        | 0.319       |
|    clip_range           | 0.2         |
|    entropy_loss         | -13.3       |
|    explained_variance   | 0.405       |
|    learning_rate        | 0.0003      |
|    loss                 | 16.7        |
|    n_updates            | 3710        |
|    policy_gradient_loss | -0.0442     |
|    std                  | 1.13        |
|    value_loss           | 37.6        |
-----------------------------------------
WARNING: Nan, Inf or huge value in QACC at DOF 12. The simulation is unstable. Time = 0.0320.

WARNING: Nan, Inf or huge value in QACC at DOF 12. The simulation is unstable. Time = 0.0320.

-----------------------------------------
| rollout/                |             |
|    ep_len_mean          | 12.7        |
|    ep_rew_mean          | -13.2       |
|    success_rate         | 0           |
| time/                   |             |
|    fps                  | 1642        |
|    iterations           | 128         |
|    time_elapsed         | 79          |
|    total_timesteps      | 381952      |
| train/                  |             |
|    approx_kl            | 0.038200475 |
|    clip_fraction        | 0.362       |
|    clip_range           | 0.2         |
|    entropy_loss         | -13.3       |
|    explained_variance   | 0.457       |
|    learning_rate        | 0.0003      |
|    loss                 | 12.1        |
|    n_updates            | 3720        |
|    policy_gradient_loss | -0.0504     |
|    std                  | 1.13        |
|    value_loss           | 29.1        |
-----------------------------------------
WARNING: Nan, Inf or huge value in QACC at DOF 12. The simulation is unstable. Time = 0.0300.

WARNING: Nan, Inf or huge value in QACC at DOF 12. The simulation is unstable. Time = 0.0340.

WARNING: Nan, Inf or huge value in QACC at DOF 12. The simulation is unstable. Time = 0.0340.

WARNING: Nan, Inf or huge value in QACC at DOF 12. The simulation is unstable. Time = 0.0340.

WARNING: Nan, Inf or huge value in QACC at DOF 12. The simulation is unstable. Time = 0.0320.

WARNING: Nan, Inf or huge value in QACC at DOF 12. The simulation is unstable. Time = 0.0320.

WARNING: Nan, Inf or huge value in QACC at DOF 12. The simulation is unstable. Time = 0.0320.

------------------------------------------
| rollout/                |              |
|    ep_len_mean          | 11.5         |
|    ep_rew_mean          | -9.71        |
|    success_rate         | 0            |
| time/                   |              |
|    fps                  | 1643         |
|    iterations           | 129          |
|    time_elapsed         | 80           |
|    total_timesteps      | 382976       |
| train/                  |              |
|    approx_kl            | 0.0120268995 |
|    clip_fraction        | 0.19         |
|    clip_range           | 0.2          |
|    entropy_loss         | -13.3        |
|    explained_variance   | 0.377        |
|    learning_rate        | 0.0003       |
|    loss                 | 189          |
|    n_updates            | 3730         |
|    policy_gradient_loss | -0.0152      |
|    std                  | 1.13         |
|    value_loss           | 1.15e+03     |
------------------------------------------
WARNING: Nan, Inf or huge value in QACC at DOF 12. The simulation is unstable. Time = 0.0320.

-----------------------------------------
| rollout/                |             |
|    ep_len_mean          | 13.3        |
|    ep_rew_mean          | -21.8       |
|    success_rate         | 0           |
| time/                   |             |
|    fps                  | 1645        |
|    iterations           | 130         |
|    time_elapsed         | 80          |
|    total_timesteps      | 384000      |
| train/                  |             |
|    approx_kl            | 0.007761658 |
|    clip_fraction        | 0.0655      |
|    clip_range           | 0.2         |
|    entropy_loss         | -13.3       |
|    explained_variance   | 0.425       |
|    learning_rate        | 0.0003      |
|    loss                 | 2.15e+03    |
|    n_updates            | 3740        |
|    policy_gradient_loss | -0.0172     |
|    std                  | 1.13        |
|    value_loss           | 4.26e+03    |
-----------------------------------------
WARNING: Nan, Inf or huge value in QACC at DOF 12. The simulation is unstable. Time = 0.0300.

WARNING: Nan, Inf or huge value in QACC at DOF 12. The simulation is unstable. Time = 0.0340.

WARNING: Nan, Inf or huge value in QACC at DOF 12. The simulation is unstable. Time = 0.0280.

-----------------------------------------
| rollout/                |             |
|    ep_len_mean          | 14.2        |
|    ep_rew_mean          | -8.66       |
|    success_rate         | 0           |
| time/                   |             |
|    fps                  | 1647        |
|    iterations           | 131         |
|    time_elapsed         | 81          |
|    total_timesteps      | 385024      |
| train/                  |             |
|    approx_kl            | 0.034518376 |
|    clip_fraction        | 0.283       |
|    clip_range           | 0.2         |
|    entropy_loss         | -13.3       |
|    explained_variance   | 0.364       |
|    learning_rate        | 0.0003      |
|    loss                 | 38.4        |
|    n_updates            | 3750        |
|    policy_gradient_loss | -0.045      |
|    std                  | 1.13        |
|    value_loss           | 61.5        |
-----------------------------------------
WARNING: Nan, Inf or huge value in QACC at DOF 12. The simulation is unstable. Time = 0.0320.

WARNING: Nan, Inf or huge value in QACC at DOF 12. The simulation is unstable. Time = 0.0300.

WARNING: Nan, Inf or huge value in QACC at DOF 12. The simulation is unstable. Time = 0.0320.

WARNING: Nan, Inf or huge value in QACC at DOF 12. The simulation is unstable. Time = 0.0300.

WARNING: Nan, Inf or huge value in QACC at DOF 12. The simulation is unstable. Time = 0.0300.

-----------------------------------------
| rollout/                |             |
|    ep_len_mean          | 12.2        |
|    ep_rew_mean          | -8.47       |
|    success_rate         | 0           |
| time/                   |             |
|    fps                  | 1649        |
|    iterations           | 132         |
|    time_elapsed         | 81          |
|    total_timesteps      | 386048      |
| train/                  |             |
|    approx_kl            | 0.023168305 |
|    clip_fraction        | 0.308       |
|    clip_range           | 0.2         |
|    entropy_loss         | -13.3       |
|    explained_variance   | 0.672       |
|    learning_rate        | 0.0003      |
|    loss                 | 40          |
|    n_updates            | 3760        |
|    policy_gradient_loss | -0.0277     |
|    std                  | 1.13        |
|    value_loss           | 121         |
-----------------------------------------
WARNING: Nan, Inf or huge value in QACC at DOF 12. The simulation is unstable. Time = 0.0320.

WARNING: Nan, Inf or huge value in QACC at DOF 12. The simulation is unstable. Time = 0.0320.

WARNING: Nan, Inf or huge value in QACC at DOF 12. The simulation is unstable. Time = 0.0320.

WARNING: Nan, Inf or huge value in QACC at DOF 12. The simulation is unstable. Time = 0.0340.

-----------------------------------------
| rollout/                |             |
|    ep_len_mean          | 13.6        |
|    ep_rew_mean          | -20.8       |
|    success_rate         | 0           |
| time/                   |             |
|    fps                  | 1650        |
|    iterations           | 133         |
|    time_elapsed         | 82          |
|    total_timesteps      | 387072      |
| train/                  |             |
|    approx_kl            | 0.021678539 |
|    clip_fraction        | 0.243       |
|    clip_range           | 0.2         |
|    entropy_loss         | -13.3       |
|    explained_variance   | 0.618       |
|    learning_rate        | 0.0003      |
|    loss                 | 23.4        |
|    n_updates            | 3770        |
|    policy_gradient_loss | -0.0426     |
|    std                  | 1.13        |
|    value_loss           | 48.8        |
-----------------------------------------
WARNING: Nan, Inf or huge value in QACC at DOF 12. The simulation is unstable. Time = 0.0300.

-----------------------------------------
| rollout/                |             |
|    ep_len_mean          | 13.7        |
|    ep_rew_mean          | -18.1       |
|    success_rate         | 0           |
| time/                   |             |
|    fps                  | 1652        |
|    iterations           | 134         |
|    time_elapsed         | 83          |
|    total_timesteps      | 388096      |
| train/                  |             |
|    approx_kl            | 0.011373195 |
|    clip_fraction        | 0.179       |
|    clip_range           | 0.2         |
|    entropy_loss         | -13.3       |
|    explained_variance   | 0.437       |
|    learning_rate        | 0.0003      |
|    loss                 | 2.21e+03    |
|    n_updates            | 3780        |
|    policy_gradient_loss | -0.0149     |
|    std                  | 1.13        |
|    value_loss           | 3.63e+03    |
-----------------------------------------
WARNING: Nan, Inf or huge value in QACC at DOF 12. The simulation is unstable. Time = 0.0320.

-----------------------------------------
| rollout/                |             |
|    ep_len_mean          | 14.2        |
|    ep_rew_mean          | -5.47       |
|    success_rate         | 0           |
| time/                   |             |
|    fps                  | 1653        |
|    iterations           | 135         |
|    time_elapsed         | 83          |
|    total_timesteps      | 389120      |
| train/                  |             |
|    approx_kl            | 0.029214606 |
|    clip_fraction        | 0.338       |
|    clip_range           | 0.2         |
|    entropy_loss         | -13.3       |
|    explained_variance   | 0.399       |
|    learning_rate        | 0.0003      |
|    loss                 | 26.7        |
|    n_updates            | 3790        |
|    policy_gradient_loss | -0.0437     |
|    std                  | 1.13        |
|    value_loss           | 48          |
-----------------------------------------
WARNING: Nan, Inf or huge value in QACC at DOF 12. The simulation is unstable. Time = 0.0300.

WARNING: Nan, Inf or huge value in QACC at DOF 12. The simulation is unstable. Time = 0.0320.

WARNING: Nan, Inf or huge value in QACC at DOF 12. The simulation is unstable. Time = 0.0320.

WARNING: Nan, Inf or huge value in QACC at DOF 12. The simulation is unstable. Time = 0.0280.

WARNING: Nan, Inf or huge value in QACC at DOF 12. The simulation is unstable. Time = 0.0320.

WARNING: Nan, Inf or huge value in QACC at DOF 12. The simulation is unstable. Time = 0.0300.

-----------------------------------------
| rollout/                |             |
|    ep_len_mean          | 13.4        |
|    ep_rew_mean          | -11.5       |
|    success_rate         | 0           |
| time/                   |             |
|    fps                  | 1655        |
|    iterations           | 136         |
|    time_elapsed         | 84          |
|    total_timesteps      | 390144      |
| train/                  |             |
|    approx_kl            | 0.032923482 |
|    clip_fraction        | 0.307       |
|    clip_range           | 0.2         |
|    entropy_loss         | -13.3       |
|    explained_variance   | 0.281       |
|    learning_rate        | 0.0003      |
|    loss                 | 18.3        |
|    n_updates            | 3800        |
|    policy_gradient_loss | -0.0365     |
|    std                  | 1.13        |
|    value_loss           | 37.9        |
-----------------------------------------
WARNING: Nan, Inf or huge value in QACC at DOF 12. The simulation is unstable. Time = 0.0320.

-----------------------------------------
| rollout/                |             |
|    ep_len_mean          | 13.1        |
|    ep_rew_mean          | -11.2       |
|    success_rate         | 0           |
| time/                   |             |
|    fps                  | 1656        |
|    iterations           | 137         |
|    time_elapsed         | 84          |
|    total_timesteps      | 391168      |
| train/                  |             |
|    approx_kl            | 0.022570824 |
|    clip_fraction        | 0.232       |
|    clip_range           | 0.2         |
|    entropy_loss         | -13.2       |
|    explained_variance   | 0.603       |
|    learning_rate        | 0.0003      |
|    loss                 | 131         |
|    n_updates            | 3810        |
|    policy_gradient_loss | -0.0266     |
|    std                  | 1.13        |
|    value_loss           | 253         |
-----------------------------------------
WARNING: Nan, Inf or huge value in QACC at DOF 12. The simulation is unstable. Time = 0.0320.

-----------------------------------------
| rollout/                |             |
|    ep_len_mean          | 14.5        |
|    ep_rew_mean          | -6.57       |
|    success_rate         | 0           |
| time/                   |             |
|    fps                  | 1658        |
|    iterations           | 138         |
|    time_elapsed         | 85          |
|    total_timesteps      | 392192      |
| train/                  |             |
|    approx_kl            | 0.027991641 |
|    clip_fraction        | 0.279       |
|    clip_range           | 0.2         |
|    entropy_loss         | -13.2       |
|    explained_variance   | 0.461       |
|    learning_rate        | 0.0003      |
|    loss                 | 22          |
|    n_updates            | 3820        |
|    policy_gradient_loss | -0.0414     |
|    std                  | 1.13        |
|    value_loss           | 50.3        |
-----------------------------------------
WARNING: Nan, Inf or huge value in QACC at DOF 12. The simulation is unstable. Time = 0.0280.

-----------------------------------------
| rollout/                |             |
|    ep_len_mean          | 16.4        |
|    ep_rew_mean          | -5.65       |
|    success_rate         | 0           |
| time/                   |             |
|    fps                  | 1660        |
|    iterations           | 139         |
|    time_elapsed         | 85          |
|    total_timesteps      | 393216      |
| train/                  |             |
|    approx_kl            | 0.033888347 |
|    clip_fraction        | 0.327       |
|    clip_range           | 0.2         |
|    entropy_loss         | -13.2       |
|    explained_variance   | 0.486       |
|    learning_rate        | 0.0003      |
|    loss                 | 19.8        |
|    n_updates            | 3830        |
|    policy_gradient_loss | -0.0481     |
|    std                  | 1.13        |
|    value_loss           | 42          |
-----------------------------------------
WARNING: Nan, Inf or huge value in QACC at DOF 12. The simulation is unstable. Time = 0.0320.

WARNING: Nan, Inf or huge value in QACC at DOF 12. The simulation is unstable. Time = 0.0260.

WARNING: Nan, Inf or huge value in QACC at DOF 12. The simulation is unstable. Time = 0.0340.

-----------------------------------------
| rollout/                |             |
|    ep_len_mean          | 19.8        |
|    ep_rew_mean          | -4.26       |
|    success_rate         | 0           |
| time/                   |             |
|    fps                  | 1661        |
|    iterations           | 140         |
|    time_elapsed         | 86          |
|    total_timesteps      | 394240      |
| train/                  |             |
|    approx_kl            | 0.045582447 |
|    clip_fraction        | 0.346       |
|    clip_range           | 0.2         |
|    entropy_loss         | -13.2       |
|    explained_variance   | 0.548       |
|    learning_rate        | 0.0003      |
|    loss                 | 16.4        |
|    n_updates            | 3840        |
|    policy_gradient_loss | -0.044      |
|    std                  | 1.13        |
|    value_loss           | 32.7        |
-----------------------------------------
WARNING: Nan, Inf or huge value in QACC at DOF 12. The simulation is unstable. Time = 0.0300.

WARNING: Nan, Inf or huge value in QACC at DOF 12. The simulation is unstable. Time = 0.0260.

WARNING: Nan, Inf or huge value in QACC at DOF 12. The simulation is unstable. Time = 0.0320.

-----------------------------------------
| rollout/                |             |
|    ep_len_mean          | 17.9        |
|    ep_rew_mean          | -5          |
|    success_rate         | 0           |
| time/                   |             |
|    fps                  | 1663        |
|    iterations           | 141         |
|    time_elapsed         | 86          |
|    total_timesteps      | 395264      |
| train/                  |             |
|    approx_kl            | 0.043854877 |
|    clip_fraction        | 0.335       |
|    clip_range           | 0.2         |
|    entropy_loss         | -13.2       |
|    explained_variance   | 0.569       |
|    learning_rate        | 0.0003      |
|    loss                 | 26.2        |
|    n_updates            | 3850        |
|    policy_gradient_loss | -0.0271     |
|    std                  | 1.12        |
|    value_loss           | 91.9        |
-----------------------------------------
WARNING: Nan, Inf or huge value in QACC at DOF 12. The simulation is unstable. Time = 0.0320.

WARNING: Nan, Inf or huge value in QACC at DOF 12. The simulation is unstable. Time = 0.0320.

WARNING: Nan, Inf or huge value in QACC at DOF 12. The simulation is unstable. Time = 0.0320.

WARNING: Nan, Inf or huge value in QACC at DOF 12. The simulation is unstable. Time = 0.0340.

WARNING: Nan, Inf or huge value in QACC at DOF 12. The simulation is unstable. Time = 0.0320.

-----------------------------------------
| rollout/                |             |
|    ep_len_mean          | 17.1        |
|    ep_rew_mean          | -8.58       |
|    success_rate         | 0           |
| time/                   |             |
|    fps                  | 1664        |
|    iterations           | 142         |
|    time_elapsed         | 87          |
|    total_timesteps      | 396288      |
| train/                  |             |
|    approx_kl            | 0.035521317 |
|    clip_fraction        | 0.347       |
|    clip_range           | 0.2         |
|    entropy_loss         | -13.2       |
|    explained_variance   | 0.661       |
|    learning_rate        | 0.0003      |
|    loss                 | 14.3        |
|    n_updates            | 3860        |
|    policy_gradient_loss | -0.0376     |
|    std                  | 1.12        |
|    value_loss           | 34.4        |
-----------------------------------------
WARNING: Nan, Inf or huge value in QACC at DOF 12. The simulation is unstable. Time = 0.0300.

WARNING: Nan, Inf or huge value in QACC at DOF 12. The simulation is unstable. Time = 0.0300.

WARNING: Nan, Inf or huge value in QACC at DOF 12. The simulation is unstable. Time = 0.0280.

WARNING: Nan, Inf or huge value in QACC at DOF 12. The simulation is unstable. Time = 0.0320.

-----------------------------------------
| rollout/                |             |
|    ep_len_mean          | 17.2        |
|    ep_rew_mean          | -7.29       |
|    success_rate         | 0           |
| time/                   |             |
|    fps                  | 1665        |
|    iterations           | 143         |
|    time_elapsed         | 87          |
|    total_timesteps      | 397312      |
| train/                  |             |
|    approx_kl            | 0.025851822 |
|    clip_fraction        | 0.272       |
|    clip_range           | 0.2         |
|    entropy_loss         | -13.2       |
|    explained_variance   | 0.64        |
|    learning_rate        | 0.0003      |
|    loss                 | 30          |
|    n_updates            | 3870        |
|    policy_gradient_loss | -0.0367     |
|    std                  | 1.12        |
|    value_loss           | 101         |
-----------------------------------------
WARNING: Nan, Inf or huge value in QACC at DOF 12. The simulation is unstable. Time = 0.0320.

WARNING: Nan, Inf or huge value in QACC at DOF 12. The simulation is unstable. Time = 0.0320.

WARNING: Nan, Inf or huge value in QACC at DOF 12. The simulation is unstable. Time = 0.0320.

-----------------------------------------
| rollout/                |             |
|    ep_len_mean          | 19.6        |
|    ep_rew_mean          | -5.45       |
|    success_rate         | 0           |
| time/                   |             |
|    fps                  | 1667        |
|    iterations           | 144         |
|    time_elapsed         | 88          |
|    total_timesteps      | 398336      |
| train/                  |             |
|    approx_kl            | 0.032389574 |
|    clip_fraction        | 0.308       |
|    clip_range           | 0.2         |
|    entropy_loss         | -13.2       |
|    explained_variance   | 0.58        |
|    learning_rate        | 0.0003      |
|    loss                 | 12.3        |
|    n_updates            | 3880        |
|    policy_gradient_loss | -0.0424     |
|    std                  | 1.12        |
|    value_loss           | 31          |
-----------------------------------------
WARNING: Nan, Inf or huge value in QACC at DOF 12. The simulation is unstable. Time = 0.0300.

WARNING: Nan, Inf or huge value in QACC at DOF 12. The simulation is unstable. Time = 0.0320.

WARNING: Nan, Inf or huge value in QACC at DOF 12. The simulation is unstable. Time = 0.0320.

WARNING: Nan, Inf or huge value in QACC at DOF 12. The simulation is unstable. Time = 0.0300.

-----------------------------------------
| rollout/                |             |
|    ep_len_mean          | 19.3        |
|    ep_rew_mean          | -6.46       |
|    success_rate         | 0           |
| time/                   |             |
|    fps                  | 1669        |
|    iterations           | 145         |
|    time_elapsed         | 88          |
|    total_timesteps      | 399360      |
| train/                  |             |
|    approx_kl            | 0.034732103 |
|    clip_fraction        | 0.358       |
|    clip_range           | 0.2         |
|    entropy_loss         | -13.2       |
|    explained_variance   | 0.666       |
|    learning_rate        | 0.0003      |
|    loss                 | 15.1        |
|    n_updates            | 3890        |
|    policy_gradient_loss | -0.0519     |
|    std                  | 1.12        |
|    value_loss           | 34.4        |
-----------------------------------------
WARNING: Nan, Inf or huge value in QACC at DOF 12. The simulation is unstable. Time = 0.0300.

WARNING: Nan, Inf or huge value in QACC at DOF 12. The simulation is unstable. Time = 0.0340.

WARNING: Nan, Inf or huge value in QACC at DOF 12. The simulation is unstable. Time = 0.0320.

WARNING: Nan, Inf or huge value in QACC at DOF 12. The simulation is unstable. Time = 0.0320.

WARNING: Nan, Inf or huge value in QACC at DOF 12. The simulation is unstable. Time = 0.0320.

-----------------------------------------
| rollout/                |             |
|    ep_len_mean          | 18          |
|    ep_rew_mean          | -7.65       |
|    success_rate         | 0           |
| time/                   |             |
|    fps                  | 1670        |
|    iterations           | 146         |
|    time_elapsed         | 89          |
|    total_timesteps      | 400384      |
| train/                  |             |
|    approx_kl            | 0.028055234 |
|    clip_fraction        | 0.336       |
|    clip_range           | 0.2         |
|    entropy_loss         | -13.2       |
|    explained_variance   | 0.656       |
|    learning_rate        | 0.0003      |
|    loss                 | 20.9        |
|    n_updates            | 3900        |
|    policy_gradient_loss | -0.0527     |
|    std                  | 1.12        |
|    value_loss           | 54.2        |
-----------------------------------------
-----------------------------------------
| rollout/                |             |
|    ep_len_mean          | 18.1        |
|    ep_rew_mean          | -2.9        |
|    success_rate         | 0           |
| time/                   |             |
|    fps                  | 1671        |
|    iterations           | 147         |
|    time_elapsed         | 90          |
|    total_timesteps      | 401408      |
| train/                  |             |
|    approx_kl            | 0.015637748 |
|    clip_fraction        | 0.231       |
|    clip_range           | 0.2         |
|    entropy_loss         | -13.2       |
|    explained_variance   | 0.54        |
|    learning_rate        | 0.0003      |
|    loss                 | 50.1        |
|    n_updates            | 3910        |
|    policy_gradient_loss | -0.0393     |
|    std                  | 1.12        |
|    value_loss           | 147         |
-----------------------------------------
WARNING: Nan, Inf or huge value in QACC at DOF 12. The simulation is unstable. Time = 0.0300.

-----------------------------------------
| rollout/                |             |
|    ep_len_mean          | 18.2        |
|    ep_rew_mean          | -2.43       |
|    success_rate         | 0           |
| time/                   |             |
|    fps                  | 1673        |
|    iterations           | 148         |
|    time_elapsed         | 90          |
|    total_timesteps      | 402432      |
| train/                  |             |
|    approx_kl            | 0.038894057 |
|    clip_fraction        | 0.337       |
|    clip_range           | 0.2         |
|    entropy_loss         | -13.2       |
|    explained_variance   | 0.421       |
|    learning_rate        | 0.0003      |
|    loss                 | 20.2        |
|    n_updates            | 3920        |
|    policy_gradient_loss | -0.0345     |
|    std                  | 1.13        |
|    value_loss           | 47          |
-----------------------------------------
WARNING: Nan, Inf or huge value in QACC at DOF 12. The simulation is unstable. Time = 0.0320.

WARNING: Nan, Inf or huge value in QACC at DOF 12. The simulation is unstable. Time = 0.0320.

WARNING: Nan, Inf or huge value in QACC at DOF 12. The simulation is unstable. Time = 0.0320.

WARNING: Nan, Inf or huge value in QACC at DOF 12. The simulation is unstable. Time = 0.0300.

WARNING: Nan, Inf or huge value in QACC at DOF 12. The simulation is unstable. Time = 0.0320.

WARNING: Nan, Inf or huge value in QACC at DOF 12. The simulation is unstable. Time = 0.0320.

-----------------------------------------
| rollout/                |             |
|    ep_len_mean          | 18.1        |
|    ep_rew_mean          | -5.16       |
|    success_rate         | 0           |
| time/                   |             |
|    fps                  | 1674        |
|    iterations           | 149         |
|    time_elapsed         | 91          |
|    total_timesteps      | 403456      |
| train/                  |             |
|    approx_kl            | 0.025056548 |
|    clip_fraction        | 0.252       |
|    clip_range           | 0.2         |
|    entropy_loss         | -13.2       |
|    explained_variance   | 0.538       |
|    learning_rate        | 0.0003      |
|    loss                 | 35          |
|    n_updates            | 3930        |
|    policy_gradient_loss | -0.041      |
|    std                  | 1.12        |
|    value_loss           | 77.3        |
-----------------------------------------
WARNING: Nan, Inf or huge value in QACC at DOF 12. The simulation is unstable. Time = 0.0320.

WARNING: Nan, Inf or huge value in QACC at DOF 12. The simulation is unstable. Time = 0.0300.

WARNING: Nan, Inf or huge value in QACC at DOF 12. The simulation is unstable. Time = 0.0320.

-----------------------------------------
| rollout/                |             |
|    ep_len_mean          | 16.8        |
|    ep_rew_mean          | -5.27       |
|    success_rate         | 0           |
| time/                   |             |
|    fps                  | 1676        |
|    iterations           | 150         |
|    time_elapsed         | 91          |
|    total_timesteps      | 404480      |
| train/                  |             |
|    approx_kl            | 0.050073083 |
|    clip_fraction        | 0.372       |
|    clip_range           | 0.2         |
|    entropy_loss         | -13.2       |
|    explained_variance   | 0.613       |
|    learning_rate        | 0.0003      |
|    loss                 | 15.1        |
|    n_updates            | 3940        |
|    policy_gradient_loss | -0.0452     |
|    std                  | 1.12        |
|    value_loss           | 43.6        |
-----------------------------------------
WARNING: Nan, Inf or huge value in QACC at DOF 12. The simulation is unstable. Time = 0.0300.

WARNING: Nan, Inf or huge value in QACC at DOF 12. The simulation is unstable. Time = 0.0280.

----------------------------------------
| rollout/                |            |
|    ep_len_mean          | 18.8       |
|    ep_rew_mean          | -3.86      |
|    success_rate         | 0          |
| time/                   |            |
|    fps                  | 1677       |
|    iterations           | 151        |
|    time_elapsed         | 92         |
|    total_timesteps      | 405504     |
| train/                  |            |
|    approx_kl            | 0.03556729 |
|    clip_fraction        | 0.326      |
|    clip_range           | 0.2        |
|    entropy_loss         | -13.2      |
|    explained_variance   | 0.568      |
|    learning_rate        | 0.0003     |
|    loss                 | 24.1       |
|    n_updates            | 3950       |
|    policy_gradient_loss | -0.0467    |
|    std                  | 1.12       |
|    value_loss           | 48.2       |
----------------------------------------
WARNING: Nan, Inf or huge value in QACC at DOF 12. The simulation is unstable. Time = 0.0300.

WARNING: Nan, Inf or huge value in QACC at DOF 12. The simulation is unstable. Time = 0.0340.

WARNING: Nan, Inf or huge value in QACC at DOF 12. The simulation is unstable. Time = 0.0300.

-----------------------------------------
| rollout/                |             |
|    ep_len_mean          | 21          |
|    ep_rew_mean          | -1.81       |
|    success_rate         | 0           |
| time/                   |             |
|    fps                  | 1678        |
|    iterations           | 152         |
|    time_elapsed         | 92          |
|    total_timesteps      | 406528      |
| train/                  |             |
|    approx_kl            | 0.034350898 |
|    clip_fraction        | 0.349       |
|    clip_range           | 0.2         |
|    entropy_loss         | -13.2       |
|    explained_variance   | 0.621       |
|    learning_rate        | 0.0003      |
|    loss                 | 11.1        |
|    n_updates            | 3960        |
|    policy_gradient_loss | -0.0479     |
|    std                  | 1.12        |
|    value_loss           | 36.1        |
-----------------------------------------
WARNING: Nan, Inf or huge value in QACC at DOF 12. The simulation is unstable. Time = 0.0340.

-----------------------------------------
| rollout/                |             |
|    ep_len_mean          | 20.6        |
|    ep_rew_mean          | -2.27       |
|    success_rate         | 0           |
| time/                   |             |
|    fps                  | 1680        |
|    iterations           | 153         |
|    time_elapsed         | 93          |
|    total_timesteps      | 407552      |
| train/                  |             |
|    approx_kl            | 0.035600074 |
|    clip_fraction        | 0.341       |
|    clip_range           | 0.2         |
|    entropy_loss         | -13.2       |
|    explained_variance   | 0.597       |
|    learning_rate        | 0.0003      |
|    loss                 | 20.8        |
|    n_updates            | 3970        |
|    policy_gradient_loss | -0.0454     |
|    std                  | 1.12        |
|    value_loss           | 47.7        |
-----------------------------------------
WARNING: Nan, Inf or huge value in QACC at DOF 12. The simulation is unstable. Time = 0.0340.

WARNING: Nan, Inf or huge value in QACC at DOF 12. The simulation is unstable. Time = 0.0300.

-----------------------------------------
| rollout/                |             |
|    ep_len_mean          | 21          |
|    ep_rew_mean          | -2.51       |
|    success_rate         | 0           |
| time/                   |             |
|    fps                  | 1681        |
|    iterations           | 154         |
|    time_elapsed         | 93          |
|    total_timesteps      | 408576      |
| train/                  |             |
|    approx_kl            | 0.028207403 |
|    clip_fraction        | 0.292       |
|    clip_range           | 0.2         |
|    entropy_loss         | -13.2       |
|    explained_variance   | 0.593       |
|    learning_rate        | 0.0003      |
|    loss                 | 24.8        |
|    n_updates            | 3980        |
|    policy_gradient_loss | -0.0378     |
|    std                  | 1.12        |
|    value_loss           | 58.2        |
-----------------------------------------
WARNING: Nan, Inf or huge value in QACC at DOF 12. The simulation is unstable. Time = 0.0320.

WARNING: Nan, Inf or huge value in QACC at DOF 12. The simulation is unstable. Time = 0.0320.

WARNING: Nan, Inf or huge value in QACC at DOF 12. The simulation is unstable. Time = 0.0300.

-----------------------------------------
| rollout/                |             |
|    ep_len_mean          | 20.3        |
|    ep_rew_mean          | -3          |
|    success_rate         | 0           |
| time/                   |             |
|    fps                  | 1683        |
|    iterations           | 155         |
|    time_elapsed         | 94          |
|    total_timesteps      | 409600      |
| train/                  |             |
|    approx_kl            | 0.031031063 |
|    clip_fraction        | 0.341       |
|    clip_range           | 0.2         |
|    entropy_loss         | -13.2       |
|    explained_variance   | 0.625       |
|    learning_rate        | 0.0003      |
|    loss                 | 16.7        |
|    n_updates            | 3990        |
|    policy_gradient_loss | -0.0513     |
|    std                  | 1.12        |
|    value_loss           | 44.1        |
-----------------------------------------
WARNING: Nan, Inf or huge value in QACC at DOF 12. The simulation is unstable. Time = 0.0300.

WARNING: Nan, Inf or huge value in QACC at DOF 12. The simulation is unstable. Time = 0.0300.

-----------------------------------------
| rollout/                |             |
|    ep_len_mean          | 19.6        |
|    ep_rew_mean          | -2.98       |
|    success_rate         | 0           |
| time/                   |             |
|    fps                  | 1684        |
|    iterations           | 156         |
|    time_elapsed         | 94          |
|    total_timesteps      | 410624      |
| train/                  |             |
|    approx_kl            | 0.038204707 |
|    clip_fraction        | 0.324       |
|    clip_range           | 0.2         |
|    entropy_loss         | -13.2       |
|    explained_variance   | 0.608       |
|    learning_rate        | 0.0003      |
|    loss                 | 25.5        |
|    n_updates            | 4000        |
|    policy_gradient_loss | -0.038      |
|    std                  | 1.12        |
|    value_loss           | 47.4        |
-----------------------------------------
WARNING: Nan, Inf or huge value in QACC at DOF 12. The simulation is unstable. Time = 0.0300.

-----------------------------------------
| rollout/                |             |
|    ep_len_mean          | 20          |
|    ep_rew_mean          | -2.57       |
|    success_rate         | 0           |
| time/                   |             |
|    fps                  | 1685        |
|    iterations           | 157         |
|    time_elapsed         | 95          |
|    total_timesteps      | 411648      |
| train/                  |             |
|    approx_kl            | 0.050313164 |
|    clip_fraction        | 0.355       |
|    clip_range           | 0.2         |
|    entropy_loss         | -13.2       |
|    explained_variance   | 0.532       |
|    learning_rate        | 0.0003      |
|    loss                 | 24.8        |
|    n_updates            | 4010        |
|    policy_gradient_loss | -0.0446     |
|    std                  | 1.12        |
|    value_loss           | 54.1        |
-----------------------------------------
WARNING: Nan, Inf or huge value in QACC at DOF 12. The simulation is unstable. Time = 0.0320.

WARNING: Nan, Inf or huge value in QACC at DOF 12. The simulation is unstable. Time = 0.0320.

----------------------------------------
| rollout/                |            |
|    ep_len_mean          | 21.7       |
|    ep_rew_mean          | -0.392     |
|    success_rate         | 0          |
| time/                   |            |
|    fps                  | 1687       |
|    iterations           | 158        |
|    time_elapsed         | 95         |
|    total_timesteps      | 412672     |
| train/                  |            |
|    approx_kl            | 0.03869182 |
|    clip_fraction        | 0.344      |
|    clip_range           | 0.2        |
|    entropy_loss         | -13.1      |
|    explained_variance   | 0.455      |
|    learning_rate        | 0.0003     |
|    loss                 | 28.2       |
|    n_updates            | 4020       |
|    policy_gradient_loss | -0.0458    |
|    std                  | 1.12       |
|    value_loss           | 58.5       |
----------------------------------------
WARNING: Nan, Inf or huge value in QACC at DOF 12. The simulation is unstable. Time = 0.0300.

-----------------------------------------
| rollout/                |             |
|    ep_len_mean          | 22.2        |
|    ep_rew_mean          | 0.13        |
|    success_rate         | 0           |
| time/                   |             |
|    fps                  | 1688        |
|    iterations           | 159         |
|    time_elapsed         | 96          |
|    total_timesteps      | 413696      |
| train/                  |             |
|    approx_kl            | 0.031431198 |
|    clip_fraction        | 0.31        |
|    clip_range           | 0.2         |
|    entropy_loss         | -13.2       |
|    explained_variance   | 0.486       |
|    learning_rate        | 0.0003      |
|    loss                 | 29.2        |
|    n_updates            | 4030        |
|    policy_gradient_loss | -0.0391     |
|    std                  | 1.12        |
|    value_loss           | 66.7        |
-----------------------------------------
WARNING: Nan, Inf or huge value in QACC at DOF 12. The simulation is unstable. Time = 0.0340.

----------------------------------------
| rollout/                |            |
|    ep_len_mean          | 20         |
|    ep_rew_mean          | -2.45      |
|    success_rate         | 0          |
| time/                   |            |
|    fps                  | 1688       |
|    iterations           | 160        |
|    time_elapsed         | 97         |
|    total_timesteps      | 414720     |
| train/                  |            |
|    approx_kl            | 0.03755173 |
|    clip_fraction        | 0.348      |
|    clip_range           | 0.2        |
|    entropy_loss         | -13.2      |
|    explained_variance   | 0.488      |
|    learning_rate        | 0.0003     |
|    loss                 | 33.5       |
|    n_updates            | 4040       |
|    policy_gradient_loss | -0.0429    |
|    std                  | 1.12       |
|    value_loss           | 68.2       |
----------------------------------------
WARNING: Nan, Inf or huge value in QACC at DOF 12. The simulation is unstable. Time = 0.0340.

-----------------------------------------
| rollout/                |             |
|    ep_len_mean          | 19.8        |
|    ep_rew_mean          | -3.49       |
|    success_rate         | 0           |
| time/                   |             |
|    fps                  | 1689        |
|    iterations           | 161         |
|    time_elapsed         | 97          |
|    total_timesteps      | 415744      |
| train/                  |             |
|    approx_kl            | 0.035761766 |
|    clip_fraction        | 0.314       |
|    clip_range           | 0.2         |
|    entropy_loss         | -13.2       |
|    explained_variance   | 0.462       |
|    learning_rate        | 0.0003      |
|    loss                 | 28.4        |
|    n_updates            | 4050        |
|    policy_gradient_loss | -0.0477     |
|    std                  | 1.12        |
|    value_loss           | 58.4        |
-----------------------------------------
-----------------------------------------
| rollout/                |             |
|    ep_len_mean          | 21.8        |
|    ep_rew_mean          | -1.17       |
|    success_rate         | 0           |
| time/                   |             |
|    fps                  | 1691        |
|    iterations           | 162         |
|    time_elapsed         | 98          |
|    total_timesteps      | 416768      |
| train/                  |             |
|    approx_kl            | 0.029170431 |
|    clip_fraction        | 0.317       |
|    clip_range           | 0.2         |
|    entropy_loss         | -13.1       |
|    explained_variance   | 0.42        |
|    learning_rate        | 0.0003      |
|    loss                 | 38.3        |
|    n_updates            | 4060        |
|    policy_gradient_loss | -0.0436     |
|    std                  | 1.12        |
|    value_loss           | 77.5        |
-----------------------------------------
WARNING: Nan, Inf or huge value in QACC at DOF 12. The simulation is unstable. Time = 0.0320.

WARNING: Nan, Inf or huge value in QACC at DOF 12. The simulation is unstable. Time = 0.0340.

-----------------------------------------
| rollout/                |             |
|    ep_len_mean          | 26.3        |
|    ep_rew_mean          | 1           |
|    success_rate         | 0           |
| time/                   |             |
|    fps                  | 1692        |
|    iterations           | 163         |
|    time_elapsed         | 98          |
|    total_timesteps      | 417792      |
| train/                  |             |
|    approx_kl            | 0.033843815 |
|    clip_fraction        | 0.309       |
|    clip_range           | 0.2         |
|    entropy_loss         | -13.1       |
|    explained_variance   | 0.396       |
|    learning_rate        | 0.0003      |
|    loss                 | 27.5        |
|    n_updates            | 4070        |
|    policy_gradient_loss | -0.0413     |
|    std                  | 1.11        |
|    value_loss           | 60.8        |
-----------------------------------------
WARNING: Nan, Inf or huge value in QACC at DOF 12. The simulation is unstable. Time = 0.0300.

WARNING: Nan, Inf or huge value in QACC at DOF 12. The simulation is unstable. Time = 0.0300.

WARNING: Nan, Inf or huge value in QACC at DOF 12. The simulation is unstable. Time = 0.0320.

WARNING: Nan, Inf or huge value in QACC at DOF 12. The simulation is unstable. Time = 0.0340.

----------------------------------------
| rollout/                |            |
|    ep_len_mean          | 28.5       |
|    ep_rew_mean          | 1.87       |
|    success_rate         | 0          |
| time/                   |            |
|    fps                  | 1693       |
|    iterations           | 164        |
|    time_elapsed         | 99         |
|    total_timesteps      | 418816     |
| train/                  |            |
|    approx_kl            | 0.03423633 |
|    clip_fraction        | 0.314      |
|    clip_range           | 0.2        |
|    entropy_loss         | -13.1      |
|    explained_variance   | 0.49       |
|    learning_rate        | 0.0003     |
|    loss                 | 27.6       |
|    n_updates            | 4080       |
|    policy_gradient_loss | -0.0429    |
|    std                  | 1.11       |
|    value_loss           | 62.1       |
----------------------------------------
WARNING: Nan, Inf or huge value in QACC at DOF 12. The simulation is unstable. Time = 0.0340.

-----------------------------------------
| rollout/                |             |
|    ep_len_mean          | 27.6        |
|    ep_rew_mean          | 1.23        |
|    success_rate         | 0           |
| time/                   |             |
|    fps                  | 1694        |
|    iterations           | 165         |
|    time_elapsed         | 99          |
|    total_timesteps      | 419840      |
| train/                  |             |
|    approx_kl            | 0.043408014 |
|    clip_fraction        | 0.388       |
|    clip_range           | 0.2         |
|    entropy_loss         | -13.1       |
|    explained_variance   | 0.619       |
|    learning_rate        | 0.0003      |
|    loss                 | 16.6        |
|    n_updates            | 4090        |
|    policy_gradient_loss | -0.0495     |
|    std                  | 1.11        |
|    value_loss           | 47.5        |
-----------------------------------------
WARNING: Nan, Inf or huge value in QACC at DOF 12. The simulation is unstable. Time = 0.0300.

WARNING: Nan, Inf or huge value in QACC at DOF 12. The simulation is unstable. Time = 0.0320.

----------------------------------------
| rollout/                |            |
|    ep_len_mean          | 23.4       |
|    ep_rew_mean          | -3.24      |
|    success_rate         | 0          |
| time/                   |            |
|    fps                  | 1696       |
|    iterations           | 166        |
|    time_elapsed         | 100        |
|    total_timesteps      | 420864     |
| train/                  |            |
|    approx_kl            | 0.03995879 |
|    clip_fraction        | 0.372      |
|    clip_range           | 0.2        |
|    entropy_loss         | -13.1      |
|    explained_variance   | 0.569      |
|    learning_rate        | 0.0003     |
|    loss                 | 21.7       |
|    n_updates            | 4100       |
|    policy_gradient_loss | -0.0501    |
|    std                  | 1.11       |
|    value_loss           | 58.9       |
----------------------------------------
WARNING: Nan, Inf or huge value in QACC at DOF 12. The simulation is unstable. Time = 0.0320.

-----------------------------------------
| rollout/                |             |
|    ep_len_mean          | 25.7        |
|    ep_rew_mean          | -1.8        |
|    success_rate         | 0           |
| time/                   |             |
|    fps                  | 1697        |
|    iterations           | 167         |
|    time_elapsed         | 100         |
|    total_timesteps      | 421888      |
| train/                  |             |
|    approx_kl            | 0.031860862 |
|    clip_fraction        | 0.302       |
|    clip_range           | 0.2         |
|    entropy_loss         | -13.1       |
|    explained_variance   | 0.65        |
|    learning_rate        | 0.0003      |
|    loss                 | 23          |
|    n_updates            | 4110        |
|    policy_gradient_loss | -0.0435     |
|    std                  | 1.11        |
|    value_loss           | 43.6        |
-----------------------------------------
-----------------------------------------
| rollout/                |             |
|    ep_len_mean          | 27.8        |
|    ep_rew_mean          | 0.0198      |
|    success_rate         | 0           |
| time/                   |             |
|    fps                  | 1698        |
|    iterations           | 168         |
|    time_elapsed         | 101         |
|    total_timesteps      | 422912      |
| train/                  |             |
|    approx_kl            | 0.035391197 |
|    clip_fraction        | 0.317       |
|    clip_range           | 0.2         |
|    entropy_loss         | -13.1       |
|    explained_variance   | 0.603       |
|    learning_rate        | 0.0003      |
|    loss                 | 24.1        |
|    n_updates            | 4120        |
|    policy_gradient_loss | -0.0446     |
|    std                  | 1.11        |
|    value_loss           | 57.1        |
-----------------------------------------
WARNING: Nan, Inf or huge value in QACC at DOF 12. The simulation is unstable. Time = 0.0340.

WARNING: Nan, Inf or huge value in QACC at DOF 12. The simulation is unstable. Time = 0.0320.

WARNING: Nan, Inf or huge value in QACC at DOF 12. The simulation is unstable. Time = 0.0320.

-----------------------------------------
| rollout/                |             |
|    ep_len_mean          | 29          |
|    ep_rew_mean          | -0.207      |
|    success_rate         | 0           |
| time/                   |             |
|    fps                  | 1699        |
|    iterations           | 169         |
|    time_elapsed         | 101         |
|    total_timesteps      | 423936      |
| train/                  |             |
|    approx_kl            | 0.040422693 |
|    clip_fraction        | 0.34        |
|    clip_range           | 0.2         |
|    entropy_loss         | -13.1       |
|    explained_variance   | 0.563       |
|    learning_rate        | 0.0003      |
|    loss                 | 18.1        |
|    n_updates            | 4130        |
|    policy_gradient_loss | -0.0474     |
|    std                  | 1.11        |
|    value_loss           | 41.6        |
-----------------------------------------
WARNING: Nan, Inf or huge value in QACC at DOF 12. The simulation is unstable. Time = 0.0320.

-----------------------------------------
| rollout/                |             |
|    ep_len_mean          | 24.7        |
|    ep_rew_mean          | -1.88       |
|    success_rate         | 0           |
| time/                   |             |
|    fps                  | 1700        |
|    iterations           | 170         |
|    time_elapsed         | 102         |
|    total_timesteps      | 424960      |
| train/                  |             |
|    approx_kl            | 0.064536005 |
|    clip_fraction        | 0.337       |
|    clip_range           | 0.2         |
|    entropy_loss         | -13.1       |
|    explained_variance   | 0.563       |
|    learning_rate        | 0.0003      |
|    loss                 | 27.6        |
|    n_updates            | 4140        |
|    policy_gradient_loss | -0.0458     |
|    std                  | 1.11        |
|    value_loss           | 61.5        |
-----------------------------------------
WARNING: Nan, Inf or huge value in QACC at DOF 12. The simulation is unstable. Time = 0.0320.

WARNING: Nan, Inf or huge value in QACC at DOF 12. The simulation is unstable. Time = 0.0280.

-----------------------------------------
| rollout/                |             |
|    ep_len_mean          | 26.7        |
|    ep_rew_mean          | -0.757      |
|    success_rate         | 0           |
| time/                   |             |
|    fps                  | 1701        |
|    iterations           | 171         |
|    time_elapsed         | 102         |
|    total_timesteps      | 425984      |
| train/                  |             |
|    approx_kl            | 0.025314912 |
|    clip_fraction        | 0.295       |
|    clip_range           | 0.2         |
|    entropy_loss         | -13.1       |
|    explained_variance   | 0.541       |
|    learning_rate        | 0.0003      |
|    loss                 | 25.1        |
|    n_updates            | 4150        |
|    policy_gradient_loss | -0.0375     |
|    std                  | 1.11        |
|    value_loss           | 77.5        |
-----------------------------------------
WARNING: Nan, Inf or huge value in QACC at DOF 12. The simulation is unstable. Time = 0.0300.

WARNING: Nan, Inf or huge value in QACC at DOF 12. The simulation is unstable. Time = 0.0320.

---------------------------------------
| rollout/                |           |
|    ep_len_mean          | 30.7      |
|    ep_rew_mean          | -1.99     |
|    success_rate         | 0         |
| time/                   |           |
|    fps                  | 1703      |
|    iterations           | 172       |
|    time_elapsed         | 103       |
|    total_timesteps      | 427008    |
| train/                  |           |
|    approx_kl            | 0.0433511 |
|    clip_fraction        | 0.336     |
|    clip_range           | 0.2       |
|    entropy_loss         | -13.1     |
|    explained_variance   | 0.56      |
|    learning_rate        | 0.0003    |
|    loss                 | 17.1      |
|    n_updates            | 4160      |
|    policy_gradient_loss | -0.0363   |
|    std                  | 1.11      |
|    value_loss           | 52.3      |
---------------------------------------
WARNING: Nan, Inf or huge value in QACC at DOF 12. The simulation is unstable. Time = 0.0320.

-----------------------------------------
| rollout/                |             |
|    ep_len_mean          | 35.1        |
|    ep_rew_mean          | -0.446      |
|    success_rate         | 0           |
| time/                   |             |
|    fps                  | 1704        |
|    iterations           | 173         |
|    time_elapsed         | 103         |
|    total_timesteps      | 428032      |
| train/                  |             |
|    approx_kl            | 0.019318646 |
|    clip_fraction        | 0.232       |
|    clip_range           | 0.2         |
|    entropy_loss         | -13.1       |
|    explained_variance   | 0.585       |
|    learning_rate        | 0.0003      |
|    loss                 | 89.1        |
|    n_updates            | 4170        |
|    policy_gradient_loss | -0.0327     |
|    std                  | 1.11        |
|    value_loss           | 191         |
-----------------------------------------
----------------------------------------
| rollout/                |            |
|    ep_len_mean          | 30.1       |
|    ep_rew_mean          | -2.7       |
|    success_rate         | 0          |
| time/                   |            |
|    fps                  | 1705       |
|    iterations           | 174        |
|    time_elapsed         | 104        |
|    total_timesteps      | 429056     |
| train/                  |            |
|    approx_kl            | 0.06143057 |
|    clip_fraction        | 0.369      |
|    clip_range           | 0.2        |
|    entropy_loss         | -13.1      |
|    explained_variance   | 0.612      |
|    learning_rate        | 0.0003     |
|    loss                 | 17.2       |
|    n_updates            | 4180       |
|    policy_gradient_loss | -0.0429    |
|    std                  | 1.11       |
|    value_loss           | 40.3       |
----------------------------------------
WARNING: Nan, Inf or huge value in QACC at DOF 12. The simulation is unstable. Time = 0.0340.

----------------------------------------
| rollout/                |            |
|    ep_len_mean          | 29.9       |
|    ep_rew_mean          | 3.11       |
|    success_rate         | 0          |
| time/                   |            |
|    fps                  | 1706       |
|    iterations           | 175        |
|    time_elapsed         | 105        |
|    total_timesteps      | 430080     |
| train/                  |            |
|    approx_kl            | 0.04013655 |
|    clip_fraction        | 0.342      |
|    clip_range           | 0.2        |
|    entropy_loss         | -13.1      |
|    explained_variance   | 0.487      |
|    learning_rate        | 0.0003     |
|    loss                 | 31.5       |
|    n_updates            | 4190       |
|    policy_gradient_loss | -0.0392    |
|    std                  | 1.11       |
|    value_loss           | 76.4       |
----------------------------------------
WARNING: Nan, Inf or huge value in QACC at DOF 12. The simulation is unstable. Time = 0.0340.

WARNING: Nan, Inf or huge value in QACC at DOF 12. The simulation is unstable. Time = 0.0300.

----------------------------------------
| rollout/                |            |
|    ep_len_mean          | 30.2       |
|    ep_rew_mean          | 3.56       |
|    success_rate         | 0          |
| time/                   |            |
|    fps                  | 1707       |
|    iterations           | 176        |
|    time_elapsed         | 105        |
|    total_timesteps      | 431104     |
| train/                  |            |
|    approx_kl            | 0.04341512 |
|    clip_fraction        | 0.385      |
|    clip_range           | 0.2        |
|    entropy_loss         | -13.1      |
|    explained_variance   | 0.587      |
|    learning_rate        | 0.0003     |
|    loss                 | 15.4       |
|    n_updates            | 4200       |
|    policy_gradient_loss | -0.0399    |
|    std                  | 1.12       |
|    value_loss           | 37.4       |
----------------------------------------
-----------------------------------------
| rollout/                |             |
|    ep_len_mean          | 33.9        |
|    ep_rew_mean          | 4.15        |
|    success_rate         | 0           |
| time/                   |             |
|    fps                  | 1708        |
|    iterations           | 177         |
|    time_elapsed         | 106         |
|    total_timesteps      | 432128      |
| train/                  |             |
|    approx_kl            | 0.041589737 |
|    clip_fraction        | 0.328       |
|    clip_range           | 0.2         |
|    entropy_loss         | -13.1       |
|    explained_variance   | 0.655       |
|    learning_rate        | 0.0003      |
|    loss                 | 19.4        |
|    n_updates            | 4210        |
|    policy_gradient_loss | -0.0434     |
|    std                  | 1.11        |
|    value_loss           | 47.3        |
-----------------------------------------
WARNING: Nan, Inf or huge value in QACC at DOF 12. The simulation is unstable. Time = 0.0320.

-----------------------------------------
| rollout/                |             |
|    ep_len_mean          | 40.8        |
|    ep_rew_mean          | 6.45        |
|    success_rate         | 0           |
| time/                   |             |
|    fps                  | 1709        |
|    iterations           | 178         |
|    time_elapsed         | 106         |
|    total_timesteps      | 433152      |
| train/                  |             |
|    approx_kl            | 0.053197995 |
|    clip_fraction        | 0.405       |
|    clip_range           | 0.2         |
|    entropy_loss         | -13.1       |
|    explained_variance   | 0.577       |
|    learning_rate        | 0.0003      |
|    loss                 | 11.4        |
|    n_updates            | 4220        |
|    policy_gradient_loss | -0.0445     |
|    std                  | 1.12        |
|    value_loss           | 28.2        |
-----------------------------------------
WARNING: Nan, Inf or huge value in QACC at DOF 12. The simulation is unstable. Time = 0.0320.

WARNING: Nan, Inf or huge value in QACC at DOF 12. The simulation is unstable. Time = 0.0300.

-----------------------------------------
| rollout/                |             |
|    ep_len_mean          | 43.1        |
|    ep_rew_mean          | 2.88        |
|    success_rate         | 0           |
| time/                   |             |
|    fps                  | 1710        |
|    iterations           | 179         |
|    time_elapsed         | 107         |
|    total_timesteps      | 434176      |
| train/                  |             |
|    approx_kl            | 0.062084436 |
|    clip_fraction        | 0.417       |
|    clip_range           | 0.2         |
|    entropy_loss         | -13.1       |
|    explained_variance   | 0.597       |
|    learning_rate        | 0.0003      |
|    loss                 | 20.2        |
|    n_updates            | 4230        |
|    policy_gradient_loss | -0.0353     |
|    std                  | 1.12        |
|    value_loss           | 36.1        |
-----------------------------------------
-----------------------------------------
| rollout/                |             |
|    ep_len_mean          | 42.5        |
|    ep_rew_mean          | 3.67        |
|    success_rate         | 0           |
| time/                   |             |
|    fps                  | 1712        |
|    iterations           | 180         |
|    time_elapsed         | 107         |
|    total_timesteps      | 435200      |
| train/                  |             |
|    approx_kl            | 0.030424489 |
|    clip_fraction        | 0.386       |
|    clip_range           | 0.2         |
|    entropy_loss         | -13.1       |
|    explained_variance   | 0.576       |
|    learning_rate        | 0.0003      |
|    loss                 | 64.6        |
|    n_updates            | 4240        |
|    policy_gradient_loss | -0.0193     |
|    std                  | 1.12        |
|    value_loss           | 98.8        |
-----------------------------------------
WARNING: Nan, Inf or huge value in QACC at DOF 12. The simulation is unstable. Time = 0.0320.

----------------------------------------
| rollout/                |            |
|    ep_len_mean          | 45.3       |
|    ep_rew_mean          | -20.1      |
|    success_rate         | 0          |
| time/                   |            |
|    fps                  | 1713       |
|    iterations           | 181        |
|    time_elapsed         | 108        |
|    total_timesteps      | 436224     |
| train/                  |            |
|    approx_kl            | 0.03744236 |
|    clip_fraction        | 0.348      |
|    clip_range           | 0.2        |
|    entropy_loss         | -13.1      |
|    explained_variance   | 0.457      |
|    learning_rate        | 0.0003     |
|    loss                 | 43.5       |
|    n_updates            | 4250       |
|    policy_gradient_loss | -0.0503    |
|    std                  | 1.12       |
|    value_loss           | 63.3       |
----------------------------------------
-----------------------------------------
| rollout/                |             |
|    ep_len_mean          | 44.6        |
|    ep_rew_mean          | -20.9       |
|    success_rate         | 0           |
| time/                   |             |
|    fps                  | 1714        |
|    iterations           | 182         |
|    time_elapsed         | 108         |
|    total_timesteps      | 437248      |
| train/                  |             |
|    approx_kl            | 0.014287232 |
|    clip_fraction        | 0.414       |
|    clip_range           | 0.2         |
|    entropy_loss         | -13.1       |
|    explained_variance   | 0.289       |
|    learning_rate        | 0.0003      |
|    loss                 | 3.79e+03    |
|    n_updates            | 4260        |
|    policy_gradient_loss | 0.0216      |
|    std                  | 1.12        |
|    value_loss           | 8.84e+03    |
-----------------------------------------
WARNING: Nan, Inf or huge value in QACC at DOF 12. The simulation is unstable. Time = 0.0340.

----------------------------------------
| rollout/                |            |
|    ep_len_mean          | 44.1       |
|    ep_rew_mean          | -20.4      |
|    success_rate         | 0          |
| time/                   |            |
|    fps                  | 1715       |
|    iterations           | 183        |
|    time_elapsed         | 109        |
|    total_timesteps      | 438272     |
| train/                  |            |
|    approx_kl            | 0.04997027 |
|    clip_fraction        | 0.325      |
|    clip_range           | 0.2        |
|    entropy_loss         | -13.1      |
|    explained_variance   | 0.602      |
|    learning_rate        | 0.0003     |
|    loss                 | 12.6       |
|    n_updates            | 4270       |
|    policy_gradient_loss | -0.0509    |
|    std                  | 1.12       |
|    value_loss           | 43.6       |
----------------------------------------
WARNING: Nan, Inf or huge value in QACC at DOF 12. The simulation is unstable. Time = 0.0320.

-----------------------------------------
| rollout/                |             |
|    ep_len_mean          | 45.3        |
|    ep_rew_mean          | -20         |
|    success_rate         | 0           |
| time/                   |             |
|    fps                  | 1716        |
|    iterations           | 184         |
|    time_elapsed         | 109         |
|    total_timesteps      | 439296      |
| train/                  |             |
|    approx_kl            | 0.025925968 |
|    clip_fraction        | 0.3         |
|    clip_range           | 0.2         |
|    entropy_loss         | -13.1       |
|    explained_variance   | 0.575       |
|    learning_rate        | 0.0003      |
|    loss                 | 32          |
|    n_updates            | 4280        |
|    policy_gradient_loss | -0.0348     |
|    std                  | 1.12        |
|    value_loss           | 124         |
-----------------------------------------
-----------------------------------------
| rollout/                |             |
|    ep_len_mean          | 46.6        |
|    ep_rew_mean          | 6.78        |
|    success_rate         | 0           |
| time/                   |             |
|    fps                  | 1717        |
|    iterations           | 185         |
|    time_elapsed         | 110         |
|    total_timesteps      | 440320      |
| train/                  |             |
|    approx_kl            | 0.027821533 |
|    clip_fraction        | 0.258       |
|    clip_range           | 0.2         |
|    entropy_loss         | -13.1       |
|    explained_variance   | 0.536       |
|    learning_rate        | 0.0003      |
|    loss                 | 35.2        |
|    n_updates            | 4290        |
|    policy_gradient_loss | -0.0405     |
|    std                  | 1.12        |
|    value_loss           | 75.5        |
-----------------------------------------
WARNING: Nan, Inf or huge value in QACC at DOF 12. The simulation is unstable. Time = 0.0320.

WARNING: Nan, Inf or huge value in QACC at DOF 12. The simulation is unstable. Time = 0.0300.

-----------------------------------------
| rollout/                |             |
|    ep_len_mean          | 41.5        |
|    ep_rew_mean          | 1.2         |
|    success_rate         | 0           |
| time/                   |             |
|    fps                  | 1718        |
|    iterations           | 186         |
|    time_elapsed         | 110         |
|    total_timesteps      | 441344      |
| train/                  |             |
|    approx_kl            | 0.034590032 |
|    clip_fraction        | 0.284       |
|    clip_range           | 0.2         |
|    entropy_loss         | -13.1       |
|    explained_variance   | 0.469       |
|    learning_rate        | 0.0003      |
|    loss                 | 26.5        |
|    n_updates            | 4300        |
|    policy_gradient_loss | -0.0413     |
|    std                  | 1.11        |
|    value_loss           | 62.5        |
-----------------------------------------
-----------------------------------------
| rollout/                |             |
|    ep_len_mean          | 42.6        |
|    ep_rew_mean          | 1.43        |
|    success_rate         | 0           |
| time/                   |             |
|    fps                  | 1719        |
|    iterations           | 187         |
|    time_elapsed         | 111         |
|    total_timesteps      | 442368      |
| train/                  |             |
|    approx_kl            | 0.018863516 |
|    clip_fraction        | 0.232       |
|    clip_range           | 0.2         |
|    entropy_loss         | -13.1       |
|    explained_variance   | 0.677       |
|    learning_rate        | 0.0003      |
|    loss                 | 51.1        |
|    n_updates            | 4310        |
|    policy_gradient_loss | -0.0301     |
|    std                  | 1.12        |
|    value_loss           | 281         |
-----------------------------------------
----------------------------------------
| rollout/                |            |
|    ep_len_mean          | 42         |
|    ep_rew_mean          | 1.93       |
|    success_rate         | 0          |
| time/                   |            |
|    fps                  | 1720       |
|    iterations           | 188        |
|    time_elapsed         | 111        |
|    total_timesteps      | 443392     |
| train/                  |            |
|    approx_kl            | 0.02784285 |
|    clip_fraction        | 0.267      |
|    clip_range           | 0.2        |
|    entropy_loss         | -13.1      |
|    explained_variance   | 0.711      |
|    learning_rate        | 0.0003     |
|    loss                 | 24.3       |
|    n_updates            | 4320       |
|    policy_gradient_loss | -0.0405    |
|    std                  | 1.12       |
|    value_loss           | 67.1       |
----------------------------------------
-----------------------------------------
| rollout/                |             |
|    ep_len_mean          | 41.9        |
|    ep_rew_mean          | 1.25        |
|    success_rate         | 0           |
| time/                   |             |
|    fps                  | 1721        |
|    iterations           | 189         |
|    time_elapsed         | 112         |
|    total_timesteps      | 444416      |
| train/                  |             |
|    approx_kl            | 0.046702825 |
|    clip_fraction        | 0.329       |
|    clip_range           | 0.2         |
|    entropy_loss         | -13.1       |
|    explained_variance   | 0.753       |
|    learning_rate        | 0.0003      |
|    loss                 | 9.85        |
|    n_updates            | 4330        |
|    policy_gradient_loss | -0.0336     |
|    std                  | 1.12        |
|    value_loss           | 41.3        |
-----------------------------------------
----------------------------------------
| rollout/                |            |
|    ep_len_mean          | 45.2       |
|    ep_rew_mean          | 5.9        |
|    success_rate         | 0          |
| time/                   |            |
|    fps                  | 1722       |
|    iterations           | 190        |
|    time_elapsed         | 112        |
|    total_timesteps      | 445440     |
| train/                  |            |
|    approx_kl            | 0.03786359 |
|    clip_fraction        | 0.382      |
|    clip_range           | 0.2        |
|    entropy_loss         | -13.1      |
|    explained_variance   | 0.516      |
|    learning_rate        | 0.0003     |
|    loss                 | 24.3       |
|    n_updates            | 4340       |
|    policy_gradient_loss | -0.0441    |
|    std                  | 1.12       |
|    value_loss           | 58         |
----------------------------------------
----------------------------------------
| rollout/                |            |
|    ep_len_mean          | 50.3       |
|    ep_rew_mean          | 7.13       |
|    success_rate         | 0          |
| time/                   |            |
|    fps                  | 1722       |
|    iterations           | 191        |
|    time_elapsed         | 113        |
|    total_timesteps      | 446464     |
| train/                  |            |
|    approx_kl            | 0.06656418 |
|    clip_fraction        | 0.404      |
|    clip_range           | 0.2        |
|    entropy_loss         | -13.1      |
|    explained_variance   | 0.364      |
|    learning_rate        | 0.0003     |
|    loss                 | 9.03       |
|    n_updates            | 4350       |
|    policy_gradient_loss | -0.0359    |
|    std                  | 1.12       |
|    value_loss           | 24.3       |
----------------------------------------
WARNING: Nan, Inf or huge value in QACC at DOF 12. The simulation is unstable. Time = 0.0320.

----------------------------------------
| rollout/                |            |
|    ep_len_mean          | 49.8       |
|    ep_rew_mean          | 8.28       |
|    success_rate         | 0          |
| time/                   |            |
|    fps                  | 1723       |
|    iterations           | 192        |
|    time_elapsed         | 114        |
|    total_timesteps      | 447488     |
| train/                  |            |
|    approx_kl            | 0.03898588 |
|    clip_fraction        | 0.385      |
|    clip_range           | 0.2        |
|    entropy_loss         | -13.1      |
|    explained_variance   | 0.577      |
|    learning_rate        | 0.0003     |
|    loss                 | 16.1       |
|    n_updates            | 4360       |
|    policy_gradient_loss | -0.0421    |
|    std                  | 1.12       |
|    value_loss           | 40.2       |
----------------------------------------
WARNING: Nan, Inf or huge value in QACC at DOF 12. The simulation is unstable. Time = 0.0300.

-----------------------------------------
| rollout/                |             |
|    ep_len_mean          | 46.1        |
|    ep_rew_mean          | 6.94        |
|    success_rate         | 0           |
| time/                   |             |
|    fps                  | 1724        |
|    iterations           | 193         |
|    time_elapsed         | 114         |
|    total_timesteps      | 448512      |
| train/                  |             |
|    approx_kl            | 0.038394846 |
|    clip_fraction        | 0.372       |
|    clip_range           | 0.2         |
|    entropy_loss         | -13.1       |
|    explained_variance   | 0.4         |
|    learning_rate        | 0.0003      |
|    loss                 | 17.5        |
|    n_updates            | 4370        |
|    policy_gradient_loss | -0.0328     |
|    std                  | 1.12        |
|    value_loss           | 37.4        |
-----------------------------------------
-----------------------------------------
| rollout/                |             |
|    ep_len_mean          | 46.8        |
|    ep_rew_mean          | 8.36        |
|    success_rate         | 0           |
| time/                   |             |
|    fps                  | 1725        |
|    iterations           | 194         |
|    time_elapsed         | 115         |
|    total_timesteps      | 449536      |
| train/                  |             |
|    approx_kl            | 0.049887255 |
|    clip_fraction        | 0.375       |
|    clip_range           | 0.2         |
|    entropy_loss         | -13.1       |
|    explained_variance   | 0.462       |
|    learning_rate        | 0.0003      |
|    loss                 | 19.9        |
|    n_updates            | 4380        |
|    policy_gradient_loss | -0.0502     |
|    std                  | 1.12        |
|    value_loss           | 44.4        |
-----------------------------------------
-----------------------------------------
| rollout/                |             |
|    ep_len_mean          | 51          |
|    ep_rew_mean          | 10.9        |
|    success_rate         | 0           |
| time/                   |             |
|    fps                  | 1726        |
|    iterations           | 195         |
|    time_elapsed         | 115         |
|    total_timesteps      | 450560      |
| train/                  |             |
|    approx_kl            | 0.052632675 |
|    clip_fraction        | 0.409       |
|    clip_range           | 0.2         |
|    entropy_loss         | -13.1       |
|    explained_variance   | 0.535       |
|    learning_rate        | 0.0003      |
|    loss                 | 21.3        |
|    n_updates            | 4390        |
|    policy_gradient_loss | -0.0459     |
|    std                  | 1.12        |
|    value_loss           | 46.6        |
-----------------------------------------
WARNING: Nan, Inf or huge value in QACC at DOF 12. The simulation is unstable. Time = 0.0340.

WARNING: Nan, Inf or huge value in QACC at DOF 12. The simulation is unstable. Time = 0.0300.

----------------------------------------
| rollout/                |            |
|    ep_len_mean          | 54.5       |
|    ep_rew_mean          | 12.2       |
|    success_rate         | 0          |
| time/                   |            |
|    fps                  | 1727       |
|    iterations           | 196        |
|    time_elapsed         | 116        |
|    total_timesteps      | 451584     |
| train/                  |            |
|    approx_kl            | 0.06757154 |
|    clip_fraction        | 0.457      |
|    clip_range           | 0.2        |
|    entropy_loss         | -13.1      |
|    explained_variance   | 0.743      |
|    learning_rate        | 0.0003     |
|    loss                 | 15.2       |
|    n_updates            | 4400       |
|    policy_gradient_loss | -0.0372    |
|    std                  | 1.12       |
|    value_loss           | 39.2       |
----------------------------------------
-----------------------------------------
| rollout/                |             |
|    ep_len_mean          | 52.5        |
|    ep_rew_mean          | 11.3        |
|    success_rate         | 0           |
| time/                   |             |
|    fps                  | 1728        |
|    iterations           | 197         |
|    time_elapsed         | 116         |
|    total_timesteps      | 452608      |
| train/                  |             |
|    approx_kl            | 0.047413997 |
|    clip_fraction        | 0.409       |
|    clip_range           | 0.2         |
|    entropy_loss         | -13.1       |
|    explained_variance   | 0.671       |
|    learning_rate        | 0.0003      |
|    loss                 | 8.89        |
|    n_updates            | 4410        |
|    policy_gradient_loss | -0.0468     |
|    std                  | 1.12        |
|    value_loss           | 27.3        |
-----------------------------------------
----------------------------------------
| rollout/                |            |
|    ep_len_mean          | 56.9       |
|    ep_rew_mean          | 10.5       |
|    success_rate         | 0          |
| time/                   |            |
|    fps                  | 1729       |
|    iterations           | 198        |
|    time_elapsed         | 117        |
|    total_timesteps      | 453632     |
| train/                  |            |
|    approx_kl            | 0.03726841 |
|    clip_fraction        | 0.364      |
|    clip_range           | 0.2        |
|    entropy_loss         | -13.1      |
|    explained_variance   | 0.501      |
|    learning_rate        | 0.0003     |
|    loss                 | 27.5       |
|    n_updates            | 4420       |
|    policy_gradient_loss | -0.044     |
|    std                  | 1.12       |
|    value_loss           | 71.1       |
----------------------------------------
WARNING: Nan, Inf or huge value in QACC at DOF 12. The simulation is unstable. Time = 0.0300.

-----------------------------------------
| rollout/                |             |
|    ep_len_mean          | 58.5        |
|    ep_rew_mean          | 10.8        |
|    success_rate         | 0           |
| time/                   |             |
|    fps                  | 1730        |
|    iterations           | 199         |
|    time_elapsed         | 117         |
|    total_timesteps      | 454656      |
| train/                  |             |
|    approx_kl            | 0.036203228 |
|    clip_fraction        | 0.338       |
|    clip_range           | 0.2         |
|    entropy_loss         | -13.1       |
|    explained_variance   | 0.646       |
|    learning_rate        | 0.0003      |
|    loss                 | 16.5        |
|    n_updates            | 4430        |
|    policy_gradient_loss | -0.0466     |
|    std                  | 1.12        |
|    value_loss           | 54          |
-----------------------------------------
WARNING: Nan, Inf or huge value in QACC at DOF 12. The simulation is unstable. Time = 0.0300.

-----------------------------------------
| rollout/                |             |
|    ep_len_mean          | 61.3        |
|    ep_rew_mean          | 10.6        |
|    success_rate         | 0           |
| time/                   |             |
|    fps                  | 1731        |
|    iterations           | 200         |
|    time_elapsed         | 118         |
|    total_timesteps      | 455680      |
| train/                  |             |
|    approx_kl            | 0.051097468 |
|    clip_fraction        | 0.362       |
|    clip_range           | 0.2         |
|    entropy_loss         | -13.1       |
|    explained_variance   | 0.74        |
|    learning_rate        | 0.0003      |
|    loss                 | 17.1        |
|    n_updates            | 4440        |
|    policy_gradient_loss | -0.0444     |
|    std                  | 1.12        |
|    value_loss           | 42.7        |
-----------------------------------------
WARNING: Nan, Inf or huge value in QACC at DOF 12. The simulation is unstable. Time = 0.0300.

-----------------------------------------
| rollout/                |             |
|    ep_len_mean          | 54.8        |
|    ep_rew_mean          | 7.53        |
|    success_rate         | 0           |
| time/                   |             |
|    fps                  | 1732        |
|    iterations           | 201         |
|    time_elapsed         | 118         |
|    total_timesteps      | 456704      |
| train/                  |             |
|    approx_kl            | 0.055535275 |
|    clip_fraction        | 0.429       |
|    clip_range           | 0.2         |
|    entropy_loss         | -13.2       |
|    explained_variance   | 0.737       |
|    learning_rate        | 0.0003      |
|    loss                 | 9.79        |
|    n_updates            | 4450        |
|    policy_gradient_loss | -0.0472     |
|    std                  | 1.13        |
|    value_loss           | 26.9        |
-----------------------------------------
----------------------------------------
| rollout/                |            |
|    ep_len_mean          | 61.1       |
|    ep_rew_mean          | 9.85       |
|    success_rate         | 0          |
| time/                   |            |
|    fps                  | 1732       |
|    iterations           | 202        |
|    time_elapsed         | 119        |
|    total_timesteps      | 457728     |
| train/                  |            |
|    approx_kl            | 0.07047717 |
|    clip_fraction        | 0.416      |
|    clip_range           | 0.2        |
|    entropy_loss         | -13.2      |
|    explained_variance   | 0.556      |
|    learning_rate        | 0.0003     |
|    loss                 | 20.5       |
|    n_updates            | 4460       |
|    policy_gradient_loss | -0.0371    |
|    std                  | 1.12       |
|    value_loss           | 44.1       |
----------------------------------------
----------------------------------------
| rollout/                |            |
|    ep_len_mean          | 62.4       |
|    ep_rew_mean          | 11.5       |
|    success_rate         | 0          |
| time/                   |            |
|    fps                  | 1733       |
|    iterations           | 203        |
|    time_elapsed         | 119        |
|    total_timesteps      | 458752     |
| train/                  |            |
|    approx_kl            | 0.07228717 |
|    clip_fraction        | 0.445      |
|    clip_range           | 0.2        |
|    entropy_loss         | -13.1      |
|    explained_variance   | 0.758      |
|    learning_rate        | 0.0003     |
|    loss                 | 10.1       |
|    n_updates            | 4470       |
|    policy_gradient_loss | -0.0442    |
|    std                  | 1.12       |
|    value_loss           | 20.6       |
----------------------------------------
-----------------------------------------
| rollout/                |             |
|    ep_len_mean          | 61.1        |
|    ep_rew_mean          | 12.9        |
|    success_rate         | 0           |
| time/                   |             |
|    fps                  | 1734        |
|    iterations           | 204         |
|    time_elapsed         | 120         |
|    total_timesteps      | 459776      |
| train/                  |             |
|    approx_kl            | 0.037015125 |
|    clip_fraction        | 0.328       |
|    clip_range           | 0.2         |
|    entropy_loss         | -13.1       |
|    explained_variance   | 0.739       |
|    learning_rate        | 0.0003      |
|    loss                 | 13.8        |
|    n_updates            | 4480        |
|    policy_gradient_loss | -0.0416     |
|    std                  | 1.12        |
|    value_loss           | 56.1        |
-----------------------------------------
WARNING: Nan, Inf or huge value in QACC at DOF 12. The simulation is unstable. Time = 0.0320.

-----------------------------------------
| rollout/                |             |
|    ep_len_mean          | 66          |
|    ep_rew_mean          | 13.3        |
|    success_rate         | 0           |
| time/                   |             |
|    fps                  | 1735        |
|    iterations           | 205         |
|    time_elapsed         | 120         |
|    total_timesteps      | 460800      |
| train/                  |             |
|    approx_kl            | 0.039903585 |
|    clip_fraction        | 0.304       |
|    clip_range           | 0.2         |
|    entropy_loss         | -13.1       |
|    explained_variance   | 0.543       |
|    learning_rate        | 0.0003      |
|    loss                 | 22.4        |
|    n_updates            | 4490        |
|    policy_gradient_loss | -0.0429     |
|    std                  | 1.12        |
|    value_loss           | 66.4        |
-----------------------------------------
---------------------------------------
| rollout/                |           |
|    ep_len_mean          | 71.9      |
|    ep_rew_mean          | 16.4      |
|    success_rate         | 0         |
| time/                   |           |
|    fps                  | 1736      |
|    iterations           | 206       |
|    time_elapsed         | 121       |
|    total_timesteps      | 461824    |
| train/                  |           |
|    approx_kl            | 0.0501343 |
|    clip_fraction        | 0.387     |
|    clip_range           | 0.2       |
|    entropy_loss         | -13.1     |
|    explained_variance   | 0.666     |
|    learning_rate        | 0.0003    |
|    loss                 | 11.6      |
|    n_updates            | 4500      |
|    policy_gradient_loss | -0.0512   |
|    std                  | 1.12      |
|    value_loss           | 31.9      |
---------------------------------------
----------------------------------------
| rollout/                |            |
|    ep_len_mean          | 64.8       |
|    ep_rew_mean          | 14.5       |
|    success_rate         | 0          |
| time/                   |            |
|    fps                  | 1737       |
|    iterations           | 207        |
|    time_elapsed         | 122        |
|    total_timesteps      | 462848     |
| train/                  |            |
|    approx_kl            | 0.05451098 |
|    clip_fraction        | 0.409      |
|    clip_range           | 0.2        |
|    entropy_loss         | -13.1      |
|    explained_variance   | 0.791      |
|    learning_rate        | 0.0003     |
|    loss                 | 5.21       |
|    n_updates            | 4510       |
|    policy_gradient_loss | -0.0495    |
|    std                  | 1.12       |
|    value_loss           | 20.9       |
----------------------------------------
-----------------------------------------
| rollout/                |             |
|    ep_len_mean          | 61.1        |
|    ep_rew_mean          | 12.6        |
|    success_rate         | 0           |
| time/                   |             |
|    fps                  | 1738        |
|    iterations           | 208         |
|    time_elapsed         | 122         |
|    total_timesteps      | 463872      |
| train/                  |             |
|    approx_kl            | 0.035803378 |
|    clip_fraction        | 0.312       |
|    clip_range           | 0.2         |
|    entropy_loss         | -13.1       |
|    explained_variance   | 0.369       |
|    learning_rate        | 0.0003      |
|    loss                 | 22          |
|    n_updates            | 4520        |
|    policy_gradient_loss | -0.0468     |
|    std                  | 1.12        |
|    value_loss           | 41.3        |
-----------------------------------------
WARNING: Nan, Inf or huge value in QACC at DOF 12. The simulation is unstable. Time = 0.0280.

WARNING: Nan, Inf or huge value in QACC at DOF 12. The simulation is unstable. Time = 0.0340.

-----------------------------------------
| rollout/                |             |
|    ep_len_mean          | 61.6        |
|    ep_rew_mean          | 10.5        |
|    success_rate         | 0           |
| time/                   |             |
|    fps                  | 1738        |
|    iterations           | 209         |
|    time_elapsed         | 123         |
|    total_timesteps      | 464896      |
| train/                  |             |
|    approx_kl            | 0.036673605 |
|    clip_fraction        | 0.347       |
|    clip_range           | 0.2         |
|    entropy_loss         | -13.1       |
|    explained_variance   | 0.562       |
|    learning_rate        | 0.0003      |
|    loss                 | 16.2        |
|    n_updates            | 4530        |
|    policy_gradient_loss | -0.0466     |
|    std                  | 1.12        |
|    value_loss           | 37.2        |
-----------------------------------------
-----------------------------------------
| rollout/                |             |
|    ep_len_mean          | 65.8        |
|    ep_rew_mean          | 10.8        |
|    success_rate         | 0           |
| time/                   |             |
|    fps                  | 1739        |
|    iterations           | 210         |
|    time_elapsed         | 123         |
|    total_timesteps      | 465920      |
| train/                  |             |
|    approx_kl            | 0.047223672 |
|    clip_fraction        | 0.376       |
|    clip_range           | 0.2         |
|    entropy_loss         | -13.1       |
|    explained_variance   | 0.708       |
|    learning_rate        | 0.0003      |
|    loss                 | 20.7        |
|    n_updates            | 4540        |
|    policy_gradient_loss | -0.0432     |
|    std                  | 1.12        |
|    value_loss           | 39.2        |
-----------------------------------------
----------------------------------------
| rollout/                |            |
|    ep_len_mean          | 67.8       |
|    ep_rew_mean          | 11.4       |
|    success_rate         | 0          |
| time/                   |            |
|    fps                  | 1740       |
|    iterations           | 211        |
|    time_elapsed         | 124        |
|    total_timesteps      | 466944     |
| train/                  |            |
|    approx_kl            | 0.04219325 |
|    clip_fraction        | 0.374      |
|    clip_range           | 0.2        |
|    entropy_loss         | -13.1      |
|    explained_variance   | 0.646      |
|    learning_rate        | 0.0003     |
|    loss                 | 15.2       |
|    n_updates            | 4550       |
|    policy_gradient_loss | -0.0456    |
|    std                  | 1.12       |
|    value_loss           | 37.1       |
----------------------------------------
-----------------------------------------
| rollout/                |             |
|    ep_len_mean          | 59          |
|    ep_rew_mean          | 7.55        |
|    success_rate         | 0           |
| time/                   |             |
|    fps                  | 1741        |
|    iterations           | 212         |
|    time_elapsed         | 124         |
|    total_timesteps      | 467968      |
| train/                  |             |
|    approx_kl            | 0.055591285 |
|    clip_fraction        | 0.406       |
|    clip_range           | 0.2         |
|    entropy_loss         | -13.1       |
|    explained_variance   | 0.788       |
|    learning_rate        | 0.0003      |
|    loss                 | 12          |
|    n_updates            | 4560        |
|    policy_gradient_loss | -0.0522     |
|    std                  | 1.12        |
|    value_loss           | 31.4        |
-----------------------------------------
WARNING: Nan, Inf or huge value in QACC at DOF 12. The simulation is unstable. Time = 0.0340.

-----------------------------------------
| rollout/                |             |
|    ep_len_mean          | 63.2        |
|    ep_rew_mean          | 8.68        |
|    success_rate         | 0           |
| time/                   |             |
|    fps                  | 1742        |
|    iterations           | 213         |
|    time_elapsed         | 125         |
|    total_timesteps      | 468992      |
| train/                  |             |
|    approx_kl            | 0.044160977 |
|    clip_fraction        | 0.395       |
|    clip_range           | 0.2         |
|    entropy_loss         | -13.1       |
|    explained_variance   | 0.609       |
|    learning_rate        | 0.0003      |
|    loss                 | 14.5        |
|    n_updates            | 4570        |
|    policy_gradient_loss | -0.0462     |
|    std                  | 1.12        |
|    value_loss           | 31.3        |
-----------------------------------------
WARNING: Nan, Inf or huge value in QACC at DOF 12. The simulation is unstable. Time = 0.0300.

-----------------------------------------
| rollout/                |             |
|    ep_len_mean          | 64.9        |
|    ep_rew_mean          | 9.55        |
|    success_rate         | 0           |
| time/                   |             |
|    fps                  | 1743        |
|    iterations           | 214         |
|    time_elapsed         | 125         |
|    total_timesteps      | 470016      |
| train/                  |             |
|    approx_kl            | 0.098662876 |
|    clip_fraction        | 0.473       |
|    clip_range           | 0.2         |
|    entropy_loss         | -13.1       |
|    explained_variance   | 0.825       |
|    learning_rate        | 0.0003      |
|    loss                 | 9.08        |
|    n_updates            | 4580        |
|    policy_gradient_loss | -0.0289     |
|    std                  | 1.12        |
|    value_loss           | 17.4        |
-----------------------------------------
-----------------------------------------
| rollout/                |             |
|    ep_len_mean          | 67.5        |
|    ep_rew_mean          | 9.47        |
|    success_rate         | 0           |
| time/                   |             |
|    fps                  | 1743        |
|    iterations           | 215         |
|    time_elapsed         | 126         |
|    total_timesteps      | 471040      |
| train/                  |             |
|    approx_kl            | 0.053532675 |
|    clip_fraction        | 0.389       |
|    clip_range           | 0.2         |
|    entropy_loss         | -13.1       |
|    explained_variance   | 0.629       |
|    learning_rate        | 0.0003      |
|    loss                 | 8.66        |
|    n_updates            | 4590        |
|    policy_gradient_loss | -0.041      |
|    std                  | 1.12        |
|    value_loss           | 32.7        |
-----------------------------------------
----------------------------------------
| rollout/                |            |
|    ep_len_mean          | 71.2       |
|    ep_rew_mean          | 11.7       |
|    success_rate         | 0          |
| time/                   |            |
|    fps                  | 1744       |
|    iterations           | 216        |
|    time_elapsed         | 126        |
|    total_timesteps      | 472064     |
| train/                  |            |
|    approx_kl            | 0.08196077 |
|    clip_fraction        | 0.403      |
|    clip_range           | 0.2        |
|    entropy_loss         | -13.1      |
|    explained_variance   | 0.342      |
|    learning_rate        | 0.0003     |
|    loss                 | 5.25       |
|    n_updates            | 4600       |
|    policy_gradient_loss | -0.0378    |
|    std                  | 1.13       |
|    value_loss           | 20.4       |
----------------------------------------
-----------------------------------------
| rollout/                |             |
|    ep_len_mean          | 70.2        |
|    ep_rew_mean          | 12.4        |
|    success_rate         | 0           |
| time/                   |             |
|    fps                  | 1745        |
|    iterations           | 217         |
|    time_elapsed         | 127         |
|    total_timesteps      | 473088      |
| train/                  |             |
|    approx_kl            | 0.039797127 |
|    clip_fraction        | 0.379       |
|    clip_range           | 0.2         |
|    entropy_loss         | -13.1       |
|    explained_variance   | 0.331       |
|    learning_rate        | 0.0003      |
|    loss                 | 8.51        |
|    n_updates            | 4610        |
|    policy_gradient_loss | -0.0274     |
|    std                  | 1.13        |
|    value_loss           | 43.9        |
-----------------------------------------
WARNING: Nan, Inf or huge value in QACC at DOF 12. The simulation is unstable. Time = 0.0320.

----------------------------------------
| rollout/                |            |
|    ep_len_mean          | 74.1       |
|    ep_rew_mean          | 11.3       |
|    success_rate         | 0          |
| time/                   |            |
|    fps                  | 1746       |
|    iterations           | 218        |
|    time_elapsed         | 127        |
|    total_timesteps      | 474112     |
| train/                  |            |
|    approx_kl            | 0.04470426 |
|    clip_fraction        | 0.411      |
|    clip_range           | 0.2        |
|    entropy_loss         | -13.2      |
|    explained_variance   | 0.546      |
|    learning_rate        | 0.0003     |
|    loss                 | 10.3       |
|    n_updates            | 4620       |
|    policy_gradient_loss | -0.0414    |
|    std                  | 1.13       |
|    value_loss           | 25.9       |
----------------------------------------
-----------------------------------------
| rollout/                |             |
|    ep_len_mean          | 68.4        |
|    ep_rew_mean          | 10.2        |
|    success_rate         | 0           |
| time/                   |             |
|    fps                  | 1746        |
|    iterations           | 219         |
|    time_elapsed         | 128         |
|    total_timesteps      | 475136      |
| train/                  |             |
|    approx_kl            | 0.069800094 |
|    clip_fraction        | 0.47        |
|    clip_range           | 0.2         |
|    entropy_loss         | -13.2       |
|    explained_variance   | 0.637       |
|    learning_rate        | 0.0003      |
|    loss                 | 8.35        |
|    n_updates            | 4630        |
|    policy_gradient_loss | -0.0486     |
|    std                  | 1.13        |
|    value_loss           | 18.5        |
-----------------------------------------
----------------------------------------
| rollout/                |            |
|    ep_len_mean          | 72.3       |
|    ep_rew_mean          | 12.4       |
|    success_rate         | 0          |
| time/                   |            |
|    fps                  | 1747       |
|    iterations           | 220        |
|    time_elapsed         | 128        |
|    total_timesteps      | 476160     |
| train/                  |            |
|    approx_kl            | 0.05003316 |
|    clip_fraction        | 0.441      |
|    clip_range           | 0.2        |
|    entropy_loss         | -13.2      |
|    explained_variance   | 0.402      |
|    learning_rate        | 0.0003     |
|    loss                 | 14.7       |
|    n_updates            | 4640       |
|    policy_gradient_loss | -0.0363    |
|    std                  | 1.13       |
|    value_loss           | 38.7       |
----------------------------------------
WARNING: Nan, Inf or huge value in QACC at DOF 12. The simulation is unstable. Time = 0.0320.

-----------------------------------------
| rollout/                |             |
|    ep_len_mean          | 72.8        |
|    ep_rew_mean          | 12.8        |
|    success_rate         | 0           |
| time/                   |             |
|    fps                  | 1748        |
|    iterations           | 221         |
|    time_elapsed         | 129         |
|    total_timesteps      | 477184      |
| train/                  |             |
|    approx_kl            | 0.053678982 |
|    clip_fraction        | 0.38        |
|    clip_range           | 0.2         |
|    entropy_loss         | -13.2       |
|    explained_variance   | 0.617       |
|    learning_rate        | 0.0003      |
|    loss                 | 10.6        |
|    n_updates            | 4650        |
|    policy_gradient_loss | -0.0427     |
|    std                  | 1.13        |
|    value_loss           | 31.9        |
-----------------------------------------
-----------------------------------------
| rollout/                |             |
|    ep_len_mean          | 69          |
|    ep_rew_mean          | 11.4        |
|    success_rate         | 0           |
| time/                   |             |
|    fps                  | 1748        |
|    iterations           | 222         |
|    time_elapsed         | 129         |
|    total_timesteps      | 478208      |
| train/                  |             |
|    approx_kl            | 0.034902904 |
|    clip_fraction        | 0.379       |
|    clip_range           | 0.2         |
|    entropy_loss         | -13.2       |
|    explained_variance   | 0.669       |
|    learning_rate        | 0.0003      |
|    loss                 | 8.23        |
|    n_updates            | 4660        |
|    policy_gradient_loss | -0.0451     |
|    std                  | 1.13        |
|    value_loss           | 33.2        |
-----------------------------------------
----------------------------------------
| rollout/                |            |
|    ep_len_mean          | 63.9       |
|    ep_rew_mean          | 10.7       |
|    success_rate         | 0          |
| time/                   |            |
|    fps                  | 1749       |
|    iterations           | 223        |
|    time_elapsed         | 130        |
|    total_timesteps      | 479232     |
| train/                  |            |
|    approx_kl            | 0.04158674 |
|    clip_fraction        | 0.417      |
|    clip_range           | 0.2        |
|    entropy_loss         | -13.1      |
|    explained_variance   | 0.518      |
|    learning_rate        | 0.0003     |
|    loss                 | 15.5       |
|    n_updates            | 4670       |
|    policy_gradient_loss | -0.0441    |
|    std                  | 1.13       |
|    value_loss           | 38         |
----------------------------------------
----------------------------------------
| rollout/                |            |
|    ep_len_mean          | 56.2       |
|    ep_rew_mean          | 11.6       |
|    success_rate         | 0          |
| time/                   |            |
|    fps                  | 1750       |
|    iterations           | 224        |
|    time_elapsed         | 131        |
|    total_timesteps      | 480256     |
| train/                  |            |
|    approx_kl            | 0.03267678 |
|    clip_fraction        | 0.323      |
|    clip_range           | 0.2        |
|    entropy_loss         | -13.1      |
|    explained_variance   | 0.336      |
|    learning_rate        | 0.0003     |
|    loss                 | 28         |
|    n_updates            | 4680       |
|    policy_gradient_loss | -0.0429    |
|    std                  | 1.12       |
|    value_loss           | 70         |
----------------------------------------
----------------------------------------
| rollout/                |            |
|    ep_len_mean          | 58.6       |
|    ep_rew_mean          | 13.1       |
|    success_rate         | 0          |
| time/                   |            |
|    fps                  | 1750       |
|    iterations           | 225        |
|    time_elapsed         | 131        |
|    total_timesteps      | 481280     |
| train/                  |            |
|    approx_kl            | 0.03669845 |
|    clip_fraction        | 0.302      |
|    clip_range           | 0.2        |
|    entropy_loss         | -13.1      |
|    explained_variance   | 0.505      |
|    learning_rate        | 0.0003     |
|    loss                 | 21.6       |
|    n_updates            | 4690       |
|    policy_gradient_loss | -0.0502    |
|    std                  | 1.12       |
|    value_loss           | 58.4       |
----------------------------------------
WARNING: Nan, Inf or huge value in QACC at DOF 12. The simulation is unstable. Time = 0.0320.

----------------------------------------
| rollout/                |            |
|    ep_len_mean          | 57.3       |
|    ep_rew_mean          | 11.5       |
|    success_rate         | 0          |
| time/                   |            |
|    fps                  | 1751       |
|    iterations           | 226        |
|    time_elapsed         | 132        |
|    total_timesteps      | 482304     |
| train/                  |            |
|    approx_kl            | 0.04316207 |
|    clip_fraction        | 0.337      |
|    clip_range           | 0.2        |
|    entropy_loss         | -13.1      |
|    explained_variance   | 0.21       |
|    learning_rate        | 0.0003     |
|    loss                 | 15.4       |
|    n_updates            | 4700       |
|    policy_gradient_loss | -0.0431    |
|    std                  | 1.13       |
|    value_loss           | 48.2       |
----------------------------------------
----------------------------------------
| rollout/                |            |
|    ep_len_mean          | 54.6       |
|    ep_rew_mean          | 13.5       |
|    success_rate         | 0          |
| time/                   |            |
|    fps                  | 1752       |
|    iterations           | 227        |
|    time_elapsed         | 132        |
|    total_timesteps      | 483328     |
| train/                  |            |
|    approx_kl            | 0.08012586 |
|    clip_fraction        | 0.415      |
|    clip_range           | 0.2        |
|    entropy_loss         | -13.1      |
|    explained_variance   | 0.666      |
|    learning_rate        | 0.0003     |
|    loss                 | 10.7       |
|    n_updates            | 4710       |
|    policy_gradient_loss | -0.0393    |
|    std                  | 1.13       |
|    value_loss           | 25.6       |
----------------------------------------
WARNING: Nan, Inf or huge value in QACC at DOF 12. The simulation is unstable. Time = 0.0300.

----------------------------------------
| rollout/                |            |
|    ep_len_mean          | 59.5       |
|    ep_rew_mean          | 14.5       |
|    success_rate         | 0          |
| time/                   |            |
|    fps                  | 1752       |
|    iterations           | 228        |
|    time_elapsed         | 133        |
|    total_timesteps      | 484352     |
| train/                  |            |
|    approx_kl            | 0.04058213 |
|    clip_fraction        | 0.336      |
|    clip_range           | 0.2        |
|    entropy_loss         | -13.1      |
|    explained_variance   | 0.629      |
|    learning_rate        | 0.0003     |
|    loss                 | 18.4       |
|    n_updates            | 4720       |
|    policy_gradient_loss | -0.0414    |
|    std                  | 1.13       |
|    value_loss           | 65.2       |
----------------------------------------
-----------------------------------------
| rollout/                |             |
|    ep_len_mean          | 56.7        |
|    ep_rew_mean          | 13.5        |
|    success_rate         | 0           |
| time/                   |             |
|    fps                  | 1753        |
|    iterations           | 229         |
|    time_elapsed         | 133         |
|    total_timesteps      | 485376      |
| train/                  |             |
|    approx_kl            | 0.030366685 |
|    clip_fraction        | 0.316       |
|    clip_range           | 0.2         |
|    entropy_loss         | -13.1       |
|    explained_variance   | 0.609       |
|    learning_rate        | 0.0003      |
|    loss                 | 14.3        |
|    n_updates            | 4730        |
|    policy_gradient_loss | -0.046      |
|    std                  | 1.13        |
|    value_loss           | 44.4        |
-----------------------------------------
-----------------------------------------
| rollout/                |             |
|    ep_len_mean          | 61.7        |
|    ep_rew_mean          | 16          |
|    success_rate         | 0           |
| time/                   |             |
|    fps                  | 1753        |
|    iterations           | 230         |
|    time_elapsed         | 134         |
|    total_timesteps      | 486400      |
| train/                  |             |
|    approx_kl            | 0.039155066 |
|    clip_fraction        | 0.327       |
|    clip_range           | 0.2         |
|    entropy_loss         | -13.1       |
|    explained_variance   | 0.107       |
|    learning_rate        | 0.0003      |
|    loss                 | 21.2        |
|    n_updates            | 4740        |
|    policy_gradient_loss | -0.0446     |
|    std                  | 1.13        |
|    value_loss           | 60.7        |
-----------------------------------------
WARNING: Nan, Inf or huge value in QACC at DOF 12. The simulation is unstable. Time = 0.0300.

----------------------------------------
| rollout/                |            |
|    ep_len_mean          | 59.6       |
|    ep_rew_mean          | 14.5       |
|    success_rate         | 0          |
| time/                   |            |
|    fps                  | 1753       |
|    iterations           | 231        |
|    time_elapsed         | 134        |
|    total_timesteps      | 487424     |
| train/                  |            |
|    approx_kl            | 0.05944784 |
|    clip_fraction        | 0.363      |
|    clip_range           | 0.2        |
|    entropy_loss         | -13.1      |
|    explained_variance   | 0.461      |
|    learning_rate        | 0.0003     |
|    loss                 | 8.26       |
|    n_updates            | 4750       |
|    policy_gradient_loss | -0.0508    |
|    std                  | 1.13       |
|    value_loss           | 34.1       |
----------------------------------------
WARNING: Nan, Inf or huge value in QACC at DOF 12. The simulation is unstable. Time = 0.0320.

-----------------------------------------
| rollout/                |             |
|    ep_len_mean          | 59.6        |
|    ep_rew_mean          | 13.6        |
|    success_rate         | 0           |
| time/                   |             |
|    fps                  | 1753        |
|    iterations           | 232         |
|    time_elapsed         | 135         |
|    total_timesteps      | 488448      |
| train/                  |             |
|    approx_kl            | 0.055884562 |
|    clip_fraction        | 0.396       |
|    clip_range           | 0.2         |
|    entropy_loss         | -13.1       |
|    explained_variance   | 0.675       |
|    learning_rate        | 0.0003      |
|    loss                 | 18.6        |
|    n_updates            | 4760        |
|    policy_gradient_loss | -0.0427     |
|    std                  | 1.13        |
|    value_loss           | 45.3        |
-----------------------------------------
-----------------------------------------
| rollout/                |             |
|    ep_len_mean          | 59.9        |
|    ep_rew_mean          | 13.4        |
|    success_rate         | 0           |
| time/                   |             |
|    fps                  | 1754        |
|    iterations           | 233         |
|    time_elapsed         | 135         |
|    total_timesteps      | 489472      |
| train/                  |             |
|    approx_kl            | 0.047428783 |
|    clip_fraction        | 0.399       |
|    clip_range           | 0.2         |
|    entropy_loss         | -13.2       |
|    explained_variance   | 0.47        |
|    learning_rate        | 0.0003      |
|    loss                 | 9.22        |
|    n_updates            | 4770        |
|    policy_gradient_loss | -0.0401     |
|    std                  | 1.13        |
|    value_loss           | 28          |
-----------------------------------------
WARNING: Nan, Inf or huge value in QACC at DOF 12. The simulation is unstable. Time = 0.0320.

-----------------------------------------
| rollout/                |             |
|    ep_len_mean          | 62.2        |
|    ep_rew_mean          | 13.6        |
|    success_rate         | 0           |
| time/                   |             |
|    fps                  | 1755        |
|    iterations           | 234         |
|    time_elapsed         | 136         |
|    total_timesteps      | 490496      |
| train/                  |             |
|    approx_kl            | 0.044770658 |
|    clip_fraction        | 0.368       |
|    clip_range           | 0.2         |
|    entropy_loss         | -13.2       |
|    explained_variance   | 0.285       |
|    learning_rate        | 0.0003      |
|    loss                 | 15          |
|    n_updates            | 4780        |
|    policy_gradient_loss | -0.0437     |
|    std                  | 1.13        |
|    value_loss           | 40.2        |
-----------------------------------------
WARNING: Nan, Inf or huge value in QACC at DOF 12. The simulation is unstable. Time = 0.0280.

WARNING: Nan, Inf or huge value in QACC at DOF 12. The simulation is unstable. Time = 0.0300.

---------------------------------------
| rollout/                |           |
|    ep_len_mean          | 61.2      |
|    ep_rew_mean          | 11.5      |
|    success_rate         | 0         |
| time/                   |           |
|    fps                  | 1755      |
|    iterations           | 235       |
|    time_elapsed         | 137       |
|    total_timesteps      | 491520    |
| train/                  |           |
|    approx_kl            | 0.0449578 |
|    clip_fraction        | 0.364     |
|    clip_range           | 0.2       |
|    entropy_loss         | -13.2     |
|    explained_variance   | 0.541     |
|    learning_rate        | 0.0003    |
|    loss                 | 18.3      |
|    n_updates            | 4790      |
|    policy_gradient_loss | -0.0353   |
|    std                  | 1.14      |
|    value_loss           | 97.7      |
---------------------------------------
WARNING: Nan, Inf or huge value in QACC at DOF 12. The simulation is unstable. Time = 0.0300.

-----------------------------------------
| rollout/                |             |
|    ep_len_mean          | 69.1        |
|    ep_rew_mean          | 17.4        |
|    success_rate         | 0           |
| time/                   |             |
|    fps                  | 1756        |
|    iterations           | 236         |
|    time_elapsed         | 137         |
|    total_timesteps      | 492544      |
| train/                  |             |
|    approx_kl            | 0.028318902 |
|    clip_fraction        | 0.332       |
|    clip_range           | 0.2         |
|    entropy_loss         | -13.2       |
|    explained_variance   | 0.581       |
|    learning_rate        | 0.0003      |
|    loss                 | 24.2        |
|    n_updates            | 4800        |
|    policy_gradient_loss | -0.0495     |
|    std                  | 1.14        |
|    value_loss           | 81.2        |
-----------------------------------------
----------------------------------------
| rollout/                |            |
|    ep_len_mean          | 68.2       |
|    ep_rew_mean          | 16.5       |
|    success_rate         | 0          |
| time/                   |            |
|    fps                  | 1757       |
|    iterations           | 237        |
|    time_elapsed         | 138        |
|    total_timesteps      | 493568     |
| train/                  |            |
|    approx_kl            | 0.04186239 |
|    clip_fraction        | 0.352      |
|    clip_range           | 0.2        |
|    entropy_loss         | -13.2      |
|    explained_variance   | 0.601      |
|    learning_rate        | 0.0003     |
|    loss                 | 14         |
|    n_updates            | 4810       |
|    policy_gradient_loss | -0.0449    |
|    std                  | 1.14       |
|    value_loss           | 36.4       |
----------------------------------------
WARNING: Nan, Inf or huge value in QACC at DOF 12. The simulation is unstable. Time = 0.0320.

WARNING: Nan, Inf or huge value in QACC at DOF 12. The simulation is unstable. Time = 0.0320.

-----------------------------------------
| rollout/                |             |
|    ep_len_mean          | 57.4        |
|    ep_rew_mean          | 11.6        |
|    success_rate         | 0           |
| time/                   |             |
|    fps                  | 1757        |
|    iterations           | 238         |
|    time_elapsed         | 138         |
|    total_timesteps      | 494592      |
| train/                  |             |
|    approx_kl            | 0.028144367 |
|    clip_fraction        | 0.29        |
|    clip_range           | 0.2         |
|    entropy_loss         | -13.2       |
|    explained_variance   | 0.361       |
|    learning_rate        | 0.0003      |
|    loss                 | 18.7        |
|    n_updates            | 4820        |
|    policy_gradient_loss | -0.045      |
|    std                  | 1.14        |
|    value_loss           | 59.7        |
-----------------------------------------
WARNING: Nan, Inf or huge value in QACC at DOF 12. The simulation is unstable. Time = 0.0320.

-----------------------------------------
| rollout/                |             |
|    ep_len_mean          | 56.6        |
|    ep_rew_mean          | 12.5        |
|    success_rate         | 0           |
| time/                   |             |
|    fps                  | 1758        |
|    iterations           | 239         |
|    time_elapsed         | 139         |
|    total_timesteps      | 495616      |
| train/                  |             |
|    approx_kl            | 0.034085687 |
|    clip_fraction        | 0.267       |
|    clip_range           | 0.2         |
|    entropy_loss         | -13.2       |
|    explained_variance   | 0.559       |
|    learning_rate        | 0.0003      |
|    loss                 | 16.3        |
|    n_updates            | 4830        |
|    policy_gradient_loss | -0.0453     |
|    std                  | 1.14        |
|    value_loss           | 59.6        |
-----------------------------------------
WARNING: Nan, Inf or huge value in QACC at DOF 12. The simulation is unstable. Time = 0.0300.

WARNING: Nan, Inf or huge value in QACC at DOF 12. The simulation is unstable. Time = 0.0340.

-----------------------------------------
| rollout/                |             |
|    ep_len_mean          | 56.2        |
|    ep_rew_mean          | 12.7        |
|    success_rate         | 0           |
| time/                   |             |
|    fps                  | 1759        |
|    iterations           | 240         |
|    time_elapsed         | 139         |
|    total_timesteps      | 496640      |
| train/                  |             |
|    approx_kl            | 0.048361834 |
|    clip_fraction        | 0.337       |
|    clip_range           | 0.2         |
|    entropy_loss         | -13.2       |
|    explained_variance   | 0.613       |
|    learning_rate        | 0.0003      |
|    loss                 | 12.8        |
|    n_updates            | 4840        |
|    policy_gradient_loss | -0.0372     |
|    std                  | 1.14        |
|    value_loss           | 37.1        |
-----------------------------------------
-----------------------------------------
| rollout/                |             |
|    ep_len_mean          | 61.6        |
|    ep_rew_mean          | 15.2        |
|    success_rate         | 0           |
| time/                   |             |
|    fps                  | 1759        |
|    iterations           | 241         |
|    time_elapsed         | 140         |
|    total_timesteps      | 497664      |
| train/                  |             |
|    approx_kl            | 0.044423345 |
|    clip_fraction        | 0.364       |
|    clip_range           | 0.2         |
|    entropy_loss         | -13.2       |
|    explained_variance   | 0.552       |
|    learning_rate        | 0.0003      |
|    loss                 | 16.5        |
|    n_updates            | 4850        |
|    policy_gradient_loss | -0.0359     |
|    std                  | 1.14        |
|    value_loss           | 47.5        |
-----------------------------------------
-----------------------------------------
| rollout/                |             |
|    ep_len_mean          | 60.6        |
|    ep_rew_mean          | 12.9        |
|    success_rate         | 0           |
| time/                   |             |
|    fps                  | 1760        |
|    iterations           | 242         |
|    time_elapsed         | 140         |
|    total_timesteps      | 498688      |
| train/                  |             |
|    approx_kl            | 0.071163386 |
|    clip_fraction        | 0.456       |
|    clip_range           | 0.2         |
|    entropy_loss         | -13.2       |
|    explained_variance   | 0.737       |
|    learning_rate        | 0.0003      |
|    loss                 | 5.59        |
|    n_updates            | 4860        |
|    policy_gradient_loss | -0.0414     |
|    std                  | 1.14        |
|    value_loss           | 17.1        |
-----------------------------------------
----------------------------------------
| rollout/                |            |
|    ep_len_mean          | 63.3       |
|    ep_rew_mean          | 14.5       |
|    success_rate         | 0          |
| time/                   |            |
|    fps                  | 1761       |
|    iterations           | 243        |
|    time_elapsed         | 141        |
|    total_timesteps      | 499712     |
| train/                  |            |
|    approx_kl            | 0.06980962 |
|    clip_fraction        | 0.458      |
|    clip_range           | 0.2        |
|    entropy_loss         | -13.3      |
|    explained_variance   | 0.664      |
|    learning_rate        | 0.0003     |
|    loss                 | 12.5       |
|    n_updates            | 4870       |
|    policy_gradient_loss | -0.035     |
|    std                  | 1.15       |
|    value_loss           | 32.9       |
----------------------------------------
-----------------------------------------
| rollout/                |             |
|    ep_len_mean          | 69.5        |
|    ep_rew_mean          | 18.5        |
|    success_rate         | 0           |
| time/                   |             |
|    fps                  | 1761        |
|    iterations           | 244         |
|    time_elapsed         | 141         |
|    total_timesteps      | 500736      |
| train/                  |             |
|    approx_kl            | 0.040714275 |
|    clip_fraction        | 0.359       |
|    clip_range           | 0.2         |
|    entropy_loss         | -13.3       |
|    explained_variance   | 0.699       |
|    learning_rate        | 0.0003      |
|    loss                 | 27.7        |
|    n_updates            | 4880        |
|    policy_gradient_loss | -0.038      |
|    std                  | 1.15        |
|    value_loss           | 56.9        |
-----------------------------------------
-----------------------------------------
| rollout/                |             |
|    ep_len_mean          | 76.2        |
|    ep_rew_mean          | 22.4        |
|    success_rate         | 0           |
| time/                   |             |
|    fps                  | 1762        |
|    iterations           | 245         |
|    time_elapsed         | 142         |
|    total_timesteps      | 501760      |
| train/                  |             |
|    approx_kl            | 0.033283092 |
|    clip_fraction        | 0.302       |
|    clip_range           | 0.2         |
|    entropy_loss         | -13.3       |
|    explained_variance   | 0.77        |
|    learning_rate        | 0.0003      |
|    loss                 | 18.8        |
|    n_updates            | 4890        |
|    policy_gradient_loss | -0.0483     |
|    std                  | 1.16        |
|    value_loss           | 55          |
-----------------------------------------

=== /Users/youpeixing/ws/allegro_rod_mvp/.venv/bin/python /Users/youpeixing/ws/allegro_rod_mvp/scripts/train.py --stage 1 --steps 150000 --resume /Users/youpeixing/ws/allegro_rod_mvp/checkpoints/stage1/final_model.zip ===
Logging to checkpoints/stage0/tb/PPO_1
WARNING: Nan, Inf or huge value in QACC at DOF 12. The simulation is unstable. Time = 0.0320.

---------------------------------
| rollout/           |          |
|    ep_len_mean     | 73       |
|    ep_rew_mean     | 20.4     |
|    success_rate    | 0        |
| time/              |          |
|    fps             | 2345     |
|    iterations      | 1        |
|    time_elapsed    | 0        |
|    total_timesteps | 502784   |
---------------------------------
-----------------------------------------
| rollout/                |             |
|    ep_len_mean          | 76.8        |
|    ep_rew_mean          | 22.6        |
|    success_rate         | 0           |
| time/                   |             |
|    fps                  | 2043        |
|    iterations           | 2           |
|    time_elapsed         | 1           |
|    total_timesteps      | 503808      |
| train/                  |             |
|    approx_kl            | 0.040359404 |
|    clip_fraction        | 0.382       |
|    clip_range           | 0.2         |
|    entropy_loss         | -13.3       |
|    explained_variance   | 0.582       |
|    learning_rate        | 0.0003      |
|    loss                 | 11.1        |
|    n_updates            | 4910        |
|    policy_gradient_loss | -0.0465     |
|    std                  | 1.16        |
|    value_loss           | 39.4        |
-----------------------------------------
WARNING: Nan, Inf or huge value in QACC at DOF 12. The simulation is unstable. Time = 0.0320.

-----------------------------------------
| rollout/                |             |
|    ep_len_mean          | 78.9        |
|    ep_rew_mean          | 23.1        |
|    success_rate         | 0           |
| time/                   |             |
|    fps                  | 2002        |
|    iterations           | 3           |
|    time_elapsed         | 1           |
|    total_timesteps      | 504832      |
| train/                  |             |
|    approx_kl            | 0.041481115 |
|    clip_fraction        | 0.336       |
|    clip_range           | 0.2         |
|    entropy_loss         | -13.3       |
|    explained_variance   | 0.268       |
|    learning_rate        | 0.0003      |
|    loss                 | 23.2        |
|    n_updates            | 4920        |
|    policy_gradient_loss | -0.0471     |
|    std                  | 1.15        |
|    value_loss           | 72.3        |
-----------------------------------------
----------------------------------------
| rollout/                |            |
|    ep_len_mean          | 82.9       |
|    ep_rew_mean          | 25.8       |
|    success_rate         | 0          |
| time/                   |            |
|    fps                  | 1977       |
|    iterations           | 4          |
|    time_elapsed         | 2          |
|    total_timesteps      | 505856     |
| train/                  |            |
|    approx_kl            | 0.03422133 |
|    clip_fraction        | 0.317      |
|    clip_range           | 0.2        |
|    entropy_loss         | -13.3      |
|    explained_variance   | 0.507      |
|    learning_rate        | 0.0003     |
|    loss                 | 24.9       |
|    n_updates            | 4930       |
|    policy_gradient_loss | -0.0451    |
|    std                  | 1.15       |
|    value_loss           | 62.8       |
----------------------------------------
WARNING: Nan, Inf or huge value in QACC at DOF 12. The simulation is unstable. Time = 0.0300.

-----------------------------------------
| rollout/                |             |
|    ep_len_mean          | 79.1        |
|    ep_rew_mean          | 25.2        |
|    success_rate         | 0           |
| time/                   |             |
|    fps                  | 1964        |
|    iterations           | 5           |
|    time_elapsed         | 2           |
|    total_timesteps      | 506880      |
| train/                  |             |
|    approx_kl            | 0.055388033 |
|    clip_fraction        | 0.391       |
|    clip_range           | 0.2         |
|    entropy_loss         | -13.3       |
|    explained_variance   | 0.425       |
|    learning_rate        | 0.0003      |
|    loss                 | 10.6        |
|    n_updates            | 4940        |
|    policy_gradient_loss | -0.0427     |
|    std                  | 1.16        |
|    value_loss           | 35.5        |
-----------------------------------------
-----------------------------------------
| rollout/                |             |
|    ep_len_mean          | 79          |
|    ep_rew_mean          | 24.1        |
|    success_rate         | 0           |
| time/                   |             |
|    fps                  | 1955        |
|    iterations           | 6           |
|    time_elapsed         | 3           |
|    total_timesteps      | 507904      |
| train/                  |             |
|    approx_kl            | 0.024435462 |
|    clip_fraction        | 0.302       |
|    clip_range           | 0.2         |
|    entropy_loss         | -13.3       |
|    explained_variance   | 0.584       |
|    learning_rate        | 0.0003      |
|    loss                 | 39.7        |
|    n_updates            | 4950        |
|    policy_gradient_loss | -0.0408     |
|    std                  | 1.16        |
|    value_loss           | 96.9        |
-----------------------------------------
-----------------------------------------
| rollout/                |             |
|    ep_len_mean          | 77.2        |
|    ep_rew_mean          | 24.5        |
|    success_rate         | 0           |
| time/                   |             |
|    fps                  | 1947        |
|    iterations           | 7           |
|    time_elapsed         | 3           |
|    total_timesteps      | 508928      |
| train/                  |             |
|    approx_kl            | 0.035296857 |
|    clip_fraction        | 0.357       |
|    clip_range           | 0.2         |
|    entropy_loss         | -13.3       |
|    explained_variance   | 0.633       |
|    learning_rate        | 0.0003      |
|    loss                 | 34.6        |
|    n_updates            | 4960        |
|    policy_gradient_loss | -0.0502     |
|    std                  | 1.16        |
|    value_loss           | 71.9        |
-----------------------------------------
WARNING: Nan, Inf or huge value in QACC at DOF 12. The simulation is unstable. Time = 0.0340.

WARNING: Nan, Inf or huge value in QACC at DOF 12. The simulation is unstable. Time = 0.0320.

-----------------------------------------
| rollout/                |             |
|    ep_len_mean          | 70.3        |
|    ep_rew_mean          | 21.6        |
|    success_rate         | 0           |
| time/                   |             |
|    fps                  | 1941        |
|    iterations           | 8           |
|    time_elapsed         | 4           |
|    total_timesteps      | 509952      |
| train/                  |             |
|    approx_kl            | 0.032022804 |
|    clip_fraction        | 0.277       |
|    clip_range           | 0.2         |
|    entropy_loss         | -13.3       |
|    explained_variance   | 0.356       |
|    learning_rate        | 0.0003      |
|    loss                 | 29.2        |
|    n_updates            | 4970        |
|    policy_gradient_loss | -0.0438     |
|    std                  | 1.15        |
|    value_loss           | 75.5        |
-----------------------------------------
-----------------------------------------
| rollout/                |             |
|    ep_len_mean          | 68          |
|    ep_rew_mean          | 22.3        |
|    success_rate         | 0           |
| time/                   |             |
|    fps                  | 1937        |
|    iterations           | 9           |
|    time_elapsed         | 4           |
|    total_timesteps      | 510976      |
| train/                  |             |
|    approx_kl            | 0.028313747 |
|    clip_fraction        | 0.294       |
|    clip_range           | 0.2         |
|    entropy_loss         | -13.3       |
|    explained_variance   | 0.627       |
|    learning_rate        | 0.0003      |
|    loss                 | 33.7        |
|    n_updates            | 4980        |
|    policy_gradient_loss | -0.0454     |
|    std                  | 1.16        |
|    value_loss           | 106         |
-----------------------------------------
-----------------------------------------
| rollout/                |             |
|    ep_len_mean          | 69.8        |
|    ep_rew_mean          | 22.9        |
|    success_rate         | 0           |
| time/                   |             |
|    fps                  | 1934        |
|    iterations           | 10          |
|    time_elapsed         | 5           |
|    total_timesteps      | 512000      |
| train/                  |             |
|    approx_kl            | 0.036102746 |
|    clip_fraction        | 0.332       |
|    clip_range           | 0.2         |
|    entropy_loss         | -13.3       |
|    explained_variance   | 0.58        |
|    learning_rate        | 0.0003      |
|    loss                 | 21.4        |
|    n_updates            | 4990        |
|    policy_gradient_loss | -0.0511     |
|    std                  | 1.15        |
|    value_loss           | 68.3        |
-----------------------------------------
-----------------------------------------
| rollout/                |             |
|    ep_len_mean          | 65.6        |
|    ep_rew_mean          | 21.4        |
|    success_rate         | 0           |
| time/                   |             |
|    fps                  | 1933        |
|    iterations           | 11          |
|    time_elapsed         | 5           |
|    total_timesteps      | 513024      |
| train/                  |             |
|    approx_kl            | 0.063167796 |
|    clip_fraction        | 0.364       |
|    clip_range           | 0.2         |
|    entropy_loss         | -13.3       |
|    explained_variance   | 0.662       |
|    learning_rate        | 0.0003      |
|    loss                 | 15.9        |
|    n_updates            | 5000        |
|    policy_gradient_loss | -0.0385     |
|    std                  | 1.16        |
|    value_loss           | 44.9        |
-----------------------------------------
-----------------------------------------
| rollout/                |             |
|    ep_len_mean          | 72.5        |
|    ep_rew_mean          | 20.6        |
|    success_rate         | 0           |
| time/                   |             |
|    fps                  | 1930        |
|    iterations           | 12          |
|    time_elapsed         | 6           |
|    total_timesteps      | 514048      |
| train/                  |             |
|    approx_kl            | 0.034622762 |
|    clip_fraction        | 0.32        |
|    clip_range           | 0.2         |
|    entropy_loss         | -13.3       |
|    explained_variance   | 0.684       |
|    learning_rate        | 0.0003      |
|    loss                 | 21.1        |
|    n_updates            | 5010        |
|    policy_gradient_loss | -0.0452     |
|    std                  | 1.16        |
|    value_loss           | 49.4        |
-----------------------------------------
----------------------------------------
| rollout/                |            |
|    ep_len_mean          | 72.6       |
|    ep_rew_mean          | 23.3       |
|    success_rate         | 0          |
| time/                   |            |
|    fps                  | 1929       |
|    iterations           | 13         |
|    time_elapsed         | 6          |
|    total_timesteps      | 515072     |
| train/                  |            |
|    approx_kl            | 0.03222309 |
|    clip_fraction        | 0.311      |
|    clip_range           | 0.2        |
|    entropy_loss         | -13.3      |
|    explained_variance   | 0.475      |
|    learning_rate        | 0.0003     |
|    loss                 | 10.2       |
|    n_updates            | 5020       |
|    policy_gradient_loss | -0.0412    |
|    std                  | 1.16       |
|    value_loss           | 105        |
----------------------------------------
----------------------------------------
| rollout/                |            |
|    ep_len_mean          | 76.3       |
|    ep_rew_mean          | 24.9       |
|    success_rate         | 0          |
| time/                   |            |
|    fps                  | 1929       |
|    iterations           | 14         |
|    time_elapsed         | 7          |
|    total_timesteps      | 516096     |
| train/                  |            |
|    approx_kl            | 0.03437934 |
|    clip_fraction        | 0.308      |
|    clip_range           | 0.2        |
|    entropy_loss         | -13.3      |
|    explained_variance   | 0.45       |
|    learning_rate        | 0.0003     |
|    loss                 | 21.6       |
|    n_updates            | 5030       |
|    policy_gradient_loss | -0.0455    |
|    std                  | 1.16       |
|    value_loss           | 66.1       |
----------------------------------------
----------------------------------------
| rollout/                |            |
|    ep_len_mean          | 76.5       |
|    ep_rew_mean          | 26.1       |
|    success_rate         | 0          |
| time/                   |            |
|    fps                  | 1929       |
|    iterations           | 15         |
|    time_elapsed         | 7          |
|    total_timesteps      | 517120     |
| train/                  |            |
|    approx_kl            | 0.03507258 |
|    clip_fraction        | 0.317      |
|    clip_range           | 0.2        |
|    entropy_loss         | -13.3      |
|    explained_variance   | 0.625      |
|    learning_rate        | 0.0003     |
|    loss                 | 21.1       |
|    n_updates            | 5040       |
|    policy_gradient_loss | -0.0442    |
|    std                  | 1.16       |
|    value_loss           | 72.7       |
----------------------------------------
-----------------------------------------
| rollout/                |             |
|    ep_len_mean          | 81.4        |
|    ep_rew_mean          | 29.8        |
|    success_rate         | 0           |
| time/                   |             |
|    fps                  | 1930        |
|    iterations           | 16          |
|    time_elapsed         | 8           |
|    total_timesteps      | 518144      |
| train/                  |             |
|    approx_kl            | 0.034416847 |
|    clip_fraction        | 0.28        |
|    clip_range           | 0.2         |
|    entropy_loss         | -13.4       |
|    explained_variance   | 0.301       |
|    learning_rate        | 0.0003      |
|    loss                 | 29.6        |
|    n_updates            | 5050        |
|    policy_gradient_loss | -0.0447     |
|    std                  | 1.17        |
|    value_loss           | 84.2        |
-----------------------------------------
----------------------------------------
| rollout/                |            |
|    ep_len_mean          | 86.3       |
|    ep_rew_mean          | 33.4       |
|    success_rate         | 0          |
| time/                   |            |
|    fps                  | 1929       |
|    iterations           | 17         |
|    time_elapsed         | 9          |
|    total_timesteps      | 519168     |
| train/                  |            |
|    approx_kl            | 0.03580781 |
|    clip_fraction        | 0.289      |
|    clip_range           | 0.2        |
|    entropy_loss         | -13.4      |
|    explained_variance   | 0.4        |
|    learning_rate        | 0.0003     |
|    loss                 | 18.5       |
|    n_updates            | 5060       |
|    policy_gradient_loss | -0.0408    |
|    std                  | 1.17       |
|    value_loss           | 64         |
----------------------------------------
WARNING: Nan, Inf or huge value in QACC at DOF 12. The simulation is unstable. Time = 0.0320.

WARNING: Nan, Inf or huge value in QACC at DOF 12. The simulation is unstable. Time = 0.0300.

-----------------------------------------
| rollout/                |             |
|    ep_len_mean          | 87.2        |
|    ep_rew_mean          | 30.1        |
|    success_rate         | 0           |
| time/                   |             |
|    fps                  | 1928        |
|    iterations           | 18          |
|    time_elapsed         | 9           |
|    total_timesteps      | 520192      |
| train/                  |             |
|    approx_kl            | 0.054478563 |
|    clip_fraction        | 0.391       |
|    clip_range           | 0.2         |
|    entropy_loss         | -13.4       |
|    explained_variance   | 0.412       |
|    learning_rate        | 0.0003      |
|    loss                 | 13          |
|    n_updates            | 5070        |
|    policy_gradient_loss | -0.0426     |
|    std                  | 1.17        |
|    value_loss           | 39.6        |
-----------------------------------------
-----------------------------------------
| rollout/                |             |
|    ep_len_mean          | 69          |
|    ep_rew_mean          | 23.6        |
|    success_rate         | 0           |
| time/                   |             |
|    fps                  | 1928        |
|    iterations           | 19          |
|    time_elapsed         | 10          |
|    total_timesteps      | 521216      |
| train/                  |             |
|    approx_kl            | 0.031432543 |
|    clip_fraction        | 0.311       |
|    clip_range           | 0.2         |
|    entropy_loss         | -13.4       |
|    explained_variance   | 0.709       |
|    learning_rate        | 0.0003      |
|    loss                 | 19.7        |
|    n_updates            | 5080        |
|    policy_gradient_loss | -0.0523     |
|    std                  | 1.17        |
|    value_loss           | 62.7        |
-----------------------------------------
-----------------------------------------
| rollout/                |             |
|    ep_len_mean          | 69.6        |
|    ep_rew_mean          | 20.6        |
|    success_rate         | 0           |
| time/                   |             |
|    fps                  | 1927        |
|    iterations           | 20          |
|    time_elapsed         | 10          |
|    total_timesteps      | 522240      |
| train/                  |             |
|    approx_kl            | 0.047342937 |
|    clip_fraction        | 0.34        |
|    clip_range           | 0.2         |
|    entropy_loss         | -13.4       |
|    explained_variance   | 0.56        |
|    learning_rate        | 0.0003      |
|    loss                 | 20.7        |
|    n_updates            | 5090        |
|    policy_gradient_loss | -0.0465     |
|    std                  | 1.17        |
|    value_loss           | 60.7        |
-----------------------------------------
-----------------------------------------
| rollout/                |             |
|    ep_len_mean          | 61.7        |
|    ep_rew_mean          | 15.8        |
|    success_rate         | 0           |
| time/                   |             |
|    fps                  | 1920        |
|    iterations           | 21          |
|    time_elapsed         | 11          |
|    total_timesteps      | 523264      |
| train/                  |             |
|    approx_kl            | 0.030111285 |
|    clip_fraction        | 0.329       |
|    clip_range           | 0.2         |
|    entropy_loss         | -13.4       |
|    explained_variance   | 0.799       |
|    learning_rate        | 0.0003      |
|    loss                 | 33.5        |
|    n_updates            | 5100        |
|    policy_gradient_loss | -0.046      |
|    std                  | 1.17        |
|    value_loss           | 69.2        |
-----------------------------------------
----------------------------------------
| rollout/                |            |
|    ep_len_mean          | 64         |
|    ep_rew_mean          | 16.5       |
|    success_rate         | 0          |
| time/                   |            |
|    fps                  | 1921       |
|    iterations           | 22         |
|    time_elapsed         | 11         |
|    total_timesteps      | 524288     |
| train/                  |            |
|    approx_kl            | 0.05066798 |
|    clip_fraction        | 0.363      |
|    clip_range           | 0.2        |
|    entropy_loss         | -13.4      |
|    explained_variance   | 0.609      |
|    learning_rate        | 0.0003     |
|    loss                 | 20         |
|    n_updates            | 5110       |
|    policy_gradient_loss | -0.0514    |
|    std                  | 1.18       |
|    value_loss           | 46.1       |
----------------------------------------
-----------------------------------------
| rollout/                |             |
|    ep_len_mean          | 64.9        |
|    ep_rew_mean          | 13.2        |
|    success_rate         | 0           |
| time/                   |             |
|    fps                  | 1921        |
|    iterations           | 23          |
|    time_elapsed         | 12          |
|    total_timesteps      | 525312      |
| train/                  |             |
|    approx_kl            | 0.030372927 |
|    clip_fraction        | 0.313       |
|    clip_range           | 0.2         |
|    entropy_loss         | -13.4       |
|    explained_variance   | 0.744       |
|    learning_rate        | 0.0003      |
|    loss                 | 16.9        |
|    n_updates            | 5120        |
|    policy_gradient_loss | -0.0349     |
|    std                  | 1.18        |
|    value_loss           | 46.7        |
-----------------------------------------
---------------------------------------
| rollout/                |           |
|    ep_len_mean          | 62.9      |
|    ep_rew_mean          | 14.3      |
|    success_rate         | 0         |
| time/                   |           |
|    fps                  | 1921      |
|    iterations           | 24        |
|    time_elapsed         | 12        |
|    total_timesteps      | 526336    |
| train/                  |           |
|    approx_kl            | 0.0282023 |
|    clip_fraction        | 0.275     |
|    clip_range           | 0.2       |
|    entropy_loss         | -13.4     |
|    explained_variance   | 0.749     |
|    learning_rate        | 0.0003    |
|    loss                 | 23.9      |
|    n_updates            | 5130      |
|    policy_gradient_loss | -0.0356   |
|    std                  | 1.18      |
|    value_loss           | 78.5      |
---------------------------------------
WARNING: Nan, Inf or huge value in QACC at DOF 12. The simulation is unstable. Time = 0.0300.

-----------------------------------------
| rollout/                |             |
|    ep_len_mean          | 67.1        |
|    ep_rew_mean          | 15.5        |
|    success_rate         | 0           |
| time/                   |             |
|    fps                  | 1917        |
|    iterations           | 25          |
|    time_elapsed         | 13          |
|    total_timesteps      | 527360      |
| train/                  |             |
|    approx_kl            | 0.034864552 |
|    clip_fraction        | 0.296       |
|    clip_range           | 0.2         |
|    entropy_loss         | -13.4       |
|    explained_variance   | 0.299       |
|    learning_rate        | 0.0003      |
|    loss                 | 26.4        |
|    n_updates            | 5140        |
|    policy_gradient_loss | -0.0444     |
|    std                  | 1.18        |
|    value_loss           | 72.5        |
-----------------------------------------
-----------------------------------------
| rollout/                |             |
|    ep_len_mean          | 75.3        |
|    ep_rew_mean          | 19.3        |
|    success_rate         | 0           |
| time/                   |             |
|    fps                  | 1917        |
|    iterations           | 26          |
|    time_elapsed         | 13          |
|    total_timesteps      | 528384      |
| train/                  |             |
|    approx_kl            | 0.028798413 |
|    clip_fraction        | 0.308       |
|    clip_range           | 0.2         |
|    entropy_loss         | -13.4       |
|    explained_variance   | 0.693       |
|    learning_rate        | 0.0003      |
|    loss                 | 20.2        |
|    n_updates            | 5150        |
|    policy_gradient_loss | -0.0443     |
|    std                  | 1.18        |
|    value_loss           | 75.3        |
-----------------------------------------
----------------------------------------
| rollout/                |            |
|    ep_len_mean          | 74.7       |
|    ep_rew_mean          | 16.4       |
|    success_rate         | 0          |
| time/                   |            |
|    fps                  | 1917       |
|    iterations           | 27         |
|    time_elapsed         | 14         |
|    total_timesteps      | 529408     |
| train/                  |            |
|    approx_kl            | 0.08309165 |
|    clip_fraction        | 0.457      |
|    clip_range           | 0.2        |
|    entropy_loss         | -13.4      |
|    explained_variance   | 0.609      |
|    learning_rate        | 0.0003     |
|    loss                 | 3.91       |
|    n_updates            | 5160       |
|    policy_gradient_loss | -0.0272    |
|    std                  | 1.17       |
|    value_loss           | 17.3       |
----------------------------------------
WARNING: Nan, Inf or huge value in QACC at DOF 12. The simulation is unstable. Time = 0.0320.

-----------------------------------------
| rollout/                |             |
|    ep_len_mean          | 77.7        |
|    ep_rew_mean          | 19.9        |
|    success_rate         | 0           |
| time/                   |             |
|    fps                  | 1917        |
|    iterations           | 28          |
|    time_elapsed         | 14          |
|    total_timesteps      | 530432      |
| train/                  |             |
|    approx_kl            | 0.022994213 |
|    clip_fraction        | 0.314       |
|    clip_range           | 0.2         |
|    entropy_loss         | -13.4       |
|    explained_variance   | 0.675       |
|    learning_rate        | 0.0003      |
|    loss                 | 29.7        |
|    n_updates            | 5170        |
|    policy_gradient_loss | -0.0308     |
|    std                  | 1.17        |
|    value_loss           | 172         |
-----------------------------------------
----------------------------------------
| rollout/                |            |
|    ep_len_mean          | 72.2       |
|    ep_rew_mean          | 18.7       |
|    success_rate         | 0          |
| time/                   |            |
|    fps                  | 1917       |
|    iterations           | 29         |
|    time_elapsed         | 15         |
|    total_timesteps      | 531456     |
| train/                  |            |
|    approx_kl            | 0.04951998 |
|    clip_fraction        | 0.31       |
|    clip_range           | 0.2        |
|    entropy_loss         | -13.4      |
|    explained_variance   | 0.545      |
|    learning_rate        | 0.0003     |
|    loss                 | 21.1       |
|    n_updates            | 5180       |
|    policy_gradient_loss | -0.0424    |
|    std                  | 1.17       |
|    value_loss           | 60.4       |
----------------------------------------
-----------------------------------------
| rollout/                |             |
|    ep_len_mean          | 65.7        |
|    ep_rew_mean          | 19.2        |
|    success_rate         | 0           |
| time/                   |             |
|    fps                  | 1918        |
|    iterations           | 30          |
|    time_elapsed         | 16          |
|    total_timesteps      | 532480      |
| train/                  |             |
|    approx_kl            | 0.043912947 |
|    clip_fraction        | 0.323       |
|    clip_range           | 0.2         |
|    entropy_loss         | -13.3       |
|    explained_variance   | 0.362       |
|    learning_rate        | 0.0003      |
|    loss                 | 29.2        |
|    n_updates            | 5190        |
|    policy_gradient_loss | -0.0423     |
|    std                  | 1.17        |
|    value_loss           | 92.4        |
-----------------------------------------
WARNING: Nan, Inf or huge value in QACC at DOF 12. The simulation is unstable. Time = 0.0300.

-----------------------------------------
| rollout/                |             |
|    ep_len_mean          | 65.7        |
|    ep_rew_mean          | 21.9        |
|    success_rate         | 0           |
| time/                   |             |
|    fps                  | 1918        |
|    iterations           | 31          |
|    time_elapsed         | 16          |
|    total_timesteps      | 533504      |
| train/                  |             |
|    approx_kl            | 0.029213876 |
|    clip_fraction        | 0.31        |
|    clip_range           | 0.2         |
|    entropy_loss         | -13.3       |
|    explained_variance   | 0.547       |
|    learning_rate        | 0.0003      |
|    loss                 | 16          |
|    n_updates            | 5200        |
|    policy_gradient_loss | -0.0402     |
|    std                  | 1.17        |
|    value_loss           | 104         |
-----------------------------------------
WARNING: Nan, Inf or huge value in QACC at DOF 12. The simulation is unstable. Time = 0.0320.

----------------------------------------
| rollout/                |            |
|    ep_len_mean          | 72.6       |
|    ep_rew_mean          | 26.6       |
|    success_rate         | 0          |
| time/                   |            |
|    fps                  | 1919       |
|    iterations           | 32         |
|    time_elapsed         | 17         |
|    total_timesteps      | 534528     |
| train/                  |            |
|    approx_kl            | 0.03485042 |
|    clip_fraction        | 0.329      |
|    clip_range           | 0.2        |
|    entropy_loss         | -13.4      |
|    explained_variance   | 0.65       |
|    learning_rate        | 0.0003     |
|    loss                 | 20.3       |
|    n_updates            | 5210       |
|    policy_gradient_loss | -0.051     |
|    std                  | 1.17       |
|    value_loss           | 81.7       |
----------------------------------------
WARNING: Nan, Inf or huge value in QACC at DOF 12. The simulation is unstable. Time = 0.0300.

----------------------------------------
| rollout/                |            |
|    ep_len_mean          | 65.8       |
|    ep_rew_mean          | 26         |
|    success_rate         | 0          |
| time/                   |            |
|    fps                  | 1919       |
|    iterations           | 33         |
|    time_elapsed         | 17         |
|    total_timesteps      | 535552     |
| train/                  |            |
|    approx_kl            | 0.08052975 |
|    clip_fraction        | 0.403      |
|    clip_range           | 0.2        |
|    entropy_loss         | -13.4      |
|    explained_variance   | 0.698      |
|    learning_rate        | 0.0003     |
|    loss                 | 11.4       |
|    n_updates            | 5220       |
|    policy_gradient_loss | -0.0375    |
|    std                  | 1.18       |
|    value_loss           | 37.3       |
----------------------------------------
-----------------------------------------
| rollout/                |             |
|    ep_len_mean          | 68.6        |
|    ep_rew_mean          | 27.5        |
|    success_rate         | 0           |
| time/                   |             |
|    fps                  | 1919        |
|    iterations           | 34          |
|    time_elapsed         | 18          |
|    total_timesteps      | 536576      |
| train/                  |             |
|    approx_kl            | 0.033643536 |
|    clip_fraction        | 0.312       |
|    clip_range           | 0.2         |
|    entropy_loss         | -13.4       |
|    explained_variance   | 0.728       |
|    learning_rate        | 0.0003      |
|    loss                 | 17.2        |
|    n_updates            | 5230        |
|    policy_gradient_loss | -0.0403     |
|    std                  | 1.18        |
|    value_loss           | 60.5        |
-----------------------------------------
-----------------------------------------
| rollout/                |             |
|    ep_len_mean          | 71.3        |
|    ep_rew_mean          | 30.6        |
|    success_rate         | 0           |
| time/                   |             |
|    fps                  | 1920        |
|    iterations           | 35          |
|    time_elapsed         | 18          |
|    total_timesteps      | 537600      |
| train/                  |             |
|    approx_kl            | 0.020676598 |
|    clip_fraction        | 0.262       |
|    clip_range           | 0.2         |
|    entropy_loss         | -13.4       |
|    explained_variance   | 0.705       |
|    learning_rate        | 0.0003      |
|    loss                 | 109         |
|    n_updates            | 5240        |
|    policy_gradient_loss | -0.0352     |
|    std                  | 1.18        |
|    value_loss           | 260         |
-----------------------------------------
WARNING: Nan, Inf or huge value in QACC at DOF 12. The simulation is unstable. Time = 0.0300.

----------------------------------------
| rollout/                |            |
|    ep_len_mean          | 76.1       |
|    ep_rew_mean          | 32.4       |
|    success_rate         | 0          |
| time/                   |            |
|    fps                  | 1920       |
|    iterations           | 36         |
|    time_elapsed         | 19         |
|    total_timesteps      | 538624     |
| train/                  |            |
|    approx_kl            | 0.04086665 |
|    clip_fraction        | 0.314      |
|    clip_range           | 0.2        |
|    entropy_loss         | -13.4      |
|    explained_variance   | 0.487      |
|    learning_rate        | 0.0003     |
|    loss                 | 26.3       |
|    n_updates            | 5250       |
|    policy_gradient_loss | -0.0426    |
|    std                  | 1.18       |
|    value_loss           | 70.8       |
----------------------------------------
WARNING: Nan, Inf or huge value in QACC at DOF 12. The simulation is unstable. Time = 0.0300.

WARNING: Nan, Inf or huge value in QACC at DOF 12. The simulation is unstable. Time = 0.0340.

-----------------------------------------
| rollout/                |             |
|    ep_len_mean          | 81.3        |
|    ep_rew_mean          | 32.7        |
|    success_rate         | 0           |
| time/                   |             |
|    fps                  | 1919        |
|    iterations           | 37          |
|    time_elapsed         | 19          |
|    total_timesteps      | 539648      |
| train/                  |             |
|    approx_kl            | 0.054279782 |
|    clip_fraction        | 0.367       |
|    clip_range           | 0.2         |
|    entropy_loss         | -13.4       |
|    explained_variance   | 0.582       |
|    learning_rate        | 0.0003      |
|    loss                 | 41.5        |
|    n_updates            | 5260        |
|    policy_gradient_loss | -0.0369     |
|    std                  | 1.18        |
|    value_loss           | 80.9        |
-----------------------------------------
-----------------------------------------
| rollout/                |             |
|    ep_len_mean          | 72.7        |
|    ep_rew_mean          | 28.5        |
|    success_rate         | 0           |
| time/                   |             |
|    fps                  | 1920        |
|    iterations           | 38          |
|    time_elapsed         | 20          |
|    total_timesteps      | 540672      |
| train/                  |             |
|    approx_kl            | 0.050892476 |
|    clip_fraction        | 0.39        |
|    clip_range           | 0.2         |
|    entropy_loss         | -13.4       |
|    explained_variance   | 0.766       |
|    learning_rate        | 0.0003      |
|    loss                 | 16          |
|    n_updates            | 5270        |
|    policy_gradient_loss | -0.0491     |
|    std                  | 1.19        |
|    value_loss           | 73          |
-----------------------------------------
-----------------------------------------
| rollout/                |             |
|    ep_len_mean          | 64.9        |
|    ep_rew_mean          | 23          |
|    success_rate         | 0           |
| time/                   |             |
|    fps                  | 1920        |
|    iterations           | 39          |
|    time_elapsed         | 20          |
|    total_timesteps      | 541696      |
| train/                  |             |
|    approx_kl            | 0.053273693 |
|    clip_fraction        | 0.33        |
|    clip_range           | 0.2         |
|    entropy_loss         | -13.4       |
|    explained_variance   | 0.489       |
|    learning_rate        | 0.0003      |
|    loss                 | 16.9        |
|    n_updates            | 5280        |
|    policy_gradient_loss | -0.0367     |
|    std                  | 1.19        |
|    value_loss           | 53.5        |
-----------------------------------------
WARNING: Nan, Inf or huge value in QACC at DOF 12. The simulation is unstable. Time = 0.0320.

WARNING: Nan, Inf or huge value in QACC at DOF 12. The simulation is unstable. Time = 0.0320.

----------------------------------------
| rollout/                |            |
|    ep_len_mean          | 68         |
|    ep_rew_mean          | 25.2       |
|    success_rate         | 0          |
| time/                   |            |
|    fps                  | 1921       |
|    iterations           | 40         |
|    time_elapsed         | 21         |
|    total_timesteps      | 542720     |
| train/                  |            |
|    approx_kl            | 0.02824824 |
|    clip_fraction        | 0.334      |
|    clip_range           | 0.2        |
|    entropy_loss         | -13.4      |
|    explained_variance   | 0.484      |
|    learning_rate        | 0.0003     |
|    loss                 | 38.9       |
|    n_updates            | 5290       |
|    policy_gradient_loss | -0.0411    |
|    std                  | 1.19       |
|    value_loss           | 127        |
----------------------------------------
----------------------------------------
| rollout/                |            |
|    ep_len_mean          | 67.2       |
|    ep_rew_mean          | 27.7       |
|    success_rate         | 0          |
| time/                   |            |
|    fps                  | 1921       |
|    iterations           | 41         |
|    time_elapsed         | 21         |
|    total_timesteps      | 543744     |
| train/                  |            |
|    approx_kl            | 0.04858944 |
|    clip_fraction        | 0.362      |
|    clip_range           | 0.2        |
|    entropy_loss         | -13.4      |
|    explained_variance   | 0.537      |
|    learning_rate        | 0.0003     |
|    loss                 | 18.2       |
|    n_updates            | 5300       |
|    policy_gradient_loss | -0.037     |
|    std                  | 1.19       |
|    value_loss           | 82.6       |
----------------------------------------
WARNING: Nan, Inf or huge value in QACC at DOF 12. The simulation is unstable. Time = 0.0340.

----------------------------------------
| rollout/                |            |
|    ep_len_mean          | 64.8       |
|    ep_rew_mean          | 27.7       |
|    success_rate         | 0          |
| time/                   |            |
|    fps                  | 1922       |
|    iterations           | 42         |
|    time_elapsed         | 22         |
|    total_timesteps      | 544768     |
| train/                  |            |
|    approx_kl            | 0.04004711 |
|    clip_fraction        | 0.315      |
|    clip_range           | 0.2        |
|    entropy_loss         | -13.5      |
|    explained_variance   | 0.456      |
|    learning_rate        | 0.0003     |
|    loss                 | 50.9       |
|    n_updates            | 5310       |
|    policy_gradient_loss | -0.0419    |
|    std                  | 1.19       |
|    value_loss           | 107        |
----------------------------------------
-----------------------------------------
| rollout/                |             |
|    ep_len_mean          | 73.3        |
|    ep_rew_mean          | 32.9        |
|    success_rate         | 0           |
| time/                   |             |
|    fps                  | 1922        |
|    iterations           | 43          |
|    time_elapsed         | 22          |
|    total_timesteps      | 545792      |
| train/                  |             |
|    approx_kl            | 0.037108354 |
|    clip_fraction        | 0.362       |
|    clip_range           | 0.2         |
|    entropy_loss         | -13.5       |
|    explained_variance   | 0.487       |
|    learning_rate        | 0.0003      |
|    loss                 | 23.7        |
|    n_updates            | 5320        |
|    policy_gradient_loss | -0.0396     |
|    std                  | 1.19        |
|    value_loss           | 70          |
-----------------------------------------
----------------------------------------
| rollout/                |            |
|    ep_len_mean          | 73.5       |
|    ep_rew_mean          | 35         |
|    success_rate         | 0          |
| time/                   |            |
|    fps                  | 1923       |
|    iterations           | 44         |
|    time_elapsed         | 23         |
|    total_timesteps      | 546816     |
| train/                  |            |
|    approx_kl            | 0.02856235 |
|    clip_fraction        | 0.303      |
|    clip_range           | 0.2        |
|    entropy_loss         | -13.5      |
|    explained_variance   | 0.713      |
|    learning_rate        | 0.0003     |
|    loss                 | 18.2       |
|    n_updates            | 5330       |
|    policy_gradient_loss | -0.0308    |
|    std                  | 1.2        |
|    value_loss           | 115        |
----------------------------------------
-----------------------------------------
| rollout/                |             |
|    ep_len_mean          | 79.4        |
|    ep_rew_mean          | 39.2        |
|    success_rate         | 0           |
| time/                   |             |
|    fps                  | 1923        |
|    iterations           | 45          |
|    time_elapsed         | 23          |
|    total_timesteps      | 547840      |
| train/                  |             |
|    approx_kl            | 0.037951015 |
|    clip_fraction        | 0.334       |
|    clip_range           | 0.2         |
|    entropy_loss         | -13.5       |
|    explained_variance   | 0.585       |
|    learning_rate        | 0.0003      |
|    loss                 | 24.7        |
|    n_updates            | 5340        |
|    policy_gradient_loss | -0.0379     |
|    std                  | 1.2         |
|    value_loss           | 80.7        |
-----------------------------------------
----------------------------------------
| rollout/                |            |
|    ep_len_mean          | 84.6       |
|    ep_rew_mean          | 42.8       |
|    success_rate         | 0          |
| time/                   |            |
|    fps                  | 1923       |
|    iterations           | 46         |
|    time_elapsed         | 24         |
|    total_timesteps      | 548864     |
| train/                  |            |
|    approx_kl            | 0.10408454 |
|    clip_fraction        | 0.423      |
|    clip_range           | 0.2        |
|    entropy_loss         | -13.5      |
|    explained_variance   | 0.884      |
|    learning_rate        | 0.0003     |
|    loss                 | 3.58       |
|    n_updates            | 5350       |
|    policy_gradient_loss | -0.0327    |
|    std                  | 1.19       |
|    value_loss           | 16.3       |
----------------------------------------
-----------------------------------------
| rollout/                |             |
|    ep_len_mean          | 89.2        |
|    ep_rew_mean          | 45.3        |
|    success_rate         | 0           |
| time/                   |             |
|    fps                  | 1923        |
|    iterations           | 47          |
|    time_elapsed         | 25          |
|    total_timesteps      | 549888      |
| train/                  |             |
|    approx_kl            | 0.033025168 |
|    clip_fraction        | 0.362       |
|    clip_range           | 0.2         |
|    entropy_loss         | -13.5       |
|    explained_variance   | 0.234       |
|    learning_rate        | 0.0003      |
|    loss                 | 38.6        |
|    n_updates            | 5360        |
|    policy_gradient_loss | -0.0366     |
|    std                  | 1.19        |
|    value_loss           | 99.1        |
-----------------------------------------
-----------------------------------------
| rollout/                |             |
|    ep_len_mean          | 95.1        |
|    ep_rew_mean          | 46.1        |
|    success_rate         | 0           |
| time/                   |             |
|    fps                  | 1923        |
|    iterations           | 48          |
|    time_elapsed         | 25          |
|    total_timesteps      | 550912      |
| train/                  |             |
|    approx_kl            | 0.047328454 |
|    clip_fraction        | 0.355       |
|    clip_range           | 0.2         |
|    entropy_loss         | -13.5       |
|    explained_variance   | 0.615       |
|    learning_rate        | 0.0003      |
|    loss                 | 11.8        |
|    n_updates            | 5370        |
|    policy_gradient_loss | -0.0473     |
|    std                  | 1.19        |
|    value_loss           | 55.7        |
-----------------------------------------
-----------------------------------------
| rollout/                |             |
|    ep_len_mean          | 101         |
|    ep_rew_mean          | 48.8        |
|    success_rate         | 0           |
| time/                   |             |
|    fps                  | 1922        |
|    iterations           | 49          |
|    time_elapsed         | 26          |
|    total_timesteps      | 551936      |
| train/                  |             |
|    approx_kl            | 0.031706102 |
|    clip_fraction        | 0.296       |
|    clip_range           | 0.2         |
|    entropy_loss         | -13.5       |
|    explained_variance   | 0.807       |
|    learning_rate        | 0.0003      |
|    loss                 | 140         |
|    n_updates            | 5380        |
|    policy_gradient_loss | -0.0414     |
|    std                  | 1.19        |
|    value_loss           | 208         |
-----------------------------------------
---------------------------------------
| rollout/                |           |
|    ep_len_mean          | 96.3      |
|    ep_rew_mean          | 44.9      |
|    success_rate         | 0         |
| time/                   |           |
|    fps                  | 1921      |
|    iterations           | 50        |
|    time_elapsed         | 26        |
|    total_timesteps      | 552960    |
| train/                  |           |
|    approx_kl            | 0.1203839 |
|    clip_fraction        | 0.458     |
|    clip_range           | 0.2       |
|    entropy_loss         | -13.5     |
|    explained_variance   | 0.76      |
|    learning_rate        | 0.0003    |
|    loss                 | 6.37      |
|    n_updates            | 5390      |
|    policy_gradient_loss | -0.0176   |
|    std                  | 1.2       |
|    value_loss           | 34.1      |
---------------------------------------
----------------------------------------
| rollout/                |            |
|    ep_len_mean          | 98.8       |
|    ep_rew_mean          | 45.7       |
|    success_rate         | 0          |
| time/                   |            |
|    fps                  | 1921       |
|    iterations           | 51         |
|    time_elapsed         | 27         |
|    total_timesteps      | 553984     |
| train/                  |            |
|    approx_kl            | 0.04483633 |
|    clip_fraction        | 0.387      |
|    clip_range           | 0.2        |
|    entropy_loss         | -13.5      |
|    explained_variance   | 0.793      |
|    learning_rate        | 0.0003     |
|    loss                 | 5.51       |
|    n_updates            | 5400       |
|    policy_gradient_loss | -0.0323    |
|    std                  | 1.19       |
|    value_loss           | 34.7       |
----------------------------------------
-----------------------------------------
| rollout/                |             |
|    ep_len_mean          | 98.8        |
|    ep_rew_mean          | 42.8        |
|    success_rate         | 0           |
| time/                   |             |
|    fps                  | 1922        |
|    iterations           | 52          |
|    time_elapsed         | 27          |
|    total_timesteps      | 555008      |
| train/                  |             |
|    approx_kl            | 0.053688824 |
|    clip_fraction        | 0.449       |
|    clip_range           | 0.2         |
|    entropy_loss         | -13.5       |
|    explained_variance   | 0.573       |
|    learning_rate        | 0.0003      |
|    loss                 | 16.5        |
|    n_updates            | 5410        |
|    policy_gradient_loss | -0.0228     |
|    std                  | 1.2         |
|    value_loss           | 49.6        |
-----------------------------------------
----------------------------------------
| rollout/                |            |
|    ep_len_mean          | 100        |
|    ep_rew_mean          | 42.2       |
|    success_rate         | 0          |
| time/                   |            |
|    fps                  | 1922       |
|    iterations           | 53         |
|    time_elapsed         | 28         |
|    total_timesteps      | 556032     |
| train/                  |            |
|    approx_kl            | 0.11922626 |
|    clip_fraction        | 0.472      |
|    clip_range           | 0.2        |
|    entropy_loss         | -13.5      |
|    explained_variance   | 0.924      |
|    learning_rate        | 0.0003     |
|    loss                 | 8.2        |
|    n_updates            | 5420       |
|    policy_gradient_loss | -0.0398    |
|    std                  | 1.2        |
|    value_loss           | 30.3       |
----------------------------------------
-----------------------------------------
| rollout/                |             |
|    ep_len_mean          | 106         |
|    ep_rew_mean          | 44.6        |
|    success_rate         | 0           |
| time/                   |             |
|    fps                  | 1921        |
|    iterations           | 54          |
|    time_elapsed         | 28          |
|    total_timesteps      | 557056      |
| train/                  |             |
|    approx_kl            | 0.019217487 |
|    clip_fraction        | 0.35        |
|    clip_range           | 0.2         |
|    entropy_loss         | -13.5       |
|    explained_variance   | 0.708       |
|    learning_rate        | 0.0003      |
|    loss                 | 20          |
|    n_updates            | 5430        |
|    policy_gradient_loss | -0.0274     |
|    std                  | 1.2         |
|    value_loss           | 114         |
-----------------------------------------
-----------------------------------------
| rollout/                |             |
|    ep_len_mean          | 102         |
|    ep_rew_mean          | 39.4        |
|    success_rate         | 0           |
| time/                   |             |
|    fps                  | 1921        |
|    iterations           | 55          |
|    time_elapsed         | 29          |
|    total_timesteps      | 558080      |
| train/                  |             |
|    approx_kl            | 0.040218037 |
|    clip_fraction        | 0.366       |
|    clip_range           | 0.2         |
|    entropy_loss         | -13.5       |
|    explained_variance   | 0.892       |
|    learning_rate        | 0.0003      |
|    loss                 | 17.9        |
|    n_updates            | 5440        |
|    policy_gradient_loss | -0.0412     |
|    std                  | 1.2         |
|    value_loss           | 38.9        |
-----------------------------------------
----------------------------------------
| rollout/                |            |
|    ep_len_mean          | 104        |
|    ep_rew_mean          | 38.6       |
|    success_rate         | 0          |
| time/                   |            |
|    fps                  | 1920       |
|    iterations           | 56         |
|    time_elapsed         | 29         |
|    total_timesteps      | 559104     |
| train/                  |            |
|    approx_kl            | 0.06739396 |
|    clip_fraction        | 0.384      |
|    clip_range           | 0.2        |
|    entropy_loss         | -13.5      |
|    explained_variance   | 0.656      |
|    learning_rate        | 0.0003     |
|    loss                 | 15.9       |
|    n_updates            | 5450       |
|    policy_gradient_loss | -0.0254    |
|    std                  | 1.21       |
|    value_loss           | 42.8       |
----------------------------------------
----------------------------------------
| rollout/                |            |
|    ep_len_mean          | 109        |
|    ep_rew_mean          | 39         |
|    success_rate         | 0          |
| time/                   |            |
|    fps                  | 1920       |
|    iterations           | 57         |
|    time_elapsed         | 30         |
|    total_timesteps      | 560128     |
| train/                  |            |
|    approx_kl            | 0.03707226 |
|    clip_fraction        | 0.359      |
|    clip_range           | 0.2        |
|    entropy_loss         | -13.6      |
|    explained_variance   | 0.915      |
|    learning_rate        | 0.0003     |
|    loss                 | 10.3       |
|    n_updates            | 5460       |
|    policy_gradient_loss | -0.0391    |
|    std                  | 1.21       |
|    value_loss           | 38.7       |
----------------------------------------
----------------------------------------
| rollout/                |            |
|    ep_len_mean          | 112        |
|    ep_rew_mean          | 41.6       |
|    success_rate         | 0          |
| time/                   |            |
|    fps                  | 1921       |
|    iterations           | 58         |
|    time_elapsed         | 30         |
|    total_timesteps      | 561152     |
| train/                  |            |
|    approx_kl            | 0.04681663 |
|    clip_fraction        | 0.365      |
|    clip_range           | 0.2        |
|    entropy_loss         | -13.6      |
|    explained_variance   | 0.907      |
|    learning_rate        | 0.0003     |
|    loss                 | 20.8       |
|    n_updates            | 5470       |
|    policy_gradient_loss | -0.043     |
|    std                  | 1.21       |
|    value_loss           | 47.9       |
----------------------------------------
-----------------------------------------
| rollout/                |             |
|    ep_len_mean          | 113         |
|    ep_rew_mean          | 46.1        |
|    success_rate         | 0           |
| time/                   |             |
|    fps                  | 1921        |
|    iterations           | 59          |
|    time_elapsed         | 31          |
|    total_timesteps      | 562176      |
| train/                  |             |
|    approx_kl            | 0.030971136 |
|    clip_fraction        | 0.332       |
|    clip_range           | 0.2         |
|    entropy_loss         | -13.6       |
|    explained_variance   | 0.613       |
|    learning_rate        | 0.0003      |
|    loss                 | 34.2        |
|    n_updates            | 5480        |
|    policy_gradient_loss | -0.0303     |
|    std                  | 1.21        |
|    value_loss           | 84.3        |
-----------------------------------------
WARNING: Nan, Inf or huge value in QACC at DOF 12. The simulation is unstable. Time = 0.0320.

-----------------------------------------
| rollout/                |             |
|    ep_len_mean          | 107         |
|    ep_rew_mean          | 45.8        |
|    success_rate         | 0           |
| time/                   |             |
|    fps                  | 1922        |
|    iterations           | 60          |
|    time_elapsed         | 31          |
|    total_timesteps      | 563200      |
| train/                  |             |
|    approx_kl            | 0.038543228 |
|    clip_fraction        | 0.349       |
|    clip_range           | 0.2         |
|    entropy_loss         | -13.6       |
|    explained_variance   | 0.444       |
|    learning_rate        | 0.0003      |
|    loss                 | 23.3        |
|    n_updates            | 5490        |
|    policy_gradient_loss | -0.031      |
|    std                  | 1.22        |
|    value_loss           | 55.2        |
-----------------------------------------
----------------------------------------
| rollout/                |            |
|    ep_len_mean          | 114        |
|    ep_rew_mean          | 51.6       |
|    success_rate         | 0          |
| time/                   |            |
|    fps                  | 1922       |
|    iterations           | 61         |
|    time_elapsed         | 32         |
|    total_timesteps      | 564224     |
| train/                  |            |
|    approx_kl            | 0.07793851 |
|    clip_fraction        | 0.43       |
|    clip_range           | 0.2        |
|    entropy_loss         | -13.6      |
|    explained_variance   | 0.716      |
|    learning_rate        | 0.0003     |
|    loss                 | 9.77       |
|    n_updates            | 5500       |
|    policy_gradient_loss | -0.0275    |
|    std                  | 1.22       |
|    value_loss           | 27.4       |
----------------------------------------
WARNING: Nan, Inf or huge value in QACC at DOF 12. The simulation is unstable. Time = 0.0300.

-----------------------------------------
| rollout/                |             |
|    ep_len_mean          | 103         |
|    ep_rew_mean          | 47.2        |
|    success_rate         | 0           |
| time/                   |             |
|    fps                  | 1922        |
|    iterations           | 62          |
|    time_elapsed         | 33          |
|    total_timesteps      | 565248      |
| train/                  |             |
|    approx_kl            | 0.029575758 |
|    clip_fraction        | 0.38        |
|    clip_range           | 0.2         |
|    entropy_loss         | -13.6       |
|    explained_variance   | 0.448       |
|    learning_rate        | 0.0003      |
|    loss                 | 47.7        |
|    n_updates            | 5510        |
|    policy_gradient_loss | -0.0332     |
|    std                  | 1.22        |
|    value_loss           | 124         |
-----------------------------------------
-----------------------------------------
| rollout/                |             |
|    ep_len_mean          | 102         |
|    ep_rew_mean          | 50.7        |
|    success_rate         | 0           |
| time/                   |             |
|    fps                  | 1922        |
|    iterations           | 63          |
|    time_elapsed         | 33          |
|    total_timesteps      | 566272      |
| train/                  |             |
|    approx_kl            | 0.027550396 |
|    clip_fraction        | 0.307       |
|    clip_range           | 0.2         |
|    entropy_loss         | -13.7       |
|    explained_variance   | 0.633       |
|    learning_rate        | 0.0003      |
|    loss                 | 43.8        |
|    n_updates            | 5520        |
|    policy_gradient_loss | -0.0474     |
|    std                  | 1.22        |
|    value_loss           | 122         |
-----------------------------------------
-----------------------------------------
| rollout/                |             |
|    ep_len_mean          | 105         |
|    ep_rew_mean          | 56          |
|    success_rate         | 0           |
| time/                   |             |
|    fps                  | 1922        |
|    iterations           | 64          |
|    time_elapsed         | 34          |
|    total_timesteps      | 567296      |
| train/                  |             |
|    approx_kl            | 0.031140147 |
|    clip_fraction        | 0.324       |
|    clip_range           | 0.2         |
|    entropy_loss         | -13.7       |
|    explained_variance   | 0.584       |
|    learning_rate        | 0.0003      |
|    loss                 | 15.1        |
|    n_updates            | 5530        |
|    policy_gradient_loss | -0.0427     |
|    std                  | 1.22        |
|    value_loss           | 70.5        |
-----------------------------------------
-----------------------------------------
| rollout/                |             |
|    ep_len_mean          | 91.8        |
|    ep_rew_mean          | 51.1        |
|    success_rate         | 0           |
| time/                   |             |
|    fps                  | 1922        |
|    iterations           | 65          |
|    time_elapsed         | 34          |
|    total_timesteps      | 568320      |
| train/                  |             |
|    approx_kl            | 0.046430368 |
|    clip_fraction        | 0.391       |
|    clip_range           | 0.2         |
|    entropy_loss         | -13.7       |
|    explained_variance   | 0.667       |
|    learning_rate        | 0.0003      |
|    loss                 | 19.2        |
|    n_updates            | 5540        |
|    policy_gradient_loss | -0.0306     |
|    std                  | 1.22        |
|    value_loss           | 53.3        |
-----------------------------------------
WARNING: Nan, Inf or huge value in QACC at DOF 12. The simulation is unstable. Time = 0.0320.

WARNING: Nan, Inf or huge value in QACC at DOF 12. The simulation is unstable. Time = 0.0300.

-----------------------------------------
| rollout/                |             |
|    ep_len_mean          | 88.8        |
|    ep_rew_mean          | 47.3        |
|    success_rate         | 0           |
| time/                   |             |
|    fps                  | 1923        |
|    iterations           | 66          |
|    time_elapsed         | 35          |
|    total_timesteps      | 569344      |
| train/                  |             |
|    approx_kl            | 0.024209999 |
|    clip_fraction        | 0.227       |
|    clip_range           | 0.2         |
|    entropy_loss         | -13.7       |
|    explained_variance   | 0.597       |
|    learning_rate        | 0.0003      |
|    loss                 | 104         |
|    n_updates            | 5550        |
|    policy_gradient_loss | -0.0422     |
|    std                  | 1.22        |
|    value_loss           | 310         |
-----------------------------------------
----------------------------------------
| rollout/                |            |
|    ep_len_mean          | 81.2       |
|    ep_rew_mean          | 41.1       |
|    success_rate         | 0          |
| time/                   |            |
|    fps                  | 1921       |
|    iterations           | 67         |
|    time_elapsed         | 35         |
|    total_timesteps      | 570368     |
| train/                  |            |
|    approx_kl            | 0.03891962 |
|    clip_fraction        | 0.311      |
|    clip_range           | 0.2        |
|    entropy_loss         | -13.7      |
|    explained_variance   | 0.708      |
|    learning_rate        | 0.0003     |
|    loss                 | 53         |
|    n_updates            | 5560       |
|    policy_gradient_loss | -0.0453    |
|    std                  | 1.22       |
|    value_loss           | 138        |
----------------------------------------
WARNING: Nan, Inf or huge value in QACC at DOF 12. The simulation is unstable. Time = 0.0340.

-----------------------------------------
| rollout/                |             |
|    ep_len_mean          | 76.8        |
|    ep_rew_mean          | 35.8        |
|    success_rate         | 0           |
| time/                   |             |
|    fps                  | 1921        |
|    iterations           | 68          |
|    time_elapsed         | 36          |
|    total_timesteps      | 571392      |
| train/                  |             |
|    approx_kl            | 0.025835805 |
|    clip_fraction        | 0.267       |
|    clip_range           | 0.2         |
|    entropy_loss         | -13.7       |
|    explained_variance   | 0.727       |
|    learning_rate        | 0.0003      |
|    loss                 | 27.9        |
|    n_updates            | 5570        |
|    policy_gradient_loss | -0.0422     |
|    std                  | 1.23        |
|    value_loss           | 95.6        |
-----------------------------------------
-----------------------------------------
| rollout/                |             |
|    ep_len_mean          | 75          |
|    ep_rew_mean          | 34.3        |
|    success_rate         | 0           |
| time/                   |             |
|    fps                  | 1921        |
|    iterations           | 69          |
|    time_elapsed         | 36          |
|    total_timesteps      | 572416      |
| train/                  |             |
|    approx_kl            | 0.030857792 |
|    clip_fraction        | 0.311       |
|    clip_range           | 0.2         |
|    entropy_loss         | -13.7       |
|    explained_variance   | 0.608       |
|    learning_rate        | 0.0003      |
|    loss                 | 29.5        |
|    n_updates            | 5580        |
|    policy_gradient_loss | -0.0424     |
|    std                  | 1.23        |
|    value_loss           | 96.4        |
-----------------------------------------
WARNING: Nan, Inf or huge value in QACC at DOF 12. The simulation is unstable. Time = 0.0320.

----------------------------------------
| rollout/                |            |
|    ep_len_mean          | 80.7       |
|    ep_rew_mean          | 39         |
|    success_rate         | 0          |
| time/                   |            |
|    fps                  | 1921       |
|    iterations           | 70         |
|    time_elapsed         | 37         |
|    total_timesteps      | 573440     |
| train/                  |            |
|    approx_kl            | 0.02686473 |
|    clip_fraction        | 0.262      |
|    clip_range           | 0.2        |
|    entropy_loss         | -13.7      |
|    explained_variance   | 0.675      |
|    learning_rate        | 0.0003     |
|    loss                 | 27.3       |
|    n_updates            | 5590       |
|    policy_gradient_loss | -0.0447    |
|    std                  | 1.23       |
|    value_loss           | 107        |
----------------------------------------
WARNING: Nan, Inf or huge value in QACC at DOF 12. The simulation is unstable. Time = 0.0320.

WARNING: Nan, Inf or huge value in QACC at DOF 12. The simulation is unstable. Time = 0.0340.

----------------------------------------
| rollout/                |            |
|    ep_len_mean          | 70         |
|    ep_rew_mean          | 26.4       |
|    success_rate         | 0          |
| time/                   |            |
|    fps                  | 1921       |
|    iterations           | 71         |
|    time_elapsed         | 37         |
|    total_timesteps      | 574464     |
| train/                  |            |
|    approx_kl            | 0.15428516 |
|    clip_fraction        | 0.507      |
|    clip_range           | 0.2        |
|    entropy_loss         | -13.7      |
|    explained_variance   | 0.751      |
|    learning_rate        | 0.0003     |
|    loss                 | 3.29       |
|    n_updates            | 5600       |
|    policy_gradient_loss | -0.000126  |
|    std                  | 1.24       |
|    value_loss           | 27         |
----------------------------------------
WARNING: Nan, Inf or huge value in QACC at DOF 12. The simulation is unstable. Time = 0.0320.

----------------------------------------
| rollout/                |            |
|    ep_len_mean          | 77.2       |
|    ep_rew_mean          | 30.5       |
|    success_rate         | 0          |
| time/                   |            |
|    fps                  | 1921       |
|    iterations           | 72         |
|    time_elapsed         | 38         |
|    total_timesteps      | 575488     |
| train/                  |            |
|    approx_kl            | 0.05905527 |
|    clip_fraction        | 0.493      |
|    clip_range           | 0.2        |
|    entropy_loss         | -13.8      |
|    explained_variance   | 0.752      |
|    learning_rate        | 0.0003     |
|    loss                 | 23.3       |
|    n_updates            | 5610       |
|    policy_gradient_loss | -0.0141    |
|    std                  | 1.24       |
|    value_loss           | 104        |
----------------------------------------
----------------------------------------
| rollout/                |            |
|    ep_len_mean          | 75.1       |
|    ep_rew_mean          | 29.7       |
|    success_rate         | 0          |
| time/                   |            |
|    fps                  | 1922       |
|    iterations           | 73         |
|    time_elapsed         | 38         |
|    total_timesteps      | 576512     |
| train/                  |            |
|    approx_kl            | 0.17949226 |
|    clip_fraction        | 0.471      |
|    clip_range           | 0.2        |
|    entropy_loss         | -13.8      |
|    explained_variance   | 0.855      |
|    learning_rate        | 0.0003     |
|    loss                 | 16.6       |
|    n_updates            | 5620       |
|    policy_gradient_loss | -0.00533   |
|    std                  | 1.25       |
|    value_loss           | 32.1       |
----------------------------------------
-----------------------------------------
| rollout/                |             |
|    ep_len_mean          | 76.8        |
|    ep_rew_mean          | 36.1        |
|    success_rate         | 0           |
| time/                   |             |
|    fps                  | 1921        |
|    iterations           | 74          |
|    time_elapsed         | 39          |
|    total_timesteps      | 577536      |
| train/                  |             |
|    approx_kl            | 0.036720812 |
|    clip_fraction        | 0.373       |
|    clip_range           | 0.2         |
|    entropy_loss         | -13.8       |
|    explained_variance   | 0.494       |
|    learning_rate        | 0.0003      |
|    loss                 | 39.3        |
|    n_updates            | 5630        |
|    policy_gradient_loss | -0.0289     |
|    std                  | 1.25        |
|    value_loss           | 112         |
-----------------------------------------
----------------------------------------
| rollout/                |            |
|    ep_len_mean          | 82.7       |
|    ep_rew_mean          | 41.3       |
|    success_rate         | 0          |
| time/                   |            |
|    fps                  | 1921       |
|    iterations           | 75         |
|    time_elapsed         | 39         |
|    total_timesteps      | 578560     |
| train/                  |            |
|    approx_kl            | 0.02992598 |
|    clip_fraction        | 0.307      |
|    clip_range           | 0.2        |
|    entropy_loss         | -13.8      |
|    explained_variance   | 0.247      |
|    learning_rate        | 0.0003     |
|    loss                 | 18.1       |
|    n_updates            | 5640       |
|    policy_gradient_loss | -0.039     |
|    std                  | 1.24       |
|    value_loss           | 85.9       |
----------------------------------------
-----------------------------------------
| rollout/                |             |
|    ep_len_mean          | 85.4        |
|    ep_rew_mean          | 43.5        |
|    success_rate         | 0           |
| time/                   |             |
|    fps                  | 1922        |
|    iterations           | 76          |
|    time_elapsed         | 40          |
|    total_timesteps      | 579584      |
| train/                  |             |
|    approx_kl            | 0.035677932 |
|    clip_fraction        | 0.312       |
|    clip_range           | 0.2         |
|    entropy_loss         | -13.8       |
|    explained_variance   | 0.595       |
|    learning_rate        | 0.0003      |
|    loss                 | 18.5        |
|    n_updates            | 5650        |
|    policy_gradient_loss | -0.0442     |
|    std                  | 1.24        |
|    value_loss           | 68.4        |
-----------------------------------------
----------------------------------------
| rollout/                |            |
|    ep_len_mean          | 85.4       |
|    ep_rew_mean          | 43.6       |
|    success_rate         | 0          |
| time/                   |            |
|    fps                  | 1922       |
|    iterations           | 77         |
|    time_elapsed         | 41         |
|    total_timesteps      | 580608     |
| train/                  |            |
|    approx_kl            | 0.03727547 |
|    clip_fraction        | 0.327      |
|    clip_range           | 0.2        |
|    entropy_loss         | -13.8      |
|    explained_variance   | 0.867      |
|    learning_rate        | 0.0003     |
|    loss                 | 9.86       |
|    n_updates            | 5660       |
|    policy_gradient_loss | -0.0383    |
|    std                  | 1.25       |
|    value_loss           | 58.6       |
----------------------------------------
-----------------------------------------
| rollout/                |             |
|    ep_len_mean          | 87.8        |
|    ep_rew_mean          | 45.4        |
|    success_rate         | 0           |
| time/                   |             |
|    fps                  | 1922        |
|    iterations           | 78          |
|    time_elapsed         | 41          |
|    total_timesteps      | 581632      |
| train/                  |             |
|    approx_kl            | 0.029240554 |
|    clip_fraction        | 0.31        |
|    clip_range           | 0.2         |
|    entropy_loss         | -13.8       |
|    explained_variance   | 0.686       |
|    learning_rate        | 0.0003      |
|    loss                 | 23.5        |
|    n_updates            | 5670        |
|    policy_gradient_loss | -0.0384     |
|    std                  | 1.25        |
|    value_loss           | 115         |
-----------------------------------------
WARNING: Nan, Inf or huge value in QACC at DOF 12. The simulation is unstable. Time = 0.0300.

----------------------------------------
| rollout/                |            |
|    ep_len_mean          | 81.7       |
|    ep_rew_mean          | 43.4       |
|    success_rate         | 0          |
| time/                   |            |
|    fps                  | 1922       |
|    iterations           | 79         |
|    time_elapsed         | 42         |
|    total_timesteps      | 582656     |
| train/                  |            |
|    approx_kl            | 0.05558407 |
|    clip_fraction        | 0.389      |
|    clip_range           | 0.2        |
|    entropy_loss         | -13.8      |
|    explained_variance   | 0.786      |
|    learning_rate        | 0.0003     |
|    loss                 | 9.75       |
|    n_updates            | 5680       |
|    policy_gradient_loss | -0.0353    |
|    std                  | 1.25       |
|    value_loss           | 34         |
----------------------------------------
----------------------------------------
| rollout/                |            |
|    ep_len_mean          | 79.2       |
|    ep_rew_mean          | 44.2       |
|    success_rate         | 0          |
| time/                   |            |
|    fps                  | 1922       |
|    iterations           | 80         |
|    time_elapsed         | 42         |
|    total_timesteps      | 583680     |
| train/                  |            |
|    approx_kl            | 0.02394757 |
|    clip_fraction        | 0.259      |
|    clip_range           | 0.2        |
|    entropy_loss         | -13.9      |
|    explained_variance   | 0.467      |
|    learning_rate        | 0.0003     |
|    loss                 | 80.7       |
|    n_updates            | 5690       |
|    policy_gradient_loss | -0.0386    |
|    std                  | 1.25       |
|    value_loss           | 150        |
----------------------------------------
----------------------------------------
| rollout/                |            |
|    ep_len_mean          | 86.3       |
|    ep_rew_mean          | 48.5       |
|    success_rate         | 0          |
| time/                   |            |
|    fps                  | 1922       |
|    iterations           | 81         |
|    time_elapsed         | 43         |
|    total_timesteps      | 584704     |
| train/                  |            |
|    approx_kl            | 0.03621961 |
|    clip_fraction        | 0.305      |
|    clip_range           | 0.2        |
|    entropy_loss         | -13.9      |
|    explained_variance   | 0.328      |
|    learning_rate        | 0.0003     |
|    loss                 | 36.2       |
|    n_updates            | 5700       |
|    policy_gradient_loss | -0.0421    |
|    std                  | 1.25       |
|    value_loss           | 101        |
----------------------------------------
----------------------------------------
| rollout/                |            |
|    ep_len_mean          | 81.2       |
|    ep_rew_mean          | 36.8       |
|    success_rate         | 0          |
| time/                   |            |
|    fps                  | 1922       |
|    iterations           | 82         |
|    time_elapsed         | 43         |
|    total_timesteps      | 585728     |
| train/                  |            |
|    approx_kl            | 0.07084257 |
|    clip_fraction        | 0.349      |
|    clip_range           | 0.2        |
|    entropy_loss         | -13.9      |
|    explained_variance   | 0.89       |
|    learning_rate        | 0.0003     |
|    loss                 | 15.4       |
|    n_updates            | 5710       |
|    policy_gradient_loss | -0.0326    |
|    std                  | 1.25       |
|    value_loss           | 43.4       |
----------------------------------------
WARNING: Nan, Inf or huge value in QACC at DOF 12. The simulation is unstable. Time = 0.0320.

----------------------------------------
| rollout/                |            |
|    ep_len_mean          | 73.2       |
|    ep_rew_mean          | 31.6       |
|    success_rate         | 0          |
| time/                   |            |
|    fps                  | 1922       |
|    iterations           | 83         |
|    time_elapsed         | 44         |
|    total_timesteps      | 586752     |
| train/                  |            |
|    approx_kl            | 0.02647395 |
|    clip_fraction        | 0.311      |
|    clip_range           | 0.2        |
|    entropy_loss         | -13.9      |
|    explained_variance   | 0.799      |
|    learning_rate        | 0.0003     |
|    loss                 | 74.2       |
|    n_updates            | 5720       |
|    policy_gradient_loss | -0.024     |
|    std                  | 1.25       |
|    value_loss           | 234        |
----------------------------------------
WARNING: Nan, Inf or huge value in QACC at DOF 12. The simulation is unstable. Time = 0.0320.

-----------------------------------------
| rollout/                |             |
|    ep_len_mean          | 73.6        |
|    ep_rew_mean          | 34          |
|    success_rate         | 0           |
| time/                   |             |
|    fps                  | 1922        |
|    iterations           | 84          |
|    time_elapsed         | 44          |
|    total_timesteps      | 587776      |
| train/                  |             |
|    approx_kl            | 0.029210009 |
|    clip_fraction        | 0.309       |
|    clip_range           | 0.2         |
|    entropy_loss         | -13.9       |
|    explained_variance   | 0.504       |
|    learning_rate        | 0.0003      |
|    loss                 | 38.7        |
|    n_updates            | 5730        |
|    policy_gradient_loss | -0.0466     |
|    std                  | 1.25        |
|    value_loss           | 101         |
-----------------------------------------
-----------------------------------------
| rollout/                |             |
|    ep_len_mean          | 76.3        |
|    ep_rew_mean          | 35          |
|    success_rate         | 0           |
| time/                   |             |
|    fps                  | 1922        |
|    iterations           | 85          |
|    time_elapsed         | 45          |
|    total_timesteps      | 588800      |
| train/                  |             |
|    approx_kl            | 0.025507014 |
|    clip_fraction        | 0.329       |
|    clip_range           | 0.2         |
|    entropy_loss         | -13.9       |
|    explained_variance   | 0.588       |
|    learning_rate        | 0.0003      |
|    loss                 | 34.5        |
|    n_updates            | 5740        |
|    policy_gradient_loss | -0.0494     |
|    std                  | 1.25        |
|    value_loss           | 102         |
-----------------------------------------
-----------------------------------------
| rollout/                |             |
|    ep_len_mean          | 82.1        |
|    ep_rew_mean          | 40.4        |
|    success_rate         | 0           |
| time/                   |             |
|    fps                  | 1922        |
|    iterations           | 86          |
|    time_elapsed         | 45          |
|    total_timesteps      | 589824      |
| train/                  |             |
|    approx_kl            | 0.045222312 |
|    clip_fraction        | 0.308       |
|    clip_range           | 0.2         |
|    entropy_loss         | -13.9       |
|    explained_variance   | 0.877       |
|    learning_rate        | 0.0003      |
|    loss                 | 10          |
|    n_updates            | 5750        |
|    policy_gradient_loss | -0.0361     |
|    std                  | 1.25        |
|    value_loss           | 45.3        |
-----------------------------------------
---------------------------------------
| rollout/                |           |
|    ep_len_mean          | 84.5      |
|    ep_rew_mean          | 42.6      |
|    success_rate         | 0         |
| time/                   |           |
|    fps                  | 1922      |
|    iterations           | 87        |
|    time_elapsed         | 46        |
|    total_timesteps      | 590848    |
| train/                  |           |
|    approx_kl            | 0.0996274 |
|    clip_fraction        | 0.464     |
|    clip_range           | 0.2       |
|    entropy_loss         | -13.9     |
|    explained_variance   | 0.593     |
|    learning_rate        | 0.0003    |
|    loss                 | 7.43      |
|    n_updates            | 5760      |
|    policy_gradient_loss | -0.0282   |
|    std                  | 1.25      |
|    value_loss           | 26        |
---------------------------------------
WARNING: Nan, Inf or huge value in QACC at DOF 12. The simulation is unstable. Time = 0.0320.

WARNING: Nan, Inf or huge value in QACC at DOF 12. The simulation is unstable. Time = 0.0340.

-----------------------------------------
| rollout/                |             |
|    ep_len_mean          | 81.1        |
|    ep_rew_mean          | 24.7        |
|    success_rate         | 0           |
| time/                   |             |
|    fps                  | 1922        |
|    iterations           | 88          |
|    time_elapsed         | 46          |
|    total_timesteps      | 591872      |
| train/                  |             |
|    approx_kl            | 0.061690465 |
|    clip_fraction        | 0.462       |
|    clip_range           | 0.2         |
|    entropy_loss         | -13.9       |
|    explained_variance   | 0.314       |
|    learning_rate        | 0.0003      |
|    loss                 | 61.2        |
|    n_updates            | 5770        |
|    policy_gradient_loss | -0.0243     |
|    std                  | 1.25        |
|    value_loss           | 107         |
-----------------------------------------
WARNING: Nan, Inf or huge value in QACC at DOF 12. The simulation is unstable. Time = 0.0340.

WARNING: Nan, Inf or huge value in QACC at DOF 12. The simulation is unstable. Time = 0.0320.

-----------------------------------------
| rollout/                |             |
|    ep_len_mean          | 81.4        |
|    ep_rew_mean          | 22.2        |
|    success_rate         | 0           |
| time/                   |             |
|    fps                  | 1922        |
|    iterations           | 89          |
|    time_elapsed         | 47          |
|    total_timesteps      | 592896      |
| train/                  |             |
|    approx_kl            | 0.014817661 |
|    clip_fraction        | 0.282       |
|    clip_range           | 0.2         |
|    entropy_loss         | -13.9       |
|    explained_variance   | 0.438       |
|    learning_rate        | 0.0003      |
|    loss                 | 1.31e+03    |
|    n_updates            | 5780        |
|    policy_gradient_loss | -0.0126     |
|    std                  | 1.25        |
|    value_loss           | 3.46e+03    |
-----------------------------------------
-----------------------------------------
| rollout/                |             |
|    ep_len_mean          | 82.2        |
|    ep_rew_mean          | 29.7        |
|    success_rate         | 0           |
| time/                   |             |
|    fps                  | 1919        |
|    iterations           | 90          |
|    time_elapsed         | 48          |
|    total_timesteps      | 593920      |
| train/                  |             |
|    approx_kl            | 0.041785076 |
|    clip_fraction        | 0.299       |
|    clip_range           | 0.2         |
|    entropy_loss         | -13.9       |
|    explained_variance   | 0.862       |
|    learning_rate        | 0.0003      |
|    loss                 | 26          |
|    n_updates            | 5790        |
|    policy_gradient_loss | -0.0394     |
|    std                  | 1.25        |
|    value_loss           | 77.8        |
-----------------------------------------
WARNING: Nan, Inf or huge value in QACC at DOF 12. The simulation is unstable. Time = 0.0320.

----------------------------------------
| rollout/                |            |
|    ep_len_mean          | 78.1       |
|    ep_rew_mean          | 24.3       |
|    success_rate         | 0          |
| time/                   |            |
|    fps                  | 1918       |
|    iterations           | 91         |
|    time_elapsed         | 48         |
|    total_timesteps      | 594944     |
| train/                  |            |
|    approx_kl            | 0.03109806 |
|    clip_fraction        | 0.284      |
|    clip_range           | 0.2        |
|    entropy_loss         | -13.9      |
|    explained_variance   | 0.477      |
|    learning_rate        | 0.0003     |
|    loss                 | 35         |
|    n_updates            | 5800       |
|    policy_gradient_loss | -0.0424    |
|    std                  | 1.25       |
|    value_loss           | 135        |
----------------------------------------
WARNING: Nan, Inf or huge value in QACC at DOF 12. The simulation is unstable. Time = 0.0340.

WARNING: Nan, Inf or huge value in QACC at DOF 12. The simulation is unstable. Time = 0.0320.

-----------------------------------------
| rollout/                |             |
|    ep_len_mean          | 79.9        |
|    ep_rew_mean          | 24.2        |
|    success_rate         | 0           |
| time/                   |             |
|    fps                  | 1918        |
|    iterations           | 92          |
|    time_elapsed         | 49          |
|    total_timesteps      | 595968      |
| train/                  |             |
|    approx_kl            | 0.034915134 |
|    clip_fraction        | 0.288       |
|    clip_range           | 0.2         |
|    entropy_loss         | -13.9       |
|    explained_variance   | 0.57        |
|    learning_rate        | 0.0003      |
|    loss                 | 42.6        |
|    n_updates            | 5810        |
|    policy_gradient_loss | -0.0429     |
|    std                  | 1.25        |
|    value_loss           | 124         |
-----------------------------------------
-----------------------------------------
| rollout/                |             |
|    ep_len_mean          | 66.6        |
|    ep_rew_mean          | 13.7        |
|    success_rate         | 0           |
| time/                   |             |
|    fps                  | 1918        |
|    iterations           | 93          |
|    time_elapsed         | 49          |
|    total_timesteps      | 596992      |
| train/                  |             |
|    approx_kl            | 0.097083166 |
|    clip_fraction        | 0.404       |
|    clip_range           | 0.2         |
|    entropy_loss         | -13.8       |
|    explained_variance   | 0.764       |
|    learning_rate        | 0.0003      |
|    loss                 | 16.6        |
|    n_updates            | 5820        |
|    policy_gradient_loss | -0.0314     |
|    std                  | 1.25        |
|    value_loss           | 63.4        |
-----------------------------------------
---------------------------------------
| rollout/                |           |
|    ep_len_mean          | 69.2      |
|    ep_rew_mean          | 14        |
|    success_rate         | 0         |
| time/                   |           |
|    fps                  | 1918      |
|    iterations           | 94        |
|    time_elapsed         | 50        |
|    total_timesteps      | 598016    |
| train/                  |           |
|    approx_kl            | 0.0335851 |
|    clip_fraction        | 0.382     |
|    clip_range           | 0.2       |
|    entropy_loss         | -13.8     |
|    explained_variance   | 0.504     |
|    learning_rate        | 0.0003    |
|    loss                 | 25.7      |
|    n_updates            | 5830      |
|    policy_gradient_loss | -0.0307   |
|    std                  | 1.25      |
|    value_loss           | 84.3      |
---------------------------------------
-----------------------------------------
| rollout/                |             |
|    ep_len_mean          | 75.6        |
|    ep_rew_mean          | 33.4        |
|    success_rate         | 0           |
| time/                   |             |
|    fps                  | 1918        |
|    iterations           | 95          |
|    time_elapsed         | 50          |
|    total_timesteps      | 599040      |
| train/                  |             |
|    approx_kl            | 0.060293503 |
|    clip_fraction        | 0.417       |
|    clip_range           | 0.2         |
|    entropy_loss         | -13.9       |
|    explained_variance   | 0.616       |
|    learning_rate        | 0.0003      |
|    loss                 | 12.8        |
|    n_updates            | 5840        |
|    policy_gradient_loss | -0.0187     |
|    std                  | 1.26        |
|    value_loss           | 39.4        |
-----------------------------------------
-----------------------------------------
| rollout/                |             |
|    ep_len_mean          | 75          |
|    ep_rew_mean          | 31.4        |
|    success_rate         | 0           |
| time/                   |             |
|    fps                  | 1918        |
|    iterations           | 96          |
|    time_elapsed         | 51          |
|    total_timesteps      | 600064      |
| train/                  |             |
|    approx_kl            | 0.048546355 |
|    clip_fraction        | 0.4         |
|    clip_range           | 0.2         |
|    entropy_loss         | -13.9       |
|    explained_variance   | 0.666       |
|    learning_rate        | 0.0003      |
|    loss                 | 36.6        |
|    n_updates            | 5850        |
|    policy_gradient_loss | -0.0292     |
|    std                  | 1.26        |
|    value_loss           | 104         |
-----------------------------------------
-----------------------------------------
| rollout/                |             |
|    ep_len_mean          | 80.5        |
|    ep_rew_mean          | 39.5        |
|    success_rate         | 0           |
| time/                   |             |
|    fps                  | 1918        |
|    iterations           | 97          |
|    time_elapsed         | 51          |
|    total_timesteps      | 601088      |
| train/                  |             |
|    approx_kl            | 0.036951333 |
|    clip_fraction        | 0.34        |
|    clip_range           | 0.2         |
|    entropy_loss         | -13.9       |
|    explained_variance   | 0.63        |
|    learning_rate        | 0.0003      |
|    loss                 | 14.4        |
|    n_updates            | 5860        |
|    policy_gradient_loss | -0.0342     |
|    std                  | 1.27        |
|    value_loss           | 63          |
-----------------------------------------
----------------------------------------
| rollout/                |            |
|    ep_len_mean          | 83         |
|    ep_rew_mean          | 39.6       |
|    success_rate         | 0          |
| time/                   |            |
|    fps                  | 1918       |
|    iterations           | 98         |
|    time_elapsed         | 52         |
|    total_timesteps      | 602112     |
| train/                  |            |
|    approx_kl            | 0.09071933 |
|    clip_fraction        | 0.507      |
|    clip_range           | 0.2        |
|    entropy_loss         | -13.9      |
|    explained_variance   | 0.752      |
|    learning_rate        | 0.0003     |
|    loss                 | 15.6       |
|    n_updates            | 5870       |
|    policy_gradient_loss | -0.00571   |
|    std                  | 1.26       |
|    value_loss           | 42.7       |
----------------------------------------
----------------------------------------
| rollout/                |            |
|    ep_len_mean          | 84.9       |
|    ep_rew_mean          | 43         |
|    success_rate         | 0          |
| time/                   |            |
|    fps                  | 1918       |
|    iterations           | 99         |
|    time_elapsed         | 52         |
|    total_timesteps      | 603136     |
| train/                  |            |
|    approx_kl            | 0.11408206 |
|    clip_fraction        | 0.478      |
|    clip_range           | 0.2        |
|    entropy_loss         | -13.9      |
|    explained_variance   | 0.856      |
|    learning_rate        | 0.0003     |
|    loss                 | 9.06       |
|    n_updates            | 5880       |
|    policy_gradient_loss | -0.0173    |
|    std                  | 1.27       |
|    value_loss           | 26         |
----------------------------------------
----------------------------------------
| rollout/                |            |
|    ep_len_mean          | 95.5       |
|    ep_rew_mean          | 51.9       |
|    success_rate         | 0          |
| time/                   |            |
|    fps                  | 1918       |
|    iterations           | 100        |
|    time_elapsed         | 53         |
|    total_timesteps      | 604160     |
| train/                  |            |
|    approx_kl            | 0.04631281 |
|    clip_fraction        | 0.453      |
|    clip_range           | 0.2        |
|    entropy_loss         | -13.9      |
|    explained_variance   | 0.686      |
|    learning_rate        | 0.0003     |
|    loss                 | 8.66       |
|    n_updates            | 5890       |
|    policy_gradient_loss | -0.0209    |
|    std                  | 1.27       |
|    value_loss           | 37.8       |
----------------------------------------
----------------------------------------
| rollout/                |            |
|    ep_len_mean          | 99.8       |
|    ep_rew_mean          | 56.4       |
|    success_rate         | 0          |
| time/                   |            |
|    fps                  | 1918       |
|    iterations           | 101        |
|    time_elapsed         | 53         |
|    total_timesteps      | 605184     |
| train/                  |            |
|    approx_kl            | 0.11601926 |
|    clip_fraction        | 0.446      |
|    clip_range           | 0.2        |
|    entropy_loss         | -13.9      |
|    explained_variance   | 0.848      |
|    learning_rate        | 0.0003     |
|    loss                 | 2.89       |
|    n_updates            | 5900       |
|    policy_gradient_loss | -0.0345    |
|    std                  | 1.27       |
|    value_loss           | 14.1       |
----------------------------------------
-----------------------------------------
| rollout/                |             |
|    ep_len_mean          | 105         |
|    ep_rew_mean          | 60.6        |
|    success_rate         | 0           |
| time/                   |             |
|    fps                  | 1919        |
|    iterations           | 102         |
|    time_elapsed         | 54          |
|    total_timesteps      | 606208      |
| train/                  |             |
|    approx_kl            | 0.026395388 |
|    clip_fraction        | 0.392       |
|    clip_range           | 0.2         |
|    entropy_loss         | -14         |
|    explained_variance   | 0.598       |
|    learning_rate        | 0.0003      |
|    loss                 | 35.5        |
|    n_updates            | 5910        |
|    policy_gradient_loss | -0.0309     |
|    std                  | 1.28        |
|    value_loss           | 82.7        |
-----------------------------------------
-----------------------------------------
| rollout/                |             |
|    ep_len_mean          | 106         |
|    ep_rew_mean          | 61.6        |
|    success_rate         | 0           |
| time/                   |             |
|    fps                  | 1918        |
|    iterations           | 103         |
|    time_elapsed         | 54          |
|    total_timesteps      | 607232      |
| train/                  |             |
|    approx_kl            | 0.029773857 |
|    clip_fraction        | 0.299       |
|    clip_range           | 0.2         |
|    entropy_loss         | -14         |
|    explained_variance   | 0.669       |
|    learning_rate        | 0.0003      |
|    loss                 | 9.68        |
|    n_updates            | 5920        |
|    policy_gradient_loss | -0.0379     |
|    std                  | 1.28        |
|    value_loss           | 40.3        |
-----------------------------------------
WARNING: Nan, Inf or huge value in QACC at DOF 12. The simulation is unstable. Time = 0.0320.

----------------------------------------
| rollout/                |            |
|    ep_len_mean          | 102        |
|    ep_rew_mean          | 57.7       |
|    success_rate         | 0          |
| time/                   |            |
|    fps                  | 1919       |
|    iterations           | 104        |
|    time_elapsed         | 55         |
|    total_timesteps      | 608256     |
| train/                  |            |
|    approx_kl            | 0.04138249 |
|    clip_fraction        | 0.371      |
|    clip_range           | 0.2        |
|    entropy_loss         | -14        |
|    explained_variance   | 0.64       |
|    learning_rate        | 0.0003     |
|    loss                 | 8.25       |
|    n_updates            | 5930       |
|    policy_gradient_loss | -0.0316    |
|    std                  | 1.28       |
|    value_loss           | 50.1       |
----------------------------------------
-----------------------------------------
| rollout/                |             |
|    ep_len_mean          | 104         |
|    ep_rew_mean          | 60.5        |
|    success_rate         | 0           |
| time/                   |             |
|    fps                  | 1919        |
|    iterations           | 105         |
|    time_elapsed         | 56          |
|    total_timesteps      | 609280      |
| train/                  |             |
|    approx_kl            | 0.030008323 |
|    clip_fraction        | 0.228       |
|    clip_range           | 0.2         |
|    entropy_loss         | -14         |
|    explained_variance   | 0.645       |
|    learning_rate        | 0.0003      |
|    loss                 | 17.2        |
|    n_updates            | 5940        |
|    policy_gradient_loss | -0.0373     |
|    std                  | 1.28        |
|    value_loss           | 84.9        |
-----------------------------------------
-----------------------------------------
| rollout/                |             |
|    ep_len_mean          | 104         |
|    ep_rew_mean          | 61.5        |
|    success_rate         | 0           |
| time/                   |             |
|    fps                  | 1919        |
|    iterations           | 106         |
|    time_elapsed         | 56          |
|    total_timesteps      | 610304      |
| train/                  |             |
|    approx_kl            | 0.032459956 |
|    clip_fraction        | 0.315       |
|    clip_range           | 0.2         |
|    entropy_loss         | -14         |
|    explained_variance   | 0.617       |
|    learning_rate        | 0.0003      |
|    loss                 | 24.4        |
|    n_updates            | 5950        |
|    policy_gradient_loss | -0.0435     |
|    std                  | 1.29        |
|    value_loss           | 73.8        |
-----------------------------------------
-----------------------------------------
| rollout/                |             |
|    ep_len_mean          | 108         |
|    ep_rew_mean          | 66.4        |
|    success_rate         | 0           |
| time/                   |             |
|    fps                  | 1919        |
|    iterations           | 107         |
|    time_elapsed         | 57          |
|    total_timesteps      | 611328      |
| train/                  |             |
|    approx_kl            | 0.030583708 |
|    clip_fraction        | 0.238       |
|    clip_range           | 0.2         |
|    entropy_loss         | -14         |
|    explained_variance   | 0.323       |
|    learning_rate        | 0.0003      |
|    loss                 | 16.5        |
|    n_updates            | 5960        |
|    policy_gradient_loss | -0.0377     |
|    std                  | 1.29        |
|    value_loss           | 99.2        |
-----------------------------------------
----------------------------------------
| rollout/                |            |
|    ep_len_mean          | 111        |
|    ep_rew_mean          | 68.9       |
|    success_rate         | 0          |
| time/                   |            |
|    fps                  | 1919       |
|    iterations           | 108        |
|    time_elapsed         | 57         |
|    total_timesteps      | 612352     |
| train/                  |            |
|    approx_kl            | 0.11265034 |
|    clip_fraction        | 0.402      |
|    clip_range           | 0.2        |
|    entropy_loss         | -14.1      |
|    explained_variance   | 0.902      |
|    learning_rate        | 0.0003     |
|    loss                 | 3.08       |
|    n_updates            | 5970       |
|    policy_gradient_loss | -0.0259    |
|    std                  | 1.3        |
|    value_loss           | 16.6       |
----------------------------------------
----------------------------------------
| rollout/                |            |
|    ep_len_mean          | 112        |
|    ep_rew_mean          | 73.5       |
|    success_rate         | 0          |
| time/                   |            |
|    fps                  | 1918       |
|    iterations           | 109        |
|    time_elapsed         | 58         |
|    total_timesteps      | 613376     |
| train/                  |            |
|    approx_kl            | 0.09856397 |
|    clip_fraction        | 0.478      |
|    clip_range           | 0.2        |
|    entropy_loss         | -14.1      |
|    explained_variance   | 0.885      |
|    learning_rate        | 0.0003     |
|    loss                 | 1.09       |
|    n_updates            | 5980       |
|    policy_gradient_loss | -0.0232    |
|    std                  | 1.3        |
|    value_loss           | 12.6       |
----------------------------------------
-----------------------------------------
| rollout/                |             |
|    ep_len_mean          | 114         |
|    ep_rew_mean          | 73.6        |
|    success_rate         | 0           |
| time/                   |             |
|    fps                  | 1918        |
|    iterations           | 110         |
|    time_elapsed         | 58          |
|    total_timesteps      | 614400      |
| train/                  |             |
|    approx_kl            | 0.025499087 |
|    clip_fraction        | 0.432       |
|    clip_range           | 0.2         |
|    entropy_loss         | -14.1       |
|    explained_variance   | 0.56        |
|    learning_rate        | 0.0003      |
|    loss                 | 24          |
|    n_updates            | 5990        |
|    policy_gradient_loss | -0.0222     |
|    std                  | 1.3         |
|    value_loss           | 74.4        |
-----------------------------------------
----------------------------------------
| rollout/                |            |
|    ep_len_mean          | 104        |
|    ep_rew_mean          | 63.8       |
|    success_rate         | 0          |
| time/                   |            |
|    fps                  | 1918       |
|    iterations           | 111        |
|    time_elapsed         | 59         |
|    total_timesteps      | 615424     |
| train/                  |            |
|    approx_kl            | 0.02873896 |
|    clip_fraction        | 0.315      |
|    clip_range           | 0.2        |
|    entropy_loss         | -14.1      |
|    explained_variance   | 0.72       |
|    learning_rate        | 0.0003     |
|    loss                 | 22.3       |
|    n_updates            | 6000       |
|    policy_gradient_loss | -0.0363    |
|    std                  | 1.3        |
|    value_loss           | 65.4       |
----------------------------------------
-----------------------------------------
| rollout/                |             |
|    ep_len_mean          | 107         |
|    ep_rew_mean          | 66.7        |
|    success_rate         | 0           |
| time/                   |             |
|    fps                  | 1918        |
|    iterations           | 112         |
|    time_elapsed         | 59          |
|    total_timesteps      | 616448      |
| train/                  |             |
|    approx_kl            | 0.034788392 |
|    clip_fraction        | 0.335       |
|    clip_range           | 0.2         |
|    entropy_loss         | -14.1       |
|    explained_variance   | 0.835       |
|    learning_rate        | 0.0003      |
|    loss                 | 13.4        |
|    n_updates            | 6010        |
|    policy_gradient_loss | -0.0439     |
|    std                  | 1.3         |
|    value_loss           | 53          |
-----------------------------------------
----------------------------------------
| rollout/                |            |
|    ep_len_mean          | 110        |
|    ep_rew_mean          | 71.4       |
|    success_rate         | 0          |
| time/                   |            |
|    fps                  | 1918       |
|    iterations           | 113        |
|    time_elapsed         | 60         |
|    total_timesteps      | 617472     |
| train/                  |            |
|    approx_kl            | 0.05683641 |
|    clip_fraction        | 0.35       |
|    clip_range           | 0.2        |
|    entropy_loss         | -14.1      |
|    explained_variance   | 0.843      |
|    learning_rate        | 0.0003     |
|    loss                 | 5.59       |
|    n_updates            | 6020       |
|    policy_gradient_loss | -0.0295    |
|    std                  | 1.3        |
|    value_loss           | 18.8       |
----------------------------------------
-----------------------------------------
| rollout/                |             |
|    ep_len_mean          | 117         |
|    ep_rew_mean          | 78.3        |
|    success_rate         | 0           |
| time/                   |             |
|    fps                  | 1918        |
|    iterations           | 114         |
|    time_elapsed         | 60          |
|    total_timesteps      | 618496      |
| train/                  |             |
|    approx_kl            | 0.046778314 |
|    clip_fraction        | 0.37        |
|    clip_range           | 0.2         |
|    entropy_loss         | -14.1       |
|    explained_variance   | 0.709       |
|    learning_rate        | 0.0003      |
|    loss                 | 14.7        |
|    n_updates            | 6030        |
|    policy_gradient_loss | -0.0303     |
|    std                  | 1.3         |
|    value_loss           | 38          |
-----------------------------------------
-----------------------------------------
| rollout/                |             |
|    ep_len_mean          | 120         |
|    ep_rew_mean          | 80.2        |
|    success_rate         | 0           |
| time/                   |             |
|    fps                  | 1918        |
|    iterations           | 115         |
|    time_elapsed         | 61          |
|    total_timesteps      | 619520      |
| train/                  |             |
|    approx_kl            | 0.031492777 |
|    clip_fraction        | 0.281       |
|    clip_range           | 0.2         |
|    entropy_loss         | -14.2       |
|    explained_variance   | 0.288       |
|    learning_rate        | 0.0003      |
|    loss                 | 13.2        |
|    n_updates            | 6040        |
|    policy_gradient_loss | -0.0373     |
|    std                  | 1.31        |
|    value_loss           | 72.4        |
-----------------------------------------
WARNING: Nan, Inf or huge value in QACC at DOF 12. The simulation is unstable. Time = 0.0320.

-----------------------------------------
| rollout/                |             |
|    ep_len_mean          | 125         |
|    ep_rew_mean          | 85.3        |
|    success_rate         | 0           |
| time/                   |             |
|    fps                  | 1918        |
|    iterations           | 116         |
|    time_elapsed         | 61          |
|    total_timesteps      | 620544      |
| train/                  |             |
|    approx_kl            | 0.123102605 |
|    clip_fraction        | 0.401       |
|    clip_range           | 0.2         |
|    entropy_loss         | -14.2       |
|    explained_variance   | 0.805       |
|    learning_rate        | 0.0003      |
|    loss                 | 2.26        |
|    n_updates            | 6050        |
|    policy_gradient_loss | -0.0144     |
|    std                  | 1.31        |
|    value_loss           | 21.3        |
-----------------------------------------
WARNING: Nan, Inf or huge value in QACC at DOF 12. The simulation is unstable. Time = 0.0300.

-----------------------------------------
| rollout/                |             |
|    ep_len_mean          | 121         |
|    ep_rew_mean          | 81.6        |
|    success_rate         | 0           |
| time/                   |             |
|    fps                  | 1919        |
|    iterations           | 117         |
|    time_elapsed         | 62          |
|    total_timesteps      | 621568      |
| train/                  |             |
|    approx_kl            | 0.032931123 |
|    clip_fraction        | 0.336       |
|    clip_range           | 0.2         |
|    entropy_loss         | -14.2       |
|    explained_variance   | 0.751       |
|    learning_rate        | 0.0003      |
|    loss                 | 24.5        |
|    n_updates            | 6060        |
|    policy_gradient_loss | -0.0386     |
|    std                  | 1.31        |
|    value_loss           | 48.3        |
-----------------------------------------
WARNING: Nan, Inf or huge value in QACC at DOF 12. The simulation is unstable. Time = 0.0320.

WARNING: Nan, Inf or huge value in QACC at DOF 12. The simulation is unstable. Time = 0.0320.

WARNING: Nan, Inf or huge value in QACC at DOF 12. The simulation is unstable. Time = 0.0340.

-----------------------------------------
| rollout/                |             |
|    ep_len_mean          | 106         |
|    ep_rew_mean          | 51.2        |
|    success_rate         | 0           |
| time/                   |             |
|    fps                  | 1918        |
|    iterations           | 118         |
|    time_elapsed         | 62          |
|    total_timesteps      | 622592      |
| train/                  |             |
|    approx_kl            | 0.030230545 |
|    clip_fraction        | 0.252       |
|    clip_range           | 0.2         |
|    entropy_loss         | -14.2       |
|    explained_variance   | 0.714       |
|    learning_rate        | 0.0003      |
|    loss                 | 10.5        |
|    n_updates            | 6070        |
|    policy_gradient_loss | -0.0363     |
|    std                  | 1.31        |
|    value_loss           | 66.6        |
-----------------------------------------
------------------------------------------
| rollout/                |              |
|    ep_len_mean          | 104          |
|    ep_rew_mean          | 47.3         |
|    success_rate         | 0            |
| time/                   |              |
|    fps                  | 1918         |
|    iterations           | 119          |
|    time_elapsed         | 63           |
|    total_timesteps      | 623616       |
| train/                  |              |
|    approx_kl            | 0.0088995695 |
|    clip_fraction        | 0.17         |
|    clip_range           | 0.2          |
|    entropy_loss         | -14.2        |
|    explained_variance   | 0.465        |
|    learning_rate        | 0.0003       |
|    loss                 | 2.68e+03     |
|    n_updates            | 6080         |
|    policy_gradient_loss | -0.0116      |
|    std                  | 1.31         |
|    value_loss           | 4.71e+03     |
------------------------------------------
----------------------------------------
| rollout/                |            |
|    ep_len_mean          | 88.5       |
|    ep_rew_mean          | 36.1       |
|    success_rate         | 0          |
| time/                   |            |
|    fps                  | 1918       |
|    iterations           | 120        |
|    time_elapsed         | 64         |
|    total_timesteps      | 624640     |
| train/                  |            |
|    approx_kl            | 0.02869972 |
|    clip_fraction        | 0.274      |
|    clip_range           | 0.2        |
|    entropy_loss         | -14.2      |
|    explained_variance   | 0.582      |
|    learning_rate        | 0.0003     |
|    loss                 | 30.1       |
|    n_updates            | 6090       |
|    policy_gradient_loss | -0.0422    |
|    std                  | 1.31       |
|    value_loss           | 76.1       |
----------------------------------------
WARNING: Nan, Inf or huge value in QACC at DOF 12. The simulation is unstable. Time = 0.0300.

----------------------------------------
| rollout/                |            |
|    ep_len_mean          | 85.3       |
|    ep_rew_mean          | 30.9       |
|    success_rate         | 0          |
| time/                   |            |
|    fps                  | 1918       |
|    iterations           | 121        |
|    time_elapsed         | 64         |
|    total_timesteps      | 625664     |
| train/                  |            |
|    approx_kl            | 0.02916187 |
|    clip_fraction        | 0.284      |
|    clip_range           | 0.2        |
|    entropy_loss         | -14.2      |
|    explained_variance   | 0.513      |
|    learning_rate        | 0.0003     |
|    loss                 | 38.6       |
|    n_updates            | 6100       |
|    policy_gradient_loss | -0.0438    |
|    std                  | 1.31       |
|    value_loss           | 114        |
----------------------------------------
WARNING: Nan, Inf or huge value in QACC at DOF 12. The simulation is unstable. Time = 0.0300.

----------------------------------------
| rollout/                |            |
|    ep_len_mean          | 78.1       |
|    ep_rew_mean          | 21.6       |
|    success_rate         | 0          |
| time/                   |            |
|    fps                  | 1918       |
|    iterations           | 122        |
|    time_elapsed         | 65         |
|    total_timesteps      | 626688     |
| train/                  |            |
|    approx_kl            | 0.04103251 |
|    clip_fraction        | 0.32       |
|    clip_range           | 0.2        |
|    entropy_loss         | -14.2      |
|    explained_variance   | 0.804      |
|    learning_rate        | 0.0003     |
|    loss                 | 26.4       |
|    n_updates            | 6110       |
|    policy_gradient_loss | -0.0432    |
|    std                  | 1.31       |
|    value_loss           | 86.9       |
----------------------------------------
WARNING: Nan, Inf or huge value in QACC at DOF 12. The simulation is unstable. Time = 0.0260.

-----------------------------------------
| rollout/                |             |
|    ep_len_mean          | 64.8        |
|    ep_rew_mean          | 11.7        |
|    success_rate         | 0           |
| time/                   |             |
|    fps                  | 1918        |
|    iterations           | 123         |
|    time_elapsed         | 65          |
|    total_timesteps      | 627712      |
| train/                  |             |
|    approx_kl            | 0.031870723 |
|    clip_fraction        | 0.254       |
|    clip_range           | 0.2         |
|    entropy_loss         | -14.2       |
|    explained_variance   | 0.736       |
|    learning_rate        | 0.0003      |
|    loss                 | 19.2        |
|    n_updates            | 6120        |
|    policy_gradient_loss | -0.0382     |
|    std                  | 1.31        |
|    value_loss           | 83.6        |
-----------------------------------------
-----------------------------------------
| rollout/                |             |
|    ep_len_mean          | 70.2        |
|    ep_rew_mean          | 13.3        |
|    success_rate         | 0           |
| time/                   |             |
|    fps                  | 1918        |
|    iterations           | 124         |
|    time_elapsed         | 66          |
|    total_timesteps      | 628736      |
| train/                  |             |
|    approx_kl            | 0.047205538 |
|    clip_fraction        | 0.303       |
|    clip_range           | 0.2         |
|    entropy_loss         | -14.2       |
|    explained_variance   | 0.617       |
|    learning_rate        | 0.0003      |
|    loss                 | 28.8        |
|    n_updates            | 6130        |
|    policy_gradient_loss | -0.0345     |
|    std                  | 1.31        |
|    value_loss           | 77.9        |
-----------------------------------------
----------------------------------------
| rollout/                |            |
|    ep_len_mean          | 77.2       |
|    ep_rew_mean          | 18.1       |
|    success_rate         | 0          |
| time/                   |            |
|    fps                  | 1918       |
|    iterations           | 125        |
|    time_elapsed         | 66         |
|    total_timesteps      | 629760     |
| train/                  |            |
|    approx_kl            | 0.09727472 |
|    clip_fraction        | 0.365      |
|    clip_range           | 0.2        |
|    entropy_loss         | -14.2      |
|    explained_variance   | 0.894      |
|    learning_rate        | 0.0003     |
|    loss                 | 2.02       |
|    n_updates            | 6140       |
|    policy_gradient_loss | -0.0263    |
|    std                  | 1.32       |
|    value_loss           | 14.3       |
----------------------------------------
---------------------------------------
| rollout/                |           |
|    ep_len_mean          | 84        |
|    ep_rew_mean          | 40.3      |
|    success_rate         | 0         |
| time/                   |           |
|    fps                  | 1918      |
|    iterations           | 126       |
|    time_elapsed         | 67        |
|    total_timesteps      | 630784    |
| train/                  |           |
|    approx_kl            | 0.0518742 |
|    clip_fraction        | 0.392     |
|    clip_range           | 0.2       |
|    entropy_loss         | -14.3     |
|    explained_variance   | 0.729     |
|    learning_rate        | 0.0003    |
|    loss                 | 10.1      |
|    n_updates            | 6150      |
|    policy_gradient_loss | -0.0252   |
|    std                  | 1.32      |
|    value_loss           | 36.2      |
---------------------------------------
-----------------------------------------
| rollout/                |             |
|    ep_len_mean          | 80.8        |
|    ep_rew_mean          | 39.5        |
|    success_rate         | 0           |
| time/                   |             |
|    fps                  | 1918        |
|    iterations           | 127         |
|    time_elapsed         | 67          |
|    total_timesteps      | 631808      |
| train/                  |             |
|    approx_kl            | 0.029494548 |
|    clip_fraction        | 0.289       |
|    clip_range           | 0.2         |
|    entropy_loss         | -14.3       |
|    explained_variance   | 0.859       |
|    learning_rate        | 0.0003      |
|    loss                 | 18.8        |
|    n_updates            | 6160        |
|    policy_gradient_loss | -0.0396     |
|    std                  | 1.32        |
|    value_loss           | 69.8        |
-----------------------------------------
WARNING: Nan, Inf or huge value in QACC at DOF 12. The simulation is unstable. Time = 0.0320.

----------------------------------------
| rollout/                |            |
|    ep_len_mean          | 84.1       |
|    ep_rew_mean          | 42         |
|    success_rate         | 0          |
| time/                   |            |
|    fps                  | 1918       |
|    iterations           | 128        |
|    time_elapsed         | 68         |
|    total_timesteps      | 632832     |
| train/                  |            |
|    approx_kl            | 0.04290974 |
|    clip_fraction        | 0.33       |
|    clip_range           | 0.2        |
|    entropy_loss         | -14.3      |
|    explained_variance   | 0.78       |
|    learning_rate        | 0.0003     |
|    loss                 | 15.4       |
|    n_updates            | 6170       |
|    policy_gradient_loss | -0.0414    |
|    std                  | 1.32       |
|    value_loss           | 45.2       |
----------------------------------------
---------------------------------------
| rollout/                |           |
|    ep_len_mean          | 90.6      |
|    ep_rew_mean          | 48.7      |
|    success_rate         | 0         |
| time/                   |           |
|    fps                  | 1918      |
|    iterations           | 129       |
|    time_elapsed         | 68        |
|    total_timesteps      | 633856    |
| train/                  |           |
|    approx_kl            | 0.0373649 |
|    clip_fraction        | 0.354     |
|    clip_range           | 0.2       |
|    entropy_loss         | -14.3     |
|    explained_variance   | 0.816     |
|    learning_rate        | 0.0003    |
|    loss                 | 26.6      |
|    n_updates            | 6180      |
|    policy_gradient_loss | -0.0345   |
|    std                  | 1.32      |
|    value_loss           | 54.6      |
---------------------------------------
WARNING: Nan, Inf or huge value in QACC at DOF 12. The simulation is unstable. Time = 0.0320.

----------------------------------------
| rollout/                |            |
|    ep_len_mean          | 90.3       |
|    ep_rew_mean          | 49.1       |
|    success_rate         | 0          |
| time/                   |            |
|    fps                  | 1918       |
|    iterations           | 130        |
|    time_elapsed         | 69         |
|    total_timesteps      | 634880     |
| train/                  |            |
|    approx_kl            | 0.04781298 |
|    clip_fraction        | 0.376      |
|    clip_range           | 0.2        |
|    entropy_loss         | -14.3      |
|    explained_variance   | 0.838      |
|    learning_rate        | 0.0003     |
|    loss                 | 14.5       |
|    n_updates            | 6190       |
|    policy_gradient_loss | -0.0285    |
|    std                  | 1.33       |
|    value_loss           | 29.4       |
----------------------------------------
-----------------------------------------
| rollout/                |             |
|    ep_len_mean          | 89.7        |
|    ep_rew_mean          | 52          |
|    success_rate         | 0           |
| time/                   |             |
|    fps                  | 1918        |
|    iterations           | 131         |
|    time_elapsed         | 69          |
|    total_timesteps      | 635904      |
| train/                  |             |
|    approx_kl            | 0.023340695 |
|    clip_fraction        | 0.298       |
|    clip_range           | 0.2         |
|    entropy_loss         | -14.3       |
|    explained_variance   | 0.662       |
|    learning_rate        | 0.0003      |
|    loss                 | 33.1        |
|    n_updates            | 6200        |
|    policy_gradient_loss | -0.0349     |
|    std                  | 1.33        |
|    value_loss           | 83.6        |
-----------------------------------------
WARNING: Nan, Inf or huge value in QACC at DOF 12. The simulation is unstable. Time = 0.0340.

-----------------------------------------
| rollout/                |             |
|    ep_len_mean          | 86.1        |
|    ep_rew_mean          | 48          |
|    success_rate         | 0           |
| time/                   |             |
|    fps                  | 1918        |
|    iterations           | 132         |
|    time_elapsed         | 70          |
|    total_timesteps      | 636928      |
| train/                  |             |
|    approx_kl            | 0.028465783 |
|    clip_fraction        | 0.335       |
|    clip_range           | 0.2         |
|    entropy_loss         | -14.3       |
|    explained_variance   | 0.794       |
|    learning_rate        | 0.0003      |
|    loss                 | 23.3        |
|    n_updates            | 6210        |
|    policy_gradient_loss | -0.0357     |
|    std                  | 1.33        |
|    value_loss           | 81.7        |
-----------------------------------------
---------------------------------------
| rollout/                |           |
|    ep_len_mean          | 81.7      |
|    ep_rew_mean          | 45.9      |
|    success_rate         | 0         |
| time/                   |           |
|    fps                  | 1918      |
|    iterations           | 133       |
|    time_elapsed         | 70        |
|    total_timesteps      | 637952    |
| train/                  |           |
|    approx_kl            | 0.0345552 |
|    clip_fraction        | 0.325     |
|    clip_range           | 0.2       |
|    entropy_loss         | -14.3     |
|    explained_variance   | 0.735     |
|    learning_rate        | 0.0003    |
|    loss                 | 31.7      |
|    n_updates            | 6220      |
|    policy_gradient_loss | -0.0523   |
|    std                  | 1.33      |
|    value_loss           | 96.1      |
---------------------------------------
----------------------------------------
| rollout/                |            |
|    ep_len_mean          | 77.2       |
|    ep_rew_mean          | 41.7       |
|    success_rate         | 0          |
| time/                   |            |
|    fps                  | 1918       |
|    iterations           | 134        |
|    time_elapsed         | 71         |
|    total_timesteps      | 638976     |
| train/                  |            |
|    approx_kl            | 0.02913839 |
|    clip_fraction        | 0.277      |
|    clip_range           | 0.2        |
|    entropy_loss         | -14.3      |
|    explained_variance   | 0.605      |
|    learning_rate        | 0.0003     |
|    loss                 | 18.2       |
|    n_updates            | 6230       |
|    policy_gradient_loss | -0.0464    |
|    std                  | 1.33       |
|    value_loss           | 70.2       |
----------------------------------------
WARNING: Nan, Inf or huge value in QACC at DOF 12. The simulation is unstable. Time = 0.0340.

-----------------------------------------
| rollout/                |             |
|    ep_len_mean          | 73.7        |
|    ep_rew_mean          | 38.9        |
|    success_rate         | 0           |
| time/                   |             |
|    fps                  | 1918        |
|    iterations           | 135         |
|    time_elapsed         | 72          |
|    total_timesteps      | 640000      |
| train/                  |             |
|    approx_kl            | 0.035613067 |
|    clip_fraction        | 0.3         |
|    clip_range           | 0.2         |
|    entropy_loss         | -14.3       |
|    explained_variance   | 0.746       |
|    learning_rate        | 0.0003      |
|    loss                 | 43.2        |
|    n_updates            | 6240        |
|    policy_gradient_loss | -0.035      |
|    std                  | 1.33        |
|    value_loss           | 79.8        |
-----------------------------------------
-----------------------------------------
| rollout/                |             |
|    ep_len_mean          | 66.2        |
|    ep_rew_mean          | 30.6        |
|    success_rate         | 0           |
| time/                   |             |
|    fps                  | 1919        |
|    iterations           | 136         |
|    time_elapsed         | 72          |
|    total_timesteps      | 641024      |
| train/                  |             |
|    approx_kl            | 0.035842367 |
|    clip_fraction        | 0.343       |
|    clip_range           | 0.2         |
|    entropy_loss         | -14.3       |
|    explained_variance   | 0.852       |
|    learning_rate        | 0.0003      |
|    loss                 | 14.7        |
|    n_updates            | 6250        |
|    policy_gradient_loss | -0.0456     |
|    std                  | 1.33        |
|    value_loss           | 51.6        |
-----------------------------------------
-----------------------------------------
| rollout/                |             |
|    ep_len_mean          | 75.4        |
|    ep_rew_mean          | 39          |
|    success_rate         | 0           |
| time/                   |             |
|    fps                  | 1919        |
|    iterations           | 137         |
|    time_elapsed         | 73          |
|    total_timesteps      | 642048      |
| train/                  |             |
|    approx_kl            | 0.038915753 |
|    clip_fraction        | 0.34        |
|    clip_range           | 0.2         |
|    entropy_loss         | -14.3       |
|    explained_variance   | 0.842       |
|    learning_rate        | 0.0003      |
|    loss                 | 14.1        |
|    n_updates            | 6260        |
|    policy_gradient_loss | -0.0412     |
|    std                  | 1.33        |
|    value_loss           | 31.5        |
-----------------------------------------
WARNING: Nan, Inf or huge value in QACC at DOF 12. The simulation is unstable. Time = 0.0320.

-----------------------------------------
| rollout/                |             |
|    ep_len_mean          | 72.4        |
|    ep_rew_mean          | 37.7        |
|    success_rate         | 0           |
| time/                   |             |
|    fps                  | 1919        |
|    iterations           | 138         |
|    time_elapsed         | 73          |
|    total_timesteps      | 643072      |
| train/                  |             |
|    approx_kl            | 0.032880895 |
|    clip_fraction        | 0.32        |
|    clip_range           | 0.2         |
|    entropy_loss         | -14.3       |
|    explained_variance   | 0.608       |
|    learning_rate        | 0.0003      |
|    loss                 | 39.3        |
|    n_updates            | 6270        |
|    policy_gradient_loss | -0.0365     |
|    std                  | 1.33        |
|    value_loss           | 70.2        |
-----------------------------------------
WARNING: Nan, Inf or huge value in QACC at DOF 12. The simulation is unstable. Time = 0.0300.

-----------------------------------------
| rollout/                |             |
|    ep_len_mean          | 79.2        |
|    ep_rew_mean          | 29.2        |
|    success_rate         | 0           |
| time/                   |             |
|    fps                  | 1919        |
|    iterations           | 139         |
|    time_elapsed         | 74          |
|    total_timesteps      | 644096      |
| train/                  |             |
|    approx_kl            | 0.030393708 |
|    clip_fraction        | 0.295       |
|    clip_range           | 0.2         |
|    entropy_loss         | -14.3       |
|    explained_variance   | 0.772       |
|    learning_rate        | 0.0003      |
|    loss                 | 10.2        |
|    n_updates            | 6280        |
|    policy_gradient_loss | -0.0394     |
|    std                  | 1.33        |
|    value_loss           | 54.2        |
-----------------------------------------
WARNING: Nan, Inf or huge value in QACC at DOF 12. The simulation is unstable. Time = 0.0320.

-----------------------------------------
| rollout/                |             |
|    ep_len_mean          | 81.7        |
|    ep_rew_mean          | 32.8        |
|    success_rate         | 0           |
| time/                   |             |
|    fps                  | 1919        |
|    iterations           | 140         |
|    time_elapsed         | 74          |
|    total_timesteps      | 645120      |
| train/                  |             |
|    approx_kl            | 0.010352739 |
|    clip_fraction        | 0.22        |
|    clip_range           | 0.2         |
|    entropy_loss         | -14.3       |
|    explained_variance   | 0.581       |
|    learning_rate        | 0.0003      |
|    loss                 | 1.84e+03    |
|    n_updates            | 6290        |
|    policy_gradient_loss | -0.0117     |
|    std                  | 1.33        |
|    value_loss           | 4.53e+03    |
-----------------------------------------
-----------------------------------------
| rollout/                |             |
|    ep_len_mean          | 86.2        |
|    ep_rew_mean          | 36.1        |
|    success_rate         | 0           |
| time/                   |             |
|    fps                  | 1919        |
|    iterations           | 141         |
|    time_elapsed         | 75          |
|    total_timesteps      | 646144      |
| train/                  |             |
|    approx_kl            | 0.030748412 |
|    clip_fraction        | 0.293       |
|    clip_range           | 0.2         |
|    entropy_loss         | -14.3       |
|    explained_variance   | 0.574       |
|    learning_rate        | 0.0003      |
|    loss                 | 12.8        |
|    n_updates            | 6300        |
|    policy_gradient_loss | -0.0356     |
|    std                  | 1.33        |
|    value_loss           | 124         |
-----------------------------------------
-----------------------------------------
| rollout/                |             |
|    ep_len_mean          | 89.5        |
|    ep_rew_mean          | 40          |
|    success_rate         | 0           |
| time/                   |             |
|    fps                  | 1919        |
|    iterations           | 142         |
|    time_elapsed         | 75          |
|    total_timesteps      | 647168      |
| train/                  |             |
|    approx_kl            | 0.027431235 |
|    clip_fraction        | 0.282       |
|    clip_range           | 0.2         |
|    entropy_loss         | -14.3       |
|    explained_variance   | 0.598       |
|    learning_rate        | 0.0003      |
|    loss                 | 44.4        |
|    n_updates            | 6310        |
|    policy_gradient_loss | -0.0434     |
|    std                  | 1.33        |
|    value_loss           | 120         |
-----------------------------------------
-----------------------------------------
| rollout/                |             |
|    ep_len_mean          | 94.7        |
|    ep_rew_mean          | 46.3        |
|    success_rate         | 0           |
| time/                   |             |
|    fps                  | 1920        |
|    iterations           | 143         |
|    time_elapsed         | 76          |
|    total_timesteps      | 648192      |
| train/                  |             |
|    approx_kl            | 0.033488482 |
|    clip_fraction        | 0.334       |
|    clip_range           | 0.2         |
|    entropy_loss         | -14.3       |
|    explained_variance   | 0.572       |
|    learning_rate        | 0.0003      |
|    loss                 | 32.9        |
|    n_updates            | 6320        |
|    policy_gradient_loss | -0.036      |
|    std                  | 1.34        |
|    value_loss           | 71.8        |
-----------------------------------------
-----------------------------------------
| rollout/                |             |
|    ep_len_mean          | 96.2        |
|    ep_rew_mean          | 47.3        |
|    success_rate         | 0           |
| time/                   |             |
|    fps                  | 1920        |
|    iterations           | 144         |
|    time_elapsed         | 76          |
|    total_timesteps      | 649216      |
| train/                  |             |
|    approx_kl            | 0.054898318 |
|    clip_fraction        | 0.384       |
|    clip_range           | 0.2         |
|    entropy_loss         | -14.3       |
|    explained_variance   | 0.8         |
|    learning_rate        | 0.0003      |
|    loss                 | 7.09        |
|    n_updates            | 6330        |
|    policy_gradient_loss | -0.0429     |
|    std                  | 1.33        |
|    value_loss           | 37.4        |
-----------------------------------------
WARNING: Nan, Inf or huge value in QACC at DOF 12. The simulation is unstable. Time = 0.0320.

----------------------------------------
| rollout/                |            |
|    ep_len_mean          | 104        |
|    ep_rew_mean          | 43.1       |
|    success_rate         | 0          |
| time/                   |            |
|    fps                  | 1920       |
|    iterations           | 145        |
|    time_elapsed         | 77         |
|    total_timesteps      | 650240     |
| train/                  |            |
|    approx_kl            | 0.05537777 |
|    clip_fraction        | 0.341      |
|    clip_range           | 0.2        |
|    entropy_loss         | -14.3      |
|    explained_variance   | 0.634      |
|    learning_rate        | 0.0003     |
|    loss                 | 13.4       |
|    n_updates            | 6340       |
|    policy_gradient_loss | -0.0412    |
|    std                  | 1.33       |
|    value_loss           | 72.5       |
----------------------------------------
-----------------------------------------
| rollout/                |             |
|    ep_len_mean          | 104         |
|    ep_rew_mean          | 46.6        |
|    success_rate         | 0           |
| time/                   |             |
|    fps                  | 1920        |
|    iterations           | 146         |
|    time_elapsed         | 77          |
|    total_timesteps      | 651264      |
| train/                  |             |
|    approx_kl            | 0.014014995 |
|    clip_fraction        | 0.241       |
|    clip_range           | 0.2         |
|    entropy_loss         | -14.3       |
|    explained_variance   | 0.678       |
|    learning_rate        | 0.0003      |
|    loss                 | 2.7e+03     |
|    n_updates            | 6350        |
|    policy_gradient_loss | -0.0212     |
|    std                  | 1.33        |
|    value_loss           | 2.97e+03    |
-----------------------------------------
-----------------------------------------
| rollout/                |             |
|    ep_len_mean          | 113         |
|    ep_rew_mean          | 52.2        |
|    success_rate         | 0           |
| time/                   |             |
|    fps                  | 1920        |
|    iterations           | 147         |
|    time_elapsed         | 78          |
|    total_timesteps      | 652288      |
| train/                  |             |
|    approx_kl            | 0.030153211 |
|    clip_fraction        | 0.326       |
|    clip_range           | 0.2         |
|    entropy_loss         | -14.3       |
|    explained_variance   | 0.701       |
|    learning_rate        | 0.0003      |
|    loss                 | 15.7        |
|    n_updates            | 6360        |
|    policy_gradient_loss | -0.0445     |
|    std                  | 1.33        |
|    value_loss           | 92.7        |
-----------------------------------------

=== tuned train stage=1 steps=150000 ent_coef=0.01 lr=None resume=/Users/youpeixing/ws/allegro_rod_mvp/checkpoints/stage1/final_model.zip ===

=== tuned train stage=1 steps=150000 ent_coef=0.01 lr=0.0001 resume=/Users/youpeixing/ws/allegro_rod_mvp/checkpoints/stage1/final_model.zip ===
