
=== /Users/youpeixing/ws/allegro_rod_mvp/.venv/bin/python /Users/youpeixing/ws/allegro_rod_mvp/scripts/train.py --stage 2 --steps 400000 --resume /Users/youpeixing/ws/allegro_rod_mvp/checkpoints/stage1/final_model.zip ===
Logging to checkpoints/stage0/tb/PPO_1
---------------------------------
| rollout/           |          |
|    ep_len_mean     | 74.3     |
|    ep_rew_mean     | 18.7     |
|    success_rate    | 0        |
| time/              |          |
|    fps             | 2403     |
|    iterations      | 1        |
|    time_elapsed    | 0        |
|    total_timesteps | 954368   |
---------------------------------
----------------------------------------
| rollout/                |            |
|    ep_len_mean          | 77.4       |
|    ep_rew_mean          | 1.53       |
|    success_rate         | 0          |
| time/                   |            |
|    fps                  | 1928       |
|    iterations           | 2          |
|    time_elapsed         | 1          |
|    total_timesteps      | 955392     |
| train/                  |            |
|    approx_kl            | 0.00863708 |
|    clip_fraction        | 0.0861     |
|    clip_range           | 0.2        |
|    entropy_loss         | -16.2      |
|    explained_variance   | 0.633      |
|    learning_rate        | 0.0001     |
|    loss                 | 318        |
|    n_updates            | 9320       |
|    policy_gradient_loss | -0.0155    |
|    std                  | 1.78       |
|    value_loss           | 947        |
----------------------------------------
------------------------------------------
| rollout/                |              |
|    ep_len_mean          | 79.5         |
|    ep_rew_mean          | -15.5        |
|    success_rate         | 0            |
| time/                   |              |
|    fps                  | 1925         |
|    iterations           | 3            |
|    time_elapsed         | 1            |
|    total_timesteps      | 956416       |
| train/                  |              |
|    approx_kl            | 0.0111169545 |
|    clip_fraction        | 0.0899       |
|    clip_range           | 0.2          |
|    entropy_loss         | -16.2        |
|    explained_variance   | 0.32         |
|    learning_rate        | 0.0001       |
|    loss                 | 252          |
|    n_updates            | 9330         |
|    policy_gradient_loss | -0.0307      |
|    std                  | 1.78         |
|    value_loss           | 573          |
------------------------------------------
-----------------------------------------
| rollout/                |             |
|    ep_len_mean          | 88.8        |
|    ep_rew_mean          | -19.8       |
|    success_rate         | 0           |
| time/                   |             |
|    fps                  | 1927        |
|    iterations           | 4           |
|    time_elapsed         | 2           |
|    total_timesteps      | 957440      |
| train/                  |             |
|    approx_kl            | 0.010563891 |
|    clip_fraction        | 0.109       |
|    clip_range           | 0.2         |
|    entropy_loss         | -16.2       |
|    explained_variance   | 0.367       |
|    learning_rate        | 0.0001      |
|    loss                 | 408         |
|    n_updates            | 9340        |
|    policy_gradient_loss | -0.0314     |
|    std                  | 1.78        |
|    value_loss           | 925         |
-----------------------------------------
-----------------------------------------
| rollout/                |             |
|    ep_len_mean          | 93.2        |
|    ep_rew_mean          | -26.2       |
|    success_rate         | 0           |
| time/                   |             |
|    fps                  | 1926        |
|    iterations           | 5           |
|    time_elapsed         | 2           |
|    total_timesteps      | 958464      |
| train/                  |             |
|    approx_kl            | 0.013709538 |
|    clip_fraction        | 0.126       |
|    clip_range           | 0.2         |
|    entropy_loss         | -16.2       |
|    explained_variance   | 0.796       |
|    learning_rate        | 0.0001      |
|    loss                 | 88          |
|    n_updates            | 9350        |
|    policy_gradient_loss | -0.0357     |
|    std                  | 1.78        |
|    value_loss           | 238         |
-----------------------------------------
-----------------------------------------
| rollout/                |             |
|    ep_len_mean          | 96          |
|    ep_rew_mean          | -72.9       |
|    success_rate         | 0           |
| time/                   |             |
|    fps                  | 1925        |
|    iterations           | 6           |
|    time_elapsed         | 3           |
|    total_timesteps      | 959488      |
| train/                  |             |
|    approx_kl            | 0.014916727 |
|    clip_fraction        | 0.161       |
|    clip_range           | 0.2         |
|    entropy_loss         | -16.2       |
|    explained_variance   | 0.776       |
|    learning_rate        | 0.0001      |
|    loss                 | 72.2        |
|    n_updates            | 9360        |
|    policy_gradient_loss | -0.0413     |
|    std                  | 1.78        |
|    value_loss           | 199         |
-----------------------------------------
----------------------------------------
| rollout/                |            |
|    ep_len_mean          | 102        |
|    ep_rew_mean          | -77        |
|    success_rate         | 0          |
| time/                   |            |
|    fps                  | 1925       |
|    iterations           | 7          |
|    time_elapsed         | 3          |
|    total_timesteps      | 960512     |
| train/                  |            |
|    approx_kl            | 0.00637669 |
|    clip_fraction        | 0.0335     |
|    clip_range           | 0.2        |
|    entropy_loss         | -16.2      |
|    explained_variance   | 0.633      |
|    learning_rate        | 0.0001     |
|    loss                 | 2.04e+03   |
|    n_updates            | 9370       |
|    policy_gradient_loss | -0.0117    |
|    std                  | 1.78       |
|    value_loss           | 4.82e+03   |
----------------------------------------
----------------------------------------
| rollout/                |            |
|    ep_len_mean          | 107        |
|    ep_rew_mean          | -85.6      |
|    success_rate         | 0          |
| time/                   |            |
|    fps                  | 1924       |
|    iterations           | 8          |
|    time_elapsed         | 4          |
|    total_timesteps      | 961536     |
| train/                  |            |
|    approx_kl            | 0.01298405 |
|    clip_fraction        | 0.144      |
|    clip_range           | 0.2        |
|    entropy_loss         | -16.2      |
|    explained_variance   | 0.517      |
|    learning_rate        | 0.0001     |
|    loss                 | 199        |
|    n_updates            | 9380       |
|    policy_gradient_loss | -0.0351    |
|    std                  | 1.78       |
|    value_loss           | 349        |
----------------------------------------
------------------------------------------
| rollout/                |              |
|    ep_len_mean          | 111          |
|    ep_rew_mean          | -93.4        |
|    success_rate         | 0            |
| time/                   |              |
|    fps                  | 1923         |
|    iterations           | 9            |
|    time_elapsed         | 4            |
|    total_timesteps      | 962560       |
| train/                  |              |
|    approx_kl            | 0.0100666145 |
|    clip_fraction        | 0.0905       |
|    clip_range           | 0.2          |
|    entropy_loss         | -16.2        |
|    explained_variance   | 0.731        |
|    learning_rate        | 0.0001       |
|    loss                 | 211          |
|    n_updates            | 9390         |
|    policy_gradient_loss | -0.0303      |
|    std                  | 1.78         |
|    value_loss           | 709          |
------------------------------------------
-----------------------------------------
| rollout/                |             |
|    ep_len_mean          | 117         |
|    ep_rew_mean          | -110        |
|    success_rate         | 0           |
| time/                   |             |
|    fps                  | 1910        |
|    iterations           | 10          |
|    time_elapsed         | 5           |
|    total_timesteps      | 963584      |
| train/                  |             |
|    approx_kl            | 0.011419103 |
|    clip_fraction        | 0.123       |
|    clip_range           | 0.2         |
|    entropy_loss         | -16.2       |
|    explained_variance   | 0.539       |
|    learning_rate        | 0.0001      |
|    loss                 | 219         |
|    n_updates            | 9400        |
|    policy_gradient_loss | -0.0379     |
|    std                  | 1.78        |
|    value_loss           | 529         |
-----------------------------------------
-----------------------------------------
| rollout/                |             |
|    ep_len_mean          | 121         |
|    ep_rew_mean          | -126        |
|    success_rate         | 0           |
| time/                   |             |
|    fps                  | 1913        |
|    iterations           | 11          |
|    time_elapsed         | 5           |
|    total_timesteps      | 964608      |
| train/                  |             |
|    approx_kl            | 0.011382596 |
|    clip_fraction        | 0.101       |
|    clip_range           | 0.2         |
|    entropy_loss         | -16.2       |
|    explained_variance   | 0.65        |
|    learning_rate        | 0.0001      |
|    loss                 | 192         |
|    n_updates            | 9410        |
|    policy_gradient_loss | -0.0334     |
|    std                  | 1.78        |
|    value_loss           | 603         |
-----------------------------------------
-----------------------------------------
| rollout/                |             |
|    ep_len_mean          | 130         |
|    ep_rew_mean          | -135        |
|    success_rate         | 0           |
| time/                   |             |
|    fps                  | 1910        |
|    iterations           | 12          |
|    time_elapsed         | 6           |
|    total_timesteps      | 965632      |
| train/                  |             |
|    approx_kl            | 0.008998239 |
|    clip_fraction        | 0.0742      |
|    clip_range           | 0.2         |
|    entropy_loss         | -16.2       |
|    explained_variance   | 0.582       |
|    learning_rate        | 0.0001      |
|    loss                 | 248         |
|    n_updates            | 9420        |
|    policy_gradient_loss | -0.0278     |
|    std                  | 1.78        |
|    value_loss           | 1.1e+03     |
-----------------------------------------
-----------------------------------------
| rollout/                |             |
|    ep_len_mean          | 134         |
|    ep_rew_mean          | -152        |
|    success_rate         | 0           |
| time/                   |             |
|    fps                  | 1906        |
|    iterations           | 13          |
|    time_elapsed         | 6           |
|    total_timesteps      | 966656      |
| train/                  |             |
|    approx_kl            | 0.014365617 |
|    clip_fraction        | 0.103       |
|    clip_range           | 0.2         |
|    entropy_loss         | -16.2       |
|    explained_variance   | 0.751       |
|    learning_rate        | 0.0001      |
|    loss                 | 94.9        |
|    n_updates            | 9430        |
|    policy_gradient_loss | -0.0331     |
|    std                  | 1.78        |
|    value_loss           | 448         |
-----------------------------------------
-----------------------------------------
| rollout/                |             |
|    ep_len_mean          | 130         |
|    ep_rew_mean          | -137        |
|    success_rate         | 0           |
| time/                   |             |
|    fps                  | 1908        |
|    iterations           | 14          |
|    time_elapsed         | 7           |
|    total_timesteps      | 967680      |
| train/                  |             |
|    approx_kl            | 0.013123134 |
|    clip_fraction        | 0.141       |
|    clip_range           | 0.2         |
|    entropy_loss         | -16.2       |
|    explained_variance   | 0.871       |
|    learning_rate        | 0.0001      |
|    loss                 | 135         |
|    n_updates            | 9440        |
|    policy_gradient_loss | -0.0402     |
|    std                  | 1.78        |
|    value_loss           | 373         |
-----------------------------------------
-----------------------------------------
| rollout/                |             |
|    ep_len_mean          | 136         |
|    ep_rew_mean          | -134        |
|    success_rate         | 0           |
| time/                   |             |
|    fps                  | 1897        |
|    iterations           | 15          |
|    time_elapsed         | 8           |
|    total_timesteps      | 968704      |
| train/                  |             |
|    approx_kl            | 0.014111279 |
|    clip_fraction        | 0.128       |
|    clip_range           | 0.2         |
|    entropy_loss         | -16.2       |
|    explained_variance   | 0.699       |
|    learning_rate        | 0.0001      |
|    loss                 | 90          |
|    n_updates            | 9450        |
|    policy_gradient_loss | -0.0308     |
|    std                  | 1.78        |
|    value_loss           | 358         |
-----------------------------------------
-----------------------------------------
| rollout/                |             |
|    ep_len_mean          | 137         |
|    ep_rew_mean          | -128        |
|    success_rate         | 0           |
| time/                   |             |
|    fps                  | 1886        |
|    iterations           | 16          |
|    time_elapsed         | 8           |
|    total_timesteps      | 969728      |
| train/                  |             |
|    approx_kl            | 0.010367697 |
|    clip_fraction        | 0.0778      |
|    clip_range           | 0.2         |
|    entropy_loss         | -16.2       |
|    explained_variance   | 0.38        |
|    learning_rate        | 0.0001      |
|    loss                 | 265         |
|    n_updates            | 9460        |
|    policy_gradient_loss | -0.0287     |
|    std                  | 1.78        |
|    value_loss           | 661         |
-----------------------------------------
-----------------------------------------
| rollout/                |             |
|    ep_len_mean          | 138         |
|    ep_rew_mean          | -126        |
|    success_rate         | 0           |
| time/                   |             |
|    fps                  | 1887        |
|    iterations           | 17          |
|    time_elapsed         | 9           |
|    total_timesteps      | 970752      |
| train/                  |             |
|    approx_kl            | 0.015151665 |
|    clip_fraction        | 0.163       |
|    clip_range           | 0.2         |
|    entropy_loss         | -16.2       |
|    explained_variance   | 0.702       |
|    learning_rate        | 0.0001      |
|    loss                 | 219         |
|    n_updates            | 9470        |
|    policy_gradient_loss | -0.0416     |
|    std                  | 1.78        |
|    value_loss           | 523         |
-----------------------------------------
-----------------------------------------
| rollout/                |             |
|    ep_len_mean          | 135         |
|    ep_rew_mean          | -139        |
|    success_rate         | 0           |
| time/                   |             |
|    fps                  | 1887        |
|    iterations           | 18          |
|    time_elapsed         | 9           |
|    total_timesteps      | 971776      |
| train/                  |             |
|    approx_kl            | 0.016130356 |
|    clip_fraction        | 0.13        |
|    clip_range           | 0.2         |
|    entropy_loss         | -16.2       |
|    explained_variance   | 0.894       |
|    learning_rate        | 0.0001      |
|    loss                 | 41.2        |
|    n_updates            | 9480        |
|    policy_gradient_loss | -0.0387     |
|    std                  | 1.79        |
|    value_loss           | 167         |
-----------------------------------------
-----------------------------------------
| rollout/                |             |
|    ep_len_mean          | 135         |
|    ep_rew_mean          | -107        |
|    success_rate         | 0           |
| time/                   |             |
|    fps                  | 1890        |
|    iterations           | 19          |
|    time_elapsed         | 10          |
|    total_timesteps      | 972800      |
| train/                  |             |
|    approx_kl            | 0.010677205 |
|    clip_fraction        | 0.0999      |
|    clip_range           | 0.2         |
|    entropy_loss         | -16.2       |
|    explained_variance   | 0.733       |
|    learning_rate        | 0.0001      |
|    loss                 | 551         |
|    n_updates            | 9490        |
|    policy_gradient_loss | -0.0246     |
|    std                  | 1.79        |
|    value_loss           | 1.67e+03    |
-----------------------------------------
----------------------------------------
| rollout/                |            |
|    ep_len_mean          | 134        |
|    ep_rew_mean          | -114       |
|    success_rate         | 0          |
| time/                   |            |
|    fps                  | 1893       |
|    iterations           | 20         |
|    time_elapsed         | 10         |
|    total_timesteps      | 973824     |
| train/                  |            |
|    approx_kl            | 0.00868425 |
|    clip_fraction        | 0.069      |
|    clip_range           | 0.2        |
|    entropy_loss         | -16.2      |
|    explained_variance   | 0.754      |
|    learning_rate        | 0.0001     |
|    loss                 | 274        |
|    n_updates            | 9500       |
|    policy_gradient_loss | -0.0256    |
|    std                  | 1.79       |
|    value_loss           | 626        |
----------------------------------------
-----------------------------------------
| rollout/                |             |
|    ep_len_mean          | 138         |
|    ep_rew_mean          | -121        |
|    success_rate         | 0           |
| time/                   |             |
|    fps                  | 1892        |
|    iterations           | 21          |
|    time_elapsed         | 11          |
|    total_timesteps      | 974848      |
| train/                  |             |
|    approx_kl            | 0.012270186 |
|    clip_fraction        | 0.0996      |
|    clip_range           | 0.2         |
|    entropy_loss         | -16.2       |
|    explained_variance   | 0.676       |
|    learning_rate        | 0.0001      |
|    loss                 | 200         |
|    n_updates            | 9510        |
|    policy_gradient_loss | -0.0324     |
|    std                  | 1.79        |
|    value_loss           | 444         |
-----------------------------------------
-----------------------------------------
| rollout/                |             |
|    ep_len_mean          | 140         |
|    ep_rew_mean          | -112        |
|    success_rate         | 0           |
| time/                   |             |
|    fps                  | 1895        |
|    iterations           | 22          |
|    time_elapsed         | 11          |
|    total_timesteps      | 975872      |
| train/                  |             |
|    approx_kl            | 0.013630954 |
|    clip_fraction        | 0.157       |
|    clip_range           | 0.2         |
|    entropy_loss         | -16.2       |
|    explained_variance   | 0.856       |
|    learning_rate        | 0.0001      |
|    loss                 | 74.5        |
|    n_updates            | 9520        |
|    policy_gradient_loss | -0.0397     |
|    std                  | 1.79        |
|    value_loss           | 296         |
-----------------------------------------
-----------------------------------------
| rollout/                |             |
|    ep_len_mean          | 137         |
|    ep_rew_mean          | -109        |
|    success_rate         | 0           |
| time/                   |             |
|    fps                  | 1896        |
|    iterations           | 23          |
|    time_elapsed         | 12          |
|    total_timesteps      | 976896      |
| train/                  |             |
|    approx_kl            | 0.013716412 |
|    clip_fraction        | 0.15        |
|    clip_range           | 0.2         |
|    entropy_loss         | -16.2       |
|    explained_variance   | 0.771       |
|    learning_rate        | 0.0001      |
|    loss                 | 94.2        |
|    n_updates            | 9530        |
|    policy_gradient_loss | -0.0367     |
|    std                  | 1.79        |
|    value_loss           | 221         |
-----------------------------------------
----------------------------------------
| rollout/                |            |
|    ep_len_mean          | 138        |
|    ep_rew_mean          | -98.5      |
|    success_rate         | 0          |
| time/                   |            |
|    fps                  | 1895       |
|    iterations           | 24         |
|    time_elapsed         | 12         |
|    total_timesteps      | 977920     |
| train/                  |            |
|    approx_kl            | 0.01616224 |
|    clip_fraction        | 0.159      |
|    clip_range           | 0.2        |
|    entropy_loss         | -16.2      |
|    explained_variance   | 0.837      |
|    learning_rate        | 0.0001     |
|    loss                 | 106        |
|    n_updates            | 9540       |
|    policy_gradient_loss | -0.037     |
|    std                  | 1.79       |
|    value_loss           | 288        |
----------------------------------------
-----------------------------------------
| rollout/                |             |
|    ep_len_mean          | 137         |
|    ep_rew_mean          | -86.3       |
|    success_rate         | 0           |
| time/                   |             |
|    fps                  | 1890        |
|    iterations           | 25          |
|    time_elapsed         | 13          |
|    total_timesteps      | 978944      |
| train/                  |             |
|    approx_kl            | 0.017592706 |
|    clip_fraction        | 0.171       |
|    clip_range           | 0.2         |
|    entropy_loss         | -16.2       |
|    explained_variance   | 0.78        |
|    learning_rate        | 0.0001      |
|    loss                 | 107         |
|    n_updates            | 9550        |
|    policy_gradient_loss | -0.0377     |
|    std                  | 1.79        |
|    value_loss           | 289         |
-----------------------------------------
-----------------------------------------
| rollout/                |             |
|    ep_len_mean          | 138         |
|    ep_rew_mean          | -91.2       |
|    success_rate         | 0           |
| time/                   |             |
|    fps                  | 1890        |
|    iterations           | 26          |
|    time_elapsed         | 14          |
|    total_timesteps      | 979968      |
| train/                  |             |
|    approx_kl            | 0.014566263 |
|    clip_fraction        | 0.162       |
|    clip_range           | 0.2         |
|    entropy_loss         | -16.2       |
|    explained_variance   | 0.587       |
|    learning_rate        | 0.0001      |
|    loss                 | 143         |
|    n_updates            | 9560        |
|    policy_gradient_loss | -0.0377     |
|    std                  | 1.79        |
|    value_loss           | 334         |
-----------------------------------------
------------------------------------------
| rollout/                |              |
|    ep_len_mean          | 138          |
|    ep_rew_mean          | -97.1        |
|    success_rate         | 0            |
| time/                   |              |
|    fps                  | 1887         |
|    iterations           | 27           |
|    time_elapsed         | 14           |
|    total_timesteps      | 980992       |
| train/                  |              |
|    approx_kl            | 0.0092218965 |
|    clip_fraction        | 0.0763       |
|    clip_range           | 0.2          |
|    entropy_loss         | -16.2        |
|    explained_variance   | 0.711        |
|    learning_rate        | 0.0001       |
|    loss                 | 419          |
|    n_updates            | 9570         |
|    policy_gradient_loss | -0.0261      |
|    std                  | 1.79         |
|    value_loss           | 1.25e+03     |
------------------------------------------
-----------------------------------------
| rollout/                |             |
|    ep_len_mean          | 131         |
|    ep_rew_mean          | -101        |
|    success_rate         | 0           |
| time/                   |             |
|    fps                  | 1888        |
|    iterations           | 28          |
|    time_elapsed         | 15          |
|    total_timesteps      | 982016      |
| train/                  |             |
|    approx_kl            | 0.015705816 |
|    clip_fraction        | 0.159       |
|    clip_range           | 0.2         |
|    entropy_loss         | -16.2       |
|    explained_variance   | 0.771       |
|    learning_rate        | 0.0001      |
|    loss                 | 159         |
|    n_updates            | 9580        |
|    policy_gradient_loss | -0.0385     |
|    std                  | 1.79        |
|    value_loss           | 453         |
-----------------------------------------
-----------------------------------------
| rollout/                |             |
|    ep_len_mean          | 139         |
|    ep_rew_mean          | -94.2       |
|    success_rate         | 0           |
| time/                   |             |
|    fps                  | 1890        |
|    iterations           | 29          |
|    time_elapsed         | 15          |
|    total_timesteps      | 983040      |
| train/                  |             |
|    approx_kl            | 0.014602952 |
|    clip_fraction        | 0.163       |
|    clip_range           | 0.2         |
|    entropy_loss         | -16.2       |
|    explained_variance   | 0.739       |
|    learning_rate        | 0.0001      |
|    loss                 | 136         |
|    n_updates            | 9590        |
|    policy_gradient_loss | -0.0388     |
|    std                  | 1.79        |
|    value_loss           | 351         |
-----------------------------------------
-----------------------------------------
| rollout/                |             |
|    ep_len_mean          | 143         |
|    ep_rew_mean          | -97.2       |
|    success_rate         | 0           |
| time/                   |             |
|    fps                  | 1888        |
|    iterations           | 30          |
|    time_elapsed         | 16          |
|    total_timesteps      | 984064      |
| train/                  |             |
|    approx_kl            | 0.018830743 |
|    clip_fraction        | 0.154       |
|    clip_range           | 0.2         |
|    entropy_loss         | -16.2       |
|    explained_variance   | 0.861       |
|    learning_rate        | 0.0001      |
|    loss                 | 12.2        |
|    n_updates            | 9600        |
|    policy_gradient_loss | -0.0359     |
|    std                  | 1.79        |
|    value_loss           | 89.7        |
-----------------------------------------
-----------------------------------------
| rollout/                |             |
|    ep_len_mean          | 140         |
|    ep_rew_mean          | -103        |
|    success_rate         | 0           |
| time/                   |             |
|    fps                  | 1890        |
|    iterations           | 31          |
|    time_elapsed         | 16          |
|    total_timesteps      | 985088      |
| train/                  |             |
|    approx_kl            | 0.014249892 |
|    clip_fraction        | 0.158       |
|    clip_range           | 0.2         |
|    entropy_loss         | -16.2       |
|    explained_variance   | 0.904       |
|    learning_rate        | 0.0001      |
|    loss                 | 123         |
|    n_updates            | 9610        |
|    policy_gradient_loss | -0.0362     |
|    std                  | 1.8         |
|    value_loss           | 313         |
-----------------------------------------
-----------------------------------------
| rollout/                |             |
|    ep_len_mean          | 137         |
|    ep_rew_mean          | -103        |
|    success_rate         | 0           |
| time/                   |             |
|    fps                  | 1890        |
|    iterations           | 32          |
|    time_elapsed         | 17          |
|    total_timesteps      | 986112      |
| train/                  |             |
|    approx_kl            | 0.015840989 |
|    clip_fraction        | 0.136       |
|    clip_range           | 0.2         |
|    entropy_loss         | -16.3       |
|    explained_variance   | 0.885       |
|    learning_rate        | 0.0001      |
|    loss                 | 116         |
|    n_updates            | 9620        |
|    policy_gradient_loss | -0.0411     |
|    std                  | 1.8         |
|    value_loss           | 371         |
-----------------------------------------
-----------------------------------------
| rollout/                |             |
|    ep_len_mean          | 141         |
|    ep_rew_mean          | -97.9       |
|    success_rate         | 0           |
| time/                   |             |
|    fps                  | 1888        |
|    iterations           | 33          |
|    time_elapsed         | 17          |
|    total_timesteps      | 987136      |
| train/                  |             |
|    approx_kl            | 0.017818712 |
|    clip_fraction        | 0.122       |
|    clip_range           | 0.2         |
|    entropy_loss         | -16.3       |
|    explained_variance   | 0.888       |
|    learning_rate        | 0.0001      |
|    loss                 | 175         |
|    n_updates            | 9630        |
|    policy_gradient_loss | -0.0319     |
|    std                  | 1.8         |
|    value_loss           | 457         |
-----------------------------------------
----------------------------------------
| rollout/                |            |
|    ep_len_mean          | 145        |
|    ep_rew_mean          | -88.3      |
|    success_rate         | 0          |
| time/                   |            |
|    fps                  | 1889       |
|    iterations           | 34         |
|    time_elapsed         | 18         |
|    total_timesteps      | 988160     |
| train/                  |            |
|    approx_kl            | 0.01926093 |
|    clip_fraction        | 0.201      |
|    clip_range           | 0.2        |
|    entropy_loss         | -16.3      |
|    explained_variance   | 0.843      |
|    learning_rate        | 0.0001     |
|    loss                 | 96.9       |
|    n_updates            | 9640       |
|    policy_gradient_loss | -0.0395    |
|    std                  | 1.8        |
|    value_loss           | 227        |
----------------------------------------
-----------------------------------------
| rollout/                |             |
|    ep_len_mean          | 146         |
|    ep_rew_mean          | -76         |
|    success_rate         | 0           |
| time/                   |             |
|    fps                  | 1889        |
|    iterations           | 35          |
|    time_elapsed         | 18          |
|    total_timesteps      | 989184      |
| train/                  |             |
|    approx_kl            | 0.018159764 |
|    clip_fraction        | 0.167       |
|    clip_range           | 0.2         |
|    entropy_loss         | -16.3       |
|    explained_variance   | 0.859       |
|    learning_rate        | 0.0001      |
|    loss                 | 83.9        |
|    n_updates            | 9650        |
|    policy_gradient_loss | -0.0324     |
|    std                  | 1.8         |
|    value_loss           | 218         |
-----------------------------------------
-----------------------------------------
| rollout/                |             |
|    ep_len_mean          | 150         |
|    ep_rew_mean          | -77.7       |
|    success_rate         | 0           |
| time/                   |             |
|    fps                  | 1890        |
|    iterations           | 36          |
|    time_elapsed         | 19          |
|    total_timesteps      | 990208      |
| train/                  |             |
|    approx_kl            | 0.021148907 |
|    clip_fraction        | 0.237       |
|    clip_range           | 0.2         |
|    entropy_loss         | -16.2       |
|    explained_variance   | 0.858       |
|    learning_rate        | 0.0001      |
|    loss                 | 38.4        |
|    n_updates            | 9660        |
|    policy_gradient_loss | -0.0426     |
|    std                  | 1.8         |
|    value_loss           | 131         |
-----------------------------------------
-----------------------------------------
| rollout/                |             |
|    ep_len_mean          | 148         |
|    ep_rew_mean          | -87.2       |
|    success_rate         | 0           |
| time/                   |             |
|    fps                  | 1891        |
|    iterations           | 37          |
|    time_elapsed         | 20          |
|    total_timesteps      | 991232      |
| train/                  |             |
|    approx_kl            | 0.018083774 |
|    clip_fraction        | 0.194       |
|    clip_range           | 0.2         |
|    entropy_loss         | -16.3       |
|    explained_variance   | 0.748       |
|    learning_rate        | 0.0001      |
|    loss                 | 117         |
|    n_updates            | 9670        |
|    policy_gradient_loss | -0.0406     |
|    std                  | 1.8         |
|    value_loss           | 388         |
-----------------------------------------
-----------------------------------------
| rollout/                |             |
|    ep_len_mean          | 147         |
|    ep_rew_mean          | -89.8       |
|    success_rate         | 0           |
| time/                   |             |
|    fps                  | 1892        |
|    iterations           | 38          |
|    time_elapsed         | 20          |
|    total_timesteps      | 992256      |
| train/                  |             |
|    approx_kl            | 0.008727811 |
|    clip_fraction        | 0.0815      |
|    clip_range           | 0.2         |
|    entropy_loss         | -16.3       |
|    explained_variance   | 0.653       |
|    learning_rate        | 0.0001      |
|    loss                 | 285         |
|    n_updates            | 9680        |
|    policy_gradient_loss | -0.0248     |
|    std                  | 1.8         |
|    value_loss           | 1.01e+03    |
-----------------------------------------
-----------------------------------------
| rollout/                |             |
|    ep_len_mean          | 150         |
|    ep_rew_mean          | -94.9       |
|    success_rate         | 0           |
| time/                   |             |
|    fps                  | 1888        |
|    iterations           | 39          |
|    time_elapsed         | 21          |
|    total_timesteps      | 993280      |
| train/                  |             |
|    approx_kl            | 0.012467166 |
|    clip_fraction        | 0.124       |
|    clip_range           | 0.2         |
|    entropy_loss         | -16.3       |
|    explained_variance   | 0.816       |
|    learning_rate        | 0.0001      |
|    loss                 | 132         |
|    n_updates            | 9690        |
|    policy_gradient_loss | -0.0337     |
|    std                  | 1.8         |
|    value_loss           | 401         |
-----------------------------------------
-----------------------------------------
| rollout/                |             |
|    ep_len_mean          | 156         |
|    ep_rew_mean          | -93.9       |
|    success_rate         | 0           |
| time/                   |             |
|    fps                  | 1886        |
|    iterations           | 40          |
|    time_elapsed         | 21          |
|    total_timesteps      | 994304      |
| train/                  |             |
|    approx_kl            | 0.015621136 |
|    clip_fraction        | 0.124       |
|    clip_range           | 0.2         |
|    entropy_loss         | -16.3       |
|    explained_variance   | 0.766       |
|    learning_rate        | 0.0001      |
|    loss                 | 158         |
|    n_updates            | 9700        |
|    policy_gradient_loss | -0.0359     |
|    std                  | 1.8         |
|    value_loss           | 363         |
-----------------------------------------
-----------------------------------------
| rollout/                |             |
|    ep_len_mean          | 156         |
|    ep_rew_mean          | -99.5       |
|    success_rate         | 0           |
| time/                   |             |
|    fps                  | 1885        |
|    iterations           | 41          |
|    time_elapsed         | 22          |
|    total_timesteps      | 995328      |
| train/                  |             |
|    approx_kl            | 0.016207417 |
|    clip_fraction        | 0.164       |
|    clip_range           | 0.2         |
|    entropy_loss         | -16.3       |
|    explained_variance   | 0.733       |
|    learning_rate        | 0.0001      |
|    loss                 | 99.2        |
|    n_updates            | 9710        |
|    policy_gradient_loss | -0.0346     |
|    std                  | 1.8         |
|    value_loss           | 212         |
-----------------------------------------
-----------------------------------------
| rollout/                |             |
|    ep_len_mean          | 158         |
|    ep_rew_mean          | -84.2       |
|    success_rate         | 0           |
| time/                   |             |
|    fps                  | 1885        |
|    iterations           | 42          |
|    time_elapsed         | 22          |
|    total_timesteps      | 996352      |
| train/                  |             |
|    approx_kl            | 0.013239374 |
|    clip_fraction        | 0.111       |
|    clip_range           | 0.2         |
|    entropy_loss         | -16.3       |
|    explained_variance   | 0.729       |
|    learning_rate        | 0.0001      |
|    loss                 | 257         |
|    n_updates            | 9720        |
|    policy_gradient_loss | -0.0326     |
|    std                  | 1.8         |
|    value_loss           | 632         |
-----------------------------------------
-----------------------------------------
| rollout/                |             |
|    ep_len_mean          | 160         |
|    ep_rew_mean          | -84.5       |
|    success_rate         | 0           |
| time/                   |             |
|    fps                  | 1885        |
|    iterations           | 43          |
|    time_elapsed         | 23          |
|    total_timesteps      | 997376      |
| train/                  |             |
|    approx_kl            | 0.014496857 |
|    clip_fraction        | 0.153       |
|    clip_range           | 0.2         |
|    entropy_loss         | -16.2       |
|    explained_variance   | 0.741       |
|    learning_rate        | 0.0001      |
|    loss                 | 158         |
|    n_updates            | 9730        |
|    policy_gradient_loss | -0.0402     |
|    std                  | 1.8         |
|    value_loss           | 353         |
-----------------------------------------
-----------------------------------------
| rollout/                |             |
|    ep_len_mean          | 166         |
|    ep_rew_mean          | -82.1       |
|    success_rate         | 0           |
| time/                   |             |
|    fps                  | 1884        |
|    iterations           | 44          |
|    time_elapsed         | 23          |
|    total_timesteps      | 998400      |
| train/                  |             |
|    approx_kl            | 0.013619777 |
|    clip_fraction        | 0.163       |
|    clip_range           | 0.2         |
|    entropy_loss         | -16.2       |
|    explained_variance   | 0.951       |
|    learning_rate        | 0.0001      |
|    loss                 | 47          |
|    n_updates            | 9740        |
|    policy_gradient_loss | -0.0378     |
|    std                  | 1.79        |
|    value_loss           | 209         |
-----------------------------------------
-----------------------------------------
| rollout/                |             |
|    ep_len_mean          | 172         |
|    ep_rew_mean          | -79.4       |
|    success_rate         | 0           |
| time/                   |             |
|    fps                  | 1884        |
|    iterations           | 45          |
|    time_elapsed         | 24          |
|    total_timesteps      | 999424      |
| train/                  |             |
|    approx_kl            | 0.010678048 |
|    clip_fraction        | 0.118       |
|    clip_range           | 0.2         |
|    entropy_loss         | -16.2       |
|    explained_variance   | 0.636       |
|    learning_rate        | 0.0001      |
|    loss                 | 174         |
|    n_updates            | 9750        |
|    policy_gradient_loss | -0.0297     |
|    std                  | 1.8         |
|    value_loss           | 816         |
-----------------------------------------
----------------------------------------
| rollout/                |            |
|    ep_len_mean          | 166        |
|    ep_rew_mean          | -86.4      |
|    success_rate         | 0          |
| time/                   |            |
|    fps                  | 1885       |
|    iterations           | 46         |
|    time_elapsed         | 24         |
|    total_timesteps      | 1000448    |
| train/                  |            |
|    approx_kl            | 0.01787608 |
|    clip_fraction        | 0.185      |
|    clip_range           | 0.2        |
|    entropy_loss         | -16.3      |
|    explained_variance   | 0.746      |
|    learning_rate        | 0.0001     |
|    loss                 | 47.1       |
|    n_updates            | 9760       |
|    policy_gradient_loss | -0.0425    |
|    std                  | 1.8        |
|    value_loss           | 151        |
----------------------------------------
-----------------------------------------
| rollout/                |             |
|    ep_len_mean          | 169         |
|    ep_rew_mean          | -85.8       |
|    success_rate         | 0           |
| time/                   |             |
|    fps                  | 1881        |
|    iterations           | 47          |
|    time_elapsed         | 25          |
|    total_timesteps      | 1001472     |
| train/                  |             |
|    approx_kl            | 0.010889591 |
|    clip_fraction        | 0.0988      |
|    clip_range           | 0.2         |
|    entropy_loss         | -16.2       |
|    explained_variance   | 0.713       |
|    learning_rate        | 0.0001      |
|    loss                 | 218         |
|    n_updates            | 9770        |
|    policy_gradient_loss | -0.0335     |
|    std                  | 1.8         |
|    value_loss           | 448         |
-----------------------------------------
-----------------------------------------
| rollout/                |             |
|    ep_len_mean          | 169         |
|    ep_rew_mean          | -96.6       |
|    success_rate         | 0           |
| time/                   |             |
|    fps                  | 1881        |
|    iterations           | 48          |
|    time_elapsed         | 26          |
|    total_timesteps      | 1002496     |
| train/                  |             |
|    approx_kl            | 0.013210615 |
|    clip_fraction        | 0.138       |
|    clip_range           | 0.2         |
|    entropy_loss         | -16.3       |
|    explained_variance   | 0.849       |
|    learning_rate        | 0.0001      |
|    loss                 | 77          |
|    n_updates            | 9780        |
|    policy_gradient_loss | -0.0379     |
|    std                  | 1.8         |
|    value_loss           | 203         |
-----------------------------------------
-----------------------------------------
| rollout/                |             |
|    ep_len_mean          | 174         |
|    ep_rew_mean          | -76.1       |
|    success_rate         | 0           |
| time/                   |             |
|    fps                  | 1882        |
|    iterations           | 49          |
|    time_elapsed         | 26          |
|    total_timesteps      | 1003520     |
| train/                  |             |
|    approx_kl            | 0.010346008 |
|    clip_fraction        | 0.093       |
|    clip_range           | 0.2         |
|    entropy_loss         | -16.3       |
|    explained_variance   | 0.857       |
|    learning_rate        | 0.0001      |
|    loss                 | 310         |
|    n_updates            | 9790        |
|    policy_gradient_loss | -0.0287     |
|    std                  | 1.8         |
|    value_loss           | 937         |
-----------------------------------------
-----------------------------------------
| rollout/                |             |
|    ep_len_mean          | 165         |
|    ep_rew_mean          | -95.3       |
|    success_rate         | 0           |
| time/                   |             |
|    fps                  | 1882        |
|    iterations           | 50          |
|    time_elapsed         | 27          |
|    total_timesteps      | 1004544     |
| train/                  |             |
|    approx_kl            | 0.020451948 |
|    clip_fraction        | 0.165       |
|    clip_range           | 0.2         |
|    entropy_loss         | -16.3       |
|    explained_variance   | 0.843       |
|    learning_rate        | 0.0001      |
|    loss                 | 29.2        |
|    n_updates            | 9800        |
|    policy_gradient_loss | -0.0351     |
|    std                  | 1.8         |
|    value_loss           | 126         |
-----------------------------------------
----------------------------------------
| rollout/                |            |
|    ep_len_mean          | 162        |
|    ep_rew_mean          | -105       |
|    success_rate         | 0          |
| time/                   |            |
|    fps                  | 1882       |
|    iterations           | 51         |
|    time_elapsed         | 27         |
|    total_timesteps      | 1005568    |
| train/                  |            |
|    approx_kl            | 0.00742273 |
|    clip_fraction        | 0.102      |
|    clip_range           | 0.2        |
|    entropy_loss         | -16.3      |
|    explained_variance   | 0.723      |
|    learning_rate        | 0.0001     |
|    loss                 | 1.01e+03   |
|    n_updates            | 9810       |
|    policy_gradient_loss | -0.0224    |
|    std                  | 1.8        |
|    value_loss           | 1.73e+03   |
----------------------------------------
------------------------------------------
| rollout/                |              |
|    ep_len_mean          | 156          |
|    ep_rew_mean          | -106         |
|    success_rate         | 0            |
| time/                   |              |
|    fps                  | 1882         |
|    iterations           | 52           |
|    time_elapsed         | 28           |
|    total_timesteps      | 1006592      |
| train/                  |              |
|    approx_kl            | 0.0145371705 |
|    clip_fraction        | 0.152        |
|    clip_range           | 0.2          |
|    entropy_loss         | -16.3        |
|    explained_variance   | 0.805        |
|    learning_rate        | 0.0001       |
|    loss                 | 110          |
|    n_updates            | 9820         |
|    policy_gradient_loss | -0.0415      |
|    std                  | 1.8          |
|    value_loss           | 269          |
------------------------------------------
----------------------------------------
| rollout/                |            |
|    ep_len_mean          | 163        |
|    ep_rew_mean          | -113       |
|    success_rate         | 0          |
| time/                   |            |
|    fps                  | 1883       |
|    iterations           | 53         |
|    time_elapsed         | 28         |
|    total_timesteps      | 1007616    |
| train/                  |            |
|    approx_kl            | 0.01780869 |
|    clip_fraction        | 0.204      |
|    clip_range           | 0.2        |
|    entropy_loss         | -16.3      |
|    explained_variance   | 0.911      |
|    learning_rate        | 0.0001     |
|    loss                 | 109        |
|    n_updates            | 9830       |
|    policy_gradient_loss | -0.0446    |
|    std                  | 1.8        |
|    value_loss           | 270        |
----------------------------------------
-----------------------------------------
| rollout/                |             |
|    ep_len_mean          | 165         |
|    ep_rew_mean          | -110        |
|    success_rate         | 0           |
| time/                   |             |
|    fps                  | 1883        |
|    iterations           | 54          |
|    time_elapsed         | 29          |
|    total_timesteps      | 1008640     |
| train/                  |             |
|    approx_kl            | 0.011283662 |
|    clip_fraction        | 0.121       |
|    clip_range           | 0.2         |
|    entropy_loss         | -16.3       |
|    explained_variance   | 0.663       |
|    learning_rate        | 0.0001      |
|    loss                 | 374         |
|    n_updates            | 9840        |
|    policy_gradient_loss | -0.0287     |
|    std                  | 1.8         |
|    value_loss           | 1.19e+03    |
-----------------------------------------
-----------------------------------------
| rollout/                |             |
|    ep_len_mean          | 165         |
|    ep_rew_mean          | -110        |
|    success_rate         | 0           |
| time/                   |             |
|    fps                  | 1884        |
|    iterations           | 55          |
|    time_elapsed         | 29          |
|    total_timesteps      | 1009664     |
| train/                  |             |
|    approx_kl            | 0.015703388 |
|    clip_fraction        | 0.157       |
|    clip_range           | 0.2         |
|    entropy_loss         | -16.3       |
|    explained_variance   | 0.796       |
|    learning_rate        | 0.0001      |
|    loss                 | 30.8        |
|    n_updates            | 9850        |
|    policy_gradient_loss | -0.0346     |
|    std                  | 1.8         |
|    value_loss           | 176         |
-----------------------------------------
-----------------------------------------
| rollout/                |             |
|    ep_len_mean          | 163         |
|    ep_rew_mean          | -111        |
|    success_rate         | 0           |
| time/                   |             |
|    fps                  | 1884        |
|    iterations           | 56          |
|    time_elapsed         | 30          |
|    total_timesteps      | 1010688     |
| train/                  |             |
|    approx_kl            | 0.019499693 |
|    clip_fraction        | 0.169       |
|    clip_range           | 0.2         |
|    entropy_loss         | -16.3       |
|    explained_variance   | 0.932       |
|    learning_rate        | 0.0001      |
|    loss                 | 73.3        |
|    n_updates            | 9860        |
|    policy_gradient_loss | -0.0376     |
|    std                  | 1.8         |
|    value_loss           | 186         |
-----------------------------------------
-----------------------------------------
| rollout/                |             |
|    ep_len_mean          | 168         |
|    ep_rew_mean          | -115        |
|    success_rate         | 0           |
| time/                   |             |
|    fps                  | 1882        |
|    iterations           | 57          |
|    time_elapsed         | 30          |
|    total_timesteps      | 1011712     |
| train/                  |             |
|    approx_kl            | 0.012835115 |
|    clip_fraction        | 0.134       |
|    clip_range           | 0.2         |
|    entropy_loss         | -16.3       |
|    explained_variance   | 0.868       |
|    learning_rate        | 0.0001      |
|    loss                 | 132         |
|    n_updates            | 9870        |
|    policy_gradient_loss | -0.0355     |
|    std                  | 1.8         |
|    value_loss           | 348         |
-----------------------------------------
-----------------------------------------
| rollout/                |             |
|    ep_len_mean          | 169         |
|    ep_rew_mean          | -107        |
|    success_rate         | 0           |
| time/                   |             |
|    fps                  | 1883        |
|    iterations           | 58          |
|    time_elapsed         | 31          |
|    total_timesteps      | 1012736     |
| train/                  |             |
|    approx_kl            | 0.016262952 |
|    clip_fraction        | 0.139       |
|    clip_range           | 0.2         |
|    entropy_loss         | -16.3       |
|    explained_variance   | 0.766       |
|    learning_rate        | 0.0001      |
|    loss                 | 156         |
|    n_updates            | 9880        |
|    policy_gradient_loss | -0.0258     |
|    std                  | 1.8         |
|    value_loss           | 484         |
-----------------------------------------
-----------------------------------------
| rollout/                |             |
|    ep_len_mean          | 167         |
|    ep_rew_mean          | -104        |
|    success_rate         | 0           |
| time/                   |             |
|    fps                  | 1884        |
|    iterations           | 59          |
|    time_elapsed         | 32          |
|    total_timesteps      | 1013760     |
| train/                  |             |
|    approx_kl            | 0.016131189 |
|    clip_fraction        | 0.139       |
|    clip_range           | 0.2         |
|    entropy_loss         | -16.3       |
|    explained_variance   | 0.935       |
|    learning_rate        | 0.0001      |
|    loss                 | 54.3        |
|    n_updates            | 9890        |
|    policy_gradient_loss | -0.0344     |
|    std                  | 1.8         |
|    value_loss           | 240         |
-----------------------------------------
-----------------------------------------
| rollout/                |             |
|    ep_len_mean          | 162         |
|    ep_rew_mean          | -102        |
|    success_rate         | 0           |
| time/                   |             |
|    fps                  | 1885        |
|    iterations           | 60          |
|    time_elapsed         | 32          |
|    total_timesteps      | 1014784     |
| train/                  |             |
|    approx_kl            | 0.015175441 |
|    clip_fraction        | 0.158       |
|    clip_range           | 0.2         |
|    entropy_loss         | -16.3       |
|    explained_variance   | 0.807       |
|    learning_rate        | 0.0001      |
|    loss                 | 146         |
|    n_updates            | 9900        |
|    policy_gradient_loss | -0.0401     |
|    std                  | 1.8         |
|    value_loss           | 413         |
-----------------------------------------
-----------------------------------------
| rollout/                |             |
|    ep_len_mean          | 160         |
|    ep_rew_mean          | -112        |
|    success_rate         | 0           |
| time/                   |             |
|    fps                  | 1887        |
|    iterations           | 61          |
|    time_elapsed         | 33          |
|    total_timesteps      | 1015808     |
| train/                  |             |
|    approx_kl            | 0.018256754 |
|    clip_fraction        | 0.174       |
|    clip_range           | 0.2         |
|    entropy_loss         | -16.3       |
|    explained_variance   | 0.757       |
|    learning_rate        | 0.0001      |
|    loss                 | 95          |
|    n_updates            | 9910        |
|    policy_gradient_loss | -0.0359     |
|    std                  | 1.8         |
|    value_loss           | 239         |
-----------------------------------------
-----------------------------------------
| rollout/                |             |
|    ep_len_mean          | 161         |
|    ep_rew_mean          | -111        |
|    success_rate         | 0           |
| time/                   |             |
|    fps                  | 1882        |
|    iterations           | 62          |
|    time_elapsed         | 33          |
|    total_timesteps      | 1016832     |
| train/                  |             |
|    approx_kl            | 0.014273332 |
|    clip_fraction        | 0.194       |
|    clip_range           | 0.2         |
|    entropy_loss         | -16.3       |
|    explained_variance   | 0.865       |
|    learning_rate        | 0.0001      |
|    loss                 | 190         |
|    n_updates            | 9920        |
|    policy_gradient_loss | -0.0395     |
|    std                  | 1.8         |
|    value_loss           | 386         |
-----------------------------------------
-----------------------------------------
| rollout/                |             |
|    ep_len_mean          | 161         |
|    ep_rew_mean          | -107        |
|    success_rate         | 0           |
| time/                   |             |
|    fps                  | 1882        |
|    iterations           | 63          |
|    time_elapsed         | 34          |
|    total_timesteps      | 1017856     |
| train/                  |             |
|    approx_kl            | 0.016078282 |
|    clip_fraction        | 0.156       |
|    clip_range           | 0.2         |
|    entropy_loss         | -16.3       |
|    explained_variance   | 0.805       |
|    learning_rate        | 0.0001      |
|    loss                 | 59.1        |
|    n_updates            | 9930        |
|    policy_gradient_loss | -0.0391     |
|    std                  | 1.8         |
|    value_loss           | 197         |
-----------------------------------------
-----------------------------------------
| rollout/                |             |
|    ep_len_mean          | 167         |
|    ep_rew_mean          | -101        |
|    success_rate         | 0           |
| time/                   |             |
|    fps                  | 1882        |
|    iterations           | 64          |
|    time_elapsed         | 34          |
|    total_timesteps      | 1018880     |
| train/                  |             |
|    approx_kl            | 0.014091892 |
|    clip_fraction        | 0.12        |
|    clip_range           | 0.2         |
|    entropy_loss         | -16.3       |
|    explained_variance   | 0.849       |
|    learning_rate        | 0.0001      |
|    loss                 | 121         |
|    n_updates            | 9940        |
|    policy_gradient_loss | -0.039      |
|    std                  | 1.8         |
|    value_loss           | 388         |
-----------------------------------------
-----------------------------------------
| rollout/                |             |
|    ep_len_mean          | 163         |
|    ep_rew_mean          | -98.4       |
|    success_rate         | 0           |
| time/                   |             |
|    fps                  | 1884        |
|    iterations           | 65          |
|    time_elapsed         | 35          |
|    total_timesteps      | 1019904     |
| train/                  |             |
|    approx_kl            | 0.016740866 |
|    clip_fraction        | 0.155       |
|    clip_range           | 0.2         |
|    entropy_loss         | -16.3       |
|    explained_variance   | 0.919       |
|    learning_rate        | 0.0001      |
|    loss                 | 126         |
|    n_updates            | 9950        |
|    policy_gradient_loss | -0.037      |
|    std                  | 1.8         |
|    value_loss           | 250         |
-----------------------------------------
-----------------------------------------
| rollout/                |             |
|    ep_len_mean          | 164         |
|    ep_rew_mean          | -87.8       |
|    success_rate         | 0           |
| time/                   |             |
|    fps                  | 1885        |
|    iterations           | 66          |
|    time_elapsed         | 35          |
|    total_timesteps      | 1020928     |
| train/                  |             |
|    approx_kl            | 0.014481159 |
|    clip_fraction        | 0.148       |
|    clip_range           | 0.2         |
|    entropy_loss         | -16.3       |
|    explained_variance   | 0.774       |
|    learning_rate        | 0.0001      |
|    loss                 | 60.4        |
|    n_updates            | 9960        |
|    policy_gradient_loss | -0.0366     |
|    std                  | 1.8         |
|    value_loss           | 189         |
-----------------------------------------
-----------------------------------------
| rollout/                |             |
|    ep_len_mean          | 166         |
|    ep_rew_mean          | -87.4       |
|    success_rate         | 0           |
| time/                   |             |
|    fps                  | 1886        |
|    iterations           | 67          |
|    time_elapsed         | 36          |
|    total_timesteps      | 1021952     |
| train/                  |             |
|    approx_kl            | 0.011620374 |
|    clip_fraction        | 0.12        |
|    clip_range           | 0.2         |
|    entropy_loss         | -16.3       |
|    explained_variance   | 0.705       |
|    learning_rate        | 0.0001      |
|    loss                 | 187         |
|    n_updates            | 9970        |
|    policy_gradient_loss | -0.0314     |
|    std                  | 1.8         |
|    value_loss           | 613         |
-----------------------------------------
-----------------------------------------
| rollout/                |             |
|    ep_len_mean          | 167         |
|    ep_rew_mean          | -86.1       |
|    success_rate         | 0           |
| time/                   |             |
|    fps                  | 1887        |
|    iterations           | 68          |
|    time_elapsed         | 36          |
|    total_timesteps      | 1022976     |
| train/                  |             |
|    approx_kl            | 0.013933216 |
|    clip_fraction        | 0.154       |
|    clip_range           | 0.2         |
|    entropy_loss         | -16.3       |
|    explained_variance   | 0.75        |
|    learning_rate        | 0.0001      |
|    loss                 | 170         |
|    n_updates            | 9980        |
|    policy_gradient_loss | -0.0346     |
|    std                  | 1.8         |
|    value_loss           | 544         |
-----------------------------------------
-----------------------------------------
| rollout/                |             |
|    ep_len_mean          | 167         |
|    ep_rew_mean          | -67.8       |
|    success_rate         | 0           |
| time/                   |             |
|    fps                  | 1872        |
|    iterations           | 69          |
|    time_elapsed         | 37          |
|    total_timesteps      | 1024000     |
| train/                  |             |
|    approx_kl            | 0.015318132 |
|    clip_fraction        | 0.156       |
|    clip_range           | 0.2         |
|    entropy_loss         | -16.3       |
|    explained_variance   | 0.845       |
|    learning_rate        | 0.0001      |
|    loss                 | 89.6        |
|    n_updates            | 9990        |
|    policy_gradient_loss | -0.0351     |
|    std                  | 1.8         |
|    value_loss           | 385         |
-----------------------------------------
-----------------------------------------
| rollout/                |             |
|    ep_len_mean          | 163         |
|    ep_rew_mean          | -65.5       |
|    success_rate         | 0           |
| time/                   |             |
|    fps                  | 1873        |
|    iterations           | 70          |
|    time_elapsed         | 38          |
|    total_timesteps      | 1025024     |
| train/                  |             |
|    approx_kl            | 0.019040462 |
|    clip_fraction        | 0.204       |
|    clip_range           | 0.2         |
|    entropy_loss         | -16.3       |
|    explained_variance   | 0.804       |
|    learning_rate        | 0.0001      |
|    loss                 | 97.8        |
|    n_updates            | 10000       |
|    policy_gradient_loss | -0.0369     |
|    std                  | 1.81        |
|    value_loss           | 241         |
-----------------------------------------
----------------------------------------
| rollout/                |            |
|    ep_len_mean          | 164        |
|    ep_rew_mean          | -57.8      |
|    success_rate         | 0          |
| time/                   |            |
|    fps                  | 1874       |
|    iterations           | 71         |
|    time_elapsed         | 38         |
|    total_timesteps      | 1026048    |
| train/                  |            |
|    approx_kl            | 0.01573896 |
|    clip_fraction        | 0.17       |
|    clip_range           | 0.2        |
|    entropy_loss         | -16.3      |
|    explained_variance   | 0.79       |
|    learning_rate        | 0.0001     |
|    loss                 | 81.7       |
|    n_updates            | 10010      |
|    policy_gradient_loss | -0.0366    |
|    std                  | 1.81       |
|    value_loss           | 218        |
----------------------------------------
-----------------------------------------
| rollout/                |             |
|    ep_len_mean          | 169         |
|    ep_rew_mean          | -54         |
|    success_rate         | 0           |
| time/                   |             |
|    fps                  | 1873        |
|    iterations           | 72          |
|    time_elapsed         | 39          |
|    total_timesteps      | 1027072     |
| train/                  |             |
|    approx_kl            | 0.014200127 |
|    clip_fraction        | 0.151       |
|    clip_range           | 0.2         |
|    entropy_loss         | -16.3       |
|    explained_variance   | 0.756       |
|    learning_rate        | 0.0001      |
|    loss                 | 158         |
|    n_updates            | 10020       |
|    policy_gradient_loss | -0.0377     |
|    std                  | 1.81        |
|    value_loss           | 382         |
-----------------------------------------
----------------------------------------
| rollout/                |            |
|    ep_len_mean          | 166        |
|    ep_rew_mean          | -48.3      |
|    success_rate         | 0          |
| time/                   |            |
|    fps                  | 1872       |
|    iterations           | 73         |
|    time_elapsed         | 39         |
|    total_timesteps      | 1028096    |
| train/                  |            |
|    approx_kl            | 0.01747786 |
|    clip_fraction        | 0.184      |
|    clip_range           | 0.2        |
|    entropy_loss         | -16.3      |
|    explained_variance   | 0.917      |
|    learning_rate        | 0.0001     |
|    loss                 | 43.7       |
|    n_updates            | 10030      |
|    policy_gradient_loss | -0.0411    |
|    std                  | 1.81       |
|    value_loss           | 162        |
----------------------------------------
----------------------------------------
| rollout/                |            |
|    ep_len_mean          | 165        |
|    ep_rew_mean          | -47.3      |
|    success_rate         | 0          |
| time/                   |            |
|    fps                  | 1873       |
|    iterations           | 74         |
|    time_elapsed         | 40         |
|    total_timesteps      | 1029120    |
| train/                  |            |
|    approx_kl            | 0.01815106 |
|    clip_fraction        | 0.171      |
|    clip_range           | 0.2        |
|    entropy_loss         | -16.3      |
|    explained_variance   | 0.941      |
|    learning_rate        | 0.0001     |
|    loss                 | 60.7       |
|    n_updates            | 10040      |
|    policy_gradient_loss | -0.0397    |
|    std                  | 1.81       |
|    value_loss           | 200        |
----------------------------------------
-----------------------------------------
| rollout/                |             |
|    ep_len_mean          | 164         |
|    ep_rew_mean          | -45.3       |
|    success_rate         | 0           |
| time/                   |             |
|    fps                  | 1874        |
|    iterations           | 75          |
|    time_elapsed         | 40          |
|    total_timesteps      | 1030144     |
| train/                  |             |
|    approx_kl            | 0.016022764 |
|    clip_fraction        | 0.15        |
|    clip_range           | 0.2         |
|    entropy_loss         | -16.3       |
|    explained_variance   | 0.71        |
|    learning_rate        | 0.0001      |
|    loss                 | 175         |
|    n_updates            | 10050       |
|    policy_gradient_loss | -0.0338     |
|    std                  | 1.81        |
|    value_loss           | 290         |
-----------------------------------------
-----------------------------------------
| rollout/                |             |
|    ep_len_mean          | 169         |
|    ep_rew_mean          | -45.1       |
|    success_rate         | 0           |
| time/                   |             |
|    fps                  | 1875        |
|    iterations           | 76          |
|    time_elapsed         | 41          |
|    total_timesteps      | 1031168     |
| train/                  |             |
|    approx_kl            | 0.012839633 |
|    clip_fraction        | 0.114       |
|    clip_range           | 0.2         |
|    entropy_loss         | -16.3       |
|    explained_variance   | 0.87        |
|    learning_rate        | 0.0001      |
|    loss                 | 96.9        |
|    n_updates            | 10060       |
|    policy_gradient_loss | -0.0338     |
|    std                  | 1.82        |
|    value_loss           | 278         |
-----------------------------------------
-----------------------------------------
| rollout/                |             |
|    ep_len_mean          | 174         |
|    ep_rew_mean          | -46.4       |
|    success_rate         | 0           |
| time/                   |             |
|    fps                  | 1876        |
|    iterations           | 77          |
|    time_elapsed         | 42          |
|    total_timesteps      | 1032192     |
| train/                  |             |
|    approx_kl            | 0.017769447 |
|    clip_fraction        | 0.204       |
|    clip_range           | 0.2         |
|    entropy_loss         | -16.3       |
|    explained_variance   | 0.926       |
|    learning_rate        | 0.0001      |
|    loss                 | 34.9        |
|    n_updates            | 10070       |
|    policy_gradient_loss | -0.0413     |
|    std                  | 1.81        |
|    value_loss           | 109         |
-----------------------------------------
-----------------------------------------
| rollout/                |             |
|    ep_len_mean          | 178         |
|    ep_rew_mean          | -39.5       |
|    success_rate         | 0           |
| time/                   |             |
|    fps                  | 1877        |
|    iterations           | 78          |
|    time_elapsed         | 42          |
|    total_timesteps      | 1033216     |
| train/                  |             |
|    approx_kl            | 0.027428288 |
|    clip_fraction        | 0.257       |
|    clip_range           | 0.2         |
|    entropy_loss         | -16.3       |
|    explained_variance   | 0.97        |
|    learning_rate        | 0.0001      |
|    loss                 | 15.1        |
|    n_updates            | 10080       |
|    policy_gradient_loss | -0.0379     |
|    std                  | 1.82        |
|    value_loss           | 57.8        |
-----------------------------------------
-----------------------------------------
| rollout/                |             |
|    ep_len_mean          | 181         |
|    ep_rew_mean          | -27.4       |
|    success_rate         | 0           |
| time/                   |             |
|    fps                  | 1878        |
|    iterations           | 79          |
|    time_elapsed         | 43          |
|    total_timesteps      | 1034240     |
| train/                  |             |
|    approx_kl            | 0.017103998 |
|    clip_fraction        | 0.193       |
|    clip_range           | 0.2         |
|    entropy_loss         | -16.3       |
|    explained_variance   | 0.83        |
|    learning_rate        | 0.0001      |
|    loss                 | 37.3        |
|    n_updates            | 10090       |
|    policy_gradient_loss | -0.0339     |
|    std                  | 1.82        |
|    value_loss           | 139         |
-----------------------------------------
----------------------------------------
| rollout/                |            |
|    ep_len_mean          | 183        |
|    ep_rew_mean          | -25.6      |
|    success_rate         | 0          |
| time/                   |            |
|    fps                  | 1878       |
|    iterations           | 80         |
|    time_elapsed         | 43         |
|    total_timesteps      | 1035264    |
| train/                  |            |
|    approx_kl            | 0.01336137 |
|    clip_fraction        | 0.147      |
|    clip_range           | 0.2        |
|    entropy_loss         | -16.3      |
|    explained_variance   | 0.624      |
|    learning_rate        | 0.0001     |
|    loss                 | 41.7       |
|    n_updates            | 10100      |
|    policy_gradient_loss | -0.0324    |
|    std                  | 1.82       |
|    value_loss           | 222        |
----------------------------------------
-----------------------------------------
| rollout/                |             |
|    ep_len_mean          | 185         |
|    ep_rew_mean          | -22.9       |
|    success_rate         | 0           |
| time/                   |             |
|    fps                  | 1879        |
|    iterations           | 81          |
|    time_elapsed         | 44          |
|    total_timesteps      | 1036288     |
| train/                  |             |
|    approx_kl            | 0.011352949 |
|    clip_fraction        | 0.129       |
|    clip_range           | 0.2         |
|    entropy_loss         | -16.3       |
|    explained_variance   | 0.832       |
|    learning_rate        | 0.0001      |
|    loss                 | 85.6        |
|    n_updates            | 10110       |
|    policy_gradient_loss | -0.0347     |
|    std                  | 1.82        |
|    value_loss           | 433         |
-----------------------------------------
----------------------------------------
| rollout/                |            |
|    ep_len_mean          | 186        |
|    ep_rew_mean          | -33.9      |
|    success_rate         | 0          |
| time/                   |            |
|    fps                  | 1880       |
|    iterations           | 82         |
|    time_elapsed         | 44         |
|    total_timesteps      | 1037312    |
| train/                  |            |
|    approx_kl            | 0.01604055 |
|    clip_fraction        | 0.136      |
|    clip_range           | 0.2        |
|    entropy_loss         | -16.3      |
|    explained_variance   | 0.903      |
|    learning_rate        | 0.0001     |
|    loss                 | 75.2       |
|    n_updates            | 10120      |
|    policy_gradient_loss | -0.0329    |
|    std                  | 1.82       |
|    value_loss           | 287        |
----------------------------------------
-----------------------------------------
| rollout/                |             |
|    ep_len_mean          | 184         |
|    ep_rew_mean          | -38.6       |
|    success_rate         | 0           |
| time/                   |             |
|    fps                  | 1881        |
|    iterations           | 83          |
|    time_elapsed         | 45          |
|    total_timesteps      | 1038336     |
| train/                  |             |
|    approx_kl            | 0.012579013 |
|    clip_fraction        | 0.106       |
|    clip_range           | 0.2         |
|    entropy_loss         | -16.3       |
|    explained_variance   | 0.877       |
|    learning_rate        | 0.0001      |
|    loss                 | 230         |
|    n_updates            | 10130       |
|    policy_gradient_loss | -0.0286     |
|    std                  | 1.82        |
|    value_loss           | 602         |
-----------------------------------------
-----------------------------------------
| rollout/                |             |
|    ep_len_mean          | 185         |
|    ep_rew_mean          | -40.6       |
|    success_rate         | 0           |
| time/                   |             |
|    fps                  | 1881        |
|    iterations           | 84          |
|    time_elapsed         | 45          |
|    total_timesteps      | 1039360     |
| train/                  |             |
|    approx_kl            | 0.013110695 |
|    clip_fraction        | 0.168       |
|    clip_range           | 0.2         |
|    entropy_loss         | -16.4       |
|    explained_variance   | 0.819       |
|    learning_rate        | 0.0001      |
|    loss                 | 176         |
|    n_updates            | 10140       |
|    policy_gradient_loss | -0.0371     |
|    std                  | 1.82        |
|    value_loss           | 298         |
-----------------------------------------
-----------------------------------------
| rollout/                |             |
|    ep_len_mean          | 190         |
|    ep_rew_mean          | -31.9       |
|    success_rate         | 0           |
| time/                   |             |
|    fps                  | 1882        |
|    iterations           | 85          |
|    time_elapsed         | 46          |
|    total_timesteps      | 1040384     |
| train/                  |             |
|    approx_kl            | 0.013380364 |
|    clip_fraction        | 0.127       |
|    clip_range           | 0.2         |
|    entropy_loss         | -16.3       |
|    explained_variance   | 0.841       |
|    learning_rate        | 0.0001      |
|    loss                 | 225         |
|    n_updates            | 10150       |
|    policy_gradient_loss | -0.0356     |
|    std                  | 1.82        |
|    value_loss           | 412         |
-----------------------------------------
-----------------------------------------
| rollout/                |             |
|    ep_len_mean          | 193         |
|    ep_rew_mean          | -24         |
|    success_rate         | 0           |
| time/                   |             |
|    fps                  | 1883        |
|    iterations           | 86          |
|    time_elapsed         | 46          |
|    total_timesteps      | 1041408     |
| train/                  |             |
|    approx_kl            | 0.019564947 |
|    clip_fraction        | 0.198       |
|    clip_range           | 0.2         |
|    entropy_loss         | -16.4       |
|    explained_variance   | 0.919       |
|    learning_rate        | 0.0001      |
|    loss                 | 53.7        |
|    n_updates            | 10160       |
|    policy_gradient_loss | -0.0361     |
|    std                  | 1.82        |
|    value_loss           | 105         |
-----------------------------------------
-----------------------------------------
| rollout/                |             |
|    ep_len_mean          | 196         |
|    ep_rew_mean          | -26.8       |
|    success_rate         | 0           |
| time/                   |             |
|    fps                  | 1884        |
|    iterations           | 87          |
|    time_elapsed         | 47          |
|    total_timesteps      | 1042432     |
| train/                  |             |
|    approx_kl            | 0.017701032 |
|    clip_fraction        | 0.197       |
|    clip_range           | 0.2         |
|    entropy_loss         | -16.4       |
|    explained_variance   | 0.909       |
|    learning_rate        | 0.0001      |
|    loss                 | 60.6        |
|    n_updates            | 10170       |
|    policy_gradient_loss | -0.0292     |
|    std                  | 1.82        |
|    value_loss           | 159         |
-----------------------------------------
-----------------------------------------
| rollout/                |             |
|    ep_len_mean          | 200         |
|    ep_rew_mean          | -29.3       |
|    success_rate         | 0           |
| time/                   |             |
|    fps                  | 1884        |
|    iterations           | 88          |
|    time_elapsed         | 47          |
|    total_timesteps      | 1043456     |
| train/                  |             |
|    approx_kl            | 0.014796309 |
|    clip_fraction        | 0.168       |
|    clip_range           | 0.2         |
|    entropy_loss         | -16.4       |
|    explained_variance   | 0.709       |
|    learning_rate        | 0.0001      |
|    loss                 | 302         |
|    n_updates            | 10180       |
|    policy_gradient_loss | -0.0292     |
|    std                  | 1.82        |
|    value_loss           | 780         |
-----------------------------------------
-----------------------------------------
| rollout/                |             |
|    ep_len_mean          | 201         |
|    ep_rew_mean          | -34.4       |
|    success_rate         | 0           |
| time/                   |             |
|    fps                  | 1885        |
|    iterations           | 89          |
|    time_elapsed         | 48          |
|    total_timesteps      | 1044480     |
| train/                  |             |
|    approx_kl            | 0.018661687 |
|    clip_fraction        | 0.184       |
|    clip_range           | 0.2         |
|    entropy_loss         | -16.4       |
|    explained_variance   | 0.921       |
|    learning_rate        | 0.0001      |
|    loss                 | 41.7        |
|    n_updates            | 10190       |
|    policy_gradient_loss | -0.0418     |
|    std                  | 1.82        |
|    value_loss           | 150         |
-----------------------------------------
-----------------------------------------
| rollout/                |             |
|    ep_len_mean          | 198         |
|    ep_rew_mean          | -45.3       |
|    success_rate         | 0           |
| time/                   |             |
|    fps                  | 1886        |
|    iterations           | 90          |
|    time_elapsed         | 48          |
|    total_timesteps      | 1045504     |
| train/                  |             |
|    approx_kl            | 0.018642642 |
|    clip_fraction        | 0.194       |
|    clip_range           | 0.2         |
|    entropy_loss         | -16.4       |
|    explained_variance   | 0.682       |
|    learning_rate        | 0.0001      |
|    loss                 | 30.5        |
|    n_updates            | 10200       |
|    policy_gradient_loss | -0.0404     |
|    std                  | 1.82        |
|    value_loss           | 128         |
-----------------------------------------
-----------------------------------------
| rollout/                |             |
|    ep_len_mean          | 203         |
|    ep_rew_mean          | -47         |
|    success_rate         | 0           |
| time/                   |             |
|    fps                  | 1886        |
|    iterations           | 91          |
|    time_elapsed         | 49          |
|    total_timesteps      | 1046528     |
| train/                  |             |
|    approx_kl            | 0.012960036 |
|    clip_fraction        | 0.16        |
|    clip_range           | 0.2         |
|    entropy_loss         | -16.4       |
|    explained_variance   | 0.792       |
|    learning_rate        | 0.0001      |
|    loss                 | 271         |
|    n_updates            | 10210       |
|    policy_gradient_loss | -0.0362     |
|    std                  | 1.83        |
|    value_loss           | 468         |
-----------------------------------------
-----------------------------------------
| rollout/                |             |
|    ep_len_mean          | 205         |
|    ep_rew_mean          | -69.4       |
|    success_rate         | 0           |
| time/                   |             |
|    fps                  | 1887        |
|    iterations           | 92          |
|    time_elapsed         | 49          |
|    total_timesteps      | 1047552     |
| train/                  |             |
|    approx_kl            | 0.012049492 |
|    clip_fraction        | 0.0869      |
|    clip_range           | 0.2         |
|    entropy_loss         | -16.4       |
|    explained_variance   | 0.875       |
|    learning_rate        | 0.0001      |
|    loss                 | 369         |
|    n_updates            | 10220       |
|    policy_gradient_loss | -0.0239     |
|    std                  | 1.83        |
|    value_loss           | 1.09e+03    |
-----------------------------------------
-----------------------------------------
| rollout/                |             |
|    ep_len_mean          | 207         |
|    ep_rew_mean          | -78.8       |
|    success_rate         | 0           |
| time/                   |             |
|    fps                  | 1888        |
|    iterations           | 93          |
|    time_elapsed         | 50          |
|    total_timesteps      | 1048576     |
| train/                  |             |
|    approx_kl            | 0.014711136 |
|    clip_fraction        | 0.163       |
|    clip_range           | 0.2         |
|    entropy_loss         | -16.4       |
|    explained_variance   | 0.913       |
|    learning_rate        | 0.0001      |
|    loss                 | 182         |
|    n_updates            | 10230       |
|    policy_gradient_loss | -0.0379     |
|    std                  | 1.83        |
|    value_loss           | 424         |
-----------------------------------------
-----------------------------------------
| rollout/                |             |
|    ep_len_mean          | 209         |
|    ep_rew_mean          | -69.7       |
|    success_rate         | 0           |
| time/                   |             |
|    fps                  | 1889        |
|    iterations           | 94          |
|    time_elapsed         | 50          |
|    total_timesteps      | 1049600     |
| train/                  |             |
|    approx_kl            | 0.012076005 |
|    clip_fraction        | 0.126       |
|    clip_range           | 0.2         |
|    entropy_loss         | -16.4       |
|    explained_variance   | 0.581       |
|    learning_rate        | 0.0001      |
|    loss                 | 226         |
|    n_updates            | 10240       |
|    policy_gradient_loss | -0.0257     |
|    std                  | 1.83        |
|    value_loss           | 539         |
-----------------------------------------
----------------------------------------
| rollout/                |            |
|    ep_len_mean          | 210        |
|    ep_rew_mean          | -74.2      |
|    success_rate         | 0          |
| time/                   |            |
|    fps                  | 1889       |
|    iterations           | 95         |
|    time_elapsed         | 51         |
|    total_timesteps      | 1050624    |
| train/                  |            |
|    approx_kl            | 0.01930397 |
|    clip_fraction        | 0.159      |
|    clip_range           | 0.2        |
|    entropy_loss         | -16.4      |
|    explained_variance   | 0.798      |
|    learning_rate        | 0.0001     |
|    loss                 | 57.2       |
|    n_updates            | 10250      |
|    policy_gradient_loss | -0.0314    |
|    std                  | 1.83       |
|    value_loss           | 150        |
----------------------------------------
-----------------------------------------
| rollout/                |             |
|    ep_len_mean          | 216         |
|    ep_rew_mean          | -70.2       |
|    success_rate         | 0           |
| time/                   |             |
|    fps                  | 1890        |
|    iterations           | 96          |
|    time_elapsed         | 52          |
|    total_timesteps      | 1051648     |
| train/                  |             |
|    approx_kl            | 0.013872853 |
|    clip_fraction        | 0.137       |
|    clip_range           | 0.2         |
|    entropy_loss         | -16.4       |
|    explained_variance   | 0.778       |
|    learning_rate        | 0.0001      |
|    loss                 | 261         |
|    n_updates            | 10260       |
|    policy_gradient_loss | -0.0258     |
|    std                  | 1.83        |
|    value_loss           | 483         |
-----------------------------------------
-----------------------------------------
| rollout/                |             |
|    ep_len_mean          | 217         |
|    ep_rew_mean          | -64.8       |
|    success_rate         | 0           |
| time/                   |             |
|    fps                  | 1890        |
|    iterations           | 97          |
|    time_elapsed         | 52          |
|    total_timesteps      | 1052672     |
| train/                  |             |
|    approx_kl            | 0.019354755 |
|    clip_fraction        | 0.145       |
|    clip_range           | 0.2         |
|    entropy_loss         | -16.4       |
|    explained_variance   | 0.853       |
|    learning_rate        | 0.0001      |
|    loss                 | 73.7        |
|    n_updates            | 10270       |
|    policy_gradient_loss | -0.0358     |
|    std                  | 1.83        |
|    value_loss           | 201         |
-----------------------------------------
-----------------------------------------
| rollout/                |             |
|    ep_len_mean          | 214         |
|    ep_rew_mean          | -63.2       |
|    success_rate         | 0           |
| time/                   |             |
|    fps                  | 1891        |
|    iterations           | 98          |
|    time_elapsed         | 53          |
|    total_timesteps      | 1053696     |
| train/                  |             |
|    approx_kl            | 0.023952978 |
|    clip_fraction        | 0.191       |
|    clip_range           | 0.2         |
|    entropy_loss         | -16.4       |
|    explained_variance   | 0.958       |
|    learning_rate        | 0.0001      |
|    loss                 | 13.2        |
|    n_updates            | 10280       |
|    policy_gradient_loss | -0.0332     |
|    std                  | 1.83        |
|    value_loss           | 86.8        |
-----------------------------------------
----------------------------------------
| rollout/                |            |
|    ep_len_mean          | 211        |
|    ep_rew_mean          | -69        |
|    success_rate         | 0          |
| time/                   |            |
|    fps                  | 1891       |
|    iterations           | 99         |
|    time_elapsed         | 53         |
|    total_timesteps      | 1054720    |
| train/                  |            |
|    approx_kl            | 0.02222614 |
|    clip_fraction        | 0.192      |
|    clip_range           | 0.2        |
|    entropy_loss         | -16.4      |
|    explained_variance   | 0.858      |
|    learning_rate        | 0.0001     |
|    loss                 | 15.6       |
|    n_updates            | 10290      |
|    policy_gradient_loss | -0.0365    |
|    std                  | 1.83       |
|    value_loss           | 72.5       |
----------------------------------------
----------------------------------------
| rollout/                |            |
|    ep_len_mean          | 213        |
|    ep_rew_mean          | -60.7      |
|    success_rate         | 0          |
| time/                   |            |
|    fps                  | 1892       |
|    iterations           | 100        |
|    time_elapsed         | 54         |
|    total_timesteps      | 1055744    |
| train/                  |            |
|    approx_kl            | 0.01685359 |
|    clip_fraction        | 0.197      |
|    clip_range           | 0.2        |
|    entropy_loss         | -16.4      |
|    explained_variance   | 0.883      |
|    learning_rate        | 0.0001     |
|    loss                 | 136        |
|    n_updates            | 10300      |
|    policy_gradient_loss | -0.0386    |
|    std                  | 1.83       |
|    value_loss           | 353        |
----------------------------------------
-----------------------------------------
| rollout/                |             |
|    ep_len_mean          | 204         |
|    ep_rew_mean          | -60.1       |
|    success_rate         | 0           |
| time/                   |             |
|    fps                  | 1892        |
|    iterations           | 101         |
|    time_elapsed         | 54          |
|    total_timesteps      | 1056768     |
| train/                  |             |
|    approx_kl            | 0.018601019 |
|    clip_fraction        | 0.152       |
|    clip_range           | 0.2         |
|    entropy_loss         | -16.4       |
|    explained_variance   | 0.878       |
|    learning_rate        | 0.0001      |
|    loss                 | 67.1        |
|    n_updates            | 10310       |
|    policy_gradient_loss | -0.0399     |
|    std                  | 1.83        |
|    value_loss           | 225         |
-----------------------------------------
-----------------------------------------
| rollout/                |             |
|    ep_len_mean          | 205         |
|    ep_rew_mean          | -48.1       |
|    success_rate         | 0           |
| time/                   |             |
|    fps                  | 1893        |
|    iterations           | 102         |
|    time_elapsed         | 55          |
|    total_timesteps      | 1057792     |
| train/                  |             |
|    approx_kl            | 0.011328481 |
|    clip_fraction        | 0.125       |
|    clip_range           | 0.2         |
|    entropy_loss         | -16.4       |
|    explained_variance   | 0.902       |
|    learning_rate        | 0.0001      |
|    loss                 | 124         |
|    n_updates            | 10320       |
|    policy_gradient_loss | -0.0301     |
|    std                  | 1.83        |
|    value_loss           | 388         |
-----------------------------------------
-----------------------------------------
| rollout/                |             |
|    ep_len_mean          | 203         |
|    ep_rew_mean          | -54.5       |
|    success_rate         | 0           |
| time/                   |             |
|    fps                  | 1893        |
|    iterations           | 103         |
|    time_elapsed         | 55          |
|    total_timesteps      | 1058816     |
| train/                  |             |
|    approx_kl            | 0.027979312 |
|    clip_fraction        | 0.236       |
|    clip_range           | 0.2         |
|    entropy_loss         | -16.4       |
|    explained_variance   | 0.964       |
|    learning_rate        | 0.0001      |
|    loss                 | 12.8        |
|    n_updates            | 10330       |
|    policy_gradient_loss | -0.0378     |
|    std                  | 1.83        |
|    value_loss           | 64.7        |
-----------------------------------------
-----------------------------------------
| rollout/                |             |
|    ep_len_mean          | 199         |
|    ep_rew_mean          | -58.8       |
|    success_rate         | 0           |
| time/                   |             |
|    fps                  | 1894        |
|    iterations           | 104         |
|    time_elapsed         | 56          |
|    total_timesteps      | 1059840     |
| train/                  |             |
|    approx_kl            | 0.013245812 |
|    clip_fraction        | 0.141       |
|    clip_range           | 0.2         |
|    entropy_loss         | -16.4       |
|    explained_variance   | 0.786       |
|    learning_rate        | 0.0001      |
|    loss                 | 176         |
|    n_updates            | 10340       |
|    policy_gradient_loss | -0.0294     |
|    std                  | 1.83        |
|    value_loss           | 558         |
-----------------------------------------
-----------------------------------------
| rollout/                |             |
|    ep_len_mean          | 200         |
|    ep_rew_mean          | -62.8       |
|    success_rate         | 0           |
| time/                   |             |
|    fps                  | 1894        |
|    iterations           | 105         |
|    time_elapsed         | 56          |
|    total_timesteps      | 1060864     |
| train/                  |             |
|    approx_kl            | 0.011174478 |
|    clip_fraction        | 0.103       |
|    clip_range           | 0.2         |
|    entropy_loss         | -16.4       |
|    explained_variance   | 0.722       |
|    learning_rate        | 0.0001      |
|    loss                 | 306         |
|    n_updates            | 10350       |
|    policy_gradient_loss | -0.0319     |
|    std                  | 1.83        |
|    value_loss           | 622         |
-----------------------------------------
-----------------------------------------
| rollout/                |             |
|    ep_len_mean          | 201         |
|    ep_rew_mean          | -68.3       |
|    success_rate         | 0           |
| time/                   |             |
|    fps                  | 1895        |
|    iterations           | 106         |
|    time_elapsed         | 57          |
|    total_timesteps      | 1061888     |
| train/                  |             |
|    approx_kl            | 0.016691215 |
|    clip_fraction        | 0.15        |
|    clip_range           | 0.2         |
|    entropy_loss         | -16.4       |
|    explained_variance   | 0.82        |
|    learning_rate        | 0.0001      |
|    loss                 | 78.2        |
|    n_updates            | 10360       |
|    policy_gradient_loss | -0.0386     |
|    std                  | 1.83        |
|    value_loss           | 179         |
-----------------------------------------
----------------------------------------
| rollout/                |            |
|    ep_len_mean          | 198        |
|    ep_rew_mean          | -69.1      |
|    success_rate         | 0          |
| time/                   |            |
|    fps                  | 1895       |
|    iterations           | 107        |
|    time_elapsed         | 57         |
|    total_timesteps      | 1062912    |
| train/                  |            |
|    approx_kl            | 0.01193006 |
|    clip_fraction        | 0.117      |
|    clip_range           | 0.2        |
|    entropy_loss         | -16.4      |
|    explained_variance   | 0.935      |
|    learning_rate        | 0.0001     |
|    loss                 | 129        |
|    n_updates            | 10370      |
|    policy_gradient_loss | -0.0281    |
|    std                  | 1.83       |
|    value_loss           | 338        |
----------------------------------------
----------------------------------------
| rollout/                |            |
|    ep_len_mean          | 197        |
|    ep_rew_mean          | -57        |
|    success_rate         | 0          |
| time/                   |            |
|    fps                  | 1896       |
|    iterations           | 108        |
|    time_elapsed         | 58         |
|    total_timesteps      | 1063936    |
| train/                  |            |
|    approx_kl            | 0.01739183 |
|    clip_fraction        | 0.175      |
|    clip_range           | 0.2        |
|    entropy_loss         | -16.4      |
|    explained_variance   | 0.876      |
|    learning_rate        | 0.0001     |
|    loss                 | 63.1       |
|    n_updates            | 10380      |
|    policy_gradient_loss | -0.0399    |
|    std                  | 1.83       |
|    value_loss           | 171        |
----------------------------------------
-----------------------------------------
| rollout/                |             |
|    ep_len_mean          | 192         |
|    ep_rew_mean          | -42.3       |
|    success_rate         | 0           |
| time/                   |             |
|    fps                  | 1896        |
|    iterations           | 109         |
|    time_elapsed         | 58          |
|    total_timesteps      | 1064960     |
| train/                  |             |
|    approx_kl            | 0.021271173 |
|    clip_fraction        | 0.187       |
|    clip_range           | 0.2         |
|    entropy_loss         | -16.4       |
|    explained_variance   | 0.88        |
|    learning_rate        | 0.0001      |
|    loss                 | 16.5        |
|    n_updates            | 10390       |
|    policy_gradient_loss | -0.0327     |
|    std                  | 1.83        |
|    value_loss           | 69.2        |
-----------------------------------------
-----------------------------------------
| rollout/                |             |
|    ep_len_mean          | 191         |
|    ep_rew_mean          | -36.6       |
|    success_rate         | 0           |
| time/                   |             |
|    fps                  | 1897        |
|    iterations           | 110         |
|    time_elapsed         | 59          |
|    total_timesteps      | 1065984     |
| train/                  |             |
|    approx_kl            | 0.013507342 |
|    clip_fraction        | 0.147       |
|    clip_range           | 0.2         |
|    entropy_loss         | -16.4       |
|    explained_variance   | 0.646       |
|    learning_rate        | 0.0001      |
|    loss                 | 203         |
|    n_updates            | 10400       |
|    policy_gradient_loss | -0.0329     |
|    std                  | 1.83        |
|    value_loss           | 398         |
-----------------------------------------
-----------------------------------------
| rollout/                |             |
|    ep_len_mean          | 190         |
|    ep_rew_mean          | -36.4       |
|    success_rate         | 0           |
| time/                   |             |
|    fps                  | 1897        |
|    iterations           | 111         |
|    time_elapsed         | 59          |
|    total_timesteps      | 1067008     |
| train/                  |             |
|    approx_kl            | 0.010212628 |
|    clip_fraction        | 0.0808      |
|    clip_range           | 0.2         |
|    entropy_loss         | -16.4       |
|    explained_variance   | 0.908       |
|    learning_rate        | 0.0001      |
|    loss                 | 217         |
|    n_updates            | 10410       |
|    policy_gradient_loss | -0.0286     |
|    std                  | 1.83        |
|    value_loss           | 681         |
-----------------------------------------
------------------------------------------
| rollout/                |              |
|    ep_len_mean          | 187          |
|    ep_rew_mean          | -36.9        |
|    success_rate         | 0            |
| time/                   |              |
|    fps                  | 1897         |
|    iterations           | 112          |
|    time_elapsed         | 60           |
|    total_timesteps      | 1068032      |
| train/                  |              |
|    approx_kl            | 0.0123039745 |
|    clip_fraction        | 0.129        |
|    clip_range           | 0.2          |
|    entropy_loss         | -16.4        |
|    explained_variance   | 0.863        |
|    learning_rate        | 0.0001       |
|    loss                 | 174          |
|    n_updates            | 10420        |
|    policy_gradient_loss | -0.0333      |
|    std                  | 1.83         |
|    value_loss           | 505          |
------------------------------------------
-----------------------------------------
| rollout/                |             |
|    ep_len_mean          | 181         |
|    ep_rew_mean          | -35.2       |
|    success_rate         | 0           |
| time/                   |             |
|    fps                  | 1897        |
|    iterations           | 113         |
|    time_elapsed         | 60          |
|    total_timesteps      | 1069056     |
| train/                  |             |
|    approx_kl            | 0.013562892 |
|    clip_fraction        | 0.171       |
|    clip_range           | 0.2         |
|    entropy_loss         | -16.4       |
|    explained_variance   | 0.832       |
|    learning_rate        | 0.0001      |
|    loss                 | 120         |
|    n_updates            | 10430       |
|    policy_gradient_loss | -0.0374     |
|    std                  | 1.83        |
|    value_loss           | 282         |
-----------------------------------------
-----------------------------------------
| rollout/                |             |
|    ep_len_mean          | 182         |
|    ep_rew_mean          | -41.6       |
|    success_rate         | 0           |
| time/                   |             |
|    fps                  | 1897        |
|    iterations           | 114         |
|    time_elapsed         | 61          |
|    total_timesteps      | 1070080     |
| train/                  |             |
|    approx_kl            | 0.011465705 |
|    clip_fraction        | 0.133       |
|    clip_range           | 0.2         |
|    entropy_loss         | -16.4       |
|    explained_variance   | 0.863       |
|    learning_rate        | 0.0001      |
|    loss                 | 132         |
|    n_updates            | 10440       |
|    policy_gradient_loss | -0.0314     |
|    std                  | 1.84        |
|    value_loss           | 434         |
-----------------------------------------
-----------------------------------------
| rollout/                |             |
|    ep_len_mean          | 178         |
|    ep_rew_mean          | -46.1       |
|    success_rate         | 0           |
| time/                   |             |
|    fps                  | 1895        |
|    iterations           | 115         |
|    time_elapsed         | 62          |
|    total_timesteps      | 1071104     |
| train/                  |             |
|    approx_kl            | 0.013971055 |
|    clip_fraction        | 0.143       |
|    clip_range           | 0.2         |
|    entropy_loss         | -16.4       |
|    explained_variance   | 0.895       |
|    learning_rate        | 0.0001      |
|    loss                 | 106         |
|    n_updates            | 10450       |
|    policy_gradient_loss | -0.0397     |
|    std                  | 1.84        |
|    value_loss           | 291         |
-----------------------------------------
-----------------------------------------
| rollout/                |             |
|    ep_len_mean          | 176         |
|    ep_rew_mean          | -65.1       |
|    success_rate         | 0           |
| time/                   |             |
|    fps                  | 1896        |
|    iterations           | 116         |
|    time_elapsed         | 62          |
|    total_timesteps      | 1072128     |
| train/                  |             |
|    approx_kl            | 0.011788181 |
|    clip_fraction        | 0.113       |
|    clip_range           | 0.2         |
|    entropy_loss         | -16.4       |
|    explained_variance   | 0.941       |
|    learning_rate        | 0.0001      |
|    loss                 | 86.2        |
|    n_updates            | 10460       |
|    policy_gradient_loss | -0.0291     |
|    std                  | 1.84        |
|    value_loss           | 474         |
-----------------------------------------
----------------------------------------
| rollout/                |            |
|    ep_len_mean          | 174        |
|    ep_rew_mean          | -78.7      |
|    success_rate         | 0          |
| time/                   |            |
|    fps                  | 1896       |
|    iterations           | 117        |
|    time_elapsed         | 63         |
|    total_timesteps      | 1073152    |
| train/                  |            |
|    approx_kl            | 0.01451807 |
|    clip_fraction        | 0.171      |
|    clip_range           | 0.2        |
|    entropy_loss         | -16.4      |
|    explained_variance   | 0.938      |
|    learning_rate        | 0.0001     |
|    loss                 | 157        |
|    n_updates            | 10470      |
|    policy_gradient_loss | -0.0409    |
|    std                  | 1.84       |
|    value_loss           | 468        |
----------------------------------------
-----------------------------------------
| rollout/                |             |
|    ep_len_mean          | 179         |
|    ep_rew_mean          | -72.2       |
|    success_rate         | 0           |
| time/                   |             |
|    fps                  | 1896        |
|    iterations           | 118         |
|    time_elapsed         | 63          |
|    total_timesteps      | 1074176     |
| train/                  |             |
|    approx_kl            | 0.011975372 |
|    clip_fraction        | 0.122       |
|    clip_range           | 0.2         |
|    entropy_loss         | -16.4       |
|    explained_variance   | 0.799       |
|    learning_rate        | 0.0001      |
|    loss                 | 503         |
|    n_updates            | 10480       |
|    policy_gradient_loss | -0.0281     |
|    std                  | 1.84        |
|    value_loss           | 1.19e+03    |
-----------------------------------------
-----------------------------------------
| rollout/                |             |
|    ep_len_mean          | 176         |
|    ep_rew_mean          | -79.1       |
|    success_rate         | 0           |
| time/                   |             |
|    fps                  | 1896        |
|    iterations           | 119         |
|    time_elapsed         | 64          |
|    total_timesteps      | 1075200     |
| train/                  |             |
|    approx_kl            | 0.021993121 |
|    clip_fraction        | 0.174       |
|    clip_range           | 0.2         |
|    entropy_loss         | -16.4       |
|    explained_variance   | 0.924       |
|    learning_rate        | 0.0001      |
|    loss                 | 15.3        |
|    n_updates            | 10490       |
|    policy_gradient_loss | -0.0317     |
|    std                  | 1.84        |
|    value_loss           | 102         |
-----------------------------------------
------------------------------------------
| rollout/                |              |
|    ep_len_mean          | 176          |
|    ep_rew_mean          | -72.5        |
|    success_rate         | 0            |
| time/                   |              |
|    fps                  | 1897         |
|    iterations           | 120          |
|    time_elapsed         | 64           |
|    total_timesteps      | 1076224      |
| train/                  |              |
|    approx_kl            | 0.0132041555 |
|    clip_fraction        | 0.192        |
|    clip_range           | 0.2          |
|    entropy_loss         | -16.4        |
|    explained_variance   | 0.784        |
|    learning_rate        | 0.0001       |
|    loss                 | 343          |
|    n_updates            | 10500        |
|    policy_gradient_loss | -0.0255      |
|    std                  | 1.84         |
|    value_loss           | 1.01e+03     |
------------------------------------------
-----------------------------------------
| rollout/                |             |
|    ep_len_mean          | 181         |
|    ep_rew_mean          | -61.5       |
|    success_rate         | 0           |
| time/                   |             |
|    fps                  | 1897        |
|    iterations           | 121         |
|    time_elapsed         | 65          |
|    total_timesteps      | 1077248     |
| train/                  |             |
|    approx_kl            | 0.019275358 |
|    clip_fraction        | 0.145       |
|    clip_range           | 0.2         |
|    entropy_loss         | -16.4       |
|    explained_variance   | 0.862       |
|    learning_rate        | 0.0001      |
|    loss                 | 64.4        |
|    n_updates            | 10510       |
|    policy_gradient_loss | -0.0314     |
|    std                  | 1.84        |
|    value_loss           | 251         |
-----------------------------------------
-----------------------------------------
| rollout/                |             |
|    ep_len_mean          | 185         |
|    ep_rew_mean          | -53.8       |
|    success_rate         | 0           |
| time/                   |             |
|    fps                  | 1898        |
|    iterations           | 122         |
|    time_elapsed         | 65          |
|    total_timesteps      | 1078272     |
| train/                  |             |
|    approx_kl            | 0.019222686 |
|    clip_fraction        | 0.167       |
|    clip_range           | 0.2         |
|    entropy_loss         | -16.4       |
|    explained_variance   | 0.931       |
|    learning_rate        | 0.0001      |
|    loss                 | 19          |
|    n_updates            | 10520       |
|    policy_gradient_loss | -0.0338     |
|    std                  | 1.84        |
|    value_loss           | 115         |
-----------------------------------------
-----------------------------------------
| rollout/                |             |
|    ep_len_mean          | 188         |
|    ep_rew_mean          | -50.7       |
|    success_rate         | 0           |
| time/                   |             |
|    fps                  | 1898        |
|    iterations           | 123         |
|    time_elapsed         | 66          |
|    total_timesteps      | 1079296     |
| train/                  |             |
|    approx_kl            | 0.018741066 |
|    clip_fraction        | 0.168       |
|    clip_range           | 0.2         |
|    entropy_loss         | -16.4       |
|    explained_variance   | 0.951       |
|    learning_rate        | 0.0001      |
|    loss                 | 32.4        |
|    n_updates            | 10530       |
|    policy_gradient_loss | -0.0352     |
|    std                  | 1.84        |
|    value_loss           | 117         |
-----------------------------------------
-----------------------------------------
| rollout/                |             |
|    ep_len_mean          | 183         |
|    ep_rew_mean          | -37.8       |
|    success_rate         | 0           |
| time/                   |             |
|    fps                  | 1898        |
|    iterations           | 124         |
|    time_elapsed         | 66          |
|    total_timesteps      | 1080320     |
| train/                  |             |
|    approx_kl            | 0.031119447 |
|    clip_fraction        | 0.279       |
|    clip_range           | 0.2         |
|    entropy_loss         | -16.4       |
|    explained_variance   | 0.894       |
|    learning_rate        | 0.0001      |
|    loss                 | 17.4        |
|    n_updates            | 10540       |
|    policy_gradient_loss | -0.0478     |
|    std                  | 1.84        |
|    value_loss           | 55.9        |
-----------------------------------------
-----------------------------------------
| rollout/                |             |
|    ep_len_mean          | 179         |
|    ep_rew_mean          | -44.3       |
|    success_rate         | 0           |
| time/                   |             |
|    fps                  | 1899        |
|    iterations           | 125         |
|    time_elapsed         | 67          |
|    total_timesteps      | 1081344     |
| train/                  |             |
|    approx_kl            | 0.018193515 |
|    clip_fraction        | 0.195       |
|    clip_range           | 0.2         |
|    entropy_loss         | -16.4       |
|    explained_variance   | 0.96        |
|    learning_rate        | 0.0001      |
|    loss                 | 14.8        |
|    n_updates            | 10550       |
|    policy_gradient_loss | -0.0329     |
|    std                  | 1.84        |
|    value_loss           | 106         |
-----------------------------------------
----------------------------------------
| rollout/                |            |
|    ep_len_mean          | 182        |
|    ep_rew_mean          | -51.2      |
|    success_rate         | 0          |
| time/                   |            |
|    fps                  | 1899       |
|    iterations           | 126        |
|    time_elapsed         | 67         |
|    total_timesteps      | 1082368    |
| train/                  |            |
|    approx_kl            | 0.01222642 |
|    clip_fraction        | 0.138      |
|    clip_range           | 0.2        |
|    entropy_loss         | -16.4      |
|    explained_variance   | 0.767      |
|    learning_rate        | 0.0001     |
|    loss                 | 328        |
|    n_updates            | 10560      |
|    policy_gradient_loss | -0.0284    |
|    std                  | 1.84       |
|    value_loss           | 719        |
----------------------------------------
-----------------------------------------
| rollout/                |             |
|    ep_len_mean          | 186         |
|    ep_rew_mean          | -53.4       |
|    success_rate         | 0           |
| time/                   |             |
|    fps                  | 1900        |
|    iterations           | 127         |
|    time_elapsed         | 68          |
|    total_timesteps      | 1083392     |
| train/                  |             |
|    approx_kl            | 0.012197822 |
|    clip_fraction        | 0.0934      |
|    clip_range           | 0.2         |
|    entropy_loss         | -16.4       |
|    explained_variance   | 0.866       |
|    learning_rate        | 0.0001      |
|    loss                 | 78.9        |
|    n_updates            | 10570       |
|    policy_gradient_loss | -0.0234     |
|    std                  | 1.84        |
|    value_loss           | 515         |
-----------------------------------------
-----------------------------------------
| rollout/                |             |
|    ep_len_mean          | 192         |
|    ep_rew_mean          | -60.4       |
|    success_rate         | 0           |
| time/                   |             |
|    fps                  | 1900        |
|    iterations           | 128         |
|    time_elapsed         | 68          |
|    total_timesteps      | 1084416     |
| train/                  |             |
|    approx_kl            | 0.014032437 |
|    clip_fraction        | 0.153       |
|    clip_range           | 0.2         |
|    entropy_loss         | -16.4       |
|    explained_variance   | 0.87        |
|    learning_rate        | 0.0001      |
|    loss                 | 69.7        |
|    n_updates            | 10580       |
|    policy_gradient_loss | -0.0329     |
|    std                  | 1.84        |
|    value_loss           | 247         |
-----------------------------------------
-----------------------------------------
| rollout/                |             |
|    ep_len_mean          | 193         |
|    ep_rew_mean          | -46.7       |
|    success_rate         | 0           |
| time/                   |             |
|    fps                  | 1901        |
|    iterations           | 129         |
|    time_elapsed         | 69          |
|    total_timesteps      | 1085440     |
| train/                  |             |
|    approx_kl            | 0.010973043 |
|    clip_fraction        | 0.0976      |
|    clip_range           | 0.2         |
|    entropy_loss         | -16.4       |
|    explained_variance   | 0.905       |
|    learning_rate        | 0.0001      |
|    loss                 | 177         |
|    n_updates            | 10590       |
|    policy_gradient_loss | -0.0247     |
|    std                  | 1.84        |
|    value_loss           | 473         |
-----------------------------------------
-----------------------------------------
| rollout/                |             |
|    ep_len_mean          | 193         |
|    ep_rew_mean          | -40         |
|    success_rate         | 0           |
| time/                   |             |
|    fps                  | 1901        |
|    iterations           | 130         |
|    time_elapsed         | 70          |
|    total_timesteps      | 1086464     |
| train/                  |             |
|    approx_kl            | 0.012687055 |
|    clip_fraction        | 0.131       |
|    clip_range           | 0.2         |
|    entropy_loss         | -16.4       |
|    explained_variance   | 0.907       |
|    learning_rate        | 0.0001      |
|    loss                 | 126         |
|    n_updates            | 10600       |
|    policy_gradient_loss | -0.0309     |
|    std                  | 1.85        |
|    value_loss           | 339         |
-----------------------------------------
-----------------------------------------
| rollout/                |             |
|    ep_len_mean          | 196         |
|    ep_rew_mean          | -42.7       |
|    success_rate         | 0           |
| time/                   |             |
|    fps                  | 1901        |
|    iterations           | 131         |
|    time_elapsed         | 70          |
|    total_timesteps      | 1087488     |
| train/                  |             |
|    approx_kl            | 0.011799554 |
|    clip_fraction        | 0.13        |
|    clip_range           | 0.2         |
|    entropy_loss         | -16.4       |
|    explained_variance   | 0.825       |
|    learning_rate        | 0.0001      |
|    loss                 | 256         |
|    n_updates            | 10610       |
|    policy_gradient_loss | -0.031      |
|    std                  | 1.85        |
|    value_loss           | 758         |
-----------------------------------------
-----------------------------------------
| rollout/                |             |
|    ep_len_mean          | 201         |
|    ep_rew_mean          | -49         |
|    success_rate         | 0           |
| time/                   |             |
|    fps                  | 1902        |
|    iterations           | 132         |
|    time_elapsed         | 71          |
|    total_timesteps      | 1088512     |
| train/                  |             |
|    approx_kl            | 0.009827291 |
|    clip_fraction        | 0.0904      |
|    clip_range           | 0.2         |
|    entropy_loss         | -16.5       |
|    explained_variance   | 0.787       |
|    learning_rate        | 0.0001      |
|    loss                 | 212         |
|    n_updates            | 10620       |
|    policy_gradient_loss | -0.0229     |
|    std                  | 1.85        |
|    value_loss           | 778         |
-----------------------------------------
----------------------------------------
| rollout/                |            |
|    ep_len_mean          | 197        |
|    ep_rew_mean          | -40.1      |
|    success_rate         | 0          |
| time/                   |            |
|    fps                  | 1902       |
|    iterations           | 133        |
|    time_elapsed         | 71         |
|    total_timesteps      | 1089536    |
| train/                  |            |
|    approx_kl            | 0.01480051 |
|    clip_fraction        | 0.157      |
|    clip_range           | 0.2        |
|    entropy_loss         | -16.5      |
|    explained_variance   | 0.88       |
|    learning_rate        | 0.0001     |
|    loss                 | 86.6       |
|    n_updates            | 10630      |
|    policy_gradient_loss | -0.0375    |
|    std                  | 1.85       |
|    value_loss           | 240        |
----------------------------------------
-----------------------------------------
| rollout/                |             |
|    ep_len_mean          | 195         |
|    ep_rew_mean          | -41.5       |
|    success_rate         | 0           |
| time/                   |             |
|    fps                  | 1903        |
|    iterations           | 134         |
|    time_elapsed         | 72          |
|    total_timesteps      | 1090560     |
| train/                  |             |
|    approx_kl            | 0.015239967 |
|    clip_fraction        | 0.184       |
|    clip_range           | 0.2         |
|    entropy_loss         | -16.5       |
|    explained_variance   | 0.911       |
|    learning_rate        | 0.0001      |
|    loss                 | 67.6        |
|    n_updates            | 10640       |
|    policy_gradient_loss | -0.0401     |
|    std                  | 1.85        |
|    value_loss           | 121         |
-----------------------------------------
-----------------------------------------
| rollout/                |             |
|    ep_len_mean          | 196         |
|    ep_rew_mean          | -37.6       |
|    success_rate         | 0           |
| time/                   |             |
|    fps                  | 1903        |
|    iterations           | 135         |
|    time_elapsed         | 72          |
|    total_timesteps      | 1091584     |
| train/                  |             |
|    approx_kl            | 0.016365098 |
|    clip_fraction        | 0.174       |
|    clip_range           | 0.2         |
|    entropy_loss         | -16.5       |
|    explained_variance   | 0.871       |
|    learning_rate        | 0.0001      |
|    loss                 | 149         |
|    n_updates            | 10650       |
|    policy_gradient_loss | -0.029      |
|    std                  | 1.85        |
|    value_loss           | 338         |
-----------------------------------------
-----------------------------------------
| rollout/                |             |
|    ep_len_mean          | 202         |
|    ep_rew_mean          | -49.9       |
|    success_rate         | 0           |
| time/                   |             |
|    fps                  | 1903        |
|    iterations           | 136         |
|    time_elapsed         | 73          |
|    total_timesteps      | 1092608     |
| train/                  |             |
|    approx_kl            | 0.009794377 |
|    clip_fraction        | 0.115       |
|    clip_range           | 0.2         |
|    entropy_loss         | -16.5       |
|    explained_variance   | 0.773       |
|    learning_rate        | 0.0001      |
|    loss                 | 361         |
|    n_updates            | 10660       |
|    policy_gradient_loss | -0.0274     |
|    std                  | 1.85        |
|    value_loss           | 924         |
-----------------------------------------
-----------------------------------------
| rollout/                |             |
|    ep_len_mean          | 201         |
|    ep_rew_mean          | -36.6       |
|    success_rate         | 0           |
| time/                   |             |
|    fps                  | 1903        |
|    iterations           | 137         |
|    time_elapsed         | 73          |
|    total_timesteps      | 1093632     |
| train/                  |             |
|    approx_kl            | 0.015715925 |
|    clip_fraction        | 0.131       |
|    clip_range           | 0.2         |
|    entropy_loss         | -16.5       |
|    explained_variance   | 0.948       |
|    learning_rate        | 0.0001      |
|    loss                 | 53          |
|    n_updates            | 10670       |
|    policy_gradient_loss | -0.0338     |
|    std                  | 1.85        |
|    value_loss           | 320         |
-----------------------------------------
-----------------------------------------
| rollout/                |             |
|    ep_len_mean          | 202         |
|    ep_rew_mean          | -36.2       |
|    success_rate         | 0           |
| time/                   |             |
|    fps                  | 1904        |
|    iterations           | 138         |
|    time_elapsed         | 74          |
|    total_timesteps      | 1094656     |
| train/                  |             |
|    approx_kl            | 0.011534882 |
|    clip_fraction        | 0.118       |
|    clip_range           | 0.2         |
|    entropy_loss         | -16.5       |
|    explained_variance   | 0.895       |
|    learning_rate        | 0.0001      |
|    loss                 | 49.2        |
|    n_updates            | 10680       |
|    policy_gradient_loss | -0.0297     |
|    std                  | 1.85        |
|    value_loss           | 297         |
-----------------------------------------
-----------------------------------------
| rollout/                |             |
|    ep_len_mean          | 200         |
|    ep_rew_mean          | -44.4       |
|    success_rate         | 0           |
| time/                   |             |
|    fps                  | 1904        |
|    iterations           | 139         |
|    time_elapsed         | 74          |
|    total_timesteps      | 1095680     |
| train/                  |             |
|    approx_kl            | 0.014818906 |
|    clip_fraction        | 0.157       |
|    clip_range           | 0.2         |
|    entropy_loss         | -16.5       |
|    explained_variance   | 0.89        |
|    learning_rate        | 0.0001      |
|    loss                 | 75.9        |
|    n_updates            | 10690       |
|    policy_gradient_loss | -0.0355     |
|    std                  | 1.85        |
|    value_loss           | 207         |
-----------------------------------------
-----------------------------------------
| rollout/                |             |
|    ep_len_mean          | 201         |
|    ep_rew_mean          | -43         |
|    success_rate         | 0           |
| time/                   |             |
|    fps                  | 1904        |
|    iterations           | 140         |
|    time_elapsed         | 75          |
|    total_timesteps      | 1096704     |
| train/                  |             |
|    approx_kl            | 0.009478383 |
|    clip_fraction        | 0.0825      |
|    clip_range           | 0.2         |
|    entropy_loss         | -16.5       |
|    explained_variance   | 0.845       |
|    learning_rate        | 0.0001      |
|    loss                 | 464         |
|    n_updates            | 10700       |
|    policy_gradient_loss | -0.0289     |
|    std                  | 1.85        |
|    value_loss           | 849         |
-----------------------------------------
-----------------------------------------
| rollout/                |             |
|    ep_len_mean          | 204         |
|    ep_rew_mean          | -41.1       |
|    success_rate         | 0           |
| time/                   |             |
|    fps                  | 1905        |
|    iterations           | 141         |
|    time_elapsed         | 75          |
|    total_timesteps      | 1097728     |
| train/                  |             |
|    approx_kl            | 0.016244026 |
|    clip_fraction        | 0.129       |
|    clip_range           | 0.2         |
|    entropy_loss         | -16.5       |
|    explained_variance   | 0.893       |
|    learning_rate        | 0.0001      |
|    loss                 | 25.5        |
|    n_updates            | 10710       |
|    policy_gradient_loss | -0.0279     |
|    std                  | 1.85        |
|    value_loss           | 151         |
-----------------------------------------
-----------------------------------------
| rollout/                |             |
|    ep_len_mean          | 199         |
|    ep_rew_mean          | -44.4       |
|    success_rate         | 0           |
| time/                   |             |
|    fps                  | 1905        |
|    iterations           | 142         |
|    time_elapsed         | 76          |
|    total_timesteps      | 1098752     |
| train/                  |             |
|    approx_kl            | 0.017882504 |
|    clip_fraction        | 0.179       |
|    clip_range           | 0.2         |
|    entropy_loss         | -16.5       |
|    explained_variance   | 0.67        |
|    learning_rate        | 0.0001      |
|    loss                 | 21.9        |
|    n_updates            | 10720       |
|    policy_gradient_loss | -0.0353     |
|    std                  | 1.85        |
|    value_loss           | 146         |
-----------------------------------------
-----------------------------------------
| rollout/                |             |
|    ep_len_mean          | 203         |
|    ep_rew_mean          | -45.6       |
|    success_rate         | 0           |
| time/                   |             |
|    fps                  | 1905        |
|    iterations           | 143         |
|    time_elapsed         | 76          |
|    total_timesteps      | 1099776     |
| train/                  |             |
|    approx_kl            | 0.017335318 |
|    clip_fraction        | 0.158       |
|    clip_range           | 0.2         |
|    entropy_loss         | -16.5       |
|    explained_variance   | 0.872       |
|    learning_rate        | 0.0001      |
|    loss                 | 49.2        |
|    n_updates            | 10730       |
|    policy_gradient_loss | -0.029      |
|    std                  | 1.85        |
|    value_loss           | 197         |
-----------------------------------------
----------------------------------------
| rollout/                |            |
|    ep_len_mean          | 206        |
|    ep_rew_mean          | -47        |
|    success_rate         | 0          |
| time/                   |            |
|    fps                  | 1906       |
|    iterations           | 144        |
|    time_elapsed         | 77         |
|    total_timesteps      | 1100800    |
| train/                  |            |
|    approx_kl            | 0.01959387 |
|    clip_fraction        | 0.188      |
|    clip_range           | 0.2        |
|    entropy_loss         | -16.5      |
|    explained_variance   | 0.931      |
|    learning_rate        | 0.0001     |
|    loss                 | 46         |
|    n_updates            | 10740      |
|    policy_gradient_loss | -0.041     |
|    std                  | 1.85       |
|    value_loss           | 128        |
----------------------------------------
-----------------------------------------
| rollout/                |             |
|    ep_len_mean          | 210         |
|    ep_rew_mean          | -54.9       |
|    success_rate         | 0           |
| time/                   |             |
|    fps                  | 1906        |
|    iterations           | 145         |
|    time_elapsed         | 77          |
|    total_timesteps      | 1101824     |
| train/                  |             |
|    approx_kl            | 0.017626407 |
|    clip_fraction        | 0.183       |
|    clip_range           | 0.2         |
|    entropy_loss         | -16.5       |
|    explained_variance   | 0.883       |
|    learning_rate        | 0.0001      |
|    loss                 | 59.7        |
|    n_updates            | 10750       |
|    policy_gradient_loss | -0.0344     |
|    std                  | 1.85        |
|    value_loss           | 152         |
-----------------------------------------
-----------------------------------------
| rollout/                |             |
|    ep_len_mean          | 204         |
|    ep_rew_mean          | -53.3       |
|    success_rate         | 0           |
| time/                   |             |
|    fps                  | 1906        |
|    iterations           | 146         |
|    time_elapsed         | 78          |
|    total_timesteps      | 1102848     |
| train/                  |             |
|    approx_kl            | 0.009210277 |
|    clip_fraction        | 0.111       |
|    clip_range           | 0.2         |
|    entropy_loss         | -16.5       |
|    explained_variance   | 0.632       |
|    learning_rate        | 0.0001      |
|    loss                 | 485         |
|    n_updates            | 10760       |
|    policy_gradient_loss | -0.0219     |
|    std                  | 1.85        |
|    value_loss           | 963         |
-----------------------------------------
-----------------------------------------
| rollout/                |             |
|    ep_len_mean          | 195         |
|    ep_rew_mean          | -52.1       |
|    success_rate         | 0           |
| time/                   |             |
|    fps                  | 1907        |
|    iterations           | 147         |
|    time_elapsed         | 78          |
|    total_timesteps      | 1103872     |
| train/                  |             |
|    approx_kl            | 0.010628538 |
|    clip_fraction        | 0.118       |
|    clip_range           | 0.2         |
|    entropy_loss         | -16.5       |
|    explained_variance   | 0.782       |
|    learning_rate        | 0.0001      |
|    loss                 | 328         |
|    n_updates            | 10770       |
|    policy_gradient_loss | -0.0329     |
|    std                  | 1.85        |
|    value_loss           | 873         |
-----------------------------------------
-----------------------------------------
| rollout/                |             |
|    ep_len_mean          | 196         |
|    ep_rew_mean          | -43.9       |
|    success_rate         | 0           |
| time/                   |             |
|    fps                  | 1907        |
|    iterations           | 148         |
|    time_elapsed         | 79          |
|    total_timesteps      | 1104896     |
| train/                  |             |
|    approx_kl            | 0.011413394 |
|    clip_fraction        | 0.107       |
|    clip_range           | 0.2         |
|    entropy_loss         | -16.5       |
|    explained_variance   | 0.863       |
|    learning_rate        | 0.0001      |
|    loss                 | 165         |
|    n_updates            | 10780       |
|    policy_gradient_loss | -0.0326     |
|    std                  | 1.85        |
|    value_loss           | 418         |
-----------------------------------------
-----------------------------------------
| rollout/                |             |
|    ep_len_mean          | 197         |
|    ep_rew_mean          | -53.3       |
|    success_rate         | 0           |
| time/                   |             |
|    fps                  | 1907        |
|    iterations           | 149         |
|    time_elapsed         | 79          |
|    total_timesteps      | 1105920     |
| train/                  |             |
|    approx_kl            | 0.015792318 |
|    clip_fraction        | 0.173       |
|    clip_range           | 0.2         |
|    entropy_loss         | -16.5       |
|    explained_variance   | 0.704       |
|    learning_rate        | 0.0001      |
|    loss                 | 123         |
|    n_updates            | 10790       |
|    policy_gradient_loss | -0.0369     |
|    std                  | 1.85        |
|    value_loss           | 266         |
-----------------------------------------
-----------------------------------------
| rollout/                |             |
|    ep_len_mean          | 198         |
|    ep_rew_mean          | -49.4       |
|    success_rate         | 0           |
| time/                   |             |
|    fps                  | 1907        |
|    iterations           | 150         |
|    time_elapsed         | 80          |
|    total_timesteps      | 1106944     |
| train/                  |             |
|    approx_kl            | 0.012177913 |
|    clip_fraction        | 0.107       |
|    clip_range           | 0.2         |
|    entropy_loss         | -16.5       |
|    explained_variance   | 0.931       |
|    learning_rate        | 0.0001      |
|    loss                 | 78.8        |
|    n_updates            | 10800       |
|    policy_gradient_loss | -0.0277     |
|    std                  | 1.85        |
|    value_loss           | 433         |
-----------------------------------------
-----------------------------------------
| rollout/                |             |
|    ep_len_mean          | 201         |
|    ep_rew_mean          | -49.3       |
|    success_rate         | 0           |
| time/                   |             |
|    fps                  | 1908        |
|    iterations           | 151         |
|    time_elapsed         | 81          |
|    total_timesteps      | 1107968     |
| train/                  |             |
|    approx_kl            | 0.019735076 |
|    clip_fraction        | 0.187       |
|    clip_range           | 0.2         |
|    entropy_loss         | -16.5       |
|    explained_variance   | 0.943       |
|    learning_rate        | 0.0001      |
|    loss                 | 40          |
|    n_updates            | 10810       |
|    policy_gradient_loss | -0.0363     |
|    std                  | 1.85        |
|    value_loss           | 164         |
-----------------------------------------
-----------------------------------------
| rollout/                |             |
|    ep_len_mean          | 201         |
|    ep_rew_mean          | -43.6       |
|    success_rate         | 0           |
| time/                   |             |
|    fps                  | 1908        |
|    iterations           | 152         |
|    time_elapsed         | 81          |
|    total_timesteps      | 1108992     |
| train/                  |             |
|    approx_kl            | 0.013898006 |
|    clip_fraction        | 0.115       |
|    clip_range           | 0.2         |
|    entropy_loss         | -16.5       |
|    explained_variance   | 0.629       |
|    learning_rate        | 0.0001      |
|    loss                 | 57.3        |
|    n_updates            | 10820       |
|    policy_gradient_loss | -0.0261     |
|    std                  | 1.85        |
|    value_loss           | 381         |
-----------------------------------------
-----------------------------------------
| rollout/                |             |
|    ep_len_mean          | 204         |
|    ep_rew_mean          | -53.3       |
|    success_rate         | 0           |
| time/                   |             |
|    fps                  | 1908        |
|    iterations           | 153         |
|    time_elapsed         | 82          |
|    total_timesteps      | 1110016     |
| train/                  |             |
|    approx_kl            | 0.022115748 |
|    clip_fraction        | 0.21        |
|    clip_range           | 0.2         |
|    entropy_loss         | -16.5       |
|    explained_variance   | 0.9         |
|    learning_rate        | 0.0001      |
|    loss                 | 144         |
|    n_updates            | 10830       |
|    policy_gradient_loss | -0.0363     |
|    std                  | 1.85        |
|    value_loss           | 233         |
-----------------------------------------
-----------------------------------------
| rollout/                |             |
|    ep_len_mean          | 203         |
|    ep_rew_mean          | -50.8       |
|    success_rate         | 0           |
| time/                   |             |
|    fps                  | 1909        |
|    iterations           | 154         |
|    time_elapsed         | 82          |
|    total_timesteps      | 1111040     |
| train/                  |             |
|    approx_kl            | 0.016032264 |
|    clip_fraction        | 0.143       |
|    clip_range           | 0.2         |
|    entropy_loss         | -16.5       |
|    explained_variance   | 0.944       |
|    learning_rate        | 0.0001      |
|    loss                 | 32.7        |
|    n_updates            | 10840       |
|    policy_gradient_loss | -0.0348     |
|    std                  | 1.85        |
|    value_loss           | 215         |
-----------------------------------------
-----------------------------------------
| rollout/                |             |
|    ep_len_mean          | 204         |
|    ep_rew_mean          | -49.1       |
|    success_rate         | 0           |
| time/                   |             |
|    fps                  | 1909        |
|    iterations           | 155         |
|    time_elapsed         | 83          |
|    total_timesteps      | 1112064     |
| train/                  |             |
|    approx_kl            | 0.016022978 |
|    clip_fraction        | 0.167       |
|    clip_range           | 0.2         |
|    entropy_loss         | -16.5       |
|    explained_variance   | 0.734       |
|    learning_rate        | 0.0001      |
|    loss                 | 56          |
|    n_updates            | 10850       |
|    policy_gradient_loss | -0.0375     |
|    std                  | 1.86        |
|    value_loss           | 242         |
-----------------------------------------
-----------------------------------------
| rollout/                |             |
|    ep_len_mean          | 205         |
|    ep_rew_mean          | -43.4       |
|    success_rate         | 0           |
| time/                   |             |
|    fps                  | 1908        |
|    iterations           | 156         |
|    time_elapsed         | 83          |
|    total_timesteps      | 1113088     |
| train/                  |             |
|    approx_kl            | 0.017253265 |
|    clip_fraction        | 0.183       |
|    clip_range           | 0.2         |
|    entropy_loss         | -16.5       |
|    explained_variance   | 0.882       |
|    learning_rate        | 0.0001      |
|    loss                 | 85.9        |
|    n_updates            | 10860       |
|    policy_gradient_loss | -0.0413     |
|    std                  | 1.86        |
|    value_loss           | 258         |
-----------------------------------------
-----------------------------------------
| rollout/                |             |
|    ep_len_mean          | 202         |
|    ep_rew_mean          | -48.2       |
|    success_rate         | 0           |
| time/                   |             |
|    fps                  | 1909        |
|    iterations           | 157         |
|    time_elapsed         | 84          |
|    total_timesteps      | 1114112     |
| train/                  |             |
|    approx_kl            | 0.009766554 |
|    clip_fraction        | 0.104       |
|    clip_range           | 0.2         |
|    entropy_loss         | -16.5       |
|    explained_variance   | 0.837       |
|    learning_rate        | 0.0001      |
|    loss                 | 486         |
|    n_updates            | 10870       |
|    policy_gradient_loss | -0.0208     |
|    std                  | 1.86        |
|    value_loss           | 1.19e+03    |
-----------------------------------------
-----------------------------------------
| rollout/                |             |
|    ep_len_mean          | 205         |
|    ep_rew_mean          | -49.3       |
|    success_rate         | 0           |
| time/                   |             |
|    fps                  | 1909        |
|    iterations           | 158         |
|    time_elapsed         | 84          |
|    total_timesteps      | 1115136     |
| train/                  |             |
|    approx_kl            | 0.021759678 |
|    clip_fraction        | 0.181       |
|    clip_range           | 0.2         |
|    entropy_loss         | -16.5       |
|    explained_variance   | 0.958       |
|    learning_rate        | 0.0001      |
|    loss                 | 71.9        |
|    n_updates            | 10880       |
|    policy_gradient_loss | -0.0368     |
|    std                  | 1.86        |
|    value_loss           | 186         |
-----------------------------------------
-----------------------------------------
| rollout/                |             |
|    ep_len_mean          | 210         |
|    ep_rew_mean          | -35.7       |
|    success_rate         | 0           |
| time/                   |             |
|    fps                  | 1909        |
|    iterations           | 159         |
|    time_elapsed         | 85          |
|    total_timesteps      | 1116160     |
| train/                  |             |
|    approx_kl            | 0.021777134 |
|    clip_fraction        | 0.219       |
|    clip_range           | 0.2         |
|    entropy_loss         | -16.5       |
|    explained_variance   | 0.95        |
|    learning_rate        | 0.0001      |
|    loss                 | 14.2        |
|    n_updates            | 10890       |
|    policy_gradient_loss | -0.0406     |
|    std                  | 1.86        |
|    value_loss           | 61.5        |
-----------------------------------------
-----------------------------------------
| rollout/                |             |
|    ep_len_mean          | 207         |
|    ep_rew_mean          | -46.8       |
|    success_rate         | 0           |
| time/                   |             |
|    fps                  | 1910        |
|    iterations           | 160         |
|    time_elapsed         | 85          |
|    total_timesteps      | 1117184     |
| train/                  |             |
|    approx_kl            | 0.012582348 |
|    clip_fraction        | 0.167       |
|    clip_range           | 0.2         |
|    entropy_loss         | -16.5       |
|    explained_variance   | 0.818       |
|    learning_rate        | 0.0001      |
|    loss                 | 70.3        |
|    n_updates            | 10900       |
|    policy_gradient_loss | -0.0231     |
|    std                  | 1.86        |
|    value_loss           | 280         |
-----------------------------------------
-----------------------------------------
| rollout/                |             |
|    ep_len_mean          | 206         |
|    ep_rew_mean          | -55.3       |
|    success_rate         | 0           |
| time/                   |             |
|    fps                  | 1910        |
|    iterations           | 161         |
|    time_elapsed         | 86          |
|    total_timesteps      | 1118208     |
| train/                  |             |
|    approx_kl            | 0.015031071 |
|    clip_fraction        | 0.133       |
|    clip_range           | 0.2         |
|    entropy_loss         | -16.5       |
|    explained_variance   | 0.916       |
|    learning_rate        | 0.0001      |
|    loss                 | 123         |
|    n_updates            | 10910       |
|    policy_gradient_loss | -0.034      |
|    std                  | 1.86        |
|    value_loss           | 223         |
-----------------------------------------
-----------------------------------------
| rollout/                |             |
|    ep_len_mean          | 206         |
|    ep_rew_mean          | -60.6       |
|    success_rate         | 0           |
| time/                   |             |
|    fps                  | 1910        |
|    iterations           | 162         |
|    time_elapsed         | 86          |
|    total_timesteps      | 1119232     |
| train/                  |             |
|    approx_kl            | 0.012504921 |
|    clip_fraction        | 0.0991      |
|    clip_range           | 0.2         |
|    entropy_loss         | -16.5       |
|    explained_variance   | 0.846       |
|    learning_rate        | 0.0001      |
|    loss                 | 104         |
|    n_updates            | 10920       |
|    policy_gradient_loss | -0.0372     |
|    std                  | 1.86        |
|    value_loss           | 355         |
-----------------------------------------
-----------------------------------------
| rollout/                |             |
|    ep_len_mean          | 199         |
|    ep_rew_mean          | -70.6       |
|    success_rate         | 0           |
| time/                   |             |
|    fps                  | 1911        |
|    iterations           | 163         |
|    time_elapsed         | 87          |
|    total_timesteps      | 1120256     |
| train/                  |             |
|    approx_kl            | 0.014113025 |
|    clip_fraction        | 0.16        |
|    clip_range           | 0.2         |
|    entropy_loss         | -16.5       |
|    explained_variance   | 0.756       |
|    learning_rate        | 0.0001      |
|    loss                 | 76.5        |
|    n_updates            | 10930       |
|    policy_gradient_loss | -0.0325     |
|    std                  | 1.86        |
|    value_loss           | 335         |
-----------------------------------------
-----------------------------------------
| rollout/                |             |
|    ep_len_mean          | 198         |
|    ep_rew_mean          | -66.3       |
|    success_rate         | 0           |
| time/                   |             |
|    fps                  | 1911        |
|    iterations           | 164         |
|    time_elapsed         | 87          |
|    total_timesteps      | 1121280     |
| train/                  |             |
|    approx_kl            | 0.015562949 |
|    clip_fraction        | 0.158       |
|    clip_range           | 0.2         |
|    entropy_loss         | -16.5       |
|    explained_variance   | 0.848       |
|    learning_rate        | 0.0001      |
|    loss                 | 72.9        |
|    n_updates            | 10940       |
|    policy_gradient_loss | -0.0375     |
|    std                  | 1.86        |
|    value_loss           | 384         |
-----------------------------------------
-----------------------------------------
| rollout/                |             |
|    ep_len_mean          | 198         |
|    ep_rew_mean          | -69.5       |
|    success_rate         | 0           |
| time/                   |             |
|    fps                  | 1911        |
|    iterations           | 165         |
|    time_elapsed         | 88          |
|    total_timesteps      | 1122304     |
| train/                  |             |
|    approx_kl            | 0.017635636 |
|    clip_fraction        | 0.17        |
|    clip_range           | 0.2         |
|    entropy_loss         | -16.5       |
|    explained_variance   | 0.622       |
|    learning_rate        | 0.0001      |
|    loss                 | 204         |
|    n_updates            | 10950       |
|    policy_gradient_loss | -0.0311     |
|    std                  | 1.87        |
|    value_loss           | 443         |
-----------------------------------------
-----------------------------------------
| rollout/                |             |
|    ep_len_mean          | 205         |
|    ep_rew_mean          | -59.9       |
|    success_rate         | 0           |
| time/                   |             |
|    fps                  | 1911        |
|    iterations           | 166         |
|    time_elapsed         | 88          |
|    total_timesteps      | 1123328     |
| train/                  |             |
|    approx_kl            | 0.016429923 |
|    clip_fraction        | 0.136       |
|    clip_range           | 0.2         |
|    entropy_loss         | -16.5       |
|    explained_variance   | 0.938       |
|    learning_rate        | 0.0001      |
|    loss                 | 48.4        |
|    n_updates            | 10960       |
|    policy_gradient_loss | -0.0318     |
|    std                  | 1.87        |
|    value_loss           | 205         |
-----------------------------------------
----------------------------------------
| rollout/                |            |
|    ep_len_mean          | 208        |
|    ep_rew_mean          | -57.7      |
|    success_rate         | 0          |
| time/                   |            |
|    fps                  | 1912       |
|    iterations           | 167        |
|    time_elapsed         | 89         |
|    total_timesteps      | 1124352    |
| train/                  |            |
|    approx_kl            | 0.01553932 |
|    clip_fraction        | 0.141      |
|    clip_range           | 0.2        |
|    entropy_loss         | -16.6      |
|    explained_variance   | 0.892      |
|    learning_rate        | 0.0001     |
|    loss                 | 48.5       |
|    n_updates            | 10970      |
|    policy_gradient_loss | -0.0302    |
|    std                  | 1.87       |
|    value_loss           | 164        |
----------------------------------------
----------------------------------------
| rollout/                |            |
|    ep_len_mean          | 214        |
|    ep_rew_mean          | -52.6      |
|    success_rate         | 0          |
| time/                   |            |
|    fps                  | 1912       |
|    iterations           | 168        |
|    time_elapsed         | 89         |
|    total_timesteps      | 1125376    |
| train/                  |            |
|    approx_kl            | 0.01776085 |
|    clip_fraction        | 0.196      |
|    clip_range           | 0.2        |
|    entropy_loss         | -16.6      |
|    explained_variance   | 0.834      |
|    learning_rate        | 0.0001     |
|    loss                 | 60         |
|    n_updates            | 10980      |
|    policy_gradient_loss | -0.0377    |
|    std                  | 1.87       |
|    value_loss           | 160        |
----------------------------------------
-----------------------------------------
| rollout/                |             |
|    ep_len_mean          | 211         |
|    ep_rew_mean          | -34.5       |
|    success_rate         | 0           |
| time/                   |             |
|    fps                  | 1912        |
|    iterations           | 169         |
|    time_elapsed         | 90          |
|    total_timesteps      | 1126400     |
| train/                  |             |
|    approx_kl            | 0.016354162 |
|    clip_fraction        | 0.168       |
|    clip_range           | 0.2         |
|    entropy_loss         | -16.6       |
|    explained_variance   | 0.494       |
|    learning_rate        | 0.0001      |
|    loss                 | 48.1        |
|    n_updates            | 10990       |
|    policy_gradient_loss | -0.0348     |
|    std                  | 1.87        |
|    value_loss           | 267         |
-----------------------------------------
----------------------------------------
| rollout/                |            |
|    ep_len_mean          | 209        |
|    ep_rew_mean          | -43.8      |
|    success_rate         | 0          |
| time/                   |            |
|    fps                  | 1913       |
|    iterations           | 170        |
|    time_elapsed         | 90         |
|    total_timesteps      | 1127424    |
| train/                  |            |
|    approx_kl            | 0.01341597 |
|    clip_fraction        | 0.114      |
|    clip_range           | 0.2        |
|    entropy_loss         | -16.6      |
|    explained_variance   | 0.622      |
|    learning_rate        | 0.0001     |
|    loss                 | 150        |
|    n_updates            | 11000      |
|    policy_gradient_loss | -0.0301    |
|    std                  | 1.87       |
|    value_loss           | 296        |
----------------------------------------
-----------------------------------------
| rollout/                |             |
|    ep_len_mean          | 210         |
|    ep_rew_mean          | -38.9       |
|    success_rate         | 0           |
| time/                   |             |
|    fps                  | 1913        |
|    iterations           | 171         |
|    time_elapsed         | 91          |
|    total_timesteps      | 1128448     |
| train/                  |             |
|    approx_kl            | 0.016162395 |
|    clip_fraction        | 0.166       |
|    clip_range           | 0.2         |
|    entropy_loss         | -16.6       |
|    explained_variance   | 0.922       |
|    learning_rate        | 0.0001      |
|    loss                 | 37.2        |
|    n_updates            | 11010       |
|    policy_gradient_loss | -0.0375     |
|    std                  | 1.87        |
|    value_loss           | 211         |
-----------------------------------------
-----------------------------------------
| rollout/                |             |
|    ep_len_mean          | 204         |
|    ep_rew_mean          | -40.9       |
|    success_rate         | 0           |
| time/                   |             |
|    fps                  | 1913        |
|    iterations           | 172         |
|    time_elapsed         | 92          |
|    total_timesteps      | 1129472     |
| train/                  |             |
|    approx_kl            | 0.019891603 |
|    clip_fraction        | 0.165       |
|    clip_range           | 0.2         |
|    entropy_loss         | -16.6       |
|    explained_variance   | 0.731       |
|    learning_rate        | 0.0001      |
|    loss                 | 29.1        |
|    n_updates            | 11020       |
|    policy_gradient_loss | -0.0291     |
|    std                  | 1.87        |
|    value_loss           | 83.3        |
-----------------------------------------
-----------------------------------------
| rollout/                |             |
|    ep_len_mean          | 195         |
|    ep_rew_mean          | -49.9       |
|    success_rate         | 0           |
| time/                   |             |
|    fps                  | 1913        |
|    iterations           | 173         |
|    time_elapsed         | 92          |
|    total_timesteps      | 1130496     |
| train/                  |             |
|    approx_kl            | 0.014561279 |
|    clip_fraction        | 0.158       |
|    clip_range           | 0.2         |
|    entropy_loss         | -16.6       |
|    explained_variance   | 0.825       |
|    learning_rate        | 0.0001      |
|    loss                 | 134         |
|    n_updates            | 11030       |
|    policy_gradient_loss | -0.0299     |
|    std                  | 1.87        |
|    value_loss           | 217         |
-----------------------------------------
-----------------------------------------
| rollout/                |             |
|    ep_len_mean          | 195         |
|    ep_rew_mean          | -45.8       |
|    success_rate         | 0           |
| time/                   |             |
|    fps                  | 1913        |
|    iterations           | 174         |
|    time_elapsed         | 93          |
|    total_timesteps      | 1131520     |
| train/                  |             |
|    approx_kl            | 0.011382799 |
|    clip_fraction        | 0.115       |
|    clip_range           | 0.2         |
|    entropy_loss         | -16.6       |
|    explained_variance   | 0.707       |
|    learning_rate        | 0.0001      |
|    loss                 | 413         |
|    n_updates            | 11040       |
|    policy_gradient_loss | -0.0311     |
|    std                  | 1.87        |
|    value_loss           | 1.28e+03    |
-----------------------------------------
----------------------------------------
| rollout/                |            |
|    ep_len_mean          | 194        |
|    ep_rew_mean          | -34.4      |
|    success_rate         | 0          |
| time/                   |            |
|    fps                  | 1914       |
|    iterations           | 175        |
|    time_elapsed         | 93         |
|    total_timesteps      | 1132544    |
| train/                  |            |
|    approx_kl            | 0.01424814 |
|    clip_fraction        | 0.157      |
|    clip_range           | 0.2        |
|    entropy_loss         | -16.6      |
|    explained_variance   | 0.824      |
|    learning_rate        | 0.0001     |
|    loss                 | 69.4       |
|    n_updates            | 11050      |
|    policy_gradient_loss | -0.0386    |
|    std                  | 1.87       |
|    value_loss           | 223        |
----------------------------------------
-----------------------------------------
| rollout/                |             |
|    ep_len_mean          | 195         |
|    ep_rew_mean          | -30         |
|    success_rate         | 0           |
| time/                   |             |
|    fps                  | 1914        |
|    iterations           | 176         |
|    time_elapsed         | 94          |
|    total_timesteps      | 1133568     |
| train/                  |             |
|    approx_kl            | 0.017629486 |
|    clip_fraction        | 0.136       |
|    clip_range           | 0.2         |
|    entropy_loss         | -16.6       |
|    explained_variance   | 0.937       |
|    learning_rate        | 0.0001      |
|    loss                 | 33.7        |
|    n_updates            | 11060       |
|    policy_gradient_loss | -0.0337     |
|    std                  | 1.87        |
|    value_loss           | 133         |
-----------------------------------------
-----------------------------------------
| rollout/                |             |
|    ep_len_mean          | 181         |
|    ep_rew_mean          | -43.7       |
|    success_rate         | 0           |
| time/                   |             |
|    fps                  | 1914        |
|    iterations           | 177         |
|    time_elapsed         | 94          |
|    total_timesteps      | 1134592     |
| train/                  |             |
|    approx_kl            | 0.016804207 |
|    clip_fraction        | 0.181       |
|    clip_range           | 0.2         |
|    entropy_loss         | -16.6       |
|    explained_variance   | 0.779       |
|    learning_rate        | 0.0001      |
|    loss                 | 78          |
|    n_updates            | 11070       |
|    policy_gradient_loss | -0.035      |
|    std                  | 1.87        |
|    value_loss           | 263         |
-----------------------------------------
-----------------------------------------
| rollout/                |             |
|    ep_len_mean          | 184         |
|    ep_rew_mean          | -32.4       |
|    success_rate         | 0           |
| time/                   |             |
|    fps                  | 1914        |
|    iterations           | 178         |
|    time_elapsed         | 95          |
|    total_timesteps      | 1135616     |
| train/                  |             |
|    approx_kl            | 0.012717576 |
|    clip_fraction        | 0.114       |
|    clip_range           | 0.2         |
|    entropy_loss         | -16.6       |
|    explained_variance   | 0.766       |
|    learning_rate        | 0.0001      |
|    loss                 | 263         |
|    n_updates            | 11080       |
|    policy_gradient_loss | -0.0345     |
|    std                  | 1.87        |
|    value_loss           | 650         |
-----------------------------------------
----------------------------------------
| rollout/                |            |
|    ep_len_mean          | 180        |
|    ep_rew_mean          | -33.5      |
|    success_rate         | 0          |
| time/                   |            |
|    fps                  | 1914       |
|    iterations           | 179        |
|    time_elapsed         | 95         |
|    total_timesteps      | 1136640    |
| train/                  |            |
|    approx_kl            | 0.01594742 |
|    clip_fraction        | 0.149      |
|    clip_range           | 0.2        |
|    entropy_loss         | -16.6      |
|    explained_variance   | 0.579      |
|    learning_rate        | 0.0001     |
|    loss                 | 60.8       |
|    n_updates            | 11090      |
|    policy_gradient_loss | -0.0336    |
|    std                  | 1.87       |
|    value_loss           | 213        |
----------------------------------------
-----------------------------------------
| rollout/                |             |
|    ep_len_mean          | 186         |
|    ep_rew_mean          | -32.7       |
|    success_rate         | 0           |
| time/                   |             |
|    fps                  | 1914        |
|    iterations           | 180         |
|    time_elapsed         | 96          |
|    total_timesteps      | 1137664     |
| train/                  |             |
|    approx_kl            | 0.017486978 |
|    clip_fraction        | 0.162       |
|    clip_range           | 0.2         |
|    entropy_loss         | -16.6       |
|    explained_variance   | 0.881       |
|    learning_rate        | 0.0001      |
|    loss                 | 115         |
|    n_updates            | 11100       |
|    policy_gradient_loss | -0.0429     |
|    std                  | 1.87        |
|    value_loss           | 319         |
-----------------------------------------
-----------------------------------------
| rollout/                |             |
|    ep_len_mean          | 181         |
|    ep_rew_mean          | -45.1       |
|    success_rate         | 0           |
| time/                   |             |
|    fps                  | 1914        |
|    iterations           | 181         |
|    time_elapsed         | 96          |
|    total_timesteps      | 1138688     |
| train/                  |             |
|    approx_kl            | 0.012699141 |
|    clip_fraction        | 0.145       |
|    clip_range           | 0.2         |
|    entropy_loss         | -16.6       |
|    explained_variance   | 0.91        |
|    learning_rate        | 0.0001      |
|    loss                 | 89.6        |
|    n_updates            | 11110       |
|    policy_gradient_loss | -0.0328     |
|    std                  | 1.87        |
|    value_loss           | 185         |
-----------------------------------------
-----------------------------------------
| rollout/                |             |
|    ep_len_mean          | 182         |
|    ep_rew_mean          | -45.5       |
|    success_rate         | 0           |
| time/                   |             |
|    fps                  | 1910        |
|    iterations           | 182         |
|    time_elapsed         | 97          |
|    total_timesteps      | 1139712     |
| train/                  |             |
|    approx_kl            | 0.013141449 |
|    clip_fraction        | 0.106       |
|    clip_range           | 0.2         |
|    entropy_loss         | -16.6       |
|    explained_variance   | 0.942       |
|    learning_rate        | 0.0001      |
|    loss                 | 83.7        |
|    n_updates            | 11120       |
|    policy_gradient_loss | -0.0311     |
|    std                  | 1.87        |
|    value_loss           | 380         |
-----------------------------------------
----------------------------------------
| rollout/                |            |
|    ep_len_mean          | 177        |
|    ep_rew_mean          | -42.1      |
|    success_rate         | 0          |
| time/                   |            |
|    fps                  | 1910       |
|    iterations           | 183        |
|    time_elapsed         | 98         |
|    total_timesteps      | 1140736    |
| train/                  |            |
|    approx_kl            | 0.01618126 |
|    clip_fraction        | 0.156      |
|    clip_range           | 0.2        |
|    entropy_loss         | -16.6      |
|    explained_variance   | 0.911      |
|    learning_rate        | 0.0001     |
|    loss                 | 79.8       |
|    n_updates            | 11130      |
|    policy_gradient_loss | -0.0325    |
|    std                  | 1.87       |
|    value_loss           | 156        |
----------------------------------------
----------------------------------------
| rollout/                |            |
|    ep_len_mean          | 180        |
|    ep_rew_mean          | -41        |
|    success_rate         | 0          |
| time/                   |            |
|    fps                  | 1910       |
|    iterations           | 184        |
|    time_elapsed         | 98         |
|    total_timesteps      | 1141760    |
| train/                  |            |
|    approx_kl            | 0.01237365 |
|    clip_fraction        | 0.144      |
|    clip_range           | 0.2        |
|    entropy_loss         | -16.6      |
|    explained_variance   | 0.668      |
|    learning_rate        | 0.0001     |
|    loss                 | 161        |
|    n_updates            | 11140      |
|    policy_gradient_loss | -0.0289    |
|    std                  | 1.87       |
|    value_loss           | 484        |
----------------------------------------
----------------------------------------
| rollout/                |            |
|    ep_len_mean          | 179        |
|    ep_rew_mean          | -42.7      |
|    success_rate         | 0          |
| time/                   |            |
|    fps                  | 1910       |
|    iterations           | 185        |
|    time_elapsed         | 99         |
|    total_timesteps      | 1142784    |
| train/                  |            |
|    approx_kl            | 0.02179093 |
|    clip_fraction        | 0.174      |
|    clip_range           | 0.2        |
|    entropy_loss         | -16.6      |
|    explained_variance   | 0.895      |
|    learning_rate        | 0.0001     |
|    loss                 | 17.4       |
|    n_updates            | 11150      |
|    policy_gradient_loss | -0.0356    |
|    std                  | 1.87       |
|    value_loss           | 80.7       |
----------------------------------------
-----------------------------------------
| rollout/                |             |
|    ep_len_mean          | 181         |
|    ep_rew_mean          | -41         |
|    success_rate         | 0           |
| time/                   |             |
|    fps                  | 1910        |
|    iterations           | 186         |
|    time_elapsed         | 99          |
|    total_timesteps      | 1143808     |
| train/                  |             |
|    approx_kl            | 0.016319554 |
|    clip_fraction        | 0.147       |
|    clip_range           | 0.2         |
|    entropy_loss         | -16.6       |
|    explained_variance   | 0.941       |
|    learning_rate        | 0.0001      |
|    loss                 | 51.1        |
|    n_updates            | 11160       |
|    policy_gradient_loss | -0.0321     |
|    std                  | 1.88        |
|    value_loss           | 143         |
-----------------------------------------
-----------------------------------------
| rollout/                |             |
|    ep_len_mean          | 182         |
|    ep_rew_mean          | -45         |
|    success_rate         | 0           |
| time/                   |             |
|    fps                  | 1910        |
|    iterations           | 187         |
|    time_elapsed         | 100         |
|    total_timesteps      | 1144832     |
| train/                  |             |
|    approx_kl            | 0.015360085 |
|    clip_fraction        | 0.147       |
|    clip_range           | 0.2         |
|    entropy_loss         | -16.6       |
|    explained_variance   | 0.813       |
|    learning_rate        | 0.0001      |
|    loss                 | 25.4        |
|    n_updates            | 11170       |
|    policy_gradient_loss | -0.0341     |
|    std                  | 1.88        |
|    value_loss           | 154         |
-----------------------------------------
-----------------------------------------
| rollout/                |             |
|    ep_len_mean          | 185         |
|    ep_rew_mean          | -38.4       |
|    success_rate         | 0           |
| time/                   |             |
|    fps                  | 1910        |
|    iterations           | 188         |
|    time_elapsed         | 100         |
|    total_timesteps      | 1145856     |
| train/                  |             |
|    approx_kl            | 0.010395625 |
|    clip_fraction        | 0.122       |
|    clip_range           | 0.2         |
|    entropy_loss         | -16.6       |
|    explained_variance   | 0.686       |
|    learning_rate        | 0.0001      |
|    loss                 | 414         |
|    n_updates            | 11180       |
|    policy_gradient_loss | -0.0244     |
|    std                  | 1.88        |
|    value_loss           | 1.03e+03    |
-----------------------------------------
-----------------------------------------
| rollout/                |             |
|    ep_len_mean          | 175         |
|    ep_rew_mean          | -50         |
|    success_rate         | 0           |
| time/                   |             |
|    fps                  | 1910        |
|    iterations           | 189         |
|    time_elapsed         | 101         |
|    total_timesteps      | 1146880     |
| train/                  |             |
|    approx_kl            | 0.014991979 |
|    clip_fraction        | 0.158       |
|    clip_range           | 0.2         |
|    entropy_loss         | -16.6       |
|    explained_variance   | 0.928       |
|    learning_rate        | 0.0001      |
|    loss                 | 127         |
|    n_updates            | 11190       |
|    policy_gradient_loss | -0.0301     |
|    std                  | 1.88        |
|    value_loss           | 227         |
-----------------------------------------
-----------------------------------------
| rollout/                |             |
|    ep_len_mean          | 179         |
|    ep_rew_mean          | -36.5       |
|    success_rate         | 0           |
| time/                   |             |
|    fps                  | 1910        |
|    iterations           | 190         |
|    time_elapsed         | 101         |
|    total_timesteps      | 1147904     |
| train/                  |             |
|    approx_kl            | 0.011292307 |
|    clip_fraction        | 0.124       |
|    clip_range           | 0.2         |
|    entropy_loss         | -16.6       |
|    explained_variance   | 0.776       |
|    learning_rate        | 0.0001      |
|    loss                 | 266         |
|    n_updates            | 11200       |
|    policy_gradient_loss | -0.0317     |
|    std                  | 1.88        |
|    value_loss           | 421         |
-----------------------------------------
-----------------------------------------
| rollout/                |             |
|    ep_len_mean          | 179         |
|    ep_rew_mean          | -43.9       |
|    success_rate         | 0           |
| time/                   |             |
|    fps                  | 1910        |
|    iterations           | 191         |
|    time_elapsed         | 102         |
|    total_timesteps      | 1148928     |
| train/                  |             |
|    approx_kl            | 0.017176522 |
|    clip_fraction        | 0.141       |
|    clip_range           | 0.2         |
|    entropy_loss         | -16.6       |
|    explained_variance   | 0.812       |
|    learning_rate        | 0.0001      |
|    loss                 | 114         |
|    n_updates            | 11210       |
|    policy_gradient_loss | -0.033      |
|    std                  | 1.88        |
|    value_loss           | 331         |
-----------------------------------------
----------------------------------------
| rollout/                |            |
|    ep_len_mean          | 182        |
|    ep_rew_mean          | -44.8      |
|    success_rate         | 0          |
| time/                   |            |
|    fps                  | 1910       |
|    iterations           | 192        |
|    time_elapsed         | 102        |
|    total_timesteps      | 1149952    |
| train/                  |            |
|    approx_kl            | 0.01482279 |
|    clip_fraction        | 0.156      |
|    clip_range           | 0.2        |
|    entropy_loss         | -16.6      |
|    explained_variance   | 0.856      |
|    learning_rate        | 0.0001     |
|    loss                 | 289        |
|    n_updates            | 11220      |
|    policy_gradient_loss | -0.036     |
|    std                  | 1.88       |
|    value_loss           | 594        |
----------------------------------------
-----------------------------------------
| rollout/                |             |
|    ep_len_mean          | 183         |
|    ep_rew_mean          | -35.3       |
|    success_rate         | 0           |
| time/                   |             |
|    fps                  | 1910        |
|    iterations           | 193         |
|    time_elapsed         | 103         |
|    total_timesteps      | 1150976     |
| train/                  |             |
|    approx_kl            | 0.012654947 |
|    clip_fraction        | 0.127       |
|    clip_range           | 0.2         |
|    entropy_loss         | -16.6       |
|    explained_variance   | 0.915       |
|    learning_rate        | 0.0001      |
|    loss                 | 160         |
|    n_updates            | 11230       |
|    policy_gradient_loss | -0.0337     |
|    std                  | 1.88        |
|    value_loss           | 303         |
-----------------------------------------
-----------------------------------------
| rollout/                |             |
|    ep_len_mean          | 184         |
|    ep_rew_mean          | -30.5       |
|    success_rate         | 0           |
| time/                   |             |
|    fps                  | 1910        |
|    iterations           | 194         |
|    time_elapsed         | 103         |
|    total_timesteps      | 1152000     |
| train/                  |             |
|    approx_kl            | 0.024082767 |
|    clip_fraction        | 0.211       |
|    clip_range           | 0.2         |
|    entropy_loss         | -16.6       |
|    explained_variance   | 0.894       |
|    learning_rate        | 0.0001      |
|    loss                 | 8.82        |
|    n_updates            | 11240       |
|    policy_gradient_loss | -0.0373     |
|    std                  | 1.89        |
|    value_loss           | 66.3        |
-----------------------------------------
-----------------------------------------
| rollout/                |             |
|    ep_len_mean          | 193         |
|    ep_rew_mean          | -39.3       |
|    success_rate         | 0           |
| time/                   |             |
|    fps                  | 1910        |
|    iterations           | 195         |
|    time_elapsed         | 104         |
|    total_timesteps      | 1153024     |
| train/                  |             |
|    approx_kl            | 0.021595998 |
|    clip_fraction        | 0.218       |
|    clip_range           | 0.2         |
|    entropy_loss         | -16.6       |
|    explained_variance   | 0.937       |
|    learning_rate        | 0.0001      |
|    loss                 | 15.5        |
|    n_updates            | 11250       |
|    policy_gradient_loss | -0.0353     |
|    std                  | 1.89        |
|    value_loss           | 60.1        |
-----------------------------------------
-----------------------------------------
| rollout/                |             |
|    ep_len_mean          | 196         |
|    ep_rew_mean          | -57.7       |
|    success_rate         | 0           |
| time/                   |             |
|    fps                  | 1910        |
|    iterations           | 196         |
|    time_elapsed         | 105         |
|    total_timesteps      | 1154048     |
| train/                  |             |
|    approx_kl            | 0.016032608 |
|    clip_fraction        | 0.181       |
|    clip_range           | 0.2         |
|    entropy_loss         | -16.6       |
|    explained_variance   | 0.862       |
|    learning_rate        | 0.0001      |
|    loss                 | 107         |
|    n_updates            | 11260       |
|    policy_gradient_loss | -0.026      |
|    std                  | 1.89        |
|    value_loss           | 344         |
-----------------------------------------
-----------------------------------------
| rollout/                |             |
|    ep_len_mean          | 194         |
|    ep_rew_mean          | -62.9       |
|    success_rate         | 0           |
| time/                   |             |
|    fps                  | 1909        |
|    iterations           | 197         |
|    time_elapsed         | 105         |
|    total_timesteps      | 1155072     |
| train/                  |             |
|    approx_kl            | 0.010565342 |
|    clip_fraction        | 0.0923      |
|    clip_range           | 0.2         |
|    entropy_loss         | -16.6       |
|    explained_variance   | 0.874       |
|    learning_rate        | 0.0001      |
|    loss                 | 851         |
|    n_updates            | 11270       |
|    policy_gradient_loss | -0.0261     |
|    std                  | 1.89        |
|    value_loss           | 2.02e+03    |
-----------------------------------------
-----------------------------------------
| rollout/                |             |
|    ep_len_mean          | 201         |
|    ep_rew_mean          | -56.2       |
|    success_rate         | 0           |
| time/                   |             |
|    fps                  | 1909        |
|    iterations           | 198         |
|    time_elapsed         | 106         |
|    total_timesteps      | 1156096     |
| train/                  |             |
|    approx_kl            | 0.013983548 |
|    clip_fraction        | 0.169       |
|    clip_range           | 0.2         |
|    entropy_loss         | -16.6       |
|    explained_variance   | 0.7         |
|    learning_rate        | 0.0001      |
|    loss                 | 138         |
|    n_updates            | 11280       |
|    policy_gradient_loss | -0.0338     |
|    std                  | 1.89        |
|    value_loss           | 386         |
-----------------------------------------
-----------------------------------------
| rollout/                |             |
|    ep_len_mean          | 202         |
|    ep_rew_mean          | -66         |
|    success_rate         | 0           |
| time/                   |             |
|    fps                  | 1909        |
|    iterations           | 199         |
|    time_elapsed         | 106         |
|    total_timesteps      | 1157120     |
| train/                  |             |
|    approx_kl            | 0.015151365 |
|    clip_fraction        | 0.133       |
|    clip_range           | 0.2         |
|    entropy_loss         | -16.6       |
|    explained_variance   | 0.882       |
|    learning_rate        | 0.0001      |
|    loss                 | 42.5        |
|    n_updates            | 11290       |
|    policy_gradient_loss | -0.0339     |
|    std                  | 1.89        |
|    value_loss           | 214         |
-----------------------------------------
-----------------------------------------
| rollout/                |             |
|    ep_len_mean          | 198         |
|    ep_rew_mean          | -61.2       |
|    success_rate         | 0           |
| time/                   |             |
|    fps                  | 1909        |
|    iterations           | 200         |
|    time_elapsed         | 107         |
|    total_timesteps      | 1158144     |
| train/                  |             |
|    approx_kl            | 0.013087315 |
|    clip_fraction        | 0.138       |
|    clip_range           | 0.2         |
|    entropy_loss         | -16.6       |
|    explained_variance   | 0.911       |
|    learning_rate        | 0.0001      |
|    loss                 | 183         |
|    n_updates            | 11300       |
|    policy_gradient_loss | -0.033      |
|    std                  | 1.89        |
|    value_loss           | 369         |
-----------------------------------------
-----------------------------------------
| rollout/                |             |
|    ep_len_mean          | 203         |
|    ep_rew_mean          | -52.7       |
|    success_rate         | 0           |
| time/                   |             |
|    fps                  | 1909        |
|    iterations           | 201         |
|    time_elapsed         | 107         |
|    total_timesteps      | 1159168     |
| train/                  |             |
|    approx_kl            | 0.014481988 |
|    clip_fraction        | 0.142       |
|    clip_range           | 0.2         |
|    entropy_loss         | -16.6       |
|    explained_variance   | 0.728       |
|    learning_rate        | 0.0001      |
|    loss                 | 104         |
|    n_updates            | 11310       |
|    policy_gradient_loss | -0.0363     |
|    std                  | 1.89        |
|    value_loss           | 255         |
-----------------------------------------
-----------------------------------------
| rollout/                |             |
|    ep_len_mean          | 204         |
|    ep_rew_mean          | -56.3       |
|    success_rate         | 0           |
| time/                   |             |
|    fps                  | 1909        |
|    iterations           | 202         |
|    time_elapsed         | 108         |
|    total_timesteps      | 1160192     |
| train/                  |             |
|    approx_kl            | 0.012471972 |
|    clip_fraction        | 0.129       |
|    clip_range           | 0.2         |
|    entropy_loss         | -16.6       |
|    explained_variance   | 0.753       |
|    learning_rate        | 0.0001      |
|    loss                 | 99.4        |
|    n_updates            | 11320       |
|    policy_gradient_loss | -0.0348     |
|    std                  | 1.89        |
|    value_loss           | 402         |
-----------------------------------------
-----------------------------------------
| rollout/                |             |
|    ep_len_mean          | 204         |
|    ep_rew_mean          | -48.2       |
|    success_rate         | 0           |
| time/                   |             |
|    fps                  | 1909        |
|    iterations           | 203         |
|    time_elapsed         | 108         |
|    total_timesteps      | 1161216     |
| train/                  |             |
|    approx_kl            | 0.016488317 |
|    clip_fraction        | 0.147       |
|    clip_range           | 0.2         |
|    entropy_loss         | -16.6       |
|    explained_variance   | 0.857       |
|    learning_rate        | 0.0001      |
|    loss                 | 31.4        |
|    n_updates            | 11330       |
|    policy_gradient_loss | -0.0306     |
|    std                  | 1.89        |
|    value_loss           | 187         |
-----------------------------------------
------------------------------------------
| rollout/                |              |
|    ep_len_mean          | 201          |
|    ep_rew_mean          | -54.9        |
|    success_rate         | 0            |
| time/                   |              |
|    fps                  | 1909         |
|    iterations           | 204          |
|    time_elapsed         | 109          |
|    total_timesteps      | 1162240      |
| train/                  |              |
|    approx_kl            | 0.0141951945 |
|    clip_fraction        | 0.138        |
|    clip_range           | 0.2          |
|    entropy_loss         | -16.6        |
|    explained_variance   | 0.674        |
|    learning_rate        | 0.0001       |
|    loss                 | 92.5         |
|    n_updates            | 11340        |
|    policy_gradient_loss | -0.0309      |
|    std                  | 1.89         |
|    value_loss           | 255          |
------------------------------------------
-----------------------------------------
| rollout/                |             |
|    ep_len_mean          | 202         |
|    ep_rew_mean          | -56.8       |
|    success_rate         | 0           |
| time/                   |             |
|    fps                  | 1910        |
|    iterations           | 205         |
|    time_elapsed         | 109         |
|    total_timesteps      | 1163264     |
| train/                  |             |
|    approx_kl            | 0.029970618 |
|    clip_fraction        | 0.213       |
|    clip_range           | 0.2         |
|    entropy_loss         | -16.6       |
|    explained_variance   | 0.783       |
|    learning_rate        | 0.0001      |
|    loss                 | 41.4        |
|    n_updates            | 11350       |
|    policy_gradient_loss | -0.0339     |
|    std                  | 1.9         |
|    value_loss           | 94.6        |
-----------------------------------------
-----------------------------------------
| rollout/                |             |
|    ep_len_mean          | 203         |
|    ep_rew_mean          | -56.7       |
|    success_rate         | 0           |
| time/                   |             |
|    fps                  | 1910        |
|    iterations           | 206         |
|    time_elapsed         | 110         |
|    total_timesteps      | 1164288     |
| train/                  |             |
|    approx_kl            | 0.020297412 |
|    clip_fraction        | 0.207       |
|    clip_range           | 0.2         |
|    entropy_loss         | -16.6       |
|    explained_variance   | 0.834       |
|    learning_rate        | 0.0001      |
|    loss                 | 42.2        |
|    n_updates            | 11360       |
|    policy_gradient_loss | -0.0389     |
|    std                  | 1.9         |
|    value_loss           | 109         |
-----------------------------------------
----------------------------------------
| rollout/                |            |
|    ep_len_mean          | 205        |
|    ep_rew_mean          | -48        |
|    success_rate         | 0          |
| time/                   |            |
|    fps                  | 1909       |
|    iterations           | 207        |
|    time_elapsed         | 111        |
|    total_timesteps      | 1165312    |
| train/                  |            |
|    approx_kl            | 0.03712616 |
|    clip_fraction        | 0.247      |
|    clip_range           | 0.2        |
|    entropy_loss         | -16.7      |
|    explained_variance   | 0.985      |
|    learning_rate        | 0.0001     |
|    loss                 | 10.7       |
|    n_updates            | 11370      |
|    policy_gradient_loss | -0.0408    |
|    std                  | 1.9        |
|    value_loss           | 42.8       |
----------------------------------------
-----------------------------------------
| rollout/                |             |
|    ep_len_mean          | 202         |
|    ep_rew_mean          | -51.7       |
|    success_rate         | 0           |
| time/                   |             |
|    fps                  | 1909        |
|    iterations           | 208         |
|    time_elapsed         | 111         |
|    total_timesteps      | 1166336     |
| train/                  |             |
|    approx_kl            | 0.018792728 |
|    clip_fraction        | 0.226       |
|    clip_range           | 0.2         |
|    entropy_loss         | -16.7       |
|    explained_variance   | 0.849       |
|    learning_rate        | 0.0001      |
|    loss                 | 32.4        |
|    n_updates            | 11380       |
|    policy_gradient_loss | -0.0324     |
|    std                  | 1.9         |
|    value_loss           | 91.5        |
-----------------------------------------
-----------------------------------------
| rollout/                |             |
|    ep_len_mean          | 206         |
|    ep_rew_mean          | -51.2       |
|    success_rate         | 0           |
| time/                   |             |
|    fps                  | 1909        |
|    iterations           | 209         |
|    time_elapsed         | 112         |
|    total_timesteps      | 1167360     |
| train/                  |             |
|    approx_kl            | 0.013220057 |
|    clip_fraction        | 0.121       |
|    clip_range           | 0.2         |
|    entropy_loss         | -16.7       |
|    explained_variance   | 0.763       |
|    learning_rate        | 0.0001      |
|    loss                 | 56.9        |
|    n_updates            | 11390       |
|    policy_gradient_loss | -0.0289     |
|    std                  | 1.9         |
|    value_loss           | 226         |
-----------------------------------------
-----------------------------------------
| rollout/                |             |
|    ep_len_mean          | 215         |
|    ep_rew_mean          | -60         |
|    success_rate         | 0           |
| time/                   |             |
|    fps                  | 1909        |
|    iterations           | 210         |
|    time_elapsed         | 112         |
|    total_timesteps      | 1168384     |
| train/                  |             |
|    approx_kl            | 0.014467178 |
|    clip_fraction        | 0.132       |
|    clip_range           | 0.2         |
|    entropy_loss         | -16.7       |
|    explained_variance   | 0.911       |
|    learning_rate        | 0.0001      |
|    loss                 | 156         |
|    n_updates            | 11400       |
|    policy_gradient_loss | -0.0334     |
|    std                  | 1.9         |
|    value_loss           | 265         |
-----------------------------------------
---------------------------------------
| rollout/                |           |
|    ep_len_mean          | 216       |
|    ep_rew_mean          | -54.7     |
|    success_rate         | 0         |
| time/                   |           |
|    fps                  | 1909      |
|    iterations           | 211       |
|    time_elapsed         | 113       |
|    total_timesteps      | 1169408   |
| train/                  |           |
|    approx_kl            | 0.0195084 |
|    clip_fraction        | 0.152     |
|    clip_range           | 0.2       |
|    entropy_loss         | -16.7     |
|    explained_variance   | 0.969     |
|    learning_rate        | 0.0001    |
|    loss                 | 17.1      |
|    n_updates            | 11410     |
|    policy_gradient_loss | -0.0297   |
|    std                  | 1.9       |
|    value_loss           | 115       |
---------------------------------------
-----------------------------------------
| rollout/                |             |
|    ep_len_mean          | 217         |
|    ep_rew_mean          | -45.9       |
|    success_rate         | 0           |
| time/                   |             |
|    fps                  | 1909        |
|    iterations           | 212         |
|    time_elapsed         | 113         |
|    total_timesteps      | 1170432     |
| train/                  |             |
|    approx_kl            | 0.017379185 |
|    clip_fraction        | 0.205       |
|    clip_range           | 0.2         |
|    entropy_loss         | -16.7       |
|    explained_variance   | 0.79        |
|    learning_rate        | 0.0001      |
|    loss                 | 113         |
|    n_updates            | 11420       |
|    policy_gradient_loss | -0.0223     |
|    std                  | 1.9         |
|    value_loss           | 143         |
-----------------------------------------
-----------------------------------------
| rollout/                |             |
|    ep_len_mean          | 212         |
|    ep_rew_mean          | -47         |
|    success_rate         | 0           |
| time/                   |             |
|    fps                  | 1909        |
|    iterations           | 213         |
|    time_elapsed         | 114         |
|    total_timesteps      | 1171456     |
| train/                  |             |
|    approx_kl            | 0.015338017 |
|    clip_fraction        | 0.168       |
|    clip_range           | 0.2         |
|    entropy_loss         | -16.7       |
|    explained_variance   | 0.791       |
|    learning_rate        | 0.0001      |
|    loss                 | 73.8        |
|    n_updates            | 11430       |
|    policy_gradient_loss | -0.0295     |
|    std                  | 1.91        |
|    value_loss           | 280         |
-----------------------------------------
-----------------------------------------
| rollout/                |             |
|    ep_len_mean          | 199         |
|    ep_rew_mean          | -62.6       |
|    success_rate         | 0           |
| time/                   |             |
|    fps                  | 1909        |
|    iterations           | 214         |
|    time_elapsed         | 114         |
|    total_timesteps      | 1172480     |
| train/                  |             |
|    approx_kl            | 0.013757547 |
|    clip_fraction        | 0.127       |
|    clip_range           | 0.2         |
|    entropy_loss         | -16.7       |
|    explained_variance   | 0.899       |
|    learning_rate        | 0.0001      |
|    loss                 | 92.1        |
|    n_updates            | 11440       |
|    policy_gradient_loss | -0.0378     |
|    std                  | 1.91        |
|    value_loss           | 384         |
-----------------------------------------
-----------------------------------------
| rollout/                |             |
|    ep_len_mean          | 199         |
|    ep_rew_mean          | -28.4       |
|    success_rate         | 0           |
| time/                   |             |
|    fps                  | 1910        |
|    iterations           | 215         |
|    time_elapsed         | 115         |
|    total_timesteps      | 1173504     |
| train/                  |             |
|    approx_kl            | 0.014797657 |
|    clip_fraction        | 0.163       |
|    clip_range           | 0.2         |
|    entropy_loss         | -16.7       |
|    explained_variance   | 0.931       |
|    learning_rate        | 0.0001      |
|    loss                 | 55.9        |
|    n_updates            | 11450       |
|    policy_gradient_loss | -0.0366     |
|    std                  | 1.91        |
|    value_loss           | 253         |
-----------------------------------------
----------------------------------------
| rollout/                |            |
|    ep_len_mean          | 198        |
|    ep_rew_mean          | -30.9      |
|    success_rate         | 0          |
| time/                   |            |
|    fps                  | 1910       |
|    iterations           | 216        |
|    time_elapsed         | 115        |
|    total_timesteps      | 1174528    |
| train/                  |            |
|    approx_kl            | 0.02245697 |
|    clip_fraction        | 0.169      |
|    clip_range           | 0.2        |
|    entropy_loss         | -16.7      |
|    explained_variance   | 0.915      |
|    learning_rate        | 0.0001     |
|    loss                 | 7.17       |
|    n_updates            | 11460      |
|    policy_gradient_loss | -0.039     |
|    std                  | 1.91       |
|    value_loss           | 49.8       |
----------------------------------------
-----------------------------------------
| rollout/                |             |
|    ep_len_mean          | 199         |
|    ep_rew_mean          | -37.1       |
|    success_rate         | 0           |
| time/                   |             |
|    fps                  | 1910        |
|    iterations           | 217         |
|    time_elapsed         | 116         |
|    total_timesteps      | 1175552     |
| train/                  |             |
|    approx_kl            | 0.013598774 |
|    clip_fraction        | 0.164       |
|    clip_range           | 0.2         |
|    entropy_loss         | -16.7       |
|    explained_variance   | 0.715       |
|    learning_rate        | 0.0001      |
|    loss                 | 128         |
|    n_updates            | 11470       |
|    policy_gradient_loss | -0.0291     |
|    std                  | 1.91        |
|    value_loss           | 316         |
-----------------------------------------
-----------------------------------------
| rollout/                |             |
|    ep_len_mean          | 198         |
|    ep_rew_mean          | -48.7       |
|    success_rate         | 0           |
| time/                   |             |
|    fps                  | 1910        |
|    iterations           | 218         |
|    time_elapsed         | 116         |
|    total_timesteps      | 1176576     |
| train/                  |             |
|    approx_kl            | 0.011566078 |
|    clip_fraction        | 0.0894      |
|    clip_range           | 0.2         |
|    entropy_loss         | -16.7       |
|    explained_variance   | 0.756       |
|    learning_rate        | 0.0001      |
|    loss                 | 115         |
|    n_updates            | 11480       |
|    policy_gradient_loss | -0.0291     |
|    std                  | 1.91        |
|    value_loss           | 440         |
-----------------------------------------
----------------------------------------
| rollout/                |            |
|    ep_len_mean          | 200        |
|    ep_rew_mean          | -49.1      |
|    success_rate         | 0          |
| time/                   |            |
|    fps                  | 1910       |
|    iterations           | 219        |
|    time_elapsed         | 117        |
|    total_timesteps      | 1177600    |
| train/                  |            |
|    approx_kl            | 0.01046041 |
|    clip_fraction        | 0.0791     |
|    clip_range           | 0.2        |
|    entropy_loss         | -16.7      |
|    explained_variance   | 0.847      |
|    learning_rate        | 0.0001     |
|    loss                 | 320        |
|    n_updates            | 11490      |
|    policy_gradient_loss | -0.0256    |
|    std                  | 1.91       |
|    value_loss           | 899        |
----------------------------------------
-----------------------------------------
| rollout/                |             |
|    ep_len_mean          | 202         |
|    ep_rew_mean          | -47.8       |
|    success_rate         | 0           |
| time/                   |             |
|    fps                  | 1910        |
|    iterations           | 220         |
|    time_elapsed         | 117         |
|    total_timesteps      | 1178624     |
| train/                  |             |
|    approx_kl            | 0.014328282 |
|    clip_fraction        | 0.164       |
|    clip_range           | 0.2         |
|    entropy_loss         | -16.7       |
|    explained_variance   | 0.73        |
|    learning_rate        | 0.0001      |
|    loss                 | 53.8        |
|    n_updates            | 11500       |
|    policy_gradient_loss | -0.0314     |
|    std                  | 1.91        |
|    value_loss           | 186         |
-----------------------------------------
-----------------------------------------
| rollout/                |             |
|    ep_len_mean          | 202         |
|    ep_rew_mean          | -50.2       |
|    success_rate         | 0           |
| time/                   |             |
|    fps                  | 1910        |
|    iterations           | 221         |
|    time_elapsed         | 118         |
|    total_timesteps      | 1179648     |
| train/                  |             |
|    approx_kl            | 0.016531207 |
|    clip_fraction        | 0.138       |
|    clip_range           | 0.2         |
|    entropy_loss         | -16.7       |
|    explained_variance   | 0.775       |
|    learning_rate        | 0.0001      |
|    loss                 | 30.4        |
|    n_updates            | 11510       |
|    policy_gradient_loss | -0.0275     |
|    std                  | 1.91        |
|    value_loss           | 129         |
-----------------------------------------
-----------------------------------------
| rollout/                |             |
|    ep_len_mean          | 203         |
|    ep_rew_mean          | -49.9       |
|    success_rate         | 0           |
| time/                   |             |
|    fps                  | 1910        |
|    iterations           | 222         |
|    time_elapsed         | 119         |
|    total_timesteps      | 1180672     |
| train/                  |             |
|    approx_kl            | 0.014889527 |
|    clip_fraction        | 0.157       |
|    clip_range           | 0.2         |
|    entropy_loss         | -16.7       |
|    explained_variance   | 0.93        |
|    learning_rate        | 0.0001      |
|    loss                 | 111         |
|    n_updates            | 11520       |
|    policy_gradient_loss | -0.0395     |
|    std                  | 1.91        |
|    value_loss           | 225         |
-----------------------------------------
----------------------------------------
| rollout/                |            |
|    ep_len_mean          | 207        |
|    ep_rew_mean          | -53.8      |
|    success_rate         | 0          |
| time/                   |            |
|    fps                  | 1910       |
|    iterations           | 223        |
|    time_elapsed         | 119        |
|    total_timesteps      | 1181696    |
| train/                  |            |
|    approx_kl            | 0.01824262 |
|    clip_fraction        | 0.201      |
|    clip_range           | 0.2        |
|    entropy_loss         | -16.7      |
|    explained_variance   | 0.806      |
|    learning_rate        | 0.0001     |
|    loss                 | 27         |
|    n_updates            | 11530      |
|    policy_gradient_loss | -0.0346    |
|    std                  | 1.91       |
|    value_loss           | 72.8       |
----------------------------------------
-----------------------------------------
| rollout/                |             |
|    ep_len_mean          | 212         |
|    ep_rew_mean          | -43.1       |
|    success_rate         | 0           |
| time/                   |             |
|    fps                  | 1910        |
|    iterations           | 224         |
|    time_elapsed         | 120         |
|    total_timesteps      | 1182720     |
| train/                  |             |
|    approx_kl            | 0.013624915 |
|    clip_fraction        | 0.142       |
|    clip_range           | 0.2         |
|    entropy_loss         | -16.7       |
|    explained_variance   | 0.971       |
|    learning_rate        | 0.0001      |
|    loss                 | 32.7        |
|    n_updates            | 11540       |
|    policy_gradient_loss | -0.0315     |
|    std                  | 1.91        |
|    value_loss           | 134         |
-----------------------------------------
-----------------------------------------
| rollout/                |             |
|    ep_len_mean          | 212         |
|    ep_rew_mean          | -44.7       |
|    success_rate         | 0           |
| time/                   |             |
|    fps                  | 1910        |
|    iterations           | 225         |
|    time_elapsed         | 120         |
|    total_timesteps      | 1183744     |
| train/                  |             |
|    approx_kl            | 0.016152907 |
|    clip_fraction        | 0.145       |
|    clip_range           | 0.2         |
|    entropy_loss         | -16.7       |
|    explained_variance   | 0.542       |
|    learning_rate        | 0.0001      |
|    loss                 | 32.1        |
|    n_updates            | 11550       |
|    policy_gradient_loss | -0.026      |
|    std                  | 1.92        |
|    value_loss           | 121         |
-----------------------------------------
-----------------------------------------
| rollout/                |             |
|    ep_len_mean          | 209         |
|    ep_rew_mean          | -38.9       |
|    success_rate         | 0           |
| time/                   |             |
|    fps                  | 1910        |
|    iterations           | 226         |
|    time_elapsed         | 121         |
|    total_timesteps      | 1184768     |
| train/                  |             |
|    approx_kl            | 0.017704438 |
|    clip_fraction        | 0.177       |
|    clip_range           | 0.2         |
|    entropy_loss         | -16.7       |
|    explained_variance   | 0.96        |
|    learning_rate        | 0.0001      |
|    loss                 | 56.9        |
|    n_updates            | 11560       |
|    policy_gradient_loss | -0.0366     |
|    std                  | 1.92        |
|    value_loss           | 153         |
-----------------------------------------
-----------------------------------------
| rollout/                |             |
|    ep_len_mean          | 206         |
|    ep_rew_mean          | -42.9       |
|    success_rate         | 0           |
| time/                   |             |
|    fps                  | 1910        |
|    iterations           | 227         |
|    time_elapsed         | 121         |
|    total_timesteps      | 1185792     |
| train/                  |             |
|    approx_kl            | 0.013465484 |
|    clip_fraction        | 0.121       |
|    clip_range           | 0.2         |
|    entropy_loss         | -16.7       |
|    explained_variance   | 0.692       |
|    learning_rate        | 0.0001      |
|    loss                 | 31.5        |
|    n_updates            | 11570       |
|    policy_gradient_loss | -0.0312     |
|    std                  | 1.92        |
|    value_loss           | 143         |
-----------------------------------------
-----------------------------------------
| rollout/                |             |
|    ep_len_mean          | 206         |
|    ep_rew_mean          | -45.1       |
|    success_rate         | 0           |
| time/                   |             |
|    fps                  | 1910        |
|    iterations           | 228         |
|    time_elapsed         | 122         |
|    total_timesteps      | 1186816     |
| train/                  |             |
|    approx_kl            | 0.012618812 |
|    clip_fraction        | 0.143       |
|    clip_range           | 0.2         |
|    entropy_loss         | -16.7       |
|    explained_variance   | 0.808       |
|    learning_rate        | 0.0001      |
|    loss                 | 47.8        |
|    n_updates            | 11580       |
|    policy_gradient_loss | -0.0324     |
|    std                  | 1.92        |
|    value_loss           | 142         |
-----------------------------------------
-----------------------------------------
| rollout/                |             |
|    ep_len_mean          | 204         |
|    ep_rew_mean          | -58.2       |
|    success_rate         | 0           |
| time/                   |             |
|    fps                  | 1910        |
|    iterations           | 229         |
|    time_elapsed         | 122         |
|    total_timesteps      | 1187840     |
| train/                  |             |
|    approx_kl            | 0.016287034 |
|    clip_fraction        | 0.16        |
|    clip_range           | 0.2         |
|    entropy_loss         | -16.7       |
|    explained_variance   | 0.953       |
|    learning_rate        | 0.0001      |
|    loss                 | 42.1        |
|    n_updates            | 11590       |
|    policy_gradient_loss | -0.0354     |
|    std                  | 1.92        |
|    value_loss           | 164         |
-----------------------------------------
-----------------------------------------
| rollout/                |             |
|    ep_len_mean          | 204         |
|    ep_rew_mean          | -48.9       |
|    success_rate         | 0           |
| time/                   |             |
|    fps                  | 1910        |
|    iterations           | 230         |
|    time_elapsed         | 123         |
|    total_timesteps      | 1188864     |
| train/                  |             |
|    approx_kl            | 0.011195019 |
|    clip_fraction        | 0.0894      |
|    clip_range           | 0.2         |
|    entropy_loss         | -16.7       |
|    explained_variance   | 0.888       |
|    learning_rate        | 0.0001      |
|    loss                 | 484         |
|    n_updates            | 11600       |
|    policy_gradient_loss | -0.0259     |
|    std                  | 1.92        |
|    value_loss           | 1.78e+03    |
-----------------------------------------
-----------------------------------------
| rollout/                |             |
|    ep_len_mean          | 203         |
|    ep_rew_mean          | -53.5       |
|    success_rate         | 0           |
| time/                   |             |
|    fps                  | 1910        |
|    iterations           | 231         |
|    time_elapsed         | 123         |
|    total_timesteps      | 1189888     |
| train/                  |             |
|    approx_kl            | 0.027071778 |
|    clip_fraction        | 0.231       |
|    clip_range           | 0.2         |
|    entropy_loss         | -16.7       |
|    explained_variance   | 0.67        |
|    learning_rate        | 0.0001      |
|    loss                 | 13.5        |
|    n_updates            | 11610       |
|    policy_gradient_loss | -0.0392     |
|    std                  | 1.92        |
|    value_loss           | 39.6        |
-----------------------------------------
-----------------------------------------
| rollout/                |             |
|    ep_len_mean          | 205         |
|    ep_rew_mean          | -49.5       |
|    success_rate         | 0           |
| time/                   |             |
|    fps                  | 1910        |
|    iterations           | 232         |
|    time_elapsed         | 124         |
|    total_timesteps      | 1190912     |
| train/                  |             |
|    approx_kl            | 0.012188232 |
|    clip_fraction        | 0.188       |
|    clip_range           | 0.2         |
|    entropy_loss         | -16.7       |
|    explained_variance   | 0.896       |
|    learning_rate        | 0.0001      |
|    loss                 | 112         |
|    n_updates            | 11620       |
|    policy_gradient_loss | -0.0262     |
|    std                  | 1.92        |
|    value_loss           | 394         |
-----------------------------------------
-----------------------------------------
| rollout/                |             |
|    ep_len_mean          | 207         |
|    ep_rew_mean          | -37.9       |
|    success_rate         | 0           |
| time/                   |             |
|    fps                  | 1910        |
|    iterations           | 233         |
|    time_elapsed         | 124         |
|    total_timesteps      | 1191936     |
| train/                  |             |
|    approx_kl            | 0.025806347 |
|    clip_fraction        | 0.227       |
|    clip_range           | 0.2         |
|    entropy_loss         | -16.7       |
|    explained_variance   | 0.861       |
|    learning_rate        | 0.0001      |
|    loss                 | 5.79        |
|    n_updates            | 11630       |
|    policy_gradient_loss | -0.0397     |
|    std                  | 1.92        |
|    value_loss           | 39.6        |
-----------------------------------------
-----------------------------------------
| rollout/                |             |
|    ep_len_mean          | 213         |
|    ep_rew_mean          | -28.9       |
|    success_rate         | 0           |
| time/                   |             |
|    fps                  | 1910        |
|    iterations           | 234         |
|    time_elapsed         | 125         |
|    total_timesteps      | 1192960     |
| train/                  |             |
|    approx_kl            | 0.014802126 |
|    clip_fraction        | 0.187       |
|    clip_range           | 0.2         |
|    entropy_loss         | -16.7       |
|    explained_variance   | 0.948       |
|    learning_rate        | 0.0001      |
|    loss                 | 23.7        |
|    n_updates            | 11640       |
|    policy_gradient_loss | -0.0336     |
|    std                  | 1.92        |
|    value_loss           | 90.8        |
-----------------------------------------
----------------------------------------
| rollout/                |            |
|    ep_len_mean          | 215        |
|    ep_rew_mean          | -23.4      |
|    success_rate         | 0          |
| time/                   |            |
|    fps                  | 1910       |
|    iterations           | 235        |
|    time_elapsed         | 125        |
|    total_timesteps      | 1193984    |
| train/                  |            |
|    approx_kl            | 0.04118371 |
|    clip_fraction        | 0.289      |
|    clip_range           | 0.2        |
|    entropy_loss         | -16.7      |
|    explained_variance   | 0.952      |
|    learning_rate        | 0.0001     |
|    loss                 | 5.25       |
|    n_updates            | 11650      |
|    policy_gradient_loss | -0.0412    |
|    std                  | 1.92       |
|    value_loss           | 31.6       |
----------------------------------------
-----------------------------------------
| rollout/                |             |
|    ep_len_mean          | 214         |
|    ep_rew_mean          | -24.9       |
|    success_rate         | 0           |
| time/                   |             |
|    fps                  | 1910        |
|    iterations           | 236         |
|    time_elapsed         | 126         |
|    total_timesteps      | 1195008     |
| train/                  |             |
|    approx_kl            | 0.012302319 |
|    clip_fraction        | 0.225       |
|    clip_range           | 0.2         |
|    entropy_loss         | -16.7       |
|    explained_variance   | 0.749       |
|    learning_rate        | 0.0001      |
|    loss                 | 66.7        |
|    n_updates            | 11660       |
|    policy_gradient_loss | -0.0189     |
|    std                  | 1.92        |
|    value_loss           | 332         |
-----------------------------------------
-----------------------------------------
| rollout/                |             |
|    ep_len_mean          | 220         |
|    ep_rew_mean          | -19         |
|    success_rate         | 0           |
| time/                   |             |
|    fps                  | 1910        |
|    iterations           | 237         |
|    time_elapsed         | 127         |
|    total_timesteps      | 1196032     |
| train/                  |             |
|    approx_kl            | 0.011239574 |
|    clip_fraction        | 0.0979      |
|    clip_range           | 0.2         |
|    entropy_loss         | -16.7       |
|    explained_variance   | 0.897       |
|    learning_rate        | 0.0001      |
|    loss                 | 138         |
|    n_updates            | 11670       |
|    policy_gradient_loss | -0.031      |
|    std                  | 1.92        |
|    value_loss           | 259         |
-----------------------------------------
-----------------------------------------
| rollout/                |             |
|    ep_len_mean          | 225         |
|    ep_rew_mean          | -13.7       |
|    success_rate         | 0           |
| time/                   |             |
|    fps                  | 1910        |
|    iterations           | 238         |
|    time_elapsed         | 127         |
|    total_timesteps      | 1197056     |
| train/                  |             |
|    approx_kl            | 0.025842197 |
|    clip_fraction        | 0.261       |
|    clip_range           | 0.2         |
|    entropy_loss         | -16.7       |
|    explained_variance   | 0.975       |
|    learning_rate        | 0.0001      |
|    loss                 | 13.3        |
|    n_updates            | 11680       |
|    policy_gradient_loss | -0.0467     |
|    std                  | 1.92        |
|    value_loss           | 29.9        |
-----------------------------------------
-----------------------------------------
| rollout/                |             |
|    ep_len_mean          | 226         |
|    ep_rew_mean          | -6.46       |
|    success_rate         | 0           |
| time/                   |             |
|    fps                  | 1910        |
|    iterations           | 239         |
|    time_elapsed         | 128         |
|    total_timesteps      | 1198080     |
| train/                  |             |
|    approx_kl            | 0.019731306 |
|    clip_fraction        | 0.201       |
|    clip_range           | 0.2         |
|    entropy_loss         | -16.8       |
|    explained_variance   | 0.893       |
|    learning_rate        | 0.0001      |
|    loss                 | 33.3        |
|    n_updates            | 11690       |
|    policy_gradient_loss | -0.0327     |
|    std                  | 1.92        |
|    value_loss           | 63.6        |
-----------------------------------------
-----------------------------------------
| rollout/                |             |
|    ep_len_mean          | 227         |
|    ep_rew_mean          | 15.3        |
|    success_rate         | 0           |
| time/                   |             |
|    fps                  | 1910        |
|    iterations           | 240         |
|    time_elapsed         | 128         |
|    total_timesteps      | 1199104     |
| train/                  |             |
|    approx_kl            | 0.009772171 |
|    clip_fraction        | 0.113       |
|    clip_range           | 0.2         |
|    entropy_loss         | -16.8       |
|    explained_variance   | 0.888       |
|    learning_rate        | 0.0001      |
|    loss                 | 239         |
|    n_updates            | 11700       |
|    policy_gradient_loss | -0.0227     |
|    std                  | 1.92        |
|    value_loss           | 629         |
-----------------------------------------
-----------------------------------------
| rollout/                |             |
|    ep_len_mean          | 232         |
|    ep_rew_mean          | 20.6        |
|    success_rate         | 0           |
| time/                   |             |
|    fps                  | 1910        |
|    iterations           | 241         |
|    time_elapsed         | 129         |
|    total_timesteps      | 1200128     |
| train/                  |             |
|    approx_kl            | 0.013968302 |
|    clip_fraction        | 0.151       |
|    clip_range           | 0.2         |
|    entropy_loss         | -16.8       |
|    explained_variance   | 0.915       |
|    learning_rate        | 0.0001      |
|    loss                 | 43.1        |
|    n_updates            | 11710       |
|    policy_gradient_loss | -0.0365     |
|    std                  | 1.92        |
|    value_loss           | 103         |
-----------------------------------------
-----------------------------------------
| rollout/                |             |
|    ep_len_mean          | 233         |
|    ep_rew_mean          | 23.3        |
|    success_rate         | 0           |
| time/                   |             |
|    fps                  | 1910        |
|    iterations           | 242         |
|    time_elapsed         | 129         |
|    total_timesteps      | 1201152     |
| train/                  |             |
|    approx_kl            | 0.025471117 |
|    clip_fraction        | 0.22        |
|    clip_range           | 0.2         |
|    entropy_loss         | -16.8       |
|    explained_variance   | 0.954       |
|    learning_rate        | 0.0001      |
|    loss                 | 10.7        |
|    n_updates            | 11720       |
|    policy_gradient_loss | -0.0435     |
|    std                  | 1.92        |
|    value_loss           | 39.3        |
-----------------------------------------
-----------------------------------------
| rollout/                |             |
|    ep_len_mean          | 233         |
|    ep_rew_mean          | 34.3        |
|    success_rate         | 0           |
| time/                   |             |
|    fps                  | 1910        |
|    iterations           | 243         |
|    time_elapsed         | 130         |
|    total_timesteps      | 1202176     |
| train/                  |             |
|    approx_kl            | 0.015368702 |
|    clip_fraction        | 0.173       |
|    clip_range           | 0.2         |
|    entropy_loss         | -16.8       |
|    explained_variance   | 0.599       |
|    learning_rate        | 0.0001      |
|    loss                 | 41          |
|    n_updates            | 11730       |
|    policy_gradient_loss | -0.0324     |
|    std                  | 1.92        |
|    value_loss           | 184         |
-----------------------------------------
----------------------------------------
| rollout/                |            |
|    ep_len_mean          | 233        |
|    ep_rew_mean          | 32.9       |
|    success_rate         | 0          |
| time/                   |            |
|    fps                  | 1910       |
|    iterations           | 244        |
|    time_elapsed         | 130        |
|    total_timesteps      | 1203200    |
| train/                  |            |
|    approx_kl            | 0.01071129 |
|    clip_fraction        | 0.124      |
|    clip_range           | 0.2        |
|    entropy_loss         | -16.8      |
|    explained_variance   | 0.761      |
|    learning_rate        | 0.0001     |
|    loss                 | 111        |
|    n_updates            | 11740      |
|    policy_gradient_loss | -0.0278    |
|    std                  | 1.93       |
|    value_loss           | 259        |
----------------------------------------
-----------------------------------------
| rollout/                |             |
|    ep_len_mean          | 228         |
|    ep_rew_mean          | 28.4        |
|    success_rate         | 0           |
| time/                   |             |
|    fps                  | 1910        |
|    iterations           | 245         |
|    time_elapsed         | 131         |
|    total_timesteps      | 1204224     |
| train/                  |             |
|    approx_kl            | 0.016211363 |
|    clip_fraction        | 0.142       |
|    clip_range           | 0.2         |
|    entropy_loss         | -16.8       |
|    explained_variance   | 0.865       |
|    learning_rate        | 0.0001      |
|    loss                 | 74.1        |
|    n_updates            | 11750       |
|    policy_gradient_loss | -0.0299     |
|    std                  | 1.93        |
|    value_loss           | 225         |
-----------------------------------------
-----------------------------------------
| rollout/                |             |
|    ep_len_mean          | 231         |
|    ep_rew_mean          | 35.1        |
|    success_rate         | 0           |
| time/                   |             |
|    fps                  | 1910        |
|    iterations           | 246         |
|    time_elapsed         | 131         |
|    total_timesteps      | 1205248     |
| train/                  |             |
|    approx_kl            | 0.012516264 |
|    clip_fraction        | 0.149       |
|    clip_range           | 0.2         |
|    entropy_loss         | -16.8       |
|    explained_variance   | 0.908       |
|    learning_rate        | 0.0001      |
|    loss                 | 37.9        |
|    n_updates            | 11760       |
|    policy_gradient_loss | -0.0341     |
|    std                  | 1.93        |
|    value_loss           | 216         |
-----------------------------------------
-----------------------------------------
| rollout/                |             |
|    ep_len_mean          | 229         |
|    ep_rew_mean          | 30.1        |
|    success_rate         | 0           |
| time/                   |             |
|    fps                  | 1910        |
|    iterations           | 247         |
|    time_elapsed         | 132         |
|    total_timesteps      | 1206272     |
| train/                  |             |
|    approx_kl            | 0.017186133 |
|    clip_fraction        | 0.181       |
|    clip_range           | 0.2         |
|    entropy_loss         | -16.8       |
|    explained_variance   | 0.652       |
|    learning_rate        | 0.0001      |
|    loss                 | 21.7        |
|    n_updates            | 11770       |
|    policy_gradient_loss | -0.0371     |
|    std                  | 1.93        |
|    value_loss           | 76.3        |
-----------------------------------------
-----------------------------------------
| rollout/                |             |
|    ep_len_mean          | 222         |
|    ep_rew_mean          | 7.5         |
|    success_rate         | 0           |
| time/                   |             |
|    fps                  | 1910        |
|    iterations           | 248         |
|    time_elapsed         | 132         |
|    total_timesteps      | 1207296     |
| train/                  |             |
|    approx_kl            | 0.013554778 |
|    clip_fraction        | 0.113       |
|    clip_range           | 0.2         |
|    entropy_loss         | -16.8       |
|    explained_variance   | 0.961       |
|    learning_rate        | 0.0001      |
|    loss                 | 41.9        |
|    n_updates            | 11780       |
|    policy_gradient_loss | -0.027      |
|    std                  | 1.93        |
|    value_loss           | 289         |
-----------------------------------------
-----------------------------------------
| rollout/                |             |
|    ep_len_mean          | 226         |
|    ep_rew_mean          | 14.4        |
|    success_rate         | 0           |
| time/                   |             |
|    fps                  | 1910        |
|    iterations           | 249         |
|    time_elapsed         | 133         |
|    total_timesteps      | 1208320     |
| train/                  |             |
|    approx_kl            | 0.011260482 |
|    clip_fraction        | 0.109       |
|    clip_range           | 0.2         |
|    entropy_loss         | -16.8       |
|    explained_variance   | 0.87        |
|    learning_rate        | 0.0001      |
|    loss                 | 299         |
|    n_updates            | 11790       |
|    policy_gradient_loss | -0.0267     |
|    std                  | 1.93        |
|    value_loss           | 697         |
-----------------------------------------
------------------------------------------
| rollout/                |              |
|    ep_len_mean          | 231          |
|    ep_rew_mean          | 18.8         |
|    success_rate         | 0            |
| time/                   |              |
|    fps                  | 1910         |
|    iterations           | 250          |
|    time_elapsed         | 133          |
|    total_timesteps      | 1209344      |
| train/                  |              |
|    approx_kl            | 0.0152898645 |
|    clip_fraction        | 0.119        |
|    clip_range           | 0.2          |
|    entropy_loss         | -16.8        |
|    explained_variance   | 0.886        |
|    learning_rate        | 0.0001       |
|    loss                 | 31.6         |
|    n_updates            | 11800        |
|    policy_gradient_loss | -0.031       |
|    std                  | 1.93         |
|    value_loss           | 148          |
------------------------------------------
----------------------------------------
| rollout/                |            |
|    ep_len_mean          | 228        |
|    ep_rew_mean          | 44.1       |
|    success_rate         | 0          |
| time/                   |            |
|    fps                  | 1910       |
|    iterations           | 251        |
|    time_elapsed         | 134        |
|    total_timesteps      | 1210368    |
| train/                  |            |
|    approx_kl            | 0.01203699 |
|    clip_fraction        | 0.146      |
|    clip_range           | 0.2        |
|    entropy_loss         | -16.8      |
|    explained_variance   | 0.861      |
|    learning_rate        | 0.0001     |
|    loss                 | 70.9       |
|    n_updates            | 11810      |
|    policy_gradient_loss | -0.0301    |
|    std                  | 1.93       |
|    value_loss           | 216        |
----------------------------------------
-----------------------------------------
| rollout/                |             |
|    ep_len_mean          | 222         |
|    ep_rew_mean          | 39.6        |
|    success_rate         | 0           |
| time/                   |             |
|    fps                  | 1910        |
|    iterations           | 252         |
|    time_elapsed         | 135         |
|    total_timesteps      | 1211392     |
| train/                  |             |
|    approx_kl            | 0.014697118 |
|    clip_fraction        | 0.15        |
|    clip_range           | 0.2         |
|    entropy_loss         | -16.8       |
|    explained_variance   | 0.82        |
|    learning_rate        | 0.0001      |
|    loss                 | 82.6        |
|    n_updates            | 11820       |
|    policy_gradient_loss | -0.032      |
|    std                  | 1.93        |
|    value_loss           | 168         |
-----------------------------------------
-----------------------------------------
| rollout/                |             |
|    ep_len_mean          | 225         |
|    ep_rew_mean          | 38.2        |
|    success_rate         | 0           |
| time/                   |             |
|    fps                  | 1911        |
|    iterations           | 253         |
|    time_elapsed         | 135         |
|    total_timesteps      | 1212416     |
| train/                  |             |
|    approx_kl            | 0.011262028 |
|    clip_fraction        | 0.119       |
|    clip_range           | 0.2         |
|    entropy_loss         | -16.8       |
|    explained_variance   | 0.674       |
|    learning_rate        | 0.0001      |
|    loss                 | 250         |
|    n_updates            | 11830       |
|    policy_gradient_loss | -0.0311     |
|    std                  | 1.93        |
|    value_loss           | 474         |
-----------------------------------------
-----------------------------------------
| rollout/                |             |
|    ep_len_mean          | 221         |
|    ep_rew_mean          | 20.9        |
|    success_rate         | 0           |
| time/                   |             |
|    fps                  | 1911        |
|    iterations           | 254         |
|    time_elapsed         | 136         |
|    total_timesteps      | 1213440     |
| train/                  |             |
|    approx_kl            | 0.011337092 |
|    clip_fraction        | 0.0977      |
|    clip_range           | 0.2         |
|    entropy_loss         | -16.8       |
|    explained_variance   | 0.963       |
|    learning_rate        | 0.0001      |
|    loss                 | 77          |
|    n_updates            | 11840       |
|    policy_gradient_loss | -0.0287     |
|    std                  | 1.93        |
|    value_loss           | 289         |
-----------------------------------------
------------------------------------------
| rollout/                |              |
|    ep_len_mean          | 224          |
|    ep_rew_mean          | 16.8         |
|    success_rate         | 0            |
| time/                   |              |
|    fps                  | 1911         |
|    iterations           | 255          |
|    time_elapsed         | 136          |
|    total_timesteps      | 1214464      |
| train/                  |              |
|    approx_kl            | 0.0117693115 |
|    clip_fraction        | 0.122        |
|    clip_range           | 0.2          |
|    entropy_loss         | -16.8        |
|    explained_variance   | 0.943        |
|    learning_rate        | 0.0001       |
|    loss                 | 123          |
|    n_updates            | 11850        |
|    policy_gradient_loss | -0.0358      |
|    std                  | 1.94         |
|    value_loss           | 208          |
------------------------------------------
-----------------------------------------
| rollout/                |             |
|    ep_len_mean          | 224         |
|    ep_rew_mean          | 10.6        |
|    success_rate         | 0           |
| time/                   |             |
|    fps                  | 1911        |
|    iterations           | 256         |
|    time_elapsed         | 137         |
|    total_timesteps      | 1215488     |
| train/                  |             |
|    approx_kl            | 0.011461773 |
|    clip_fraction        | 0.113       |
|    clip_range           | 0.2         |
|    entropy_loss         | -16.8       |
|    explained_variance   | 0.934       |
|    learning_rate        | 0.0001      |
|    loss                 | 27.4        |
|    n_updates            | 11860       |
|    policy_gradient_loss | -0.0302     |
|    std                  | 1.94        |
|    value_loss           | 329         |
-----------------------------------------
-----------------------------------------
| rollout/                |             |
|    ep_len_mean          | 226         |
|    ep_rew_mean          | -1.32       |
|    success_rate         | 0           |
| time/                   |             |
|    fps                  | 1911        |
|    iterations           | 257         |
|    time_elapsed         | 137         |
|    total_timesteps      | 1216512     |
| train/                  |             |
|    approx_kl            | 0.014783785 |
|    clip_fraction        | 0.138       |
|    clip_range           | 0.2         |
|    entropy_loss         | -16.8       |
|    explained_variance   | 0.966       |
|    learning_rate        | 0.0001      |
|    loss                 | 43.5        |
|    n_updates            | 11870       |
|    policy_gradient_loss | -0.0321     |
|    std                  | 1.94        |
|    value_loss           | 109         |
-----------------------------------------
-----------------------------------------
| rollout/                |             |
|    ep_len_mean          | 224         |
|    ep_rew_mean          | -0.797      |
|    success_rate         | 0           |
| time/                   |             |
|    fps                  | 1911        |
|    iterations           | 258         |
|    time_elapsed         | 138         |
|    total_timesteps      | 1217536     |
| train/                  |             |
|    approx_kl            | 0.013155619 |
|    clip_fraction        | 0.104       |
|    clip_range           | 0.2         |
|    entropy_loss         | -16.8       |
|    explained_variance   | 0.931       |
|    learning_rate        | 0.0001      |
|    loss                 | 90.6        |
|    n_updates            | 11880       |
|    policy_gradient_loss | -0.0264     |
|    std                  | 1.94        |
|    value_loss           | 213         |
-----------------------------------------
-----------------------------------------
| rollout/                |             |
|    ep_len_mean          | 220         |
|    ep_rew_mean          | -17.2       |
|    success_rate         | 0           |
| time/                   |             |
|    fps                  | 1911        |
|    iterations           | 259         |
|    time_elapsed         | 138         |
|    total_timesteps      | 1218560     |
| train/                  |             |
|    approx_kl            | 0.013570005 |
|    clip_fraction        | 0.115       |
|    clip_range           | 0.2         |
|    entropy_loss         | -16.8       |
|    explained_variance   | 0.832       |
|    learning_rate        | 0.0001      |
|    loss                 | 52.9        |
|    n_updates            | 11890       |
|    policy_gradient_loss | -0.0347     |
|    std                  | 1.94        |
|    value_loss           | 255         |
-----------------------------------------
-----------------------------------------
| rollout/                |             |
|    ep_len_mean          | 222         |
|    ep_rew_mean          | -12.6       |
|    success_rate         | 0           |
| time/                   |             |
|    fps                  | 1911        |
|    iterations           | 260         |
|    time_elapsed         | 139         |
|    total_timesteps      | 1219584     |
| train/                  |             |
|    approx_kl            | 0.011938845 |
|    clip_fraction        | 0.107       |
|    clip_range           | 0.2         |
|    entropy_loss         | -16.8       |
|    explained_variance   | 0.879       |
|    learning_rate        | 0.0001      |
|    loss                 | 184         |
|    n_updates            | 11900       |
|    policy_gradient_loss | -0.0301     |
|    std                  | 1.94        |
|    value_loss           | 387         |
-----------------------------------------
-----------------------------------------
| rollout/                |             |
|    ep_len_mean          | 224         |
|    ep_rew_mean          | -0.489      |
|    success_rate         | 0           |
| time/                   |             |
|    fps                  | 1911        |
|    iterations           | 261         |
|    time_elapsed         | 139         |
|    total_timesteps      | 1220608     |
| train/                  |             |
|    approx_kl            | 0.024890356 |
|    clip_fraction        | 0.198       |
|    clip_range           | 0.2         |
|    entropy_loss         | -16.8       |
|    explained_variance   | 0.789       |
|    learning_rate        | 0.0001      |
|    loss                 | 14.9        |
|    n_updates            | 11910       |
|    policy_gradient_loss | -0.0377     |
|    std                  | 1.94        |
|    value_loss           | 72.3        |
-----------------------------------------
-----------------------------------------
| rollout/                |             |
|    ep_len_mean          | 220         |
|    ep_rew_mean          | -8.98       |
|    success_rate         | 0           |
| time/                   |             |
|    fps                  | 1911        |
|    iterations           | 262         |
|    time_elapsed         | 140         |
|    total_timesteps      | 1221632     |
| train/                  |             |
|    approx_kl            | 0.021501228 |
|    clip_fraction        | 0.227       |
|    clip_range           | 0.2         |
|    entropy_loss         | -16.8       |
|    explained_variance   | 0.899       |
|    learning_rate        | 0.0001      |
|    loss                 | 14.5        |
|    n_updates            | 11920       |
|    policy_gradient_loss | -0.0301     |
|    std                  | 1.94        |
|    value_loss           | 52.9        |
-----------------------------------------
-----------------------------------------
| rollout/                |             |
|    ep_len_mean          | 216         |
|    ep_rew_mean          | -14.1       |
|    success_rate         | 0           |
| time/                   |             |
|    fps                  | 1911        |
|    iterations           | 263         |
|    time_elapsed         | 140         |
|    total_timesteps      | 1222656     |
| train/                  |             |
|    approx_kl            | 0.010484766 |
|    clip_fraction        | 0.106       |
|    clip_range           | 0.2         |
|    entropy_loss         | -16.8       |
|    explained_variance   | 0.879       |
|    learning_rate        | 0.0001      |
|    loss                 | 105         |
|    n_updates            | 11930       |
|    policy_gradient_loss | -0.0247     |
|    std                  | 1.94        |
|    value_loss           | 199         |
-----------------------------------------
-----------------------------------------
| rollout/                |             |
|    ep_len_mean          | 222         |
|    ep_rew_mean          | -9.55       |
|    success_rate         | 0           |
| time/                   |             |
|    fps                  | 1911        |
|    iterations           | 264         |
|    time_elapsed         | 141         |
|    total_timesteps      | 1223680     |
| train/                  |             |
|    approx_kl            | 0.010493918 |
|    clip_fraction        | 0.0891      |
|    clip_range           | 0.2         |
|    entropy_loss         | -16.8       |
|    explained_variance   | 0.773       |
|    learning_rate        | 0.0001      |
|    loss                 | 221         |
|    n_updates            | 11940       |
|    policy_gradient_loss | -0.0233     |
|    std                  | 1.94        |
|    value_loss           | 853         |
-----------------------------------------
-----------------------------------------
| rollout/                |             |
|    ep_len_mean          | 219         |
|    ep_rew_mean          | -13.7       |
|    success_rate         | 0           |
| time/                   |             |
|    fps                  | 1911        |
|    iterations           | 265         |
|    time_elapsed         | 141         |
|    total_timesteps      | 1224704     |
| train/                  |             |
|    approx_kl            | 0.022096857 |
|    clip_fraction        | 0.175       |
|    clip_range           | 0.2         |
|    entropy_loss         | -16.8       |
|    explained_variance   | 0.985       |
|    learning_rate        | 0.0001      |
|    loss                 | 12.2        |
|    n_updates            | 11950       |
|    policy_gradient_loss | -0.0344     |
|    std                  | 1.94        |
|    value_loss           | 51.5        |
-----------------------------------------
-----------------------------------------
| rollout/                |             |
|    ep_len_mean          | 222         |
|    ep_rew_mean          | -15.3       |
|    success_rate         | 0           |
| time/                   |             |
|    fps                  | 1911        |
|    iterations           | 266         |
|    time_elapsed         | 142         |
|    total_timesteps      | 1225728     |
| train/                  |             |
|    approx_kl            | 0.012659349 |
|    clip_fraction        | 0.127       |
|    clip_range           | 0.2         |
|    entropy_loss         | -16.8       |
|    explained_variance   | 0.864       |
|    learning_rate        | 0.0001      |
|    loss                 | 166         |
|    n_updates            | 11960       |
|    policy_gradient_loss | -0.0244     |
|    std                  | 1.94        |
|    value_loss           | 548         |
-----------------------------------------
-----------------------------------------
| rollout/                |             |
|    ep_len_mean          | 224         |
|    ep_rew_mean          | -13.7       |
|    success_rate         | 0           |
| time/                   |             |
|    fps                  | 1911        |
|    iterations           | 267         |
|    time_elapsed         | 143         |
|    total_timesteps      | 1226752     |
| train/                  |             |
|    approx_kl            | 0.008116042 |
|    clip_fraction        | 0.0838      |
|    clip_range           | 0.2         |
|    entropy_loss         | -16.8       |
|    explained_variance   | 0.818       |
|    learning_rate        | 0.0001      |
|    loss                 | 110         |
|    n_updates            | 11970       |
|    policy_gradient_loss | -0.0213     |
|    std                  | 1.94        |
|    value_loss           | 607         |
-----------------------------------------
-----------------------------------------
| rollout/                |             |
|    ep_len_mean          | 223         |
|    ep_rew_mean          | -8.67       |
|    success_rate         | 0           |
| time/                   |             |
|    fps                  | 1911        |
|    iterations           | 268         |
|    time_elapsed         | 143         |
|    total_timesteps      | 1227776     |
| train/                  |             |
|    approx_kl            | 0.013543398 |
|    clip_fraction        | 0.121       |
|    clip_range           | 0.2         |
|    entropy_loss         | -16.8       |
|    explained_variance   | 0.911       |
|    learning_rate        | 0.0001      |
|    loss                 | 23.4        |
|    n_updates            | 11980       |
|    policy_gradient_loss | -0.0289     |
|    std                  | 1.94        |
|    value_loss           | 170         |
-----------------------------------------
----------------------------------------
| rollout/                |            |
|    ep_len_mean          | 220        |
|    ep_rew_mean          | 3.12       |
|    success_rate         | 0          |
| time/                   |            |
|    fps                  | 1911       |
|    iterations           | 269        |
|    time_elapsed         | 144        |
|    total_timesteps      | 1228800    |
| train/                  |            |
|    approx_kl            | 0.01680127 |
|    clip_fraction        | 0.186      |
|    clip_range           | 0.2        |
|    entropy_loss         | -16.8      |
|    explained_variance   | 0.915      |
|    learning_rate        | 0.0001     |
|    loss                 | 29.4       |
|    n_updates            | 11990      |
|    policy_gradient_loss | -0.0343    |
|    std                  | 1.94       |
|    value_loss           | 85.5       |
----------------------------------------
------------------------------------------
| rollout/                |              |
|    ep_len_mean          | 222          |
|    ep_rew_mean          | 7.88         |
|    success_rate         | 0            |
| time/                   |              |
|    fps                  | 1911         |
|    iterations           | 270          |
|    time_elapsed         | 144          |
|    total_timesteps      | 1229824      |
| train/                  |              |
|    approx_kl            | 0.0121484995 |
|    clip_fraction        | 0.121        |
|    clip_range           | 0.2          |
|    entropy_loss         | -16.8        |
|    explained_variance   | 0.862        |
|    learning_rate        | 0.0001       |
|    loss                 | 55.6         |
|    n_updates            | 12000        |
|    policy_gradient_loss | -0.0264      |
|    std                  | 1.94         |
|    value_loss           | 267          |
------------------------------------------
-----------------------------------------
| rollout/                |             |
|    ep_len_mean          | 221         |
|    ep_rew_mean          | -0.835      |
|    success_rate         | 0           |
| time/                   |             |
|    fps                  | 1911        |
|    iterations           | 271         |
|    time_elapsed         | 145         |
|    total_timesteps      | 1230848     |
| train/                  |             |
|    approx_kl            | 0.011250781 |
|    clip_fraction        | 0.12        |
|    clip_range           | 0.2         |
|    entropy_loss         | -16.8       |
|    explained_variance   | 0.611       |
|    learning_rate        | 0.0001      |
|    loss                 | 154         |
|    n_updates            | 12010       |
|    policy_gradient_loss | -0.0281     |
|    std                  | 1.94        |
|    value_loss           | 404         |
-----------------------------------------
-----------------------------------------
| rollout/                |             |
|    ep_len_mean          | 218         |
|    ep_rew_mean          | -10.5       |
|    success_rate         | 0           |
| time/                   |             |
|    fps                  | 1911        |
|    iterations           | 272         |
|    time_elapsed         | 145         |
|    total_timesteps      | 1231872     |
| train/                  |             |
|    approx_kl            | 0.010055983 |
|    clip_fraction        | 0.106       |
|    clip_range           | 0.2         |
|    entropy_loss         | -16.8       |
|    explained_variance   | 0.884       |
|    learning_rate        | 0.0001      |
|    loss                 | 101         |
|    n_updates            | 12020       |
|    policy_gradient_loss | -0.0267     |
|    std                  | 1.94        |
|    value_loss           | 858         |
-----------------------------------------
----------------------------------------
| rollout/                |            |
|    ep_len_mean          | 222        |
|    ep_rew_mean          | -10.4      |
|    success_rate         | 0          |
| time/                   |            |
|    fps                  | 1911       |
|    iterations           | 273        |
|    time_elapsed         | 146        |
|    total_timesteps      | 1232896    |
| train/                  |            |
|    approx_kl            | 0.01377477 |
|    clip_fraction        | 0.137      |
|    clip_range           | 0.2        |
|    entropy_loss         | -16.8      |
|    explained_variance   | 0.949      |
|    learning_rate        | 0.0001     |
|    loss                 | 57.1       |
|    n_updates            | 12030      |
|    policy_gradient_loss | -0.0368    |
|    std                  | 1.94       |
|    value_loss           | 185        |
----------------------------------------
-----------------------------------------
| rollout/                |             |
|    ep_len_mean          | 226         |
|    ep_rew_mean          | -18.8       |
|    success_rate         | 0           |
| time/                   |             |
|    fps                  | 1911        |
|    iterations           | 274         |
|    time_elapsed         | 146         |
|    total_timesteps      | 1233920     |
| train/                  |             |
|    approx_kl            | 0.009275703 |
|    clip_fraction        | 0.0896      |
|    clip_range           | 0.2         |
|    entropy_loss         | -16.8       |
|    explained_variance   | 0.839       |
|    learning_rate        | 0.0001      |
|    loss                 | 392         |
|    n_updates            | 12040       |
|    policy_gradient_loss | -0.0251     |
|    std                  | 1.94        |
|    value_loss           | 640         |
-----------------------------------------
-----------------------------------------
| rollout/                |             |
|    ep_len_mean          | 224         |
|    ep_rew_mean          | -5.5        |
|    success_rate         | 0           |
| time/                   |             |
|    fps                  | 1911        |
|    iterations           | 275         |
|    time_elapsed         | 147         |
|    total_timesteps      | 1234944     |
| train/                  |             |
|    approx_kl            | 0.011123678 |
|    clip_fraction        | 0.11        |
|    clip_range           | 0.2         |
|    entropy_loss         | -16.8       |
|    explained_variance   | 0.851       |
|    learning_rate        | 0.0001      |
|    loss                 | 601         |
|    n_updates            | 12050       |
|    policy_gradient_loss | -0.0279     |
|    std                  | 1.94        |
|    value_loss           | 864         |
-----------------------------------------
-----------------------------------------
| rollout/                |             |
|    ep_len_mean          | 224         |
|    ep_rew_mean          | -9.93       |
|    success_rate         | 0           |
| time/                   |             |
|    fps                  | 1911        |
|    iterations           | 276         |
|    time_elapsed         | 147         |
|    total_timesteps      | 1235968     |
| train/                  |             |
|    approx_kl            | 0.016701065 |
|    clip_fraction        | 0.187       |
|    clip_range           | 0.2         |
|    entropy_loss         | -16.8       |
|    explained_variance   | 0.957       |
|    learning_rate        | 0.0001      |
|    loss                 | 21.8        |
|    n_updates            | 12060       |
|    policy_gradient_loss | -0.0431     |
|    std                  | 1.94        |
|    value_loss           | 77          |
-----------------------------------------
-----------------------------------------
| rollout/                |             |
|    ep_len_mean          | 219         |
|    ep_rew_mean          | 1.86        |
|    success_rate         | 0           |
| time/                   |             |
|    fps                  | 1911        |
|    iterations           | 277         |
|    time_elapsed         | 148         |
|    total_timesteps      | 1236992     |
| train/                  |             |
|    approx_kl            | 0.013134645 |
|    clip_fraction        | 0.13        |
|    clip_range           | 0.2         |
|    entropy_loss         | -16.8       |
|    explained_variance   | 0.83        |
|    learning_rate        | 0.0001      |
|    loss                 | 51.8        |
|    n_updates            | 12070       |
|    policy_gradient_loss | -0.0334     |
|    std                  | 1.94        |
|    value_loss           | 369         |
-----------------------------------------
----------------------------------------
| rollout/                |            |
|    ep_len_mean          | 217        |
|    ep_rew_mean          | 11.5       |
|    success_rate         | 0          |
| time/                   |            |
|    fps                  | 1911       |
|    iterations           | 278        |
|    time_elapsed         | 148        |
|    total_timesteps      | 1238016    |
| train/                  |            |
|    approx_kl            | 0.01886728 |
|    clip_fraction        | 0.181      |
|    clip_range           | 0.2        |
|    entropy_loss         | -16.8      |
|    explained_variance   | 0.662      |
|    learning_rate        | 0.0001     |
|    loss                 | 108        |
|    n_updates            | 12080      |
|    policy_gradient_loss | -0.0303    |
|    std                  | 1.94       |
|    value_loss           | 356        |
----------------------------------------
-----------------------------------------
| rollout/                |             |
|    ep_len_mean          | 222         |
|    ep_rew_mean          | 10.7        |
|    success_rate         | 0           |
| time/                   |             |
|    fps                  | 1911        |
|    iterations           | 279         |
|    time_elapsed         | 149         |
|    total_timesteps      | 1239040     |
| train/                  |             |
|    approx_kl            | 0.015679933 |
|    clip_fraction        | 0.174       |
|    clip_range           | 0.2         |
|    entropy_loss         | -16.8       |
|    explained_variance   | 0.91        |
|    learning_rate        | 0.0001      |
|    loss                 | 148         |
|    n_updates            | 12090       |
|    policy_gradient_loss | -0.0348     |
|    std                  | 1.95        |
|    value_loss           | 208         |
-----------------------------------------
-----------------------------------------
| rollout/                |             |
|    ep_len_mean          | 224         |
|    ep_rew_mean          | 4.53        |
|    success_rate         | 0           |
| time/                   |             |
|    fps                  | 1910        |
|    iterations           | 280         |
|    time_elapsed         | 150         |
|    total_timesteps      | 1240064     |
| train/                  |             |
|    approx_kl            | 0.010380074 |
|    clip_fraction        | 0.117       |
|    clip_range           | 0.2         |
|    entropy_loss         | -16.8       |
|    explained_variance   | 0.726       |
|    learning_rate        | 0.0001      |
|    loss                 | 221         |
|    n_updates            | 12100       |
|    policy_gradient_loss | -0.0215     |
|    std                  | 1.95        |
|    value_loss           | 629         |
-----------------------------------------
-----------------------------------------
| rollout/                |             |
|    ep_len_mean          | 223         |
|    ep_rew_mean          | 11.1        |
|    success_rate         | 0           |
| time/                   |             |
|    fps                  | 1910        |
|    iterations           | 281         |
|    time_elapsed         | 150         |
|    total_timesteps      | 1241088     |
| train/                  |             |
|    approx_kl            | 0.012295725 |
|    clip_fraction        | 0.122       |
|    clip_range           | 0.2         |
|    entropy_loss         | -16.8       |
|    explained_variance   | 0.946       |
|    learning_rate        | 0.0001      |
|    loss                 | 91.5        |
|    n_updates            | 12110       |
|    policy_gradient_loss | -0.036      |
|    std                  | 1.95        |
|    value_loss           | 200         |
-----------------------------------------
-----------------------------------------
| rollout/                |             |
|    ep_len_mean          | 220         |
|    ep_rew_mean          | 7.04        |
|    success_rate         | 0           |
| time/                   |             |
|    fps                  | 1910        |
|    iterations           | 282         |
|    time_elapsed         | 151         |
|    total_timesteps      | 1242112     |
| train/                  |             |
|    approx_kl            | 0.012716081 |
|    clip_fraction        | 0.127       |
|    clip_range           | 0.2         |
|    entropy_loss         | -16.8       |
|    explained_variance   | 0.902       |
|    learning_rate        | 0.0001      |
|    loss                 | 137         |
|    n_updates            | 12120       |
|    policy_gradient_loss | -0.0353     |
|    std                  | 1.95        |
|    value_loss           | 473         |
-----------------------------------------
-----------------------------------------
| rollout/                |             |
|    ep_len_mean          | 217         |
|    ep_rew_mean          | 14.5        |
|    success_rate         | 0           |
| time/                   |             |
|    fps                  | 1910        |
|    iterations           | 283         |
|    time_elapsed         | 151         |
|    total_timesteps      | 1243136     |
| train/                  |             |
|    approx_kl            | 0.016506925 |
|    clip_fraction        | 0.17        |
|    clip_range           | 0.2         |
|    entropy_loss         | -16.8       |
|    explained_variance   | 0.812       |
|    learning_rate        | 0.0001      |
|    loss                 | 58.1        |
|    n_updates            | 12130       |
|    policy_gradient_loss | -0.0319     |
|    std                  | 1.95        |
|    value_loss           | 183         |
-----------------------------------------
-----------------------------------------
| rollout/                |             |
|    ep_len_mean          | 220         |
|    ep_rew_mean          | 15.3        |
|    success_rate         | 0           |
| time/                   |             |
|    fps                  | 1910        |
|    iterations           | 284         |
|    time_elapsed         | 152         |
|    total_timesteps      | 1244160     |
| train/                  |             |
|    approx_kl            | 0.018019255 |
|    clip_fraction        | 0.18        |
|    clip_range           | 0.2         |
|    entropy_loss         | -16.8       |
|    explained_variance   | 0.936       |
|    learning_rate        | 0.0001      |
|    loss                 | 19.4        |
|    n_updates            | 12140       |
|    policy_gradient_loss | -0.0319     |
|    std                  | 1.95        |
|    value_loss           | 100         |
-----------------------------------------
----------------------------------------
| rollout/                |            |
|    ep_len_mean          | 222        |
|    ep_rew_mean          | 17.2       |
|    success_rate         | 0          |
| time/                   |            |
|    fps                  | 1910       |
|    iterations           | 285        |
|    time_elapsed         | 152        |
|    total_timesteps      | 1245184    |
| train/                  |            |
|    approx_kl            | 0.01249212 |
|    clip_fraction        | 0.133      |
|    clip_range           | 0.2        |
|    entropy_loss         | -16.8      |
|    explained_variance   | 0.78       |
|    learning_rate        | 0.0001     |
|    loss                 | 45.4       |
|    n_updates            | 12150      |
|    policy_gradient_loss | -0.0289    |
|    std                  | 1.95       |
|    value_loss           | 162        |
----------------------------------------
-----------------------------------------
| rollout/                |             |
|    ep_len_mean          | 221         |
|    ep_rew_mean          | 13.6        |
|    success_rate         | 0           |
| time/                   |             |
|    fps                  | 1910        |
|    iterations           | 286         |
|    time_elapsed         | 153         |
|    total_timesteps      | 1246208     |
| train/                  |             |
|    approx_kl            | 0.021346956 |
|    clip_fraction        | 0.198       |
|    clip_range           | 0.2         |
|    entropy_loss         | -16.8       |
|    explained_variance   | 0.967       |
|    learning_rate        | 0.0001      |
|    loss                 | 18.5        |
|    n_updates            | 12160       |
|    policy_gradient_loss | -0.0428     |
|    std                  | 1.95        |
|    value_loss           | 77.7        |
-----------------------------------------
-----------------------------------------
| rollout/                |             |
|    ep_len_mean          | 217         |
|    ep_rew_mean          | 19.1        |
|    success_rate         | 0           |
| time/                   |             |
|    fps                  | 1910        |
|    iterations           | 287         |
|    time_elapsed         | 153         |
|    total_timesteps      | 1247232     |
| train/                  |             |
|    approx_kl            | 0.014232038 |
|    clip_fraction        | 0.147       |
|    clip_range           | 0.2         |
|    entropy_loss         | -16.8       |
|    explained_variance   | 0.803       |
|    learning_rate        | 0.0001      |
|    loss                 | 73.2        |
|    n_updates            | 12170       |
|    policy_gradient_loss | -0.0361     |
|    std                  | 1.95        |
|    value_loss           | 213         |
-----------------------------------------
-----------------------------------------
| rollout/                |             |
|    ep_len_mean          | 214         |
|    ep_rew_mean          | 9.97        |
|    success_rate         | 0           |
| time/                   |             |
|    fps                  | 1911        |
|    iterations           | 288         |
|    time_elapsed         | 154         |
|    total_timesteps      | 1248256     |
| train/                  |             |
|    approx_kl            | 0.016394572 |
|    clip_fraction        | 0.158       |
|    clip_range           | 0.2         |
|    entropy_loss         | -16.8       |
|    explained_variance   | 0.812       |
|    learning_rate        | 0.0001      |
|    loss                 | 46.6        |
|    n_updates            | 12180       |
|    policy_gradient_loss | -0.0324     |
|    std                  | 1.95        |
|    value_loss           | 195         |
-----------------------------------------
-----------------------------------------
| rollout/                |             |
|    ep_len_mean          | 212         |
|    ep_rew_mean          | 6.83        |
|    success_rate         | 0           |
| time/                   |             |
|    fps                  | 1910        |
|    iterations           | 289         |
|    time_elapsed         | 154         |
|    total_timesteps      | 1249280     |
| train/                  |             |
|    approx_kl            | 0.017440598 |
|    clip_fraction        | 0.148       |
|    clip_range           | 0.2         |
|    entropy_loss         | -16.9       |
|    explained_variance   | 0.946       |
|    learning_rate        | 0.0001      |
|    loss                 | 106         |
|    n_updates            | 12190       |
|    policy_gradient_loss | -0.0383     |
|    std                  | 1.95        |
|    value_loss           | 257         |
-----------------------------------------
-----------------------------------------
| rollout/                |             |
|    ep_len_mean          | 215         |
|    ep_rew_mean          | 7.19        |
|    success_rate         | 0           |
| time/                   |             |
|    fps                  | 1910        |
|    iterations           | 290         |
|    time_elapsed         | 155         |
|    total_timesteps      | 1250304     |
| train/                  |             |
|    approx_kl            | 0.019577265 |
|    clip_fraction        | 0.158       |
|    clip_range           | 0.2         |
|    entropy_loss         | -16.9       |
|    explained_variance   | 0.873       |
|    learning_rate        | 0.0001      |
|    loss                 | 43.2        |
|    n_updates            | 12200       |
|    policy_gradient_loss | -0.0321     |
|    std                  | 1.95        |
|    value_loss           | 113         |
-----------------------------------------
-----------------------------------------
| rollout/                |             |
|    ep_len_mean          | 221         |
|    ep_rew_mean          | 4.83        |
|    success_rate         | 0           |
| time/                   |             |
|    fps                  | 1910        |
|    iterations           | 291         |
|    time_elapsed         | 155         |
|    total_timesteps      | 1251328     |
| train/                  |             |
|    approx_kl            | 0.019885948 |
|    clip_fraction        | 0.173       |
|    clip_range           | 0.2         |
|    entropy_loss         | -16.9       |
|    explained_variance   | 0.934       |
|    learning_rate        | 0.0001      |
|    loss                 | 12.9        |
|    n_updates            | 12210       |
|    policy_gradient_loss | -0.0326     |
|    std                  | 1.96        |
|    value_loss           | 73          |
-----------------------------------------
-----------------------------------------
| rollout/                |             |
|    ep_len_mean          | 219         |
|    ep_rew_mean          | -16.8       |
|    success_rate         | 0           |
| time/                   |             |
|    fps                  | 1910        |
|    iterations           | 292         |
|    time_elapsed         | 156         |
|    total_timesteps      | 1252352     |
| train/                  |             |
|    approx_kl            | 0.010177007 |
|    clip_fraction        | 0.109       |
|    clip_range           | 0.2         |
|    entropy_loss         | -16.9       |
|    explained_variance   | 0.9         |
|    learning_rate        | 0.0001      |
|    loss                 | 121         |
|    n_updates            | 12220       |
|    policy_gradient_loss | -0.025      |
|    std                  | 1.96        |
|    value_loss           | 533         |
-----------------------------------------
-----------------------------------------
| rollout/                |             |
|    ep_len_mean          | 213         |
|    ep_rew_mean          | -25.1       |
|    success_rate         | 0           |
| time/                   |             |
|    fps                  | 1910        |
|    iterations           | 293         |
|    time_elapsed         | 157         |
|    total_timesteps      | 1253376     |
| train/                  |             |
|    approx_kl            | 0.015395267 |
|    clip_fraction        | 0.158       |
|    clip_range           | 0.2         |
|    entropy_loss         | -16.9       |
|    explained_variance   | 0.852       |
|    learning_rate        | 0.0001      |
|    loss                 | 114         |
|    n_updates            | 12230       |
|    policy_gradient_loss | -0.0373     |
|    std                  | 1.96        |
|    value_loss           | 252         |
-----------------------------------------
-----------------------------------------
| rollout/                |             |
|    ep_len_mean          | 218         |
|    ep_rew_mean          | -20.9       |
|    success_rate         | 0           |
| time/                   |             |
|    fps                  | 1906        |
|    iterations           | 294         |
|    time_elapsed         | 157         |
|    total_timesteps      | 1254400     |
| train/                  |             |
|    approx_kl            | 0.009371896 |
|    clip_fraction        | 0.0916      |
|    clip_range           | 0.2         |
|    entropy_loss         | -16.9       |
|    explained_variance   | 0.901       |
|    learning_rate        | 0.0001      |
|    loss                 | 329         |
|    n_updates            | 12240       |
|    policy_gradient_loss | -0.0256     |
|    std                  | 1.96        |
|    value_loss           | 695         |
-----------------------------------------
-----------------------------------------
| rollout/                |             |
|    ep_len_mean          | 222         |
|    ep_rew_mean          | -28.1       |
|    success_rate         | 0           |
| time/                   |             |
|    fps                  | 1906        |
|    iterations           | 295         |
|    time_elapsed         | 158         |
|    total_timesteps      | 1255424     |
| train/                  |             |
|    approx_kl            | 0.018350871 |
|    clip_fraction        | 0.145       |
|    clip_range           | 0.2         |
|    entropy_loss         | -16.9       |
|    explained_variance   | 0.896       |
|    learning_rate        | 0.0001      |
|    loss                 | 14.5        |
|    n_updates            | 12250       |
|    policy_gradient_loss | -0.0341     |
|    std                  | 1.96        |
|    value_loss           | 77.6        |
-----------------------------------------
-----------------------------------------
| rollout/                |             |
|    ep_len_mean          | 217         |
|    ep_rew_mean          | -19.4       |
|    success_rate         | 0           |
| time/                   |             |
|    fps                  | 1906        |
|    iterations           | 296         |
|    time_elapsed         | 159         |
|    total_timesteps      | 1256448     |
| train/                  |             |
|    approx_kl            | 0.018023629 |
|    clip_fraction        | 0.171       |
|    clip_range           | 0.2         |
|    entropy_loss         | -16.9       |
|    explained_variance   | 0.96        |
|    learning_rate        | 0.0001      |
|    loss                 | 49.9        |
|    n_updates            | 12260       |
|    policy_gradient_loss | -0.0357     |
|    std                  | 1.96        |
|    value_loss           | 263         |
-----------------------------------------
-----------------------------------------
| rollout/                |             |
|    ep_len_mean          | 219         |
|    ep_rew_mean          | -25.4       |
|    success_rate         | 0           |
| time/                   |             |
|    fps                  | 1906        |
|    iterations           | 297         |
|    time_elapsed         | 159         |
|    total_timesteps      | 1257472     |
| train/                  |             |
|    approx_kl            | 0.017876059 |
|    clip_fraction        | 0.162       |
|    clip_range           | 0.2         |
|    entropy_loss         | -16.9       |
|    explained_variance   | 0.885       |
|    learning_rate        | 0.0001      |
|    loss                 | 89.2        |
|    n_updates            | 12270       |
|    policy_gradient_loss | -0.0351     |
|    std                  | 1.96        |
|    value_loss           | 189         |
-----------------------------------------
-----------------------------------------
| rollout/                |             |
|    ep_len_mean          | 221         |
|    ep_rew_mean          | -26.7       |
|    success_rate         | 0           |
| time/                   |             |
|    fps                  | 1906        |
|    iterations           | 298         |
|    time_elapsed         | 160         |
|    total_timesteps      | 1258496     |
| train/                  |             |
|    approx_kl            | 0.012925962 |
|    clip_fraction        | 0.135       |
|    clip_range           | 0.2         |
|    entropy_loss         | -16.9       |
|    explained_variance   | 0.74        |
|    learning_rate        | 0.0001      |
|    loss                 | 146         |
|    n_updates            | 12280       |
|    policy_gradient_loss | -0.0327     |
|    std                  | 1.96        |
|    value_loss           | 294         |
-----------------------------------------
-----------------------------------------
| rollout/                |             |
|    ep_len_mean          | 225         |
|    ep_rew_mean          | -44.7       |
|    success_rate         | 0           |
| time/                   |             |
|    fps                  | 1906        |
|    iterations           | 299         |
|    time_elapsed         | 160         |
|    total_timesteps      | 1259520     |
| train/                  |             |
|    approx_kl            | 0.014474286 |
|    clip_fraction        | 0.159       |
|    clip_range           | 0.2         |
|    entropy_loss         | -16.9       |
|    explained_variance   | 0.883       |
|    learning_rate        | 0.0001      |
|    loss                 | 91.3        |
|    n_updates            | 12290       |
|    policy_gradient_loss | -0.0318     |
|    std                  | 1.96        |
|    value_loss           | 347         |
-----------------------------------------
-----------------------------------------
| rollout/                |             |
|    ep_len_mean          | 230         |
|    ep_rew_mean          | -39.8       |
|    success_rate         | 0           |
| time/                   |             |
|    fps                  | 1906        |
|    iterations           | 300         |
|    time_elapsed         | 161         |
|    total_timesteps      | 1260544     |
| train/                  |             |
|    approx_kl            | 0.012486064 |
|    clip_fraction        | 0.128       |
|    clip_range           | 0.2         |
|    entropy_loss         | -16.9       |
|    explained_variance   | 0.928       |
|    learning_rate        | 0.0001      |
|    loss                 | 188         |
|    n_updates            | 12300       |
|    policy_gradient_loss | -0.0314     |
|    std                  | 1.96        |
|    value_loss           | 572         |
-----------------------------------------
---------------------------------------
| rollout/                |           |
|    ep_len_mean          | 226       |
|    ep_rew_mean          | -40.4     |
|    success_rate         | 0         |
| time/                   |           |
|    fps                  | 1906      |
|    iterations           | 301       |
|    time_elapsed         | 161       |
|    total_timesteps      | 1261568   |
| train/                  |           |
|    approx_kl            | 0.0321584 |
|    clip_fraction        | 0.229     |
|    clip_range           | 0.2       |
|    entropy_loss         | -16.9     |
|    explained_variance   | 0.761     |
|    learning_rate        | 0.0001    |
|    loss                 | 12.3      |
|    n_updates            | 12310     |
|    policy_gradient_loss | -0.0389   |
|    std                  | 1.96      |
|    value_loss           | 43.2      |
---------------------------------------
-----------------------------------------
| rollout/                |             |
|    ep_len_mean          | 229         |
|    ep_rew_mean          | -31.9       |
|    success_rate         | 0           |
| time/                   |             |
|    fps                  | 1906        |
|    iterations           | 302         |
|    time_elapsed         | 162         |
|    total_timesteps      | 1262592     |
| train/                  |             |
|    approx_kl            | 0.016581345 |
|    clip_fraction        | 0.166       |
|    clip_range           | 0.2         |
|    entropy_loss         | -16.9       |
|    explained_variance   | 0.957       |
|    learning_rate        | 0.0001      |
|    loss                 | 51.9        |
|    n_updates            | 12320       |
|    policy_gradient_loss | -0.0305     |
|    std                  | 1.97        |
|    value_loss           | 142         |
-----------------------------------------
-----------------------------------------
| rollout/                |             |
|    ep_len_mean          | 229         |
|    ep_rew_mean          | -27.1       |
|    success_rate         | 0           |
| time/                   |             |
|    fps                  | 1906        |
|    iterations           | 303         |
|    time_elapsed         | 162         |
|    total_timesteps      | 1263616     |
| train/                  |             |
|    approx_kl            | 0.029301023 |
|    clip_fraction        | 0.229       |
|    clip_range           | 0.2         |
|    entropy_loss         | -16.9       |
|    explained_variance   | 0.892       |
|    learning_rate        | 0.0001      |
|    loss                 | 9.85        |
|    n_updates            | 12330       |
|    policy_gradient_loss | -0.0369     |
|    std                  | 1.97        |
|    value_loss           | 46.5        |
-----------------------------------------
-----------------------------------------
| rollout/                |             |
|    ep_len_mean          | 231         |
|    ep_rew_mean          | -29.7       |
|    success_rate         | 0           |
| time/                   |             |
|    fps                  | 1906        |
|    iterations           | 304         |
|    time_elapsed         | 163         |
|    total_timesteps      | 1264640     |
| train/                  |             |
|    approx_kl            | 0.010230564 |
|    clip_fraction        | 0.169       |
|    clip_range           | 0.2         |
|    entropy_loss         | -16.9       |
|    explained_variance   | 0.845       |
|    learning_rate        | 0.0001      |
|    loss                 | 33.1        |
|    n_updates            | 12340       |
|    policy_gradient_loss | -0.0214     |
|    std                  | 1.97        |
|    value_loss           | 246         |
-----------------------------------------
-----------------------------------------
| rollout/                |             |
|    ep_len_mean          | 231         |
|    ep_rew_mean          | -45.6       |
|    success_rate         | 0           |
| time/                   |             |
|    fps                  | 1906        |
|    iterations           | 305         |
|    time_elapsed         | 163         |
|    total_timesteps      | 1265664     |
| train/                  |             |
|    approx_kl            | 0.014601797 |
|    clip_fraction        | 0.137       |
|    clip_range           | 0.2         |
|    entropy_loss         | -16.9       |
|    explained_variance   | 0.759       |
|    learning_rate        | 0.0001      |
|    loss                 | 21.2        |
|    n_updates            | 12350       |
|    policy_gradient_loss | -0.0341     |
|    std                  | 1.97        |
|    value_loss           | 120         |
-----------------------------------------
-----------------------------------------
| rollout/                |             |
|    ep_len_mean          | 231         |
|    ep_rew_mean          | -59.6       |
|    success_rate         | 0           |
| time/                   |             |
|    fps                  | 1906        |
|    iterations           | 306         |
|    time_elapsed         | 164         |
|    total_timesteps      | 1266688     |
| train/                  |             |
|    approx_kl            | 0.011420497 |
|    clip_fraction        | 0.094       |
|    clip_range           | 0.2         |
|    entropy_loss         | -16.9       |
|    explained_variance   | 0.83        |
|    learning_rate        | 0.0001      |
|    loss                 | 137         |
|    n_updates            | 12360       |
|    policy_gradient_loss | -0.0289     |
|    std                  | 1.97        |
|    value_loss           | 389         |
-----------------------------------------
-----------------------------------------
| rollout/                |             |
|    ep_len_mean          | 230         |
|    ep_rew_mean          | -54.6       |
|    success_rate         | 0           |
| time/                   |             |
|    fps                  | 1906        |
|    iterations           | 307         |
|    time_elapsed         | 164         |
|    total_timesteps      | 1267712     |
| train/                  |             |
|    approx_kl            | 0.012536176 |
|    clip_fraction        | 0.112       |
|    clip_range           | 0.2         |
|    entropy_loss         | -16.9       |
|    explained_variance   | 0.856       |
|    learning_rate        | 0.0001      |
|    loss                 | 228         |
|    n_updates            | 12370       |
|    policy_gradient_loss | -0.0282     |
|    std                  | 1.97        |
|    value_loss           | 508         |
-----------------------------------------
-----------------------------------------
| rollout/                |             |
|    ep_len_mean          | 231         |
|    ep_rew_mean          | -57.4       |
|    success_rate         | 0           |
| time/                   |             |
|    fps                  | 1906        |
|    iterations           | 308         |
|    time_elapsed         | 165         |
|    total_timesteps      | 1268736     |
| train/                  |             |
|    approx_kl            | 0.022893757 |
|    clip_fraction        | 0.169       |
|    clip_range           | 0.2         |
|    entropy_loss         | -16.9       |
|    explained_variance   | 0.945       |
|    learning_rate        | 0.0001      |
|    loss                 | 11.7        |
|    n_updates            | 12380       |
|    policy_gradient_loss | -0.0312     |
|    std                  | 1.97        |
|    value_loss           | 74.9        |
-----------------------------------------
-----------------------------------------
| rollout/                |             |
|    ep_len_mean          | 235         |
|    ep_rew_mean          | -57.9       |
|    success_rate         | 0           |
| time/                   |             |
|    fps                  | 1906        |
|    iterations           | 309         |
|    time_elapsed         | 165         |
|    total_timesteps      | 1269760     |
| train/                  |             |
|    approx_kl            | 0.018325606 |
|    clip_fraction        | 0.211       |
|    clip_range           | 0.2         |
|    entropy_loss         | -16.9       |
|    explained_variance   | 0.633       |
|    learning_rate        | 0.0001      |
|    loss                 | 20.1        |
|    n_updates            | 12390       |
|    policy_gradient_loss | -0.0399     |
|    std                  | 1.97        |
|    value_loss           | 80.2        |
-----------------------------------------
-----------------------------------------
| rollout/                |             |
|    ep_len_mean          | 232         |
|    ep_rew_mean          | -69.6       |
|    success_rate         | 0           |
| time/                   |             |
|    fps                  | 1906        |
|    iterations           | 310         |
|    time_elapsed         | 166         |
|    total_timesteps      | 1270784     |
| train/                  |             |
|    approx_kl            | 0.021253482 |
|    clip_fraction        | 0.189       |
|    clip_range           | 0.2         |
|    entropy_loss         | -16.9       |
|    explained_variance   | 0.801       |
|    learning_rate        | 0.0001      |
|    loss                 | 46.8        |
|    n_updates            | 12400       |
|    policy_gradient_loss | -0.0427     |
|    std                  | 1.97        |
|    value_loss           | 73.6        |
-----------------------------------------
----------------------------------------
| rollout/                |            |
|    ep_len_mean          | 235        |
|    ep_rew_mean          | -70.2      |
|    success_rate         | 0          |
| time/                   |            |
|    fps                  | 1906       |
|    iterations           | 311        |
|    time_elapsed         | 167        |
|    total_timesteps      | 1271808    |
| train/                  |            |
|    approx_kl            | 0.00977103 |
|    clip_fraction        | 0.107      |
|    clip_range           | 0.2        |
|    entropy_loss         | -16.9      |
|    explained_variance   | 0.641      |
|    learning_rate        | 0.0001     |
|    loss                 | 267        |
|    n_updates            | 12410      |
|    policy_gradient_loss | -0.0239    |
|    std                  | 1.97       |
|    value_loss           | 672        |
----------------------------------------
-----------------------------------------
| rollout/                |             |
|    ep_len_mean          | 236         |
|    ep_rew_mean          | -68.2       |
|    success_rate         | 0           |
| time/                   |             |
|    fps                  | 1906        |
|    iterations           | 312         |
|    time_elapsed         | 167         |
|    total_timesteps      | 1272832     |
| train/                  |             |
|    approx_kl            | 0.011407552 |
|    clip_fraction        | 0.0905      |
|    clip_range           | 0.2         |
|    entropy_loss         | -16.9       |
|    explained_variance   | 0.561       |
|    learning_rate        | 0.0001      |
|    loss                 | 174         |
|    n_updates            | 12420       |
|    policy_gradient_loss | -0.0272     |
|    std                  | 1.97        |
|    value_loss           | 367         |
-----------------------------------------
-----------------------------------------
| rollout/                |             |
|    ep_len_mean          | 230         |
|    ep_rew_mean          | -72.6       |
|    success_rate         | 0           |
| time/                   |             |
|    fps                  | 1906        |
|    iterations           | 313         |
|    time_elapsed         | 168         |
|    total_timesteps      | 1273856     |
| train/                  |             |
|    approx_kl            | 0.017664976 |
|    clip_fraction        | 0.212       |
|    clip_range           | 0.2         |
|    entropy_loss         | -16.9       |
|    explained_variance   | 0.88        |
|    learning_rate        | 0.0001      |
|    loss                 | 39.6        |
|    n_updates            | 12430       |
|    policy_gradient_loss | -0.0339     |
|    std                  | 1.97        |
|    value_loss           | 145         |
-----------------------------------------
-----------------------------------------
| rollout/                |             |
|    ep_len_mean          | 234         |
|    ep_rew_mean          | -66.8       |
|    success_rate         | 0           |
| time/                   |             |
|    fps                  | 1906        |
|    iterations           | 314         |
|    time_elapsed         | 168         |
|    total_timesteps      | 1274880     |
| train/                  |             |
|    approx_kl            | 0.011994311 |
|    clip_fraction        | 0.133       |
|    clip_range           | 0.2         |
|    entropy_loss         | -16.9       |
|    explained_variance   | 0.811       |
|    learning_rate        | 0.0001      |
|    loss                 | 61          |
|    n_updates            | 12440       |
|    policy_gradient_loss | -0.0266     |
|    std                  | 1.97        |
|    value_loss           | 444         |
-----------------------------------------
-----------------------------------------
| rollout/                |             |
|    ep_len_mean          | 235         |
|    ep_rew_mean          | -60.6       |
|    success_rate         | 0           |
| time/                   |             |
|    fps                  | 1906        |
|    iterations           | 315         |
|    time_elapsed         | 169         |
|    total_timesteps      | 1275904     |
| train/                  |             |
|    approx_kl            | 0.015021106 |
|    clip_fraction        | 0.123       |
|    clip_range           | 0.2         |
|    entropy_loss         | -16.9       |
|    explained_variance   | 0.803       |
|    learning_rate        | 0.0001      |
|    loss                 | 39.8        |
|    n_updates            | 12450       |
|    policy_gradient_loss | -0.0323     |
|    std                  | 1.97        |
|    value_loss           | 199         |
-----------------------------------------
----------------------------------------
| rollout/                |            |
|    ep_len_mean          | 240        |
|    ep_rew_mean          | -47        |
|    success_rate         | 0          |
| time/                   |            |
|    fps                  | 1906       |
|    iterations           | 316        |
|    time_elapsed         | 169        |
|    total_timesteps      | 1276928    |
| train/                  |            |
|    approx_kl            | 0.01843709 |
|    clip_fraction        | 0.151      |
|    clip_range           | 0.2        |
|    entropy_loss         | -16.9      |
|    explained_variance   | 0.894      |
|    learning_rate        | 0.0001     |
|    loss                 | 30.9       |
|    n_updates            | 12460      |
|    policy_gradient_loss | -0.0324    |
|    std                  | 1.97       |
|    value_loss           | 96.4       |
----------------------------------------
-----------------------------------------
| rollout/                |             |
|    ep_len_mean          | 237         |
|    ep_rew_mean          | -34.3       |
|    success_rate         | 0           |
| time/                   |             |
|    fps                  | 1906        |
|    iterations           | 317         |
|    time_elapsed         | 170         |
|    total_timesteps      | 1277952     |
| train/                  |             |
|    approx_kl            | 0.015195459 |
|    clip_fraction        | 0.138       |
|    clip_range           | 0.2         |
|    entropy_loss         | -16.9       |
|    explained_variance   | 0.897       |
|    learning_rate        | 0.0001      |
|    loss                 | 79.1        |
|    n_updates            | 12470       |
|    policy_gradient_loss | -0.0331     |
|    std                  | 1.97        |
|    value_loss           | 129         |
-----------------------------------------
-----------------------------------------
| rollout/                |             |
|    ep_len_mean          | 237         |
|    ep_rew_mean          | -33.7       |
|    success_rate         | 0           |
| time/                   |             |
|    fps                  | 1906        |
|    iterations           | 318         |
|    time_elapsed         | 170         |
|    total_timesteps      | 1278976     |
| train/                  |             |
|    approx_kl            | 0.014537234 |
|    clip_fraction        | 0.111       |
|    clip_range           | 0.2         |
|    entropy_loss         | -16.9       |
|    explained_variance   | 0.95        |
|    learning_rate        | 0.0001      |
|    loss                 | 20.7        |
|    n_updates            | 12480       |
|    policy_gradient_loss | -0.0343     |
|    std                  | 1.97        |
|    value_loss           | 90.6        |
-----------------------------------------
-----------------------------------------
| rollout/                |             |
|    ep_len_mean          | 237         |
|    ep_rew_mean          | -31.5       |
|    success_rate         | 0           |
| time/                   |             |
|    fps                  | 1905        |
|    iterations           | 319         |
|    time_elapsed         | 171         |
|    total_timesteps      | 1280000     |
| train/                  |             |
|    approx_kl            | 0.015561139 |
|    clip_fraction        | 0.158       |
|    clip_range           | 0.2         |
|    entropy_loss         | -16.9       |
|    explained_variance   | 0.762       |
|    learning_rate        | 0.0001      |
|    loss                 | 20          |
|    n_updates            | 12490       |
|    policy_gradient_loss | -0.0343     |
|    std                  | 1.97        |
|    value_loss           | 101         |
-----------------------------------------
-----------------------------------------
| rollout/                |             |
|    ep_len_mean          | 241         |
|    ep_rew_mean          | -33.8       |
|    success_rate         | 0           |
| time/                   |             |
|    fps                  | 1905        |
|    iterations           | 320         |
|    time_elapsed         | 171         |
|    total_timesteps      | 1281024     |
| train/                  |             |
|    approx_kl            | 0.016377099 |
|    clip_fraction        | 0.129       |
|    clip_range           | 0.2         |
|    entropy_loss         | -16.9       |
|    explained_variance   | 0.951       |
|    learning_rate        | 0.0001      |
|    loss                 | 29          |
|    n_updates            | 12500       |
|    policy_gradient_loss | -0.0325     |
|    std                  | 1.98        |
|    value_loss           | 74.9        |
-----------------------------------------
-----------------------------------------
| rollout/                |             |
|    ep_len_mean          | 243         |
|    ep_rew_mean          | -47.3       |
|    success_rate         | 0           |
| time/                   |             |
|    fps                  | 1906        |
|    iterations           | 321         |
|    time_elapsed         | 172         |
|    total_timesteps      | 1282048     |
| train/                  |             |
|    approx_kl            | 0.014378498 |
|    clip_fraction        | 0.124       |
|    clip_range           | 0.2         |
|    entropy_loss         | -16.9       |
|    explained_variance   | 0.869       |
|    learning_rate        | 0.0001      |
|    loss                 | 76.1        |
|    n_updates            | 12510       |
|    policy_gradient_loss | -0.0247     |
|    std                  | 1.98        |
|    value_loss           | 172         |
-----------------------------------------
-----------------------------------------
| rollout/                |             |
|    ep_len_mean          | 238         |
|    ep_rew_mean          | -39.2       |
|    success_rate         | 0           |
| time/                   |             |
|    fps                  | 1906        |
|    iterations           | 322         |
|    time_elapsed         | 172         |
|    total_timesteps      | 1283072     |
| train/                  |             |
|    approx_kl            | 0.009794806 |
|    clip_fraction        | 0.107       |
|    clip_range           | 0.2         |
|    entropy_loss         | -16.9       |
|    explained_variance   | 0.937       |
|    learning_rate        | 0.0001      |
|    loss                 | 95.3        |
|    n_updates            | 12520       |
|    policy_gradient_loss | -0.0249     |
|    std                  | 1.98        |
|    value_loss           | 232         |
-----------------------------------------
-----------------------------------------
| rollout/                |             |
|    ep_len_mean          | 239         |
|    ep_rew_mean          | -26.9       |
|    success_rate         | 0           |
| time/                   |             |
|    fps                  | 1906        |
|    iterations           | 323         |
|    time_elapsed         | 173         |
|    total_timesteps      | 1284096     |
| train/                  |             |
|    approx_kl            | 0.017483182 |
|    clip_fraction        | 0.177       |
|    clip_range           | 0.2         |
|    entropy_loss         | -16.9       |
|    explained_variance   | 0.958       |
|    learning_rate        | 0.0001      |
|    loss                 | 33.5        |
|    n_updates            | 12530       |
|    policy_gradient_loss | -0.0379     |
|    std                  | 1.98        |
|    value_loss           | 126         |
-----------------------------------------
-----------------------------------------
| rollout/                |             |
|    ep_len_mean          | 242         |
|    ep_rew_mean          | -39.2       |
|    success_rate         | 0           |
| time/                   |             |
|    fps                  | 1906        |
|    iterations           | 324         |
|    time_elapsed         | 174         |
|    total_timesteps      | 1285120     |
| train/                  |             |
|    approx_kl            | 0.011497708 |
|    clip_fraction        | 0.0974      |
|    clip_range           | 0.2         |
|    entropy_loss         | -16.9       |
|    explained_variance   | 0.931       |
|    learning_rate        | 0.0001      |
|    loss                 | 131         |
|    n_updates            | 12540       |
|    policy_gradient_loss | -0.0224     |
|    std                  | 1.98        |
|    value_loss           | 591         |
-----------------------------------------
----------------------------------------
| rollout/                |            |
|    ep_len_mean          | 239        |
|    ep_rew_mean          | -46.3      |
|    success_rate         | 0          |
| time/                   |            |
|    fps                  | 1906       |
|    iterations           | 325        |
|    time_elapsed         | 174        |
|    total_timesteps      | 1286144    |
| train/                  |            |
|    approx_kl            | 0.01534795 |
|    clip_fraction        | 0.154      |
|    clip_range           | 0.2        |
|    entropy_loss         | -16.9      |
|    explained_variance   | 0.947      |
|    learning_rate        | 0.0001     |
|    loss                 | 146        |
|    n_updates            | 12550      |
|    policy_gradient_loss | -0.0395    |
|    std                  | 1.98       |
|    value_loss           | 320        |
----------------------------------------
-----------------------------------------
| rollout/                |             |
|    ep_len_mean          | 239         |
|    ep_rew_mean          | -47.9       |
|    success_rate         | 0           |
| time/                   |             |
|    fps                  | 1906        |
|    iterations           | 326         |
|    time_elapsed         | 175         |
|    total_timesteps      | 1287168     |
| train/                  |             |
|    approx_kl            | 0.013678741 |
|    clip_fraction        | 0.173       |
|    clip_range           | 0.2         |
|    entropy_loss         | -16.9       |
|    explained_variance   | 0.906       |
|    learning_rate        | 0.0001      |
|    loss                 | 54          |
|    n_updates            | 12560       |
|    policy_gradient_loss | -0.0359     |
|    std                  | 1.98        |
|    value_loss           | 112         |
-----------------------------------------
-----------------------------------------
| rollout/                |             |
|    ep_len_mean          | 238         |
|    ep_rew_mean          | -72.3       |
|    success_rate         | 0           |
| time/                   |             |
|    fps                  | 1906        |
|    iterations           | 327         |
|    time_elapsed         | 175         |
|    total_timesteps      | 1288192     |
| train/                  |             |
|    approx_kl            | 0.012717232 |
|    clip_fraction        | 0.155       |
|    clip_range           | 0.2         |
|    entropy_loss         | -16.9       |
|    explained_variance   | 0.929       |
|    learning_rate        | 0.0001      |
|    loss                 | 42.2        |
|    n_updates            | 12570       |
|    policy_gradient_loss | -0.0345     |
|    std                  | 1.98        |
|    value_loss           | 142         |
-----------------------------------------
-----------------------------------------
| rollout/                |             |
|    ep_len_mean          | 240         |
|    ep_rew_mean          | -68.3       |
|    success_rate         | 0           |
| time/                   |             |
|    fps                  | 1906        |
|    iterations           | 328         |
|    time_elapsed         | 176         |
|    total_timesteps      | 1289216     |
| train/                  |             |
|    approx_kl            | 0.009387959 |
|    clip_fraction        | 0.0729      |
|    clip_range           | 0.2         |
|    entropy_loss         | -16.9       |
|    explained_variance   | 0.929       |
|    learning_rate        | 0.0001      |
|    loss                 | 518         |
|    n_updates            | 12580       |
|    policy_gradient_loss | -0.0264     |
|    std                  | 1.98        |
|    value_loss           | 1.31e+03    |
-----------------------------------------
-----------------------------------------
| rollout/                |             |
|    ep_len_mean          | 242         |
|    ep_rew_mean          | -66         |
|    success_rate         | 0           |
| time/                   |             |
|    fps                  | 1906        |
|    iterations           | 329         |
|    time_elapsed         | 176         |
|    total_timesteps      | 1290240     |
| train/                  |             |
|    approx_kl            | 0.014045447 |
|    clip_fraction        | 0.0835      |
|    clip_range           | 0.2         |
|    entropy_loss         | -16.9       |
|    explained_variance   | 0.578       |
|    learning_rate        | 0.0001      |
|    loss                 | 155         |
|    n_updates            | 12590       |
|    policy_gradient_loss | -0.0232     |
|    std                  | 1.98        |
|    value_loss           | 287         |
-----------------------------------------
-----------------------------------------
| rollout/                |             |
|    ep_len_mean          | 243         |
|    ep_rew_mean          | -80.2       |
|    success_rate         | 0           |
| time/                   |             |
|    fps                  | 1906        |
|    iterations           | 330         |
|    time_elapsed         | 177         |
|    total_timesteps      | 1291264     |
| train/                  |             |
|    approx_kl            | 0.015118765 |
|    clip_fraction        | 0.161       |
|    clip_range           | 0.2         |
|    entropy_loss         | -16.9       |
|    explained_variance   | 0.931       |
|    learning_rate        | 0.0001      |
|    loss                 | 47.9        |
|    n_updates            | 12600       |
|    policy_gradient_loss | -0.036      |
|    std                  | 1.98        |
|    value_loss           | 138         |
-----------------------------------------
-----------------------------------------
| rollout/                |             |
|    ep_len_mean          | 242         |
|    ep_rew_mean          | -91.8       |
|    success_rate         | 0           |
| time/                   |             |
|    fps                  | 1906        |
|    iterations           | 331         |
|    time_elapsed         | 177         |
|    total_timesteps      | 1292288     |
| train/                  |             |
|    approx_kl            | 0.009933103 |
|    clip_fraction        | 0.0782      |
|    clip_range           | 0.2         |
|    entropy_loss         | -16.9       |
|    explained_variance   | 0.92        |
|    learning_rate        | 0.0001      |
|    loss                 | 181         |
|    n_updates            | 12610       |
|    policy_gradient_loss | -0.0204     |
|    std                  | 1.98        |
|    value_loss           | 1.09e+03    |
-----------------------------------------
-----------------------------------------
| rollout/                |             |
|    ep_len_mean          | 242         |
|    ep_rew_mean          | -85.4       |
|    success_rate         | 0           |
| time/                   |             |
|    fps                  | 1906        |
|    iterations           | 332         |
|    time_elapsed         | 178         |
|    total_timesteps      | 1293312     |
| train/                  |             |
|    approx_kl            | 0.013927128 |
|    clip_fraction        | 0.131       |
|    clip_range           | 0.2         |
|    entropy_loss         | -16.9       |
|    explained_variance   | 0.937       |
|    learning_rate        | 0.0001      |
|    loss                 | 56.6        |
|    n_updates            | 12620       |
|    policy_gradient_loss | -0.0338     |
|    std                  | 1.98        |
|    value_loss           | 148         |
-----------------------------------------
-----------------------------------------
| rollout/                |             |
|    ep_len_mean          | 237         |
|    ep_rew_mean          | -87.3       |
|    success_rate         | 0           |
| time/                   |             |
|    fps                  | 1906        |
|    iterations           | 333         |
|    time_elapsed         | 178         |
|    total_timesteps      | 1294336     |
| train/                  |             |
|    approx_kl            | 0.024340637 |
|    clip_fraction        | 0.154       |
|    clip_range           | 0.2         |
|    entropy_loss         | -16.9       |
|    explained_variance   | 0.934       |
|    learning_rate        | 0.0001      |
|    loss                 | 13.9        |
|    n_updates            | 12630       |
|    policy_gradient_loss | -0.03       |
|    std                  | 1.98        |
|    value_loss           | 84.9        |
-----------------------------------------
-----------------------------------------
| rollout/                |             |
|    ep_len_mean          | 244         |
|    ep_rew_mean          | -85.3       |
|    success_rate         | 0           |
| time/                   |             |
|    fps                  | 1906        |
|    iterations           | 334         |
|    time_elapsed         | 179         |
|    total_timesteps      | 1295360     |
| train/                  |             |
|    approx_kl            | 0.010579893 |
|    clip_fraction        | 0.129       |
|    clip_range           | 0.2         |
|    entropy_loss         | -16.9       |
|    explained_variance   | 0.932       |
|    learning_rate        | 0.0001      |
|    loss                 | 243         |
|    n_updates            | 12640       |
|    policy_gradient_loss | -0.0207     |
|    std                  | 1.98        |
|    value_loss           | 599         |
-----------------------------------------
-----------------------------------------
| rollout/                |             |
|    ep_len_mean          | 244         |
|    ep_rew_mean          | -84.1       |
|    success_rate         | 0           |
| time/                   |             |
|    fps                  | 1906        |
|    iterations           | 335         |
|    time_elapsed         | 179         |
|    total_timesteps      | 1296384     |
| train/                  |             |
|    approx_kl            | 0.019893523 |
|    clip_fraction        | 0.154       |
|    clip_range           | 0.2         |
|    entropy_loss         | -16.9       |
|    explained_variance   | 0.86        |
|    learning_rate        | 0.0001      |
|    loss                 | 15.1        |
|    n_updates            | 12650       |
|    policy_gradient_loss | -0.0344     |
|    std                  | 1.98        |
|    value_loss           | 89          |
-----------------------------------------
-----------------------------------------
| rollout/                |             |
|    ep_len_mean          | 246         |
|    ep_rew_mean          | -82.2       |
|    success_rate         | 0           |
| time/                   |             |
|    fps                  | 1906        |
|    iterations           | 336         |
|    time_elapsed         | 180         |
|    total_timesteps      | 1297408     |
| train/                  |             |
|    approx_kl            | 0.010878521 |
|    clip_fraction        | 0.119       |
|    clip_range           | 0.2         |
|    entropy_loss         | -17         |
|    explained_variance   | 0.952       |
|    learning_rate        | 0.0001      |
|    loss                 | 88.7        |
|    n_updates            | 12660       |
|    policy_gradient_loss | -0.0256     |
|    std                  | 1.98        |
|    value_loss           | 280         |
-----------------------------------------
-----------------------------------------
| rollout/                |             |
|    ep_len_mean          | 247         |
|    ep_rew_mean          | -81.4       |
|    success_rate         | 0           |
| time/                   |             |
|    fps                  | 1906        |
|    iterations           | 337         |
|    time_elapsed         | 180         |
|    total_timesteps      | 1298432     |
| train/                  |             |
|    approx_kl            | 0.016113993 |
|    clip_fraction        | 0.152       |
|    clip_range           | 0.2         |
|    entropy_loss         | -17         |
|    explained_variance   | 0.868       |
|    learning_rate        | 0.0001      |
|    loss                 | 18.4        |
|    n_updates            | 12670       |
|    policy_gradient_loss | -0.0293     |
|    std                  | 1.98        |
|    value_loss           | 66.9        |
-----------------------------------------
-----------------------------------------
| rollout/                |             |
|    ep_len_mean          | 247         |
|    ep_rew_mean          | -80.3       |
|    success_rate         | 0           |
| time/                   |             |
|    fps                  | 1907        |
|    iterations           | 338         |
|    time_elapsed         | 181         |
|    total_timesteps      | 1299456     |
| train/                  |             |
|    approx_kl            | 0.013976309 |
|    clip_fraction        | 0.181       |
|    clip_range           | 0.2         |
|    entropy_loss         | -16.9       |
|    explained_variance   | 0.652       |
|    learning_rate        | 0.0001      |
|    loss                 | 121         |
|    n_updates            | 12680       |
|    policy_gradient_loss | -0.0318     |
|    std                  | 1.98        |
|    value_loss           | 315         |
-----------------------------------------
-----------------------------------------
| rollout/                |             |
|    ep_len_mean          | 245         |
|    ep_rew_mean          | -81.7       |
|    success_rate         | 0           |
| time/                   |             |
|    fps                  | 1907        |
|    iterations           | 339         |
|    time_elapsed         | 182         |
|    total_timesteps      | 1300480     |
| train/                  |             |
|    approx_kl            | 0.013236312 |
|    clip_fraction        | 0.108       |
|    clip_range           | 0.2         |
|    entropy_loss         | -16.9       |
|    explained_variance   | 0.914       |
|    learning_rate        | 0.0001      |
|    loss                 | 51.6        |
|    n_updates            | 12690       |
|    policy_gradient_loss | -0.0302     |
|    std                  | 1.98        |
|    value_loss           | 207         |
-----------------------------------------
-----------------------------------------
| rollout/                |             |
|    ep_len_mean          | 245         |
|    ep_rew_mean          | -80.4       |
|    success_rate         | 0           |
| time/                   |             |
|    fps                  | 1907        |
|    iterations           | 340         |
|    time_elapsed         | 182         |
|    total_timesteps      | 1301504     |
| train/                  |             |
|    approx_kl            | 0.012866674 |
|    clip_fraction        | 0.128       |
|    clip_range           | 0.2         |
|    entropy_loss         | -16.9       |
|    explained_variance   | 0.799       |
|    learning_rate        | 0.0001      |
|    loss                 | 46.3        |
|    n_updates            | 12700       |
|    policy_gradient_loss | -0.03       |
|    std                  | 1.98        |
|    value_loss           | 250         |
-----------------------------------------
-----------------------------------------
| rollout/                |             |
|    ep_len_mean          | 251         |
|    ep_rew_mean          | -77.2       |
|    success_rate         | 0           |
| time/                   |             |
|    fps                  | 1907        |
|    iterations           | 341         |
|    time_elapsed         | 183         |
|    total_timesteps      | 1302528     |
| train/                  |             |
|    approx_kl            | 0.016021252 |
|    clip_fraction        | 0.153       |
|    clip_range           | 0.2         |
|    entropy_loss         | -16.9       |
|    explained_variance   | 0.964       |
|    learning_rate        | 0.0001      |
|    loss                 | 15.8        |
|    n_updates            | 12710       |
|    policy_gradient_loss | -0.034      |
|    std                  | 1.98        |
|    value_loss           | 81.4        |
-----------------------------------------
----------------------------------------
| rollout/                |            |
|    ep_len_mean          | 254        |
|    ep_rew_mean          | -75.7      |
|    success_rate         | 0          |
| time/                   |            |
|    fps                  | 1906       |
|    iterations           | 342        |
|    time_elapsed         | 183        |
|    total_timesteps      | 1303552    |
| train/                  |            |
|    approx_kl            | 0.03203028 |
|    clip_fraction        | 0.267      |
|    clip_range           | 0.2        |
|    entropy_loss         | -16.9      |
|    explained_variance   | 0.947      |
|    learning_rate        | 0.0001     |
|    loss                 | 10.9       |
|    n_updates            | 12720      |
|    policy_gradient_loss | -0.0402    |
|    std                  | 1.98       |
|    value_loss           | 37.8       |
----------------------------------------
-----------------------------------------
| rollout/                |             |
|    ep_len_mean          | 254         |
|    ep_rew_mean          | -67.2       |
|    success_rate         | 0           |
| time/                   |             |
|    fps                  | 1906        |
|    iterations           | 343         |
|    time_elapsed         | 184         |
|    total_timesteps      | 1304576     |
| train/                  |             |
|    approx_kl            | 0.021812338 |
|    clip_fraction        | 0.227       |
|    clip_range           | 0.2         |
|    entropy_loss         | -16.9       |
|    explained_variance   | 0.278       |
|    learning_rate        | 0.0001      |
|    loss                 | 14.4        |
|    n_updates            | 12730       |
|    policy_gradient_loss | -0.0264     |
|    std                  | 1.98        |
|    value_loss           | 114         |
-----------------------------------------
-----------------------------------------
| rollout/                |             |
|    ep_len_mean          | 253         |
|    ep_rew_mean          | -63.8       |
|    success_rate         | 0           |
| time/                   |             |
|    fps                  | 1906        |
|    iterations           | 344         |
|    time_elapsed         | 184         |
|    total_timesteps      | 1305600     |
| train/                  |             |
|    approx_kl            | 0.013252186 |
|    clip_fraction        | 0.13        |
|    clip_range           | 0.2         |
|    entropy_loss         | -17         |
|    explained_variance   | 0.758       |
|    learning_rate        | 0.0001      |
|    loss                 | 74.1        |
|    n_updates            | 12740       |
|    policy_gradient_loss | -0.0285     |
|    std                  | 1.98        |
|    value_loss           | 174         |
-----------------------------------------
-----------------------------------------
| rollout/                |             |
|    ep_len_mean          | 250         |
|    ep_rew_mean          | -49.7       |
|    success_rate         | 0           |
| time/                   |             |
|    fps                  | 1906        |
|    iterations           | 345         |
|    time_elapsed         | 185         |
|    total_timesteps      | 1306624     |
| train/                  |             |
|    approx_kl            | 0.018333856 |
|    clip_fraction        | 0.167       |
|    clip_range           | 0.2         |
|    entropy_loss         | -17         |
|    explained_variance   | 0.948       |
|    learning_rate        | 0.0001      |
|    loss                 | 23.2        |
|    n_updates            | 12750       |
|    policy_gradient_loss | -0.0377     |
|    std                  | 1.98        |
|    value_loss           | 79.9        |
-----------------------------------------
-----------------------------------------
| rollout/                |             |
|    ep_len_mean          | 249         |
|    ep_rew_mean          | -59         |
|    success_rate         | 0           |
| time/                   |             |
|    fps                  | 1906        |
|    iterations           | 346         |
|    time_elapsed         | 185         |
|    total_timesteps      | 1307648     |
| train/                  |             |
|    approx_kl            | 0.011903239 |
|    clip_fraction        | 0.12        |
|    clip_range           | 0.2         |
|    entropy_loss         | -17         |
|    explained_variance   | 0.955       |
|    learning_rate        | 0.0001      |
|    loss                 | 24.4        |
|    n_updates            | 12760       |
|    policy_gradient_loss | -0.0283     |
|    std                  | 1.98        |
|    value_loss           | 95          |
-----------------------------------------
-----------------------------------------
| rollout/                |             |
|    ep_len_mean          | 251         |
|    ep_rew_mean          | -55.1       |
|    success_rate         | 0           |
| time/                   |             |
|    fps                  | 1906        |
|    iterations           | 347         |
|    time_elapsed         | 186         |
|    total_timesteps      | 1308672     |
| train/                  |             |
|    approx_kl            | 0.009903222 |
|    clip_fraction        | 0.0709      |
|    clip_range           | 0.2         |
|    entropy_loss         | -17         |
|    explained_variance   | 0.803       |
|    learning_rate        | 0.0001      |
|    loss                 | 234         |
|    n_updates            | 12770       |
|    policy_gradient_loss | -0.0225     |
|    std                  | 1.98        |
|    value_loss           | 434         |
-----------------------------------------
-----------------------------------------
| rollout/                |             |
|    ep_len_mean          | 249         |
|    ep_rew_mean          | -37.3       |
|    success_rate         | 0           |
| time/                   |             |
|    fps                  | 1906        |
|    iterations           | 348         |
|    time_elapsed         | 186         |
|    total_timesteps      | 1309696     |
| train/                  |             |
|    approx_kl            | 0.027865684 |
|    clip_fraction        | 0.219       |
|    clip_range           | 0.2         |
|    entropy_loss         | -17         |
|    explained_variance   | 0.912       |
|    learning_rate        | 0.0001      |
|    loss                 | 6.37        |
|    n_updates            | 12780       |
|    policy_gradient_loss | -0.0357     |
|    std                  | 1.98        |
|    value_loss           | 30.3        |
-----------------------------------------
-----------------------------------------
| rollout/                |             |
|    ep_len_mean          | 250         |
|    ep_rew_mean          | -43.3       |
|    success_rate         | 0           |
| time/                   |             |
|    fps                  | 1906        |
|    iterations           | 349         |
|    time_elapsed         | 187         |
|    total_timesteps      | 1310720     |
| train/                  |             |
|    approx_kl            | 0.009394251 |
|    clip_fraction        | 0.107       |
|    clip_range           | 0.2         |
|    entropy_loss         | -17         |
|    explained_variance   | 0.95        |
|    learning_rate        | 0.0001      |
|    loss                 | 89.1        |
|    n_updates            | 12790       |
|    policy_gradient_loss | -0.0241     |
|    std                  | 1.98        |
|    value_loss           | 266         |
-----------------------------------------
-----------------------------------------
| rollout/                |             |
|    ep_len_mean          | 250         |
|    ep_rew_mean          | -58.1       |
|    success_rate         | 0           |
| time/                   |             |
|    fps                  | 1906        |
|    iterations           | 350         |
|    time_elapsed         | 187         |
|    total_timesteps      | 1311744     |
| train/                  |             |
|    approx_kl            | 0.013989694 |
|    clip_fraction        | 0.158       |
|    clip_range           | 0.2         |
|    entropy_loss         | -17         |
|    explained_variance   | 0.949       |
|    learning_rate        | 0.0001      |
|    loss                 | 86.5        |
|    n_updates            | 12800       |
|    policy_gradient_loss | -0.037      |
|    std                  | 1.99        |
|    value_loss           | 176         |
-----------------------------------------
-----------------------------------------
| rollout/                |             |
|    ep_len_mean          | 250         |
|    ep_rew_mean          | -40.8       |
|    success_rate         | 0           |
| time/                   |             |
|    fps                  | 1906        |
|    iterations           | 351         |
|    time_elapsed         | 188         |
|    total_timesteps      | 1312768     |
| train/                  |             |
|    approx_kl            | 0.009584764 |
|    clip_fraction        | 0.0827      |
|    clip_range           | 0.2         |
|    entropy_loss         | -17         |
|    explained_variance   | 0.77        |
|    learning_rate        | 0.0001      |
|    loss                 | 212         |
|    n_updates            | 12810       |
|    policy_gradient_loss | -0.0281     |
|    std                  | 1.99        |
|    value_loss           | 450         |
-----------------------------------------
----------------------------------------
| rollout/                |            |
|    ep_len_mean          | 251        |
|    ep_rew_mean          | -25        |
|    success_rate         | 0          |
| time/                   |            |
|    fps                  | 1907       |
|    iterations           | 352        |
|    time_elapsed         | 189        |
|    total_timesteps      | 1313792    |
| train/                  |            |
|    approx_kl            | 0.01978669 |
|    clip_fraction        | 0.13       |
|    clip_range           | 0.2        |
|    entropy_loss         | -17        |
|    explained_variance   | 0.935      |
|    learning_rate        | 0.0001     |
|    loss                 | 57.3       |
|    n_updates            | 12820      |
|    policy_gradient_loss | -0.0268    |
|    std                  | 1.98       |
|    value_loss           | 120        |
----------------------------------------
----------------------------------------
| rollout/                |            |
|    ep_len_mean          | 254        |
|    ep_rew_mean          | -18.2      |
|    success_rate         | 0          |
| time/                   |            |
|    fps                  | 1907       |
|    iterations           | 353        |
|    time_elapsed         | 189        |
|    total_timesteps      | 1314816    |
| train/                  |            |
|    approx_kl            | 0.01624639 |
|    clip_fraction        | 0.155      |
|    clip_range           | 0.2        |
|    entropy_loss         | -17        |
|    explained_variance   | 0.811      |
|    learning_rate        | 0.0001     |
|    loss                 | 19.5       |
|    n_updates            | 12830      |
|    policy_gradient_loss | -0.0318    |
|    std                  | 1.98       |
|    value_loss           | 69.6       |
----------------------------------------
-----------------------------------------
| rollout/                |             |
|    ep_len_mean          | 252         |
|    ep_rew_mean          | -18.9       |
|    success_rate         | 0           |
| time/                   |             |
|    fps                  | 1907        |
|    iterations           | 354         |
|    time_elapsed         | 190         |
|    total_timesteps      | 1315840     |
| train/                  |             |
|    approx_kl            | 0.018894525 |
|    clip_fraction        | 0.164       |
|    clip_range           | 0.2         |
|    entropy_loss         | -17         |
|    explained_variance   | 0.89        |
|    learning_rate        | 0.0001      |
|    loss                 | 16.7        |
|    n_updates            | 12840       |
|    policy_gradient_loss | -0.0326     |
|    std                  | 1.99        |
|    value_loss           | 68.1        |
-----------------------------------------
-----------------------------------------
| rollout/                |             |
|    ep_len_mean          | 256         |
|    ep_rew_mean          | 14.2        |
|    success_rate         | 0           |
| time/                   |             |
|    fps                  | 1907        |
|    iterations           | 355         |
|    time_elapsed         | 190         |
|    total_timesteps      | 1316864     |
| train/                  |             |
|    approx_kl            | 0.016274232 |
|    clip_fraction        | 0.19        |
|    clip_range           | 0.2         |
|    entropy_loss         | -17         |
|    explained_variance   | 0.922       |
|    learning_rate        | 0.0001      |
|    loss                 | 18.9        |
|    n_updates            | 12850       |
|    policy_gradient_loss | -0.0369     |
|    std                  | 1.99        |
|    value_loss           | 94.3        |
-----------------------------------------
-----------------------------------------
| rollout/                |             |
|    ep_len_mean          | 254         |
|    ep_rew_mean          | 11.4        |
|    success_rate         | 0           |
| time/                   |             |
|    fps                  | 1907        |
|    iterations           | 356         |
|    time_elapsed         | 191         |
|    total_timesteps      | 1317888     |
| train/                  |             |
|    approx_kl            | 0.015224302 |
|    clip_fraction        | 0.201       |
|    clip_range           | 0.2         |
|    entropy_loss         | -17         |
|    explained_variance   | 0.685       |
|    learning_rate        | 0.0001      |
|    loss                 | 197         |
|    n_updates            | 12860       |
|    policy_gradient_loss | -0.029      |
|    std                  | 1.99        |
|    value_loss           | 280         |
-----------------------------------------
-----------------------------------------
| rollout/                |             |
|    ep_len_mean          | 252         |
|    ep_rew_mean          | -0.0059     |
|    success_rate         | 0           |
| time/                   |             |
|    fps                  | 1906        |
|    iterations           | 357         |
|    time_elapsed         | 191         |
|    total_timesteps      | 1318912     |
| train/                  |             |
|    approx_kl            | 0.014178412 |
|    clip_fraction        | 0.112       |
|    clip_range           | 0.2         |
|    entropy_loss         | -17         |
|    explained_variance   | 0.705       |
|    learning_rate        | 0.0001      |
|    loss                 | 35.4        |
|    n_updates            | 12870       |
|    policy_gradient_loss | -0.0275     |
|    std                  | 1.99        |
|    value_loss           | 150         |
-----------------------------------------
-----------------------------------------
| rollout/                |             |
|    ep_len_mean          | 253         |
|    ep_rew_mean          | 9.01        |
|    success_rate         | 0           |
| time/                   |             |
|    fps                  | 1907        |
|    iterations           | 358         |
|    time_elapsed         | 192         |
|    total_timesteps      | 1319936     |
| train/                  |             |
|    approx_kl            | 0.012456942 |
|    clip_fraction        | 0.126       |
|    clip_range           | 0.2         |
|    entropy_loss         | -17         |
|    explained_variance   | 0.672       |
|    learning_rate        | 0.0001      |
|    loss                 | 47.2        |
|    n_updates            | 12880       |
|    policy_gradient_loss | -0.0209     |
|    std                  | 1.99        |
|    value_loss           | 399         |
-----------------------------------------
-----------------------------------------
| rollout/                |             |
|    ep_len_mean          | 246         |
|    ep_rew_mean          | 10.6        |
|    success_rate         | 0           |
| time/                   |             |
|    fps                  | 1907        |
|    iterations           | 359         |
|    time_elapsed         | 192         |
|    total_timesteps      | 1320960     |
| train/                  |             |
|    approx_kl            | 0.015654394 |
|    clip_fraction        | 0.143       |
|    clip_range           | 0.2         |
|    entropy_loss         | -17         |
|    explained_variance   | 0.847       |
|    learning_rate        | 0.0001      |
|    loss                 | 32.5        |
|    n_updates            | 12890       |
|    policy_gradient_loss | -0.036      |
|    std                  | 1.99        |
|    value_loss           | 84.1        |
-----------------------------------------
-----------------------------------------
| rollout/                |             |
|    ep_len_mean          | 243         |
|    ep_rew_mean          | 3.32        |
|    success_rate         | 0           |
| time/                   |             |
|    fps                  | 1907        |
|    iterations           | 360         |
|    time_elapsed         | 193         |
|    total_timesteps      | 1321984     |
| train/                  |             |
|    approx_kl            | 0.009272024 |
|    clip_fraction        | 0.094       |
|    clip_range           | 0.2         |
|    entropy_loss         | -17         |
|    explained_variance   | 0.865       |
|    learning_rate        | 0.0001      |
|    loss                 | 317         |
|    n_updates            | 12900       |
|    policy_gradient_loss | -0.0244     |
|    std                  | 1.99        |
|    value_loss           | 821         |
-----------------------------------------
-----------------------------------------
| rollout/                |             |
|    ep_len_mean          | 244         |
|    ep_rew_mean          | 1.37        |
|    success_rate         | 0           |
| time/                   |             |
|    fps                  | 1907        |
|    iterations           | 361         |
|    time_elapsed         | 193         |
|    total_timesteps      | 1323008     |
| train/                  |             |
|    approx_kl            | 0.015649982 |
|    clip_fraction        | 0.146       |
|    clip_range           | 0.2         |
|    entropy_loss         | -17         |
|    explained_variance   | 0.662       |
|    learning_rate        | 0.0001      |
|    loss                 | 53.1        |
|    n_updates            | 12910       |
|    policy_gradient_loss | -0.0327     |
|    std                  | 1.99        |
|    value_loss           | 184         |
-----------------------------------------
-----------------------------------------
| rollout/                |             |
|    ep_len_mean          | 244         |
|    ep_rew_mean          | 8.13        |
|    success_rate         | 0           |
| time/                   |             |
|    fps                  | 1907        |
|    iterations           | 362         |
|    time_elapsed         | 194         |
|    total_timesteps      | 1324032     |
| train/                  |             |
|    approx_kl            | 0.012132281 |
|    clip_fraction        | 0.114       |
|    clip_range           | 0.2         |
|    entropy_loss         | -17         |
|    explained_variance   | 0.925       |
|    learning_rate        | 0.0001      |
|    loss                 | 49.1        |
|    n_updates            | 12920       |
|    policy_gradient_loss | -0.0278     |
|    std                  | 1.99        |
|    value_loss           | 196         |
-----------------------------------------
-----------------------------------------
| rollout/                |             |
|    ep_len_mean          | 249         |
|    ep_rew_mean          | 12.8        |
|    success_rate         | 0           |
| time/                   |             |
|    fps                  | 1907        |
|    iterations           | 363         |
|    time_elapsed         | 194         |
|    total_timesteps      | 1325056     |
| train/                  |             |
|    approx_kl            | 0.022531185 |
|    clip_fraction        | 0.174       |
|    clip_range           | 0.2         |
|    entropy_loss         | -17         |
|    explained_variance   | 0.934       |
|    learning_rate        | 0.0001      |
|    loss                 | 10.8        |
|    n_updates            | 12930       |
|    policy_gradient_loss | -0.033      |
|    std                  | 1.99        |
|    value_loss           | 35.8        |
-----------------------------------------
-----------------------------------------
| rollout/                |             |
|    ep_len_mean          | 244         |
|    ep_rew_mean          | 5.74        |
|    success_rate         | 0           |
| time/                   |             |
|    fps                  | 1907        |
|    iterations           | 364         |
|    time_elapsed         | 195         |
|    total_timesteps      | 1326080     |
| train/                  |             |
|    approx_kl            | 0.014298717 |
|    clip_fraction        | 0.158       |
|    clip_range           | 0.2         |
|    entropy_loss         | -17         |
|    explained_variance   | 0.971       |
|    learning_rate        | 0.0001      |
|    loss                 | 106         |
|    n_updates            | 12940       |
|    policy_gradient_loss | -0.0305     |
|    std                  | 1.99        |
|    value_loss           | 195         |
-----------------------------------------
-----------------------------------------
| rollout/                |             |
|    ep_len_mean          | 241         |
|    ep_rew_mean          | 4.5         |
|    success_rate         | 0           |
| time/                   |             |
|    fps                  | 1907        |
|    iterations           | 365         |
|    time_elapsed         | 195         |
|    total_timesteps      | 1327104     |
| train/                  |             |
|    approx_kl            | 0.014219729 |
|    clip_fraction        | 0.13        |
|    clip_range           | 0.2         |
|    entropy_loss         | -17         |
|    explained_variance   | 0.93        |
|    learning_rate        | 0.0001      |
|    loss                 | 88.8        |
|    n_updates            | 12950       |
|    policy_gradient_loss | -0.0325     |
|    std                  | 1.99        |
|    value_loss           | 210         |
-----------------------------------------
-----------------------------------------
| rollout/                |             |
|    ep_len_mean          | 241         |
|    ep_rew_mean          | 12.1        |
|    success_rate         | 0           |
| time/                   |             |
|    fps                  | 1907        |
|    iterations           | 366         |
|    time_elapsed         | 196         |
|    total_timesteps      | 1328128     |
| train/                  |             |
|    approx_kl            | 0.015475912 |
|    clip_fraction        | 0.154       |
|    clip_range           | 0.2         |
|    entropy_loss         | -17         |
|    explained_variance   | 0.876       |
|    learning_rate        | 0.0001      |
|    loss                 | 22.7        |
|    n_updates            | 12960       |
|    policy_gradient_loss | -0.035      |
|    std                  | 2           |
|    value_loss           | 63.4        |
-----------------------------------------
-----------------------------------------
| rollout/                |             |
|    ep_len_mean          | 239         |
|    ep_rew_mean          | 3.79        |
|    success_rate         | 0           |
| time/                   |             |
|    fps                  | 1907        |
|    iterations           | 367         |
|    time_elapsed         | 197         |
|    total_timesteps      | 1329152     |
| train/                  |             |
|    approx_kl            | 0.023645058 |
|    clip_fraction        | 0.186       |
|    clip_range           | 0.2         |
|    entropy_loss         | -17         |
|    explained_variance   | 0.896       |
|    learning_rate        | 0.0001      |
|    loss                 | 9.32        |
|    n_updates            | 12970       |
|    policy_gradient_loss | -0.0366     |
|    std                  | 2           |
|    value_loss           | 34.4        |
-----------------------------------------
-----------------------------------------
| rollout/                |             |
|    ep_len_mean          | 239         |
|    ep_rew_mean          | 6.94        |
|    success_rate         | 0           |
| time/                   |             |
|    fps                  | 1907        |
|    iterations           | 368         |
|    time_elapsed         | 197         |
|    total_timesteps      | 1330176     |
| train/                  |             |
|    approx_kl            | 0.014705308 |
|    clip_fraction        | 0.19        |
|    clip_range           | 0.2         |
|    entropy_loss         | -17         |
|    explained_variance   | 0.867       |
|    learning_rate        | 0.0001      |
|    loss                 | 44          |
|    n_updates            | 12980       |
|    policy_gradient_loss | -0.0295     |
|    std                  | 2           |
|    value_loss           | 111         |
-----------------------------------------
-----------------------------------------
| rollout/                |             |
|    ep_len_mean          | 243         |
|    ep_rew_mean          | 17.4        |
|    success_rate         | 0           |
| time/                   |             |
|    fps                  | 1907        |
|    iterations           | 369         |
|    time_elapsed         | 198         |
|    total_timesteps      | 1331200     |
| train/                  |             |
|    approx_kl            | 0.025165474 |
|    clip_fraction        | 0.174       |
|    clip_range           | 0.2         |
|    entropy_loss         | -17         |
|    explained_variance   | 0.493       |
|    learning_rate        | 0.0001      |
|    loss                 | 27          |
|    n_updates            | 12990       |
|    policy_gradient_loss | -0.0322     |
|    std                  | 2           |
|    value_loss           | 147         |
-----------------------------------------
-----------------------------------------
| rollout/                |             |
|    ep_len_mean          | 246         |
|    ep_rew_mean          | 32.6        |
|    success_rate         | 0           |
| time/                   |             |
|    fps                  | 1907        |
|    iterations           | 370         |
|    time_elapsed         | 198         |
|    total_timesteps      | 1332224     |
| train/                  |             |
|    approx_kl            | 0.014601436 |
|    clip_fraction        | 0.183       |
|    clip_range           | 0.2         |
|    entropy_loss         | -17         |
|    explained_variance   | 0.674       |
|    learning_rate        | 0.0001      |
|    loss                 | 27.4        |
|    n_updates            | 13000       |
|    policy_gradient_loss | -0.0322     |
|    std                  | 2           |
|    value_loss           | 114         |
-----------------------------------------
-----------------------------------------
| rollout/                |             |
|    ep_len_mean          | 241         |
|    ep_rew_mean          | 20          |
|    success_rate         | 0           |
| time/                   |             |
|    fps                  | 1907        |
|    iterations           | 371         |
|    time_elapsed         | 199         |
|    total_timesteps      | 1333248     |
| train/                  |             |
|    approx_kl            | 0.026630694 |
|    clip_fraction        | 0.218       |
|    clip_range           | 0.2         |
|    entropy_loss         | -17         |
|    explained_variance   | 0.904       |
|    learning_rate        | 0.0001      |
|    loss                 | 5.7         |
|    n_updates            | 13010       |
|    policy_gradient_loss | -0.0406     |
|    std                  | 2           |
|    value_loss           | 24.8        |
-----------------------------------------
-----------------------------------------
| rollout/                |             |
|    ep_len_mean          | 241         |
|    ep_rew_mean          | 19.7        |
|    success_rate         | 0           |
| time/                   |             |
|    fps                  | 1907        |
|    iterations           | 372         |
|    time_elapsed         | 199         |
|    total_timesteps      | 1334272     |
| train/                  |             |
|    approx_kl            | 0.014202895 |
|    clip_fraction        | 0.178       |
|    clip_range           | 0.2         |
|    entropy_loss         | -17         |
|    explained_variance   | 0.872       |
|    learning_rate        | 0.0001      |
|    loss                 | 58.3        |
|    n_updates            | 13020       |
|    policy_gradient_loss | -0.0253     |
|    std                  | 2           |
|    value_loss           | 267         |
-----------------------------------------
-----------------------------------------
| rollout/                |             |
|    ep_len_mean          | 245         |
|    ep_rew_mean          | 36.8        |
|    success_rate         | 0           |
| time/                   |             |
|    fps                  | 1907        |
|    iterations           | 373         |
|    time_elapsed         | 200         |
|    total_timesteps      | 1335296     |
| train/                  |             |
|    approx_kl            | 0.005696512 |
|    clip_fraction        | 0.0715      |
|    clip_range           | 0.2         |
|    entropy_loss         | -17         |
|    explained_variance   | 0.664       |
|    learning_rate        | 0.0001      |
|    loss                 | 429         |
|    n_updates            | 13030       |
|    policy_gradient_loss | -0.0221     |
|    std                  | 2           |
|    value_loss           | 1.72e+03    |
-----------------------------------------
-----------------------------------------
| rollout/                |             |
|    ep_len_mean          | 245         |
|    ep_rew_mean          | 48.2        |
|    success_rate         | 0           |
| time/                   |             |
|    fps                  | 1907        |
|    iterations           | 374         |
|    time_elapsed         | 200         |
|    total_timesteps      | 1336320     |
| train/                  |             |
|    approx_kl            | 0.014930552 |
|    clip_fraction        | 0.121       |
|    clip_range           | 0.2         |
|    entropy_loss         | -17         |
|    explained_variance   | 0.894       |
|    learning_rate        | 0.0001      |
|    loss                 | 56.4        |
|    n_updates            | 13040       |
|    policy_gradient_loss | -0.0323     |
|    std                  | 2           |
|    value_loss           | 154         |
-----------------------------------------
-----------------------------------------
| rollout/                |             |
|    ep_len_mean          | 245         |
|    ep_rew_mean          | 29          |
|    success_rate         | 0           |
| time/                   |             |
|    fps                  | 1907        |
|    iterations           | 375         |
|    time_elapsed         | 201         |
|    total_timesteps      | 1337344     |
| train/                  |             |
|    approx_kl            | 0.018984217 |
|    clip_fraction        | 0.158       |
|    clip_range           | 0.2         |
|    entropy_loss         | -17         |
|    explained_variance   | 0.909       |
|    learning_rate        | 0.0001      |
|    loss                 | 11.6        |
|    n_updates            | 13050       |
|    policy_gradient_loss | -0.0351     |
|    std                  | 2           |
|    value_loss           | 59          |
-----------------------------------------
-----------------------------------------
| rollout/                |             |
|    ep_len_mean          | 239         |
|    ep_rew_mean          | 25.5        |
|    success_rate         | 0           |
| time/                   |             |
|    fps                  | 1907        |
|    iterations           | 376         |
|    time_elapsed         | 201         |
|    total_timesteps      | 1338368     |
| train/                  |             |
|    approx_kl            | 0.010184656 |
|    clip_fraction        | 0.0904      |
|    clip_range           | 0.2         |
|    entropy_loss         | -17         |
|    explained_variance   | 0.933       |
|    learning_rate        | 0.0001      |
|    loss                 | 255         |
|    n_updates            | 13060       |
|    policy_gradient_loss | -0.0214     |
|    std                  | 2           |
|    value_loss           | 657         |
-----------------------------------------
-----------------------------------------
| rollout/                |             |
|    ep_len_mean          | 238         |
|    ep_rew_mean          | 32.8        |
|    success_rate         | 0           |
| time/                   |             |
|    fps                  | 1907        |
|    iterations           | 377         |
|    time_elapsed         | 202         |
|    total_timesteps      | 1339392     |
| train/                  |             |
|    approx_kl            | 0.012416378 |
|    clip_fraction        | 0.107       |
|    clip_range           | 0.2         |
|    entropy_loss         | -17         |
|    explained_variance   | 0.814       |
|    learning_rate        | 0.0001      |
|    loss                 | 76.2        |
|    n_updates            | 13070       |
|    policy_gradient_loss | -0.0286     |
|    std                  | 2           |
|    value_loss           | 191         |
-----------------------------------------
-----------------------------------------
| rollout/                |             |
|    ep_len_mean          | 235         |
|    ep_rew_mean          | 19.6        |
|    success_rate         | 0           |
| time/                   |             |
|    fps                  | 1907        |
|    iterations           | 378         |
|    time_elapsed         | 202         |
|    total_timesteps      | 1340416     |
| train/                  |             |
|    approx_kl            | 0.016102504 |
|    clip_fraction        | 0.154       |
|    clip_range           | 0.2         |
|    entropy_loss         | -17         |
|    explained_variance   | 0.712       |
|    learning_rate        | 0.0001      |
|    loss                 | 19.8        |
|    n_updates            | 13080       |
|    policy_gradient_loss | -0.03       |
|    std                  | 2           |
|    value_loss           | 88.7        |
-----------------------------------------
-----------------------------------------
| rollout/                |             |
|    ep_len_mean          | 228         |
|    ep_rew_mean          | 17          |
|    success_rate         | 0           |
| time/                   |             |
|    fps                  | 1907        |
|    iterations           | 379         |
|    time_elapsed         | 203         |
|    total_timesteps      | 1341440     |
| train/                  |             |
|    approx_kl            | 0.009924363 |
|    clip_fraction        | 0.109       |
|    clip_range           | 0.2         |
|    entropy_loss         | -17         |
|    explained_variance   | 0.932       |
|    learning_rate        | 0.0001      |
|    loss                 | 189         |
|    n_updates            | 13090       |
|    policy_gradient_loss | -0.0231     |
|    std                  | 2           |
|    value_loss           | 623         |
-----------------------------------------
-----------------------------------------
| rollout/                |             |
|    ep_len_mean          | 230         |
|    ep_rew_mean          | 19.2        |
|    success_rate         | 0           |
| time/                   |             |
|    fps                  | 1907        |
|    iterations           | 380         |
|    time_elapsed         | 203         |
|    total_timesteps      | 1342464     |
| train/                  |             |
|    approx_kl            | 0.011034916 |
|    clip_fraction        | 0.101       |
|    clip_range           | 0.2         |
|    entropy_loss         | -17         |
|    explained_variance   | 0.924       |
|    learning_rate        | 0.0001      |
|    loss                 | 407         |
|    n_updates            | 13100       |
|    policy_gradient_loss | -0.0291     |
|    std                  | 2           |
|    value_loss           | 874         |
-----------------------------------------
----------------------------------------
| rollout/                |            |
|    ep_len_mean          | 231        |
|    ep_rew_mean          | 19.6       |
|    success_rate         | 0          |
| time/                   |            |
|    fps                  | 1907       |
|    iterations           | 381        |
|    time_elapsed         | 204        |
|    total_timesteps      | 1343488    |
| train/                  |            |
|    approx_kl            | 0.01728119 |
|    clip_fraction        | 0.14       |
|    clip_range           | 0.2        |
|    entropy_loss         | -17        |
|    explained_variance   | 0.977      |
|    learning_rate        | 0.0001     |
|    loss                 | 17.8       |
|    n_updates            | 13110      |
|    policy_gradient_loss | -0.0347    |
|    std                  | 2          |
|    value_loss           | 75.2       |
----------------------------------------
-----------------------------------------
| rollout/                |             |
|    ep_len_mean          | 236         |
|    ep_rew_mean          | 20.7        |
|    success_rate         | 0           |
| time/                   |             |
|    fps                  | 1907        |
|    iterations           | 382         |
|    time_elapsed         | 205         |
|    total_timesteps      | 1344512     |
| train/                  |             |
|    approx_kl            | 0.014755897 |
|    clip_fraction        | 0.145       |
|    clip_range           | 0.2         |
|    entropy_loss         | -17         |
|    explained_variance   | 0.954       |
|    learning_rate        | 0.0001      |
|    loss                 | 50.7        |
|    n_updates            | 13120       |
|    policy_gradient_loss | -0.0288     |
|    std                  | 2           |
|    value_loss           | 107         |
-----------------------------------------
-----------------------------------------
| rollout/                |             |
|    ep_len_mean          | 239         |
|    ep_rew_mean          | 19          |
|    success_rate         | 0           |
| time/                   |             |
|    fps                  | 1907        |
|    iterations           | 383         |
|    time_elapsed         | 205         |
|    total_timesteps      | 1345536     |
| train/                  |             |
|    approx_kl            | 0.019508306 |
|    clip_fraction        | 0.153       |
|    clip_range           | 0.2         |
|    entropy_loss         | -17         |
|    explained_variance   | 0.943       |
|    learning_rate        | 0.0001      |
|    loss                 | 11.5        |
|    n_updates            | 13130       |
|    policy_gradient_loss | -0.0299     |
|    std                  | 2.01        |
|    value_loss           | 102         |
-----------------------------------------
----------------------------------------
| rollout/                |            |
|    ep_len_mean          | 239        |
|    ep_rew_mean          | 17.2       |
|    success_rate         | 0          |
| time/                   |            |
|    fps                  | 1907       |
|    iterations           | 384        |
|    time_elapsed         | 206        |
|    total_timesteps      | 1346560    |
| train/                  |            |
|    approx_kl            | 0.01540971 |
|    clip_fraction        | 0.157      |
|    clip_range           | 0.2        |
|    entropy_loss         | -17        |
|    explained_variance   | 0.957      |
|    learning_rate        | 0.0001     |
|    loss                 | 46.7       |
|    n_updates            | 13140      |
|    policy_gradient_loss | -0.0389    |
|    std                  | 2.01       |
|    value_loss           | 113        |
----------------------------------------
-----------------------------------------
| rollout/                |             |
|    ep_len_mean          | 237         |
|    ep_rew_mean          | 5.17        |
|    success_rate         | 0           |
| time/                   |             |
|    fps                  | 1907        |
|    iterations           | 385         |
|    time_elapsed         | 206         |
|    total_timesteps      | 1347584     |
| train/                  |             |
|    approx_kl            | 0.015658904 |
|    clip_fraction        | 0.159       |
|    clip_range           | 0.2         |
|    entropy_loss         | -17         |
|    explained_variance   | 0.844       |
|    learning_rate        | 0.0001      |
|    loss                 | 24.8        |
|    n_updates            | 13150       |
|    policy_gradient_loss | -0.0347     |
|    std                  | 2.01        |
|    value_loss           | 163         |
-----------------------------------------
-----------------------------------------
| rollout/                |             |
|    ep_len_mean          | 235         |
|    ep_rew_mean          | 12.8        |
|    success_rate         | 0           |
| time/                   |             |
|    fps                  | 1907        |
|    iterations           | 386         |
|    time_elapsed         | 207         |
|    total_timesteps      | 1348608     |
| train/                  |             |
|    approx_kl            | 0.012128342 |
|    clip_fraction        | 0.0926      |
|    clip_range           | 0.2         |
|    entropy_loss         | -17         |
|    explained_variance   | 0.957       |
|    learning_rate        | 0.0001      |
|    loss                 | 50          |
|    n_updates            | 13160       |
|    policy_gradient_loss | -0.0275     |
|    std                  | 2.02        |
|    value_loss           | 172         |
-----------------------------------------
-----------------------------------------
| rollout/                |             |
|    ep_len_mean          | 235         |
|    ep_rew_mean          | 12.6        |
|    success_rate         | 0           |
| time/                   |             |
|    fps                  | 1907        |
|    iterations           | 387         |
|    time_elapsed         | 207         |
|    total_timesteps      | 1349632     |
| train/                  |             |
|    approx_kl            | 0.011840569 |
|    clip_fraction        | 0.116       |
|    clip_range           | 0.2         |
|    entropy_loss         | -17.1       |
|    explained_variance   | 0.726       |
|    learning_rate        | 0.0001      |
|    loss                 | 27.5        |
|    n_updates            | 13170       |
|    policy_gradient_loss | -0.0293     |
|    std                  | 2.02        |
|    value_loss           | 138         |
-----------------------------------------
-----------------------------------------
| rollout/                |             |
|    ep_len_mean          | 233         |
|    ep_rew_mean          | 6.03        |
|    success_rate         | 0           |
| time/                   |             |
|    fps                  | 1907        |
|    iterations           | 388         |
|    time_elapsed         | 208         |
|    total_timesteps      | 1350656     |
| train/                  |             |
|    approx_kl            | 0.009947561 |
|    clip_fraction        | 0.127       |
|    clip_range           | 0.2         |
|    entropy_loss         | -17.1       |
|    explained_variance   | 0.741       |
|    learning_rate        | 0.0001      |
|    loss                 | 121         |
|    n_updates            | 13180       |
|    policy_gradient_loss | -0.027      |
|    std                  | 2.02        |
|    value_loss           | 422         |
-----------------------------------------
------------------------------------------
| rollout/                |              |
|    ep_len_mean          | 231          |
|    ep_rew_mean          | -14.5        |
|    success_rate         | 0            |
| time/                   |              |
|    fps                  | 1907         |
|    iterations           | 389          |
|    time_elapsed         | 208          |
|    total_timesteps      | 1351680      |
| train/                  |              |
|    approx_kl            | 0.0125548905 |
|    clip_fraction        | 0.108        |
|    clip_range           | 0.2          |
|    entropy_loss         | -17.1        |
|    explained_variance   | 0.745        |
|    learning_rate        | 0.0001       |
|    loss                 | 60.1         |
|    n_updates            | 13190        |
|    policy_gradient_loss | -0.03        |
|    std                  | 2.01         |
|    value_loss           | 326          |
------------------------------------------
-----------------------------------------
| rollout/                |             |
|    ep_len_mean          | 233         |
|    ep_rew_mean          | -13.1       |
|    success_rate         | 0           |
| time/                   |             |
|    fps                  | 1907        |
|    iterations           | 390         |
|    time_elapsed         | 209         |
|    total_timesteps      | 1352704     |
| train/                  |             |
|    approx_kl            | 0.012587501 |
|    clip_fraction        | 0.107       |
|    clip_range           | 0.2         |
|    entropy_loss         | -17.1       |
|    explained_variance   | 0.935       |
|    learning_rate        | 0.0001      |
|    loss                 | 143         |
|    n_updates            | 13200       |
|    policy_gradient_loss | -0.0251     |
|    std                  | 2.01        |
|    value_loss           | 209         |
-----------------------------------------
-----------------------------------------
| rollout/                |             |
|    ep_len_mean          | 236         |
|    ep_rew_mean          | -17.4       |
|    success_rate         | 0           |
| time/                   |             |
|    fps                  | 1907        |
|    iterations           | 391         |
|    time_elapsed         | 209         |
|    total_timesteps      | 1353728     |
| train/                  |             |
|    approx_kl            | 0.014326572 |
|    clip_fraction        | 0.18        |
|    clip_range           | 0.2         |
|    entropy_loss         | -17         |
|    explained_variance   | 0.881       |
|    learning_rate        | 0.0001      |
|    loss                 | 28          |
|    n_updates            | 13210       |
|    policy_gradient_loss | -0.0357     |
|    std                  | 2.01        |
|    value_loss           | 188         |
-----------------------------------------

=== /Users/youpeixing/ws/allegro_rod_mvp/.venv/bin/python /Users/youpeixing/ws/allegro_rod_mvp/scripts/train.py --stage 2 --steps 200000 --resume /Users/youpeixing/ws/allegro_rod_mvp/checkpoints/stage2/final_model.zip ===
Logging to checkpoints/stage0/tb/PPO_1
---------------------------------
| rollout/           |          |
|    ep_len_mean     | 233      |
|    ep_rew_mean     | -21      |
|    success_rate    | 0        |
| time/              |          |
|    fps             | 2403     |
|    iterations      | 1        |
|    time_elapsed    | 0        |
|    total_timesteps | 1354752  |
---------------------------------
-----------------------------------------
| rollout/                |             |
|    ep_len_mean          | 233         |
|    ep_rew_mean          | -28.6       |
|    success_rate         | 0           |
| time/                   |             |
|    fps                  | 2103        |
|    iterations           | 2           |
|    time_elapsed         | 0           |
|    total_timesteps      | 1355776     |
| train/                  |             |
|    approx_kl            | 0.028425913 |
|    clip_fraction        | 0.2         |
|    clip_range           | 0.2         |
|    entropy_loss         | -17         |
|    explained_variance   | 0.989       |
|    learning_rate        | 0.0001      |
|    loss                 | 17.2        |
|    n_updates            | 13230       |
|    policy_gradient_loss | -0.0402     |
|    std                  | 2.01        |
|    value_loss           | 42.8        |
-----------------------------------------
---------------------------------------
| rollout/                |           |
|    ep_len_mean          | 236       |
|    ep_rew_mean          | -26.4     |
|    success_rate         | 0         |
| time/                   |           |
|    fps                  | 2052      |
|    iterations           | 3         |
|    time_elapsed         | 1         |
|    total_timesteps      | 1356800   |
| train/                  |           |
|    approx_kl            | 0.0154392 |
|    clip_fraction        | 0.18      |
|    clip_range           | 0.2       |
|    entropy_loss         | -17       |
|    explained_variance   | 0.838     |
|    learning_rate        | 0.0001    |
|    loss                 | 30.4      |
|    n_updates            | 13240     |
|    policy_gradient_loss | -0.0353   |
|    std                  | 2.01      |
|    value_loss           | 126       |
---------------------------------------
-----------------------------------------
| rollout/                |             |
|    ep_len_mean          | 237         |
|    ep_rew_mean          | -18.5       |
|    success_rate         | 0           |
| time/                   |             |
|    fps                  | 1824        |
|    iterations           | 4           |
|    time_elapsed         | 2           |
|    total_timesteps      | 1357824     |
| train/                  |             |
|    approx_kl            | 0.016554307 |
|    clip_fraction        | 0.173       |
|    clip_range           | 0.2         |
|    entropy_loss         | -17         |
|    explained_variance   | 0.863       |
|    learning_rate        | 0.0001      |
|    loss                 | 42.9        |
|    n_updates            | 13250       |
|    policy_gradient_loss | -0.0373     |
|    std                  | 2.01        |
|    value_loss           | 141         |
-----------------------------------------
----------------------------------------
| rollout/                |            |
|    ep_len_mean          | 238        |
|    ep_rew_mean          | -16.5      |
|    success_rate         | 0          |
| time/                   |            |
|    fps                  | 1801       |
|    iterations           | 5          |
|    time_elapsed         | 2          |
|    total_timesteps      | 1358848    |
| train/                  |            |
|    approx_kl            | 0.02121998 |
|    clip_fraction        | 0.194      |
|    clip_range           | 0.2        |
|    entropy_loss         | -17        |
|    explained_variance   | 0.918      |
|    learning_rate        | 0.0001     |
|    loss                 | 14         |
|    n_updates            | 13260      |
|    policy_gradient_loss | -0.0356    |
|    std                  | 2.01       |
|    value_loss           | 47.8       |
----------------------------------------
-----------------------------------------
| rollout/                |             |
|    ep_len_mean          | 235         |
|    ep_rew_mean          | -24.6       |
|    success_rate         | 0           |
| time/                   |             |
|    fps                  | 1791        |
|    iterations           | 6           |
|    time_elapsed         | 3           |
|    total_timesteps      | 1359872     |
| train/                  |             |
|    approx_kl            | 0.014309362 |
|    clip_fraction        | 0.154       |
|    clip_range           | 0.2         |
|    entropy_loss         | -17         |
|    explained_variance   | 0.788       |
|    learning_rate        | 0.0001      |
|    loss                 | 19          |
|    n_updates            | 13270       |
|    policy_gradient_loss | -0.0327     |
|    std                  | 2.01        |
|    value_loss           | 107         |
-----------------------------------------
-----------------------------------------
| rollout/                |             |
|    ep_len_mean          | 233         |
|    ep_rew_mean          | -8.65       |
|    success_rate         | 0           |
| time/                   |             |
|    fps                  | 1782        |
|    iterations           | 7           |
|    time_elapsed         | 4           |
|    total_timesteps      | 1360896     |
| train/                  |             |
|    approx_kl            | 0.021615114 |
|    clip_fraction        | 0.189       |
|    clip_range           | 0.2         |
|    entropy_loss         | -17         |
|    explained_variance   | 0.932       |
|    learning_rate        | 0.0001      |
|    loss                 | 18.3        |
|    n_updates            | 13280       |
|    policy_gradient_loss | -0.0384     |
|    std                  | 2.01        |
|    value_loss           | 60.7        |
-----------------------------------------
-----------------------------------------
| rollout/                |             |
|    ep_len_mean          | 239         |
|    ep_rew_mean          | 2.3         |
|    success_rate         | 0           |
| time/                   |             |
|    fps                  | 1792        |
|    iterations           | 8           |
|    time_elapsed         | 4           |
|    total_timesteps      | 1361920     |
| train/                  |             |
|    approx_kl            | 0.018023692 |
|    clip_fraction        | 0.175       |
|    clip_range           | 0.2         |
|    entropy_loss         | -17         |
|    explained_variance   | 0.929       |
|    learning_rate        | 0.0001      |
|    loss                 | 26          |
|    n_updates            | 13290       |
|    policy_gradient_loss | -0.0328     |
|    std                  | 2.01        |
|    value_loss           | 108         |
-----------------------------------------
-----------------------------------------
| rollout/                |             |
|    ep_len_mean          | 238         |
|    ep_rew_mean          | -4.16       |
|    success_rate         | 0           |
| time/                   |             |
|    fps                  | 1809        |
|    iterations           | 9           |
|    time_elapsed         | 5           |
|    total_timesteps      | 1362944     |
| train/                  |             |
|    approx_kl            | 0.021836873 |
|    clip_fraction        | 0.19        |
|    clip_range           | 0.2         |
|    entropy_loss         | -17         |
|    explained_variance   | 0.981       |
|    learning_rate        | 0.0001      |
|    loss                 | 8.86        |
|    n_updates            | 13300       |
|    policy_gradient_loss | -0.0347     |
|    std                  | 2.01        |
|    value_loss           | 34          |
-----------------------------------------
-----------------------------------------
| rollout/                |             |
|    ep_len_mean          | 238         |
|    ep_rew_mean          | -0.841      |
|    success_rate         | 0           |
| time/                   |             |
|    fps                  | 1821        |
|    iterations           | 10          |
|    time_elapsed         | 5           |
|    total_timesteps      | 1363968     |
| train/                  |             |
|    approx_kl            | 0.028157905 |
|    clip_fraction        | 0.224       |
|    clip_range           | 0.2         |
|    entropy_loss         | -17         |
|    explained_variance   | 0.939       |
|    learning_rate        | 0.0001      |
|    loss                 | 5.65        |
|    n_updates            | 13310       |
|    policy_gradient_loss | -0.0386     |
|    std                  | 2.01        |
|    value_loss           | 38.6        |
-----------------------------------------
-----------------------------------------
| rollout/                |             |
|    ep_len_mean          | 238         |
|    ep_rew_mean          | 4.1         |
|    success_rate         | 0           |
| time/                   |             |
|    fps                  | 1831        |
|    iterations           | 11          |
|    time_elapsed         | 6           |
|    total_timesteps      | 1364992     |
| train/                  |             |
|    approx_kl            | 0.020327011 |
|    clip_fraction        | 0.249       |
|    clip_range           | 0.2         |
|    entropy_loss         | -17         |
|    explained_variance   | 0.898       |
|    learning_rate        | 0.0001      |
|    loss                 | 15.9        |
|    n_updates            | 13320       |
|    policy_gradient_loss | -0.0279     |
|    std                  | 2.01        |
|    value_loss           | 63.6        |
-----------------------------------------
-----------------------------------------
| rollout/                |             |
|    ep_len_mean          | 244         |
|    ep_rew_mean          | 22.8        |
|    success_rate         | 0           |
| time/                   |             |
|    fps                  | 1841        |
|    iterations           | 12          |
|    time_elapsed         | 6           |
|    total_timesteps      | 1366016     |
| train/                  |             |
|    approx_kl            | 0.024635138 |
|    clip_fraction        | 0.245       |
|    clip_range           | 0.2         |
|    entropy_loss         | -17         |
|    explained_variance   | 0.969       |
|    learning_rate        | 0.0001      |
|    loss                 | 6.91        |
|    n_updates            | 13330       |
|    policy_gradient_loss | -0.039      |
|    std                  | 2.01        |
|    value_loss           | 23.9        |
-----------------------------------------
-----------------------------------------
| rollout/                |             |
|    ep_len_mean          | 248         |
|    ep_rew_mean          | 14.1        |
|    success_rate         | 0           |
| time/                   |             |
|    fps                  | 1848        |
|    iterations           | 13          |
|    time_elapsed         | 7           |
|    total_timesteps      | 1367040     |
| train/                  |             |
|    approx_kl            | 0.020730315 |
|    clip_fraction        | 0.211       |
|    clip_range           | 0.2         |
|    entropy_loss         | -17         |
|    explained_variance   | 0.857       |
|    learning_rate        | 0.0001      |
|    loss                 | 7.94        |
|    n_updates            | 13340       |
|    policy_gradient_loss | -0.0368     |
|    std                  | 2.01        |
|    value_loss           | 41.7        |
-----------------------------------------
-----------------------------------------
| rollout/                |             |
|    ep_len_mean          | 253         |
|    ep_rew_mean          | 15.9        |
|    success_rate         | 0           |
| time/                   |             |
|    fps                  | 1855        |
|    iterations           | 14          |
|    time_elapsed         | 7           |
|    total_timesteps      | 1368064     |
| train/                  |             |
|    approx_kl            | 0.014301611 |
|    clip_fraction        | 0.188       |
|    clip_range           | 0.2         |
|    entropy_loss         | -17         |
|    explained_variance   | 0.874       |
|    learning_rate        | 0.0001      |
|    loss                 | 453         |
|    n_updates            | 13350       |
|    policy_gradient_loss | -0.00672    |
|    std                  | 2.01        |
|    value_loss           | 1.58e+03    |
-----------------------------------------
-----------------------------------------
| rollout/                |             |
|    ep_len_mean          | 254         |
|    ep_rew_mean          | 18.5        |
|    success_rate         | 0           |
| time/                   |             |
|    fps                  | 1861        |
|    iterations           | 15          |
|    time_elapsed         | 8           |
|    total_timesteps      | 1369088     |
| train/                  |             |
|    approx_kl            | 0.026766617 |
|    clip_fraction        | 0.205       |
|    clip_range           | 0.2         |
|    entropy_loss         | -17         |
|    explained_variance   | 0.889       |
|    learning_rate        | 0.0001      |
|    loss                 | 19.2        |
|    n_updates            | 13360       |
|    policy_gradient_loss | -0.04       |
|    std                  | 2.01        |
|    value_loss           | 46.5        |
-----------------------------------------
-----------------------------------------
| rollout/                |             |
|    ep_len_mean          | 254         |
|    ep_rew_mean          | 24.1        |
|    success_rate         | 0           |
| time/                   |             |
|    fps                  | 1867        |
|    iterations           | 16          |
|    time_elapsed         | 8           |
|    total_timesteps      | 1370112     |
| train/                  |             |
|    approx_kl            | 0.016061427 |
|    clip_fraction        | 0.189       |
|    clip_range           | 0.2         |
|    entropy_loss         | -17         |
|    explained_variance   | 0.814       |
|    learning_rate        | 0.0001      |
|    loss                 | 80.7        |
|    n_updates            | 13370       |
|    policy_gradient_loss | -0.0317     |
|    std                  | 2.01        |
|    value_loss           | 138         |
-----------------------------------------
-----------------------------------------
| rollout/                |             |
|    ep_len_mean          | 255         |
|    ep_rew_mean          | 27.4        |
|    success_rate         | 0           |
| time/                   |             |
|    fps                  | 1873        |
|    iterations           | 17          |
|    time_elapsed         | 9           |
|    total_timesteps      | 1371136     |
| train/                  |             |
|    approx_kl            | 0.020181209 |
|    clip_fraction        | 0.164       |
|    clip_range           | 0.2         |
|    entropy_loss         | -17         |
|    explained_variance   | 0.879       |
|    learning_rate        | 0.0001      |
|    loss                 | 30.6        |
|    n_updates            | 13380       |
|    policy_gradient_loss | -0.0308     |
|    std                  | 2.02        |
|    value_loss           | 90.3        |
-----------------------------------------
-----------------------------------------
| rollout/                |             |
|    ep_len_mean          | 257         |
|    ep_rew_mean          | 28          |
|    success_rate         | 0           |
| time/                   |             |
|    fps                  | 1878        |
|    iterations           | 18          |
|    time_elapsed         | 9           |
|    total_timesteps      | 1372160     |
| train/                  |             |
|    approx_kl            | 0.012816433 |
|    clip_fraction        | 0.123       |
|    clip_range           | 0.2         |
|    entropy_loss         | -17.1       |
|    explained_variance   | 0.979       |
|    learning_rate        | 0.0001      |
|    loss                 | 93.1        |
|    n_updates            | 13390       |
|    policy_gradient_loss | -0.0232     |
|    std                  | 2.02        |
|    value_loss           | 189         |
-----------------------------------------
----------------------------------------
| rollout/                |            |
|    ep_len_mean          | 260        |
|    ep_rew_mean          | 30.4       |
|    success_rate         | 0          |
| time/                   |            |
|    fps                  | 1881       |
|    iterations           | 19         |
|    time_elapsed         | 10         |
|    total_timesteps      | 1373184    |
| train/                  |            |
|    approx_kl            | 0.01686154 |
|    clip_fraction        | 0.158      |
|    clip_range           | 0.2        |
|    entropy_loss         | -17.1      |
|    explained_variance   | 0.868      |
|    learning_rate        | 0.0001     |
|    loss                 | 30.2       |
|    n_updates            | 13400      |
|    policy_gradient_loss | -0.0378    |
|    std                  | 2.02       |
|    value_loss           | 78.1       |
----------------------------------------
-----------------------------------------
| rollout/                |             |
|    ep_len_mean          | 256         |
|    ep_rew_mean          | 29.2        |
|    success_rate         | 0           |
| time/                   |             |
|    fps                  | 1884        |
|    iterations           | 20          |
|    time_elapsed         | 10          |
|    total_timesteps      | 1374208     |
| train/                  |             |
|    approx_kl            | 0.018061832 |
|    clip_fraction        | 0.159       |
|    clip_range           | 0.2         |
|    entropy_loss         | -17.1       |
|    explained_variance   | 0.915       |
|    learning_rate        | 0.0001      |
|    loss                 | 16.9        |
|    n_updates            | 13410       |
|    policy_gradient_loss | -0.0348     |
|    std                  | 2.02        |
|    value_loss           | 72          |
-----------------------------------------
----------------------------------------
| rollout/                |            |
|    ep_len_mean          | 254        |
|    ep_rew_mean          | 13.4       |
|    success_rate         | 0          |
| time/                   |            |
|    fps                  | 1886       |
|    iterations           | 21         |
|    time_elapsed         | 11         |
|    total_timesteps      | 1375232    |
| train/                  |            |
|    approx_kl            | 0.00994159 |
|    clip_fraction        | 0.117      |
|    clip_range           | 0.2        |
|    entropy_loss         | -17.1      |
|    explained_variance   | 0.86       |
|    learning_rate        | 0.0001     |
|    loss                 | 178        |
|    n_updates            | 13420      |
|    policy_gradient_loss | -0.0241    |
|    std                  | 2.02       |
|    value_loss           | 430        |
----------------------------------------
------------------------------------------
| rollout/                |              |
|    ep_len_mean          | 257          |
|    ep_rew_mean          | 19.9         |
|    success_rate         | 0            |
| time/                   |              |
|    fps                  | 1889         |
|    iterations           | 22           |
|    time_elapsed         | 11           |
|    total_timesteps      | 1376256      |
| train/                  |              |
|    approx_kl            | 0.0079442905 |
|    clip_fraction        | 0.0716       |
|    clip_range           | 0.2          |
|    entropy_loss         | -17.1        |
|    explained_variance   | 0.798        |
|    learning_rate        | 0.0001       |
|    loss                 | 638          |
|    n_updates            | 13430        |
|    policy_gradient_loss | -0.0201      |
|    std                  | 2.02         |
|    value_loss           | 1.44e+03     |
------------------------------------------
----------------------------------------
| rollout/                |            |
|    ep_len_mean          | 254        |
|    ep_rew_mean          | 37.5       |
|    success_rate         | 0          |
| time/                   |            |
|    fps                  | 1892       |
|    iterations           | 23         |
|    time_elapsed         | 12         |
|    total_timesteps      | 1377280    |
| train/                  |            |
|    approx_kl            | 0.01500977 |
|    clip_fraction        | 0.156      |
|    clip_range           | 0.2        |
|    entropy_loss         | -17.1      |
|    explained_variance   | 0.757      |
|    learning_rate        | 0.0001     |
|    loss                 | 121        |
|    n_updates            | 13440      |
|    policy_gradient_loss | -0.0298    |
|    std                  | 2.02       |
|    value_loss           | 297        |
----------------------------------------
-----------------------------------------
| rollout/                |             |
|    ep_len_mean          | 251         |
|    ep_rew_mean          | 36.8        |
|    success_rate         | 0           |
| time/                   |             |
|    fps                  | 1885        |
|    iterations           | 24          |
|    time_elapsed         | 13          |
|    total_timesteps      | 1378304     |
| train/                  |             |
|    approx_kl            | 0.014080772 |
|    clip_fraction        | 0.116       |
|    clip_range           | 0.2         |
|    entropy_loss         | -17         |
|    explained_variance   | 0.906       |
|    learning_rate        | 0.0001      |
|    loss                 | 56.3        |
|    n_updates            | 13450       |
|    policy_gradient_loss | -0.0317     |
|    std                  | 2.02        |
|    value_loss           | 129         |
-----------------------------------------
-----------------------------------------
| rollout/                |             |
|    ep_len_mean          | 248         |
|    ep_rew_mean          | 40.1        |
|    success_rate         | 0           |
| time/                   |             |
|    fps                  | 1883        |
|    iterations           | 25          |
|    time_elapsed         | 13          |
|    total_timesteps      | 1379328     |
| train/                  |             |
|    approx_kl            | 0.018736813 |
|    clip_fraction        | 0.16        |
|    clip_range           | 0.2         |
|    entropy_loss         | -17         |
|    explained_variance   | 0.938       |
|    learning_rate        | 0.0001      |
|    loss                 | 7.94        |
|    n_updates            | 13460       |
|    policy_gradient_loss | -0.033      |
|    std                  | 2.02        |
|    value_loss           | 50.2        |
-----------------------------------------
-----------------------------------------
| rollout/                |             |
|    ep_len_mean          | 242         |
|    ep_rew_mean          | 34.2        |
|    success_rate         | 0           |
| time/                   |             |
|    fps                  | 1884        |
|    iterations           | 26          |
|    time_elapsed         | 14          |
|    total_timesteps      | 1380352     |
| train/                  |             |
|    approx_kl            | 0.012247127 |
|    clip_fraction        | 0.15        |
|    clip_range           | 0.2         |
|    entropy_loss         | -17         |
|    explained_variance   | 0.897       |
|    learning_rate        | 0.0001      |
|    loss                 | 50          |
|    n_updates            | 13470       |
|    policy_gradient_loss | -0.0278     |
|    std                  | 2.02        |
|    value_loss           | 205         |
-----------------------------------------
-----------------------------------------
| rollout/                |             |
|    ep_len_mean          | 244         |
|    ep_rew_mean          | 35.5        |
|    success_rate         | 0           |
| time/                   |             |
|    fps                  | 1887        |
|    iterations           | 27          |
|    time_elapsed         | 14          |
|    total_timesteps      | 1381376     |
| train/                  |             |
|    approx_kl            | 0.009220658 |
|    clip_fraction        | 0.109       |
|    clip_range           | 0.2         |
|    entropy_loss         | -17         |
|    explained_variance   | 0.939       |
|    learning_rate        | 0.0001      |
|    loss                 | 151         |
|    n_updates            | 13480       |
|    policy_gradient_loss | -0.0254     |
|    std                  | 2.02        |
|    value_loss           | 512         |
-----------------------------------------
------------------------------------------
| rollout/                |              |
|    ep_len_mean          | 242          |
|    ep_rew_mean          | 22.2         |
|    success_rate         | 0            |
| time/                   |              |
|    fps                  | 1890         |
|    iterations           | 28           |
|    time_elapsed         | 15           |
|    total_timesteps      | 1382400      |
| train/                  |              |
|    approx_kl            | 0.0138952285 |
|    clip_fraction        | 0.139        |
|    clip_range           | 0.2          |
|    entropy_loss         | -17          |
|    explained_variance   | 0.902        |
|    learning_rate        | 0.0001       |
|    loss                 | 59.3         |
|    n_updates            | 13490        |
|    policy_gradient_loss | -0.0342      |
|    std                  | 2.02         |
|    value_loss           | 145          |
------------------------------------------
-----------------------------------------
| rollout/                |             |
|    ep_len_mean          | 245         |
|    ep_rew_mean          | 35          |
|    success_rate         | 0           |
| time/                   |             |
|    fps                  | 1892        |
|    iterations           | 29          |
|    time_elapsed         | 15          |
|    total_timesteps      | 1383424     |
| train/                  |             |
|    approx_kl            | 0.011173626 |
|    clip_fraction        | 0.123       |
|    clip_range           | 0.2         |
|    entropy_loss         | -17         |
|    explained_variance   | 0.863       |
|    learning_rate        | 0.0001      |
|    loss                 | 65.3        |
|    n_updates            | 13500       |
|    policy_gradient_loss | -0.0294     |
|    std                  | 2.02        |
|    value_loss           | 144         |
-----------------------------------------
-----------------------------------------
| rollout/                |             |
|    ep_len_mean          | 245         |
|    ep_rew_mean          | 30.7        |
|    success_rate         | 0           |
| time/                   |             |
|    fps                  | 1895        |
|    iterations           | 30          |
|    time_elapsed         | 16          |
|    total_timesteps      | 1384448     |
| train/                  |             |
|    approx_kl            | 0.033541936 |
|    clip_fraction        | 0.213       |
|    clip_range           | 0.2         |
|    entropy_loss         | -17.1       |
|    explained_variance   | 0.825       |
|    learning_rate        | 0.0001      |
|    loss                 | 15.8        |
|    n_updates            | 13510       |
|    policy_gradient_loss | -0.0365     |
|    std                  | 2.02        |
|    value_loss           | 44          |
-----------------------------------------
-----------------------------------------
| rollout/                |             |
|    ep_len_mean          | 250         |
|    ep_rew_mean          | 26          |
|    success_rate         | 0           |
| time/                   |             |
|    fps                  | 1897        |
|    iterations           | 31          |
|    time_elapsed         | 16          |
|    total_timesteps      | 1385472     |
| train/                  |             |
|    approx_kl            | 0.021063104 |
|    clip_fraction        | 0.196       |
|    clip_range           | 0.2         |
|    entropy_loss         | -17.1       |
|    explained_variance   | 0.917       |
|    learning_rate        | 0.0001      |
|    loss                 | 12.7        |
|    n_updates            | 13520       |
|    policy_gradient_loss | -0.0364     |
|    std                  | 2.02        |
|    value_loss           | 48.6        |
-----------------------------------------
-----------------------------------------
| rollout/                |             |
|    ep_len_mean          | 248         |
|    ep_rew_mean          | 17.4        |
|    success_rate         | 0           |
| time/                   |             |
|    fps                  | 1899        |
|    iterations           | 32          |
|    time_elapsed         | 17          |
|    total_timesteps      | 1386496     |
| train/                  |             |
|    approx_kl            | 0.017774014 |
|    clip_fraction        | 0.188       |
|    clip_range           | 0.2         |
|    entropy_loss         | -17.1       |
|    explained_variance   | 0.91        |
|    learning_rate        | 0.0001      |
|    loss                 | 44.3        |
|    n_updates            | 13530       |
|    policy_gradient_loss | -0.0338     |
|    std                  | 2.02        |
|    value_loss           | 150         |
-----------------------------------------
-----------------------------------------
| rollout/                |             |
|    ep_len_mean          | 250         |
|    ep_rew_mean          | 17.2        |
|    success_rate         | 0           |
| time/                   |             |
|    fps                  | 1901        |
|    iterations           | 33          |
|    time_elapsed         | 17          |
|    total_timesteps      | 1387520     |
| train/                  |             |
|    approx_kl            | 0.013204731 |
|    clip_fraction        | 0.114       |
|    clip_range           | 0.2         |
|    entropy_loss         | -17.1       |
|    explained_variance   | 0.8         |
|    learning_rate        | 0.0001      |
|    loss                 | 227         |
|    n_updates            | 13540       |
|    policy_gradient_loss | -0.0292     |
|    std                  | 2.02        |
|    value_loss           | 308         |
-----------------------------------------
-----------------------------------------
| rollout/                |             |
|    ep_len_mean          | 244         |
|    ep_rew_mean          | -1.05       |
|    success_rate         | 0           |
| time/                   |             |
|    fps                  | 1903        |
|    iterations           | 34          |
|    time_elapsed         | 18          |
|    total_timesteps      | 1388544     |
| train/                  |             |
|    approx_kl            | 0.013661741 |
|    clip_fraction        | 0.143       |
|    clip_range           | 0.2         |
|    entropy_loss         | -17.1       |
|    explained_variance   | 0.864       |
|    learning_rate        | 0.0001      |
|    loss                 | 35          |
|    n_updates            | 13550       |
|    policy_gradient_loss | -0.0328     |
|    std                  | 2.02        |
|    value_loss           | 151         |
-----------------------------------------
-----------------------------------------
| rollout/                |             |
|    ep_len_mean          | 245         |
|    ep_rew_mean          | -12.1       |
|    success_rate         | 0           |
| time/                   |             |
|    fps                  | 1905        |
|    iterations           | 35          |
|    time_elapsed         | 18          |
|    total_timesteps      | 1389568     |
| train/                  |             |
|    approx_kl            | 0.012705384 |
|    clip_fraction        | 0.12        |
|    clip_range           | 0.2         |
|    entropy_loss         | -17.1       |
|    explained_variance   | 0.816       |
|    learning_rate        | 0.0001      |
|    loss                 | 53.2        |
|    n_updates            | 13560       |
|    policy_gradient_loss | -0.0319     |
|    std                  | 2.02        |
|    value_loss           | 285         |
-----------------------------------------
-----------------------------------------
| rollout/                |             |
|    ep_len_mean          | 241         |
|    ep_rew_mean          | -29.1       |
|    success_rate         | 0           |
| time/                   |             |
|    fps                  | 1907        |
|    iterations           | 36          |
|    time_elapsed         | 19          |
|    total_timesteps      | 1390592     |
| train/                  |             |
|    approx_kl            | 0.015577545 |
|    clip_fraction        | 0.117       |
|    clip_range           | 0.2         |
|    entropy_loss         | -17.1       |
|    explained_variance   | 0.929       |
|    learning_rate        | 0.0001      |
|    loss                 | 148         |
|    n_updates            | 13570       |
|    policy_gradient_loss | -0.0308     |
|    std                  | 2.03        |
|    value_loss           | 220         |
-----------------------------------------
-----------------------------------------
| rollout/                |             |
|    ep_len_mean          | 239         |
|    ep_rew_mean          | -26.4       |
|    success_rate         | 0           |
| time/                   |             |
|    fps                  | 1908        |
|    iterations           | 37          |
|    time_elapsed         | 19          |
|    total_timesteps      | 1391616     |
| train/                  |             |
|    approx_kl            | 0.011318552 |
|    clip_fraction        | 0.122       |
|    clip_range           | 0.2         |
|    entropy_loss         | -17.1       |
|    explained_variance   | 0.884       |
|    learning_rate        | 0.0001      |
|    loss                 | 139         |
|    n_updates            | 13580       |
|    policy_gradient_loss | -0.0261     |
|    std                  | 2.03        |
|    value_loss           | 367         |
-----------------------------------------
-----------------------------------------
| rollout/                |             |
|    ep_len_mean          | 239         |
|    ep_rew_mean          | -21.7       |
|    success_rate         | 0           |
| time/                   |             |
|    fps                  | 1910        |
|    iterations           | 38          |
|    time_elapsed         | 20          |
|    total_timesteps      | 1392640     |
| train/                  |             |
|    approx_kl            | 0.008924315 |
|    clip_fraction        | 0.0868      |
|    clip_range           | 0.2         |
|    entropy_loss         | -17.1       |
|    explained_variance   | 0.83        |
|    learning_rate        | 0.0001      |
|    loss                 | 126         |
|    n_updates            | 13590       |
|    policy_gradient_loss | -0.0265     |
|    std                  | 2.03        |
|    value_loss           | 630         |
-----------------------------------------
----------------------------------------
| rollout/                |            |
|    ep_len_mean          | 239        |
|    ep_rew_mean          | -24.4      |
|    success_rate         | 0          |
| time/                   |            |
|    fps                  | 1912       |
|    iterations           | 39         |
|    time_elapsed         | 20         |
|    total_timesteps      | 1393664    |
| train/                  |            |
|    approx_kl            | 0.01790707 |
|    clip_fraction        | 0.185      |
|    clip_range           | 0.2        |
|    entropy_loss         | -17.1      |
|    explained_variance   | 0.897      |
|    learning_rate        | 0.0001     |
|    loss                 | 27.7       |
|    n_updates            | 13600      |
|    policy_gradient_loss | -0.0366    |
|    std                  | 2.03       |
|    value_loss           | 75.5       |
----------------------------------------
----------------------------------------
| rollout/                |            |
|    ep_len_mean          | 235        |
|    ep_rew_mean          | -20.3      |
|    success_rate         | 0          |
| time/                   |            |
|    fps                  | 1913       |
|    iterations           | 40         |
|    time_elapsed         | 21         |
|    total_timesteps      | 1394688    |
| train/                  |            |
|    approx_kl            | 0.01878339 |
|    clip_fraction        | 0.14       |
|    clip_range           | 0.2        |
|    entropy_loss         | -17.1      |
|    explained_variance   | 0.969      |
|    learning_rate        | 0.0001     |
|    loss                 | 17.5       |
|    n_updates            | 13610      |
|    policy_gradient_loss | -0.0301    |
|    std                  | 2.03       |
|    value_loss           | 96.9       |
----------------------------------------
-----------------------------------------
| rollout/                |             |
|    ep_len_mean          | 233         |
|    ep_rew_mean          | -19.6       |
|    success_rate         | 0           |
| time/                   |             |
|    fps                  | 1914        |
|    iterations           | 41          |
|    time_elapsed         | 21          |
|    total_timesteps      | 1395712     |
| train/                  |             |
|    approx_kl            | 0.006989263 |
|    clip_fraction        | 0.0892      |
|    clip_range           | 0.2         |
|    entropy_loss         | -17.1       |
|    explained_variance   | 0.859       |
|    learning_rate        | 0.0001      |
|    loss                 | 376         |
|    n_updates            | 13620       |
|    policy_gradient_loss | -0.0199     |
|    std                  | 2.03        |
|    value_loss           | 1.15e+03    |
-----------------------------------------
----------------------------------------
| rollout/                |            |
|    ep_len_mean          | 233        |
|    ep_rew_mean          | -12.7      |
|    success_rate         | 0          |
| time/                   |            |
|    fps                  | 1915       |
|    iterations           | 42         |
|    time_elapsed         | 22         |
|    total_timesteps      | 1396736    |
| train/                  |            |
|    approx_kl            | 0.01931203 |
|    clip_fraction        | 0.164      |
|    clip_range           | 0.2        |
|    entropy_loss         | -17.1      |
|    explained_variance   | 0.855      |
|    learning_rate        | 0.0001     |
|    loss                 | 51.6       |
|    n_updates            | 13630      |
|    policy_gradient_loss | -0.0358    |
|    std                  | 2.03       |
|    value_loss           | 121        |
----------------------------------------
-----------------------------------------
| rollout/                |             |
|    ep_len_mean          | 234         |
|    ep_rew_mean          | -18.9       |
|    success_rate         | 0           |
| time/                   |             |
|    fps                  | 1916        |
|    iterations           | 43          |
|    time_elapsed         | 22          |
|    total_timesteps      | 1397760     |
| train/                  |             |
|    approx_kl            | 0.017020762 |
|    clip_fraction        | 0.148       |
|    clip_range           | 0.2         |
|    entropy_loss         | -17.1       |
|    explained_variance   | 0.928       |
|    learning_rate        | 0.0001      |
|    loss                 | 26          |
|    n_updates            | 13640       |
|    policy_gradient_loss | -0.0358     |
|    std                  | 2.03        |
|    value_loss           | 94.2        |
-----------------------------------------
-----------------------------------------
| rollout/                |             |
|    ep_len_mean          | 235         |
|    ep_rew_mean          | -1.71       |
|    success_rate         | 0           |
| time/                   |             |
|    fps                  | 1917        |
|    iterations           | 44          |
|    time_elapsed         | 23          |
|    total_timesteps      | 1398784     |
| train/                  |             |
|    approx_kl            | 0.010772841 |
|    clip_fraction        | 0.144       |
|    clip_range           | 0.2         |
|    entropy_loss         | -17.1       |
|    explained_variance   | 0.734       |
|    learning_rate        | 0.0001      |
|    loss                 | 120         |
|    n_updates            | 13650       |
|    policy_gradient_loss | -0.0225     |
|    std                  | 2.03        |
|    value_loss           | 421         |
-----------------------------------------
-----------------------------------------
| rollout/                |             |
|    ep_len_mean          | 235         |
|    ep_rew_mean          | 0.787       |
|    success_rate         | 0           |
| time/                   |             |
|    fps                  | 1917        |
|    iterations           | 45          |
|    time_elapsed         | 24          |
|    total_timesteps      | 1399808     |
| train/                  |             |
|    approx_kl            | 0.015912274 |
|    clip_fraction        | 0.147       |
|    clip_range           | 0.2         |
|    entropy_loss         | -17.1       |
|    explained_variance   | 0.859       |
|    learning_rate        | 0.0001      |
|    loss                 | 38.9        |
|    n_updates            | 13660       |
|    policy_gradient_loss | -0.0317     |
|    std                  | 2.04        |
|    value_loss           | 183         |
-----------------------------------------
-----------------------------------------
| rollout/                |             |
|    ep_len_mean          | 237         |
|    ep_rew_mean          | -7.33       |
|    success_rate         | 0           |
| time/                   |             |
|    fps                  | 1918        |
|    iterations           | 46          |
|    time_elapsed         | 24          |
|    total_timesteps      | 1400832     |
| train/                  |             |
|    approx_kl            | 0.011927949 |
|    clip_fraction        | 0.102       |
|    clip_range           | 0.2         |
|    entropy_loss         | -17.1       |
|    explained_variance   | 0.855       |
|    learning_rate        | 0.0001      |
|    loss                 | 48.7        |
|    n_updates            | 13670       |
|    policy_gradient_loss | -0.0263     |
|    std                  | 2.04        |
|    value_loss           | 405         |
-----------------------------------------
----------------------------------------
| rollout/                |            |
|    ep_len_mean          | 229        |
|    ep_rew_mean          | -8.26      |
|    success_rate         | 0          |
| time/                   |            |
|    fps                  | 1919       |
|    iterations           | 47         |
|    time_elapsed         | 25         |
|    total_timesteps      | 1401856    |
| train/                  |            |
|    approx_kl            | 0.00801467 |
|    clip_fraction        | 0.0525     |
|    clip_range           | 0.2        |
|    entropy_loss         | -17.1      |
|    explained_variance   | 0.846      |
|    learning_rate        | 0.0001     |
|    loss                 | 381        |
|    n_updates            | 13680      |
|    policy_gradient_loss | -0.0238    |
|    std                  | 2.04       |
|    value_loss           | 824        |
----------------------------------------
-----------------------------------------
| rollout/                |             |
|    ep_len_mean          | 232         |
|    ep_rew_mean          | -4.14       |
|    success_rate         | 0           |
| time/                   |             |
|    fps                  | 1920        |
|    iterations           | 48          |
|    time_elapsed         | 25          |
|    total_timesteps      | 1402880     |
| train/                  |             |
|    approx_kl            | 0.014657892 |
|    clip_fraction        | 0.115       |
|    clip_range           | 0.2         |
|    entropy_loss         | -17.1       |
|    explained_variance   | 0.693       |
|    learning_rate        | 0.0001      |
|    loss                 | 130         |
|    n_updates            | 13690       |
|    policy_gradient_loss | -0.0272     |
|    std                  | 2.04        |
|    value_loss           | 498         |
-----------------------------------------
-----------------------------------------
| rollout/                |             |
|    ep_len_mean          | 229         |
|    ep_rew_mean          | 6.05        |
|    success_rate         | 0           |
| time/                   |             |
|    fps                  | 1920        |
|    iterations           | 49          |
|    time_elapsed         | 26          |
|    total_timesteps      | 1403904     |
| train/                  |             |
|    approx_kl            | 0.019671274 |
|    clip_fraction        | 0.163       |
|    clip_range           | 0.2         |
|    entropy_loss         | -17.1       |
|    explained_variance   | 0.908       |
|    learning_rate        | 0.0001      |
|    loss                 | 29.4        |
|    n_updates            | 13700       |
|    policy_gradient_loss | -0.0322     |
|    std                  | 2.04        |
|    value_loss           | 70.9        |
-----------------------------------------
------------------------------------------
| rollout/                |              |
|    ep_len_mean          | 229          |
|    ep_rew_mean          | 11           |
|    success_rate         | 0            |
| time/                   |              |
|    fps                  | 1920         |
|    iterations           | 50           |
|    time_elapsed         | 26           |
|    total_timesteps      | 1404928      |
| train/                  |              |
|    approx_kl            | 0.0098878965 |
|    clip_fraction        | 0.161        |
|    clip_range           | 0.2          |
|    entropy_loss         | -17.1        |
|    explained_variance   | 0.882        |
|    learning_rate        | 0.0001       |
|    loss                 | 160          |
|    n_updates            | 13710        |
|    policy_gradient_loss | -0.0241      |
|    std                  | 2.04         |
|    value_loss           | 612          |
------------------------------------------
-----------------------------------------
| rollout/                |             |
|    ep_len_mean          | 229         |
|    ep_rew_mean          | 10.1        |
|    success_rate         | 0           |
| time/                   |             |
|    fps                  | 1921        |
|    iterations           | 51          |
|    time_elapsed         | 27          |
|    total_timesteps      | 1405952     |
| train/                  |             |
|    approx_kl            | 0.020087624 |
|    clip_fraction        | 0.171       |
|    clip_range           | 0.2         |
|    entropy_loss         | -17.1       |
|    explained_variance   | 0.964       |
|    learning_rate        | 0.0001      |
|    loss                 | 25.4        |
|    n_updates            | 13720       |
|    policy_gradient_loss | -0.0358     |
|    std                  | 2.04        |
|    value_loss           | 121         |
-----------------------------------------
------------------------------------------
| rollout/                |              |
|    ep_len_mean          | 225          |
|    ep_rew_mean          | 3.95         |
|    success_rate         | 0            |
| time/                   |              |
|    fps                  | 1922         |
|    iterations           | 52           |
|    time_elapsed         | 27           |
|    total_timesteps      | 1406976      |
| train/                  |              |
|    approx_kl            | 0.0102485735 |
|    clip_fraction        | 0.121        |
|    clip_range           | 0.2          |
|    entropy_loss         | -17.1        |
|    explained_variance   | 0.894        |
|    learning_rate        | 0.0001       |
|    loss                 | 168          |
|    n_updates            | 13730        |
|    policy_gradient_loss | -0.0247      |
|    std                  | 2.04         |
|    value_loss           | 466          |
------------------------------------------
-----------------------------------------
| rollout/                |             |
|    ep_len_mean          | 223         |
|    ep_rew_mean          | 10.1        |
|    success_rate         | 0           |
| time/                   |             |
|    fps                  | 1921        |
|    iterations           | 53          |
|    time_elapsed         | 28          |
|    total_timesteps      | 1408000     |
| train/                  |             |
|    approx_kl            | 0.012058304 |
|    clip_fraction        | 0.101       |
|    clip_range           | 0.2         |
|    entropy_loss         | -17.1       |
|    explained_variance   | 0.684       |
|    learning_rate        | 0.0001      |
|    loss                 | 239         |
|    n_updates            | 13740       |
|    policy_gradient_loss | -0.0266     |
|    std                  | 2.04        |
|    value_loss           | 416         |
-----------------------------------------
-----------------------------------------
| rollout/                |             |
|    ep_len_mean          | 224         |
|    ep_rew_mean          | 9.07        |
|    success_rate         | 0           |
| time/                   |             |
|    fps                  | 1921        |
|    iterations           | 54          |
|    time_elapsed         | 28          |
|    total_timesteps      | 1409024     |
| train/                  |             |
|    approx_kl            | 0.012570183 |
|    clip_fraction        | 0.121       |
|    clip_range           | 0.2         |
|    entropy_loss         | -17.1       |
|    explained_variance   | 0.745       |
|    learning_rate        | 0.0001      |
|    loss                 | 130         |
|    n_updates            | 13750       |
|    policy_gradient_loss | -0.0317     |
|    std                  | 2.04        |
|    value_loss           | 450         |
-----------------------------------------
-----------------------------------------
| rollout/                |             |
|    ep_len_mean          | 221         |
|    ep_rew_mean          | 6.6         |
|    success_rate         | 0           |
| time/                   |             |
|    fps                  | 1922        |
|    iterations           | 55          |
|    time_elapsed         | 29          |
|    total_timesteps      | 1410048     |
| train/                  |             |
|    approx_kl            | 0.015993394 |
|    clip_fraction        | 0.141       |
|    clip_range           | 0.2         |
|    entropy_loss         | -17.1       |
|    explained_variance   | 0.938       |
|    learning_rate        | 0.0001      |
|    loss                 | 58.8        |
|    n_updates            | 13760       |
|    policy_gradient_loss | -0.0325     |
|    std                  | 2.04        |
|    value_loss           | 144         |
-----------------------------------------
-----------------------------------------
| rollout/                |             |
|    ep_len_mean          | 222         |
|    ep_rew_mean          | 17          |
|    success_rate         | 0           |
| time/                   |             |
|    fps                  | 1918        |
|    iterations           | 56          |
|    time_elapsed         | 29          |
|    total_timesteps      | 1411072     |
| train/                  |             |
|    approx_kl            | 0.015736405 |
|    clip_fraction        | 0.172       |
|    clip_range           | 0.2         |
|    entropy_loss         | -17.1       |
|    explained_variance   | 0.903       |
|    learning_rate        | 0.0001      |
|    loss                 | 64.1        |
|    n_updates            | 13770       |
|    policy_gradient_loss | -0.0403     |
|    std                  | 2.04        |
|    value_loss           | 209         |
-----------------------------------------
----------------------------------------
| rollout/                |            |
|    ep_len_mean          | 225        |
|    ep_rew_mean          | 32.7       |
|    success_rate         | 0          |
| time/                   |            |
|    fps                  | 1852       |
|    iterations           | 57         |
|    time_elapsed         | 31         |
|    total_timesteps      | 1412096    |
| train/                  |            |
|    approx_kl            | 0.01787429 |
|    clip_fraction        | 0.174      |
|    clip_range           | 0.2        |
|    entropy_loss         | -17.1      |
|    explained_variance   | 0.848      |
|    learning_rate        | 0.0001     |
|    loss                 | 44.1       |
|    n_updates            | 13780      |
|    policy_gradient_loss | -0.0342    |
|    std                  | 2.04       |
|    value_loss           | 140        |
----------------------------------------
-----------------------------------------
| rollout/                |             |
|    ep_len_mean          | 226         |
|    ep_rew_mean          | 39.7        |
|    success_rate         | 0           |
| time/                   |             |
|    fps                  | 1849        |
|    iterations           | 58          |
|    time_elapsed         | 32          |
|    total_timesteps      | 1413120     |
| train/                  |             |
|    approx_kl            | 0.016444769 |
|    clip_fraction        | 0.155       |
|    clip_range           | 0.2         |
|    entropy_loss         | -17.1       |
|    explained_variance   | 0.899       |
|    learning_rate        | 0.0001      |
|    loss                 | 82.1        |
|    n_updates            | 13790       |
|    policy_gradient_loss | -0.0336     |
|    std                  | 2.04        |
|    value_loss           | 197         |
-----------------------------------------
----------------------------------------
| rollout/                |            |
|    ep_len_mean          | 225        |
|    ep_rew_mean          | 53.1       |
|    success_rate         | 0          |
| time/                   |            |
|    fps                  | 1850       |
|    iterations           | 59         |
|    time_elapsed         | 32         |
|    total_timesteps      | 1414144    |
| train/                  |            |
|    approx_kl            | 0.02046322 |
|    clip_fraction        | 0.243      |
|    clip_range           | 0.2        |
|    entropy_loss         | -17.1      |
|    explained_variance   | 0.939      |
|    learning_rate        | 0.0001     |
|    loss                 | 64.1       |
|    n_updates            | 13800      |
|    policy_gradient_loss | -0.0368    |
|    std                  | 2.04       |
|    value_loss           | 139        |
----------------------------------------
-----------------------------------------
| rollout/                |             |
|    ep_len_mean          | 225         |
|    ep_rew_mean          | 51.3        |
|    success_rate         | 0           |
| time/                   |             |
|    fps                  | 1852        |
|    iterations           | 60          |
|    time_elapsed         | 33          |
|    total_timesteps      | 1415168     |
| train/                  |             |
|    approx_kl            | 0.017102037 |
|    clip_fraction        | 0.16        |
|    clip_range           | 0.2         |
|    entropy_loss         | -17.1       |
|    explained_variance   | 0.842       |
|    learning_rate        | 0.0001      |
|    loss                 | 41.4        |
|    n_updates            | 13810       |
|    policy_gradient_loss | -0.0346     |
|    std                  | 2.05        |
|    value_loss           | 130         |
-----------------------------------------
------------------------------------------
| rollout/                |              |
|    ep_len_mean          | 223          |
|    ep_rew_mean          | 49.8         |
|    success_rate         | 0            |
| time/                   |              |
|    fps                  | 1853         |
|    iterations           | 61           |
|    time_elapsed         | 33           |
|    total_timesteps      | 1416192      |
| train/                  |              |
|    approx_kl            | 0.0131996665 |
|    clip_fraction        | 0.14         |
|    clip_range           | 0.2          |
|    entropy_loss         | -17.1        |
|    explained_variance   | 0.848        |
|    learning_rate        | 0.0001       |
|    loss                 | 94.1         |
|    n_updates            | 13820        |
|    policy_gradient_loss | -0.0308      |
|    std                  | 2.05         |
|    value_loss           | 266          |
------------------------------------------
-----------------------------------------
| rollout/                |             |
|    ep_len_mean          | 225         |
|    ep_rew_mean          | 58.4        |
|    success_rate         | 0           |
| time/                   |             |
|    fps                  | 1855        |
|    iterations           | 62          |
|    time_elapsed         | 34          |
|    total_timesteps      | 1417216     |
| train/                  |             |
|    approx_kl            | 0.014665686 |
|    clip_fraction        | 0.151       |
|    clip_range           | 0.2         |
|    entropy_loss         | -17.1       |
|    explained_variance   | 0.89        |
|    learning_rate        | 0.0001      |
|    loss                 | 25.9        |
|    n_updates            | 13830       |
|    policy_gradient_loss | -0.0386     |
|    std                  | 2.05        |
|    value_loss           | 143         |
-----------------------------------------
-----------------------------------------
| rollout/                |             |
|    ep_len_mean          | 227         |
|    ep_rew_mean          | 58.8        |
|    success_rate         | 0           |
| time/                   |             |
|    fps                  | 1857        |
|    iterations           | 63          |
|    time_elapsed         | 34          |
|    total_timesteps      | 1418240     |
| train/                  |             |
|    approx_kl            | 0.015961953 |
|    clip_fraction        | 0.178       |
|    clip_range           | 0.2         |
|    entropy_loss         | -17.1       |
|    explained_variance   | 0.74        |
|    learning_rate        | 0.0001      |
|    loss                 | 36.9        |
|    n_updates            | 13840       |
|    policy_gradient_loss | -0.0368     |
|    std                  | 2.05        |
|    value_loss           | 87          |
-----------------------------------------
-----------------------------------------
| rollout/                |             |
|    ep_len_mean          | 218         |
|    ep_rew_mean          | 58.8        |
|    success_rate         | 0           |
| time/                   |             |
|    fps                  | 1859        |
|    iterations           | 64          |
|    time_elapsed         | 35          |
|    total_timesteps      | 1419264     |
| train/                  |             |
|    approx_kl            | 0.019813336 |
|    clip_fraction        | 0.191       |
|    clip_range           | 0.2         |
|    entropy_loss         | -17.1       |
|    explained_variance   | 0.925       |
|    learning_rate        | 0.0001      |
|    loss                 | 27.4        |
|    n_updates            | 13850       |
|    policy_gradient_loss | -0.0376     |
|    std                  | 2.05        |
|    value_loss           | 72.7        |
-----------------------------------------
-----------------------------------------
| rollout/                |             |
|    ep_len_mean          | 217         |
|    ep_rew_mean          | 52.5        |
|    success_rate         | 0           |
| time/                   |             |
|    fps                  | 1860        |
|    iterations           | 65          |
|    time_elapsed         | 35          |
|    total_timesteps      | 1420288     |
| train/                  |             |
|    approx_kl            | 0.009299306 |
|    clip_fraction        | 0.102       |
|    clip_range           | 0.2         |
|    entropy_loss         | -17.1       |
|    explained_variance   | 0.619       |
|    learning_rate        | 0.0001      |
|    loss                 | 174         |
|    n_updates            | 13860       |
|    policy_gradient_loss | -0.0271     |
|    std                  | 2.05        |
|    value_loss           | 574         |
-----------------------------------------
-----------------------------------------
| rollout/                |             |
|    ep_len_mean          | 215         |
|    ep_rew_mean          | 46.6        |
|    success_rate         | 0           |
| time/                   |             |
|    fps                  | 1861        |
|    iterations           | 66          |
|    time_elapsed         | 36          |
|    total_timesteps      | 1421312     |
| train/                  |             |
|    approx_kl            | 0.021375375 |
|    clip_fraction        | 0.176       |
|    clip_range           | 0.2         |
|    entropy_loss         | -17.1       |
|    explained_variance   | 0.893       |
|    learning_rate        | 0.0001      |
|    loss                 | 20          |
|    n_updates            | 13870       |
|    policy_gradient_loss | -0.0375     |
|    std                  | 2.05        |
|    value_loss           | 106         |
-----------------------------------------
-----------------------------------------
| rollout/                |             |
|    ep_len_mean          | 214         |
|    ep_rew_mean          | 52.5        |
|    success_rate         | 0           |
| time/                   |             |
|    fps                  | 1863        |
|    iterations           | 67          |
|    time_elapsed         | 36          |
|    total_timesteps      | 1422336     |
| train/                  |             |
|    approx_kl            | 0.013660876 |
|    clip_fraction        | 0.15        |
|    clip_range           | 0.2         |
|    entropy_loss         | -17.1       |
|    explained_variance   | 0.871       |
|    learning_rate        | 0.0001      |
|    loss                 | 109         |
|    n_updates            | 13880       |
|    policy_gradient_loss | -0.0334     |
|    std                  | 2.05        |
|    value_loss           | 314         |
-----------------------------------------
-----------------------------------------
| rollout/                |             |
|    ep_len_mean          | 218         |
|    ep_rew_mean          | 51          |
|    success_rate         | 0           |
| time/                   |             |
|    fps                  | 1864        |
|    iterations           | 68          |
|    time_elapsed         | 37          |
|    total_timesteps      | 1423360     |
| train/                  |             |
|    approx_kl            | 0.018294012 |
|    clip_fraction        | 0.169       |
|    clip_range           | 0.2         |
|    entropy_loss         | -17.1       |
|    explained_variance   | 0.87        |
|    learning_rate        | 0.0001      |
|    loss                 | 39.5        |
|    n_updates            | 13890       |
|    policy_gradient_loss | -0.033      |
|    std                  | 2.05        |
|    value_loss           | 117         |
-----------------------------------------
----------------------------------------
| rollout/                |            |
|    ep_len_mean          | 223        |
|    ep_rew_mean          | 55.1       |
|    success_rate         | 0          |
| time/                   |            |
|    fps                  | 1865       |
|    iterations           | 69         |
|    time_elapsed         | 37         |
|    total_timesteps      | 1424384    |
| train/                  |            |
|    approx_kl            | 0.01719153 |
|    clip_fraction        | 0.164      |
|    clip_range           | 0.2        |
|    entropy_loss         | -17.1      |
|    explained_variance   | 0.923      |
|    learning_rate        | 0.0001     |
|    loss                 | 77         |
|    n_updates            | 13900      |
|    policy_gradient_loss | -0.0377    |
|    std                  | 2.05       |
|    value_loss           | 119        |
----------------------------------------
-----------------------------------------
| rollout/                |             |
|    ep_len_mean          | 223         |
|    ep_rew_mean          | 51          |
|    success_rate         | 0           |
| time/                   |             |
|    fps                  | 1866        |
|    iterations           | 70          |
|    time_elapsed         | 38          |
|    total_timesteps      | 1425408     |
| train/                  |             |
|    approx_kl            | 0.020755101 |
|    clip_fraction        | 0.195       |
|    clip_range           | 0.2         |
|    entropy_loss         | -17.1       |
|    explained_variance   | 0.89        |
|    learning_rate        | 0.0001      |
|    loss                 | 31.2        |
|    n_updates            | 13910       |
|    policy_gradient_loss | -0.0398     |
|    std                  | 2.05        |
|    value_loss           | 112         |
-----------------------------------------
-----------------------------------------
| rollout/                |             |
|    ep_len_mean          | 226         |
|    ep_rew_mean          | 55.7        |
|    success_rate         | 0           |
| time/                   |             |
|    fps                  | 1868        |
|    iterations           | 71          |
|    time_elapsed         | 38          |
|    total_timesteps      | 1426432     |
| train/                  |             |
|    approx_kl            | 0.019628154 |
|    clip_fraction        | 0.172       |
|    clip_range           | 0.2         |
|    entropy_loss         | -17.1       |
|    explained_variance   | 0.816       |
|    learning_rate        | 0.0001      |
|    loss                 | 39.3        |
|    n_updates            | 13920       |
|    policy_gradient_loss | -0.0338     |
|    std                  | 2.06        |
|    value_loss           | 99.1        |
-----------------------------------------
----------------------------------------
| rollout/                |            |
|    ep_len_mean          | 234        |
|    ep_rew_mean          | 59.8       |
|    success_rate         | 0          |
| time/                   |            |
|    fps                  | 1869       |
|    iterations           | 72         |
|    time_elapsed         | 39         |
|    total_timesteps      | 1427456    |
| train/                  |            |
|    approx_kl            | 0.01964217 |
|    clip_fraction        | 0.202      |
|    clip_range           | 0.2        |
|    entropy_loss         | -17.1      |
|    explained_variance   | 0.889      |
|    learning_rate        | 0.0001     |
|    loss                 | 18.2       |
|    n_updates            | 13930      |
|    policy_gradient_loss | -0.0364    |
|    std                  | 2.06       |
|    value_loss           | 108        |
----------------------------------------
-----------------------------------------
| rollout/                |             |
|    ep_len_mean          | 233         |
|    ep_rew_mean          | 64.4        |
|    success_rate         | 0           |
| time/                   |             |
|    fps                  | 1870        |
|    iterations           | 73          |
|    time_elapsed         | 39          |
|    total_timesteps      | 1428480     |
| train/                  |             |
|    approx_kl            | 0.017535029 |
|    clip_fraction        | 0.174       |
|    clip_range           | 0.2         |
|    entropy_loss         | -17.2       |
|    explained_variance   | 0.87        |
|    learning_rate        | 0.0001      |
|    loss                 | 94.5        |
|    n_updates            | 13940       |
|    policy_gradient_loss | -0.0275     |
|    std                  | 2.06        |
|    value_loss           | 247         |
-----------------------------------------
-----------------------------------------
| rollout/                |             |
|    ep_len_mean          | 231         |
|    ep_rew_mean          | 63          |
|    success_rate         | 0           |
| time/                   |             |
|    fps                  | 1870        |
|    iterations           | 74          |
|    time_elapsed         | 40          |
|    total_timesteps      | 1429504     |
| train/                  |             |
|    approx_kl            | 0.020879772 |
|    clip_fraction        | 0.201       |
|    clip_range           | 0.2         |
|    entropy_loss         | -17.2       |
|    explained_variance   | 0.736       |
|    learning_rate        | 0.0001      |
|    loss                 | 24.2        |
|    n_updates            | 13950       |
|    policy_gradient_loss | -0.0333     |
|    std                  | 2.07        |
|    value_loss           | 110         |
-----------------------------------------
------------------------------------------
| rollout/                |              |
|    ep_len_mean          | 229          |
|    ep_rew_mean          | 58.5         |
|    success_rate         | 0            |
| time/                   |              |
|    fps                  | 1871         |
|    iterations           | 75           |
|    time_elapsed         | 41           |
|    total_timesteps      | 1430528      |
| train/                  |              |
|    approx_kl            | 0.0144889075 |
|    clip_fraction        | 0.154        |
|    clip_range           | 0.2          |
|    entropy_loss         | -17.2        |
|    explained_variance   | 0.948        |
|    learning_rate        | 0.0001       |
|    loss                 | 188          |
|    n_updates            | 13960        |
|    policy_gradient_loss | -0.0343      |
|    std                  | 2.07         |
|    value_loss           | 304          |
------------------------------------------
-----------------------------------------
| rollout/                |             |
|    ep_len_mean          | 230         |
|    ep_rew_mean          | 70.6        |
|    success_rate         | 0           |
| time/                   |             |
|    fps                  | 1872        |
|    iterations           | 76          |
|    time_elapsed         | 41          |
|    total_timesteps      | 1431552     |
| train/                  |             |
|    approx_kl            | 0.013507141 |
|    clip_fraction        | 0.158       |
|    clip_range           | 0.2         |
|    entropy_loss         | -17.2       |
|    explained_variance   | 0.834       |
|    learning_rate        | 0.0001      |
|    loss                 | 160         |
|    n_updates            | 13970       |
|    policy_gradient_loss | -0.0356     |
|    std                  | 2.07        |
|    value_loss           | 242         |
-----------------------------------------
-----------------------------------------
| rollout/                |             |
|    ep_len_mean          | 229         |
|    ep_rew_mean          | 72.3        |
|    success_rate         | 0           |
| time/                   |             |
|    fps                  | 1873        |
|    iterations           | 77          |
|    time_elapsed         | 42          |
|    total_timesteps      | 1432576     |
| train/                  |             |
|    approx_kl            | 0.014069513 |
|    clip_fraction        | 0.165       |
|    clip_range           | 0.2         |
|    entropy_loss         | -17.2       |
|    explained_variance   | 0.876       |
|    learning_rate        | 0.0001      |
|    loss                 | 172         |
|    n_updates            | 13980       |
|    policy_gradient_loss | -0.0271     |
|    std                  | 2.07        |
|    value_loss           | 391         |
-----------------------------------------
-----------------------------------------
| rollout/                |             |
|    ep_len_mean          | 235         |
|    ep_rew_mean          | 82.7        |
|    success_rate         | 0           |
| time/                   |             |
|    fps                  | 1874        |
|    iterations           | 78          |
|    time_elapsed         | 42          |
|    total_timesteps      | 1433600     |
| train/                  |             |
|    approx_kl            | 0.022529922 |
|    clip_fraction        | 0.204       |
|    clip_range           | 0.2         |
|    entropy_loss         | -17.2       |
|    explained_variance   | 0.902       |
|    learning_rate        | 0.0001      |
|    loss                 | 27.6        |
|    n_updates            | 13990       |
|    policy_gradient_loss | -0.0363     |
|    std                  | 2.07        |
|    value_loss           | 82.5        |
-----------------------------------------
------------------------------------------
| rollout/                |              |
|    ep_len_mean          | 235          |
|    ep_rew_mean          | 81.6         |
|    success_rate         | 0            |
| time/                   |              |
|    fps                  | 1875         |
|    iterations           | 79           |
|    time_elapsed         | 43           |
|    total_timesteps      | 1434624      |
| train/                  |              |
|    approx_kl            | 0.0154880695 |
|    clip_fraction        | 0.16         |
|    clip_range           | 0.2          |
|    entropy_loss         | -17.2        |
|    explained_variance   | 0.835        |
|    learning_rate        | 0.0001       |
|    loss                 | 98.3         |
|    n_updates            | 14000        |
|    policy_gradient_loss | -0.0299      |
|    std                  | 2.07         |
|    value_loss           | 202          |
------------------------------------------
-----------------------------------------
| rollout/                |             |
|    ep_len_mean          | 232         |
|    ep_rew_mean          | 81.8        |
|    success_rate         | 0           |
| time/                   |             |
|    fps                  | 1876        |
|    iterations           | 80          |
|    time_elapsed         | 43          |
|    total_timesteps      | 1435648     |
| train/                  |             |
|    approx_kl            | 0.030322589 |
|    clip_fraction        | 0.276       |
|    clip_range           | 0.2         |
|    entropy_loss         | -17.2       |
|    explained_variance   | 0.962       |
|    learning_rate        | 0.0001      |
|    loss                 | 6.81        |
|    n_updates            | 14010       |
|    policy_gradient_loss | -0.0459     |
|    std                  | 2.07        |
|    value_loss           | 34.5        |
-----------------------------------------
-----------------------------------------
| rollout/                |             |
|    ep_len_mean          | 235         |
|    ep_rew_mean          | 68.5        |
|    success_rate         | 0           |
| time/                   |             |
|    fps                  | 1877        |
|    iterations           | 81          |
|    time_elapsed         | 44          |
|    total_timesteps      | 1436672     |
| train/                  |             |
|    approx_kl            | 0.022819351 |
|    clip_fraction        | 0.218       |
|    clip_range           | 0.2         |
|    entropy_loss         | -17.2       |
|    explained_variance   | 0.893       |
|    learning_rate        | 0.0001      |
|    loss                 | 11          |
|    n_updates            | 14020       |
|    policy_gradient_loss | -0.0386     |
|    std                  | 2.08        |
|    value_loss           | 38.2        |
-----------------------------------------
-----------------------------------------
| rollout/                |             |
|    ep_len_mean          | 241         |
|    ep_rew_mean          | 66.4        |
|    success_rate         | 0           |
| time/                   |             |
|    fps                  | 1877        |
|    iterations           | 82          |
|    time_elapsed         | 44          |
|    total_timesteps      | 1437696     |
| train/                  |             |
|    approx_kl            | 0.009000243 |
|    clip_fraction        | 0.11        |
|    clip_range           | 0.2         |
|    entropy_loss         | -17.2       |
|    explained_variance   | 0.928       |
|    learning_rate        | 0.0001      |
|    loss                 | 212         |
|    n_updates            | 14030       |
|    policy_gradient_loss | -0.0188     |
|    std                  | 2.08        |
|    value_loss           | 726         |
-----------------------------------------
-----------------------------------------
| rollout/                |             |
|    ep_len_mean          | 235         |
|    ep_rew_mean          | 61.4        |
|    success_rate         | 0           |
| time/                   |             |
|    fps                  | 1878        |
|    iterations           | 83          |
|    time_elapsed         | 45          |
|    total_timesteps      | 1438720     |
| train/                  |             |
|    approx_kl            | 0.012046641 |
|    clip_fraction        | 0.112       |
|    clip_range           | 0.2         |
|    entropy_loss         | -17.2       |
|    explained_variance   | 0.967       |
|    learning_rate        | 0.0001      |
|    loss                 | 170         |
|    n_updates            | 14040       |
|    policy_gradient_loss | -0.0275     |
|    std                  | 2.08        |
|    value_loss           | 325         |
-----------------------------------------
-----------------------------------------
| rollout/                |             |
|    ep_len_mean          | 235         |
|    ep_rew_mean          | 63.6        |
|    success_rate         | 0           |
| time/                   |             |
|    fps                  | 1879        |
|    iterations           | 84          |
|    time_elapsed         | 45          |
|    total_timesteps      | 1439744     |
| train/                  |             |
|    approx_kl            | 0.015393859 |
|    clip_fraction        | 0.159       |
|    clip_range           | 0.2         |
|    entropy_loss         | -17.2       |
|    explained_variance   | 0.901       |
|    learning_rate        | 0.0001      |
|    loss                 | 123         |
|    n_updates            | 14050       |
|    policy_gradient_loss | -0.0336     |
|    std                  | 2.08        |
|    value_loss           | 230         |
-----------------------------------------
-----------------------------------------
| rollout/                |             |
|    ep_len_mean          | 231         |
|    ep_rew_mean          | 56.7        |
|    success_rate         | 0           |
| time/                   |             |
|    fps                  | 1880        |
|    iterations           | 85          |
|    time_elapsed         | 46          |
|    total_timesteps      | 1440768     |
| train/                  |             |
|    approx_kl            | 0.019898176 |
|    clip_fraction        | 0.194       |
|    clip_range           | 0.2         |
|    entropy_loss         | -17.2       |
|    explained_variance   | 0.901       |
|    learning_rate        | 0.0001      |
|    loss                 | 18.5        |
|    n_updates            | 14060       |
|    policy_gradient_loss | -0.0354     |
|    std                  | 2.08        |
|    value_loss           | 67          |
-----------------------------------------
-----------------------------------------
| rollout/                |             |
|    ep_len_mean          | 232         |
|    ep_rew_mean          | 59.2        |
|    success_rate         | 0           |
| time/                   |             |
|    fps                  | 1881        |
|    iterations           | 86          |
|    time_elapsed         | 46          |
|    total_timesteps      | 1441792     |
| train/                  |             |
|    approx_kl            | 0.014485213 |
|    clip_fraction        | 0.161       |
|    clip_range           | 0.2         |
|    entropy_loss         | -17.2       |
|    explained_variance   | 0.911       |
|    learning_rate        | 0.0001      |
|    loss                 | 109         |
|    n_updates            | 14070       |
|    policy_gradient_loss | -0.0346     |
|    std                  | 2.08        |
|    value_loss           | 192         |
-----------------------------------------
-----------------------------------------
| rollout/                |             |
|    ep_len_mean          | 228         |
|    ep_rew_mean          | 55.6        |
|    success_rate         | 0           |
| time/                   |             |
|    fps                  | 1882        |
|    iterations           | 87          |
|    time_elapsed         | 47          |
|    total_timesteps      | 1442816     |
| train/                  |             |
|    approx_kl            | 0.016855378 |
|    clip_fraction        | 0.141       |
|    clip_range           | 0.2         |
|    entropy_loss         | -17.2       |
|    explained_variance   | 0.711       |
|    learning_rate        | 0.0001      |
|    loss                 | 128         |
|    n_updates            | 14080       |
|    policy_gradient_loss | -0.0302     |
|    std                  | 2.08        |
|    value_loss           | 371         |
-----------------------------------------
-----------------------------------------
| rollout/                |             |
|    ep_len_mean          | 228         |
|    ep_rew_mean          | 60          |
|    success_rate         | 0           |
| time/                   |             |
|    fps                  | 1883        |
|    iterations           | 88          |
|    time_elapsed         | 47          |
|    total_timesteps      | 1443840     |
| train/                  |             |
|    approx_kl            | 0.016151462 |
|    clip_fraction        | 0.129       |
|    clip_range           | 0.2         |
|    entropy_loss         | -17.2       |
|    explained_variance   | 0.948       |
|    learning_rate        | 0.0001      |
|    loss                 | 20.7        |
|    n_updates            | 14090       |
|    policy_gradient_loss | -0.0317     |
|    std                  | 2.08        |
|    value_loss           | 166         |
-----------------------------------------
-----------------------------------------
| rollout/                |             |
|    ep_len_mean          | 225         |
|    ep_rew_mean          | 53.5        |
|    success_rate         | 0           |
| time/                   |             |
|    fps                  | 1883        |
|    iterations           | 89          |
|    time_elapsed         | 48          |
|    total_timesteps      | 1444864     |
| train/                  |             |
|    approx_kl            | 0.025799964 |
|    clip_fraction        | 0.226       |
|    clip_range           | 0.2         |
|    entropy_loss         | -17.2       |
|    explained_variance   | 0.972       |
|    learning_rate        | 0.0001      |
|    loss                 | 7.95        |
|    n_updates            | 14100       |
|    policy_gradient_loss | -0.0417     |
|    std                  | 2.08        |
|    value_loss           | 43.8        |
-----------------------------------------
-----------------------------------------
| rollout/                |             |
|    ep_len_mean          | 222         |
|    ep_rew_mean          | 51.4        |
|    success_rate         | 0           |
| time/                   |             |
|    fps                  | 1884        |
|    iterations           | 90          |
|    time_elapsed         | 48          |
|    total_timesteps      | 1445888     |
| train/                  |             |
|    approx_kl            | 0.013620981 |
|    clip_fraction        | 0.151       |
|    clip_range           | 0.2         |
|    entropy_loss         | -17.2       |
|    explained_variance   | 0.956       |
|    learning_rate        | 0.0001      |
|    loss                 | 154         |
|    n_updates            | 14110       |
|    policy_gradient_loss | -0.023      |
|    std                  | 2.08        |
|    value_loss           | 449         |
-----------------------------------------
-----------------------------------------
| rollout/                |             |
|    ep_len_mean          | 224         |
|    ep_rew_mean          | 52          |
|    success_rate         | 0           |
| time/                   |             |
|    fps                  | 1885        |
|    iterations           | 91          |
|    time_elapsed         | 49          |
|    total_timesteps      | 1446912     |
| train/                  |             |
|    approx_kl            | 0.018220877 |
|    clip_fraction        | 0.195       |
|    clip_range           | 0.2         |
|    entropy_loss         | -17.2       |
|    explained_variance   | 0.94        |
|    learning_rate        | 0.0001      |
|    loss                 | 31.4        |
|    n_updates            | 14120       |
|    policy_gradient_loss | -0.0392     |
|    std                  | 2.08        |
|    value_loss           | 97.5        |
-----------------------------------------
-----------------------------------------
| rollout/                |             |
|    ep_len_mean          | 224         |
|    ep_rew_mean          | 56.7        |
|    success_rate         | 0           |
| time/                   |             |
|    fps                  | 1885        |
|    iterations           | 92          |
|    time_elapsed         | 49          |
|    total_timesteps      | 1447936     |
| train/                  |             |
|    approx_kl            | 0.012711683 |
|    clip_fraction        | 0.182       |
|    clip_range           | 0.2         |
|    entropy_loss         | -17.2       |
|    explained_variance   | 0.943       |
|    learning_rate        | 0.0001      |
|    loss                 | 69.1        |
|    n_updates            | 14130       |
|    policy_gradient_loss | -0.0316     |
|    std                  | 2.08        |
|    value_loss           | 248         |
-----------------------------------------
-----------------------------------------
| rollout/                |             |
|    ep_len_mean          | 219         |
|    ep_rew_mean          | 52.7        |
|    success_rate         | 0           |
| time/                   |             |
|    fps                  | 1886        |
|    iterations           | 93          |
|    time_elapsed         | 50          |
|    total_timesteps      | 1448960     |
| train/                  |             |
|    approx_kl            | 0.012243712 |
|    clip_fraction        | 0.124       |
|    clip_range           | 0.2         |
|    entropy_loss         | -17.2       |
|    explained_variance   | 0.87        |
|    learning_rate        | 0.0001      |
|    loss                 | 118         |
|    n_updates            | 14140       |
|    policy_gradient_loss | -0.029      |
|    std                  | 2.08        |
|    value_loss           | 460         |
-----------------------------------------
-----------------------------------------
| rollout/                |             |
|    ep_len_mean          | 223         |
|    ep_rew_mean          | 57.8        |
|    success_rate         | 0           |
| time/                   |             |
|    fps                  | 1887        |
|    iterations           | 94          |
|    time_elapsed         | 51          |
|    total_timesteps      | 1449984     |
| train/                  |             |
|    approx_kl            | 0.016586376 |
|    clip_fraction        | 0.146       |
|    clip_range           | 0.2         |
|    entropy_loss         | -17.2       |
|    explained_variance   | 0.925       |
|    learning_rate        | 0.0001      |
|    loss                 | 22          |
|    n_updates            | 14150       |
|    policy_gradient_loss | -0.0313     |
|    std                  | 2.08        |
|    value_loss           | 87.4        |
-----------------------------------------
-----------------------------------------
| rollout/                |             |
|    ep_len_mean          | 220         |
|    ep_rew_mean          | 51.8        |
|    success_rate         | 0           |
| time/                   |             |
|    fps                  | 1887        |
|    iterations           | 95          |
|    time_elapsed         | 51          |
|    total_timesteps      | 1451008     |
| train/                  |             |
|    approx_kl            | 0.016397264 |
|    clip_fraction        | 0.164       |
|    clip_range           | 0.2         |
|    entropy_loss         | -17.2       |
|    explained_variance   | 0.941       |
|    learning_rate        | 0.0001      |
|    loss                 | 58.5        |
|    n_updates            | 14160       |
|    policy_gradient_loss | -0.0274     |
|    std                  | 2.08        |
|    value_loss           | 94.9        |
-----------------------------------------
-----------------------------------------
| rollout/                |             |
|    ep_len_mean          | 223         |
|    ep_rew_mean          | 59.3        |
|    success_rate         | 0           |
| time/                   |             |
|    fps                  | 1888        |
|    iterations           | 96          |
|    time_elapsed         | 52          |
|    total_timesteps      | 1452032     |
| train/                  |             |
|    approx_kl            | 0.015713623 |
|    clip_fraction        | 0.185       |
|    clip_range           | 0.2         |
|    entropy_loss         | -17.2       |
|    explained_variance   | 0.917       |
|    learning_rate        | 0.0001      |
|    loss                 | 32.1        |
|    n_updates            | 14170       |
|    policy_gradient_loss | -0.0329     |
|    std                  | 2.08        |
|    value_loss           | 147         |
-----------------------------------------
-----------------------------------------
| rollout/                |             |
|    ep_len_mean          | 225         |
|    ep_rew_mean          | 53.9        |
|    success_rate         | 0           |
| time/                   |             |
|    fps                  | 1889        |
|    iterations           | 97          |
|    time_elapsed         | 52          |
|    total_timesteps      | 1453056     |
| train/                  |             |
|    approx_kl            | 0.014669787 |
|    clip_fraction        | 0.141       |
|    clip_range           | 0.2         |
|    entropy_loss         | -17.2       |
|    explained_variance   | 0.865       |
|    learning_rate        | 0.0001      |
|    loss                 | 86.9        |
|    n_updates            | 14180       |
|    policy_gradient_loss | -0.0327     |
|    std                  | 2.08        |
|    value_loss           | 187         |
-----------------------------------------
------------------------------------------
| rollout/                |              |
|    ep_len_mean          | 221          |
|    ep_rew_mean          | 51.2         |
|    success_rate         | 0            |
| time/                   |              |
|    fps                  | 1889         |
|    iterations           | 98           |
|    time_elapsed         | 53           |
|    total_timesteps      | 1454080      |
| train/                  |              |
|    approx_kl            | 0.0121498965 |
|    clip_fraction        | 0.135        |
|    clip_range           | 0.2          |
|    entropy_loss         | -17.2        |
|    explained_variance   | 0.853        |
|    learning_rate        | 0.0001       |
|    loss                 | 349          |
|    n_updates            | 14190        |
|    policy_gradient_loss | -0.0249      |
|    std                  | 2.08         |
|    value_loss           | 637          |
------------------------------------------
-----------------------------------------
| rollout/                |             |
|    ep_len_mean          | 216         |
|    ep_rew_mean          | 41.7        |
|    success_rate         | 0           |
| time/                   |             |
|    fps                  | 1887        |
|    iterations           | 99          |
|    time_elapsed         | 53          |
|    total_timesteps      | 1455104     |
| train/                  |             |
|    approx_kl            | 0.014980036 |
|    clip_fraction        | 0.181       |
|    clip_range           | 0.2         |
|    entropy_loss         | -17.2       |
|    explained_variance   | 0.835       |
|    learning_rate        | 0.0001      |
|    loss                 | 81.6        |
|    n_updates            | 14200       |
|    policy_gradient_loss | -0.0331     |
|    std                  | 2.09        |
|    value_loss           | 294         |
-----------------------------------------
-----------------------------------------
| rollout/                |             |
|    ep_len_mean          | 211         |
|    ep_rew_mean          | 26.4        |
|    success_rate         | 0           |
| time/                   |             |
|    fps                  | 1888        |
|    iterations           | 100         |
|    time_elapsed         | 54          |
|    total_timesteps      | 1456128     |
| train/                  |             |
|    approx_kl            | 0.011134393 |
|    clip_fraction        | 0.0699      |
|    clip_range           | 0.2         |
|    entropy_loss         | -17.2       |
|    explained_variance   | 0.939       |
|    learning_rate        | 0.0001      |
|    loss                 | 174         |
|    n_updates            | 14210       |
|    policy_gradient_loss | -0.0246     |
|    std                  | 2.09        |
|    value_loss           | 426         |
-----------------------------------------
-----------------------------------------
| rollout/                |             |
|    ep_len_mean          | 214         |
|    ep_rew_mean          | 23.1        |
|    success_rate         | 0           |
| time/                   |             |
|    fps                  | 1888        |
|    iterations           | 101         |
|    time_elapsed         | 54          |
|    total_timesteps      | 1457152     |
| train/                  |             |
|    approx_kl            | 0.016754987 |
|    clip_fraction        | 0.147       |
|    clip_range           | 0.2         |
|    entropy_loss         | -17.2       |
|    explained_variance   | 0.61        |
|    learning_rate        | 0.0001      |
|    loss                 | 43.3        |
|    n_updates            | 14220       |
|    policy_gradient_loss | -0.0352     |
|    std                  | 2.09        |
|    value_loss           | 174         |
-----------------------------------------
-----------------------------------------
| rollout/                |             |
|    ep_len_mean          | 204         |
|    ep_rew_mean          | 37.9        |
|    success_rate         | 0           |
| time/                   |             |
|    fps                  | 1889        |
|    iterations           | 102         |
|    time_elapsed         | 55          |
|    total_timesteps      | 1458176     |
| train/                  |             |
|    approx_kl            | 0.010256903 |
|    clip_fraction        | 0.114       |
|    clip_range           | 0.2         |
|    entropy_loss         | -17.2       |
|    explained_variance   | 0.833       |
|    learning_rate        | 0.0001      |
|    loss                 | 253         |
|    n_updates            | 14230       |
|    policy_gradient_loss | -0.0266     |
|    std                  | 2.09        |
|    value_loss           | 815         |
-----------------------------------------
-----------------------------------------
| rollout/                |             |
|    ep_len_mean          | 202         |
|    ep_rew_mean          | 30.7        |
|    success_rate         | 0           |
| time/                   |             |
|    fps                  | 1890        |
|    iterations           | 103         |
|    time_elapsed         | 55          |
|    total_timesteps      | 1459200     |
| train/                  |             |
|    approx_kl            | 0.022557009 |
|    clip_fraction        | 0.213       |
|    clip_range           | 0.2         |
|    entropy_loss         | -17.2       |
|    explained_variance   | 0.826       |
|    learning_rate        | 0.0001      |
|    loss                 | 65.9        |
|    n_updates            | 14240       |
|    policy_gradient_loss | -0.0363     |
|    std                  | 2.09        |
|    value_loss           | 154         |
-----------------------------------------
-----------------------------------------
| rollout/                |             |
|    ep_len_mean          | 201         |
|    ep_rew_mean          | 29.1        |
|    success_rate         | 0           |
| time/                   |             |
|    fps                  | 1890        |
|    iterations           | 104         |
|    time_elapsed         | 56          |
|    total_timesteps      | 1460224     |
| train/                  |             |
|    approx_kl            | 0.011375401 |
|    clip_fraction        | 0.108       |
|    clip_range           | 0.2         |
|    entropy_loss         | -17.2       |
|    explained_variance   | 0.79        |
|    learning_rate        | 0.0001      |
|    loss                 | 327         |
|    n_updates            | 14250       |
|    policy_gradient_loss | -0.0303     |
|    std                  | 2.09        |
|    value_loss           | 748         |
-----------------------------------------
-----------------------------------------
| rollout/                |             |
|    ep_len_mean          | 200         |
|    ep_rew_mean          | 34.7        |
|    success_rate         | 0           |
| time/                   |             |
|    fps                  | 1891        |
|    iterations           | 105         |
|    time_elapsed         | 56          |
|    total_timesteps      | 1461248     |
| train/                  |             |
|    approx_kl            | 0.020484848 |
|    clip_fraction        | 0.204       |
|    clip_range           | 0.2         |
|    entropy_loss         | -17.2       |
|    explained_variance   | 0.686       |
|    learning_rate        | 0.0001      |
|    loss                 | 74.4        |
|    n_updates            | 14260       |
|    policy_gradient_loss | -0.0348     |
|    std                  | 2.09        |
|    value_loss           | 192         |
-----------------------------------------
-----------------------------------------
| rollout/                |             |
|    ep_len_mean          | 202         |
|    ep_rew_mean          | 34.3        |
|    success_rate         | 0           |
| time/                   |             |
|    fps                  | 1892        |
|    iterations           | 106         |
|    time_elapsed         | 57          |
|    total_timesteps      | 1462272     |
| train/                  |             |
|    approx_kl            | 0.013312167 |
|    clip_fraction        | 0.14        |
|    clip_range           | 0.2         |
|    entropy_loss         | -17.2       |
|    explained_variance   | 0.862       |
|    learning_rate        | 0.0001      |
|    loss                 | 94.3        |
|    n_updates            | 14270       |
|    policy_gradient_loss | -0.033      |
|    std                  | 2.09        |
|    value_loss           | 429         |
-----------------------------------------
-----------------------------------------
| rollout/                |             |
|    ep_len_mean          | 204         |
|    ep_rew_mean          | 46.6        |
|    success_rate         | 0           |
| time/                   |             |
|    fps                  | 1892        |
|    iterations           | 107         |
|    time_elapsed         | 57          |
|    total_timesteps      | 1463296     |
| train/                  |             |
|    approx_kl            | 0.015717078 |
|    clip_fraction        | 0.136       |
|    clip_range           | 0.2         |
|    entropy_loss         | -17.2       |
|    explained_variance   | 0.915       |
|    learning_rate        | 0.0001      |
|    loss                 | 28.9        |
|    n_updates            | 14280       |
|    policy_gradient_loss | -0.0334     |
|    std                  | 2.09        |
|    value_loss           | 117         |
-----------------------------------------
-----------------------------------------
| rollout/                |             |
|    ep_len_mean          | 209         |
|    ep_rew_mean          | 48.2        |
|    success_rate         | 0           |
| time/                   |             |
|    fps                  | 1893        |
|    iterations           | 108         |
|    time_elapsed         | 58          |
|    total_timesteps      | 1464320     |
| train/                  |             |
|    approx_kl            | 0.018615887 |
|    clip_fraction        | 0.176       |
|    clip_range           | 0.2         |
|    entropy_loss         | -17.2       |
|    explained_variance   | 0.913       |
|    learning_rate        | 0.0001      |
|    loss                 | 20.9        |
|    n_updates            | 14290       |
|    policy_gradient_loss | -0.0364     |
|    std                  | 2.09        |
|    value_loss           | 72.9        |
-----------------------------------------
-----------------------------------------
| rollout/                |             |
|    ep_len_mean          | 212         |
|    ep_rew_mean          | 48.4        |
|    success_rate         | 0           |
| time/                   |             |
|    fps                  | 1893        |
|    iterations           | 109         |
|    time_elapsed         | 58          |
|    total_timesteps      | 1465344     |
| train/                  |             |
|    approx_kl            | 0.016370133 |
|    clip_fraction        | 0.161       |
|    clip_range           | 0.2         |
|    entropy_loss         | -17.2       |
|    explained_variance   | 0.951       |
|    learning_rate        | 0.0001      |
|    loss                 | 34.8        |
|    n_updates            | 14300       |
|    policy_gradient_loss | -0.0331     |
|    std                  | 2.09        |
|    value_loss           | 78.1        |
-----------------------------------------
-----------------------------------------
| rollout/                |             |
|    ep_len_mean          | 215         |
|    ep_rew_mean          | 49.8        |
|    success_rate         | 0           |
| time/                   |             |
|    fps                  | 1894        |
|    iterations           | 110         |
|    time_elapsed         | 59          |
|    total_timesteps      | 1466368     |
| train/                  |             |
|    approx_kl            | 0.014178879 |
|    clip_fraction        | 0.135       |
|    clip_range           | 0.2         |
|    entropy_loss         | -17.2       |
|    explained_variance   | 0.884       |
|    learning_rate        | 0.0001      |
|    loss                 | 91.3        |
|    n_updates            | 14310       |
|    policy_gradient_loss | -0.0308     |
|    std                  | 2.09        |
|    value_loss           | 369         |
-----------------------------------------
------------------------------------------
| rollout/                |              |
|    ep_len_mean          | 221          |
|    ep_rew_mean          | 50.8         |
|    success_rate         | 0            |
| time/                   |              |
|    fps                  | 1893         |
|    iterations           | 111          |
|    time_elapsed         | 60           |
|    total_timesteps      | 1467392      |
| train/                  |              |
|    approx_kl            | 0.0103923185 |
|    clip_fraction        | 0.106        |
|    clip_range           | 0.2          |
|    entropy_loss         | -17.2        |
|    explained_variance   | 0.842        |
|    learning_rate        | 0.0001       |
|    loss                 | 278          |
|    n_updates            | 14320        |
|    policy_gradient_loss | -0.0269      |
|    std                  | 2.09         |
|    value_loss           | 545          |
------------------------------------------
-----------------------------------------
| rollout/                |             |
|    ep_len_mean          | 220         |
|    ep_rew_mean          | 52.9        |
|    success_rate         | 0           |
| time/                   |             |
|    fps                  | 1893        |
|    iterations           | 112         |
|    time_elapsed         | 60          |
|    total_timesteps      | 1468416     |
| train/                  |             |
|    approx_kl            | 0.011376036 |
|    clip_fraction        | 0.124       |
|    clip_range           | 0.2         |
|    entropy_loss         | -17.2       |
|    explained_variance   | 0.883       |
|    learning_rate        | 0.0001      |
|    loss                 | 112         |
|    n_updates            | 14330       |
|    policy_gradient_loss | -0.0289     |
|    std                  | 2.09        |
|    value_loss           | 308         |
-----------------------------------------
-----------------------------------------
| rollout/                |             |
|    ep_len_mean          | 218         |
|    ep_rew_mean          | 29.9        |
|    success_rate         | 0           |
| time/                   |             |
|    fps                  | 1892        |
|    iterations           | 113         |
|    time_elapsed         | 61          |
|    total_timesteps      | 1469440     |
| train/                  |             |
|    approx_kl            | 0.018644169 |
|    clip_fraction        | 0.17        |
|    clip_range           | 0.2         |
|    entropy_loss         | -17.2       |
|    explained_variance   | 0.967       |
|    learning_rate        | 0.0001      |
|    loss                 | 38.6        |
|    n_updates            | 14340       |
|    policy_gradient_loss | -0.0344     |
|    std                  | 2.09        |
|    value_loss           | 120         |
-----------------------------------------
-----------------------------------------
| rollout/                |             |
|    ep_len_mean          | 220         |
|    ep_rew_mean          | 33.5        |
|    success_rate         | 0           |
| time/                   |             |
|    fps                  | 1893        |
|    iterations           | 114         |
|    time_elapsed         | 61          |
|    total_timesteps      | 1470464     |
| train/                  |             |
|    approx_kl            | 0.012505948 |
|    clip_fraction        | 0.129       |
|    clip_range           | 0.2         |
|    entropy_loss         | -17.2       |
|    explained_variance   | 0.922       |
|    learning_rate        | 0.0001      |
|    loss                 | 74.9        |
|    n_updates            | 14350       |
|    policy_gradient_loss | -0.0328     |
|    std                  | 2.09        |
|    value_loss           | 303         |
-----------------------------------------
-----------------------------------------
| rollout/                |             |
|    ep_len_mean          | 221         |
|    ep_rew_mean          | 22.1        |
|    success_rate         | 0           |
| time/                   |             |
|    fps                  | 1884        |
|    iterations           | 115         |
|    time_elapsed         | 62          |
|    total_timesteps      | 1471488     |
| train/                  |             |
|    approx_kl            | 0.014836814 |
|    clip_fraction        | 0.16        |
|    clip_range           | 0.2         |
|    entropy_loss         | -17.2       |
|    explained_variance   | 0.95        |
|    learning_rate        | 0.0001      |
|    loss                 | 72.4        |
|    n_updates            | 14360       |
|    policy_gradient_loss | -0.0302     |
|    std                  | 2.09        |
|    value_loss           | 224         |
-----------------------------------------
-----------------------------------------
| rollout/                |             |
|    ep_len_mean          | 218         |
|    ep_rew_mean          | 23.6        |
|    success_rate         | 0           |
| time/                   |             |
|    fps                  | 1885        |
|    iterations           | 116         |
|    time_elapsed         | 63          |
|    total_timesteps      | 1472512     |
| train/                  |             |
|    approx_kl            | 0.017136497 |
|    clip_fraction        | 0.187       |
|    clip_range           | 0.2         |
|    entropy_loss         | -17.3       |
|    explained_variance   | 0.962       |
|    learning_rate        | 0.0001      |
|    loss                 | 25          |
|    n_updates            | 14370       |
|    policy_gradient_loss | -0.033      |
|    std                  | 2.09        |
|    value_loss           | 154         |
-----------------------------------------
-----------------------------------------
| rollout/                |             |
|    ep_len_mean          | 221         |
|    ep_rew_mean          | 25.2        |
|    success_rate         | 0           |
| time/                   |             |
|    fps                  | 1885        |
|    iterations           | 117         |
|    time_elapsed         | 63          |
|    total_timesteps      | 1473536     |
| train/                  |             |
|    approx_kl            | 0.014416812 |
|    clip_fraction        | 0.171       |
|    clip_range           | 0.2         |
|    entropy_loss         | -17.3       |
|    explained_variance   | 0.683       |
|    learning_rate        | 0.0001      |
|    loss                 | 44.2        |
|    n_updates            | 14380       |
|    policy_gradient_loss | -0.0315     |
|    std                  | 2.09        |
|    value_loss           | 201         |
-----------------------------------------
-----------------------------------------
| rollout/                |             |
|    ep_len_mean          | 217         |
|    ep_rew_mean          | 15.9        |
|    success_rate         | 0           |
| time/                   |             |
|    fps                  | 1885        |
|    iterations           | 118         |
|    time_elapsed         | 64          |
|    total_timesteps      | 1474560     |
| train/                  |             |
|    approx_kl            | 0.013265798 |
|    clip_fraction        | 0.133       |
|    clip_range           | 0.2         |
|    entropy_loss         | -17.2       |
|    explained_variance   | 0.668       |
|    learning_rate        | 0.0001      |
|    loss                 | 50.4        |
|    n_updates            | 14390       |
|    policy_gradient_loss | -0.0275     |
|    std                  | 2.09        |
|    value_loss           | 211         |
-----------------------------------------
-----------------------------------------
| rollout/                |             |
|    ep_len_mean          | 220         |
|    ep_rew_mean          | 3.63        |
|    success_rate         | 0           |
| time/                   |             |
|    fps                  | 1886        |
|    iterations           | 119         |
|    time_elapsed         | 64          |
|    total_timesteps      | 1475584     |
| train/                  |             |
|    approx_kl            | 0.013262185 |
|    clip_fraction        | 0.114       |
|    clip_range           | 0.2         |
|    entropy_loss         | -17.2       |
|    explained_variance   | 0.931       |
|    learning_rate        | 0.0001      |
|    loss                 | 116         |
|    n_updates            | 14400       |
|    policy_gradient_loss | -0.0315     |
|    std                  | 2.09        |
|    value_loss           | 300         |
-----------------------------------------
------------------------------------------
| rollout/                |              |
|    ep_len_mean          | 221          |
|    ep_rew_mean          | 2.21         |
|    success_rate         | 0            |
| time/                   |              |
|    fps                  | 1887         |
|    iterations           | 120          |
|    time_elapsed         | 65           |
|    total_timesteps      | 1476608      |
| train/                  |              |
|    approx_kl            | 0.0110133365 |
|    clip_fraction        | 0.0706       |
|    clip_range           | 0.2          |
|    entropy_loss         | -17.2        |
|    explained_variance   | 0.838        |
|    learning_rate        | 0.0001       |
|    loss                 | 401          |
|    n_updates            | 14410        |
|    policy_gradient_loss | -0.0224      |
|    std                  | 2.09         |
|    value_loss           | 940          |
------------------------------------------
-----------------------------------------
| rollout/                |             |
|    ep_len_mean          | 224         |
|    ep_rew_mean          | 13.4        |
|    success_rate         | 0           |
| time/                   |             |
|    fps                  | 1887        |
|    iterations           | 121         |
|    time_elapsed         | 65          |
|    total_timesteps      | 1477632     |
| train/                  |             |
|    approx_kl            | 0.022632327 |
|    clip_fraction        | 0.19        |
|    clip_range           | 0.2         |
|    entropy_loss         | -17.3       |
|    explained_variance   | 0.84        |
|    learning_rate        | 0.0001      |
|    loss                 | 12          |
|    n_updates            | 14420       |
|    policy_gradient_loss | -0.0355     |
|    std                  | 2.1         |
|    value_loss           | 59.8        |
-----------------------------------------
-----------------------------------------
| rollout/                |             |
|    ep_len_mean          | 224         |
|    ep_rew_mean          | 18.9        |
|    success_rate         | 0           |
| time/                   |             |
|    fps                  | 1888        |
|    iterations           | 122         |
|    time_elapsed         | 66          |
|    total_timesteps      | 1478656     |
| train/                  |             |
|    approx_kl            | 0.016041985 |
|    clip_fraction        | 0.192       |
|    clip_range           | 0.2         |
|    entropy_loss         | -17.3       |
|    explained_variance   | 0.905       |
|    learning_rate        | 0.0001      |
|    loss                 | 44.4        |
|    n_updates            | 14430       |
|    policy_gradient_loss | -0.0303     |
|    std                  | 2.1         |
|    value_loss           | 135         |
-----------------------------------------
-----------------------------------------
| rollout/                |             |
|    ep_len_mean          | 225         |
|    ep_rew_mean          | 25.9        |
|    success_rate         | 0           |
| time/                   |             |
|    fps                  | 1888        |
|    iterations           | 123         |
|    time_elapsed         | 66          |
|    total_timesteps      | 1479680     |
| train/                  |             |
|    approx_kl            | 0.016085282 |
|    clip_fraction        | 0.163       |
|    clip_range           | 0.2         |
|    entropy_loss         | -17.3       |
|    explained_variance   | 0.941       |
|    learning_rate        | 0.0001      |
|    loss                 | 57.4        |
|    n_updates            | 14440       |
|    policy_gradient_loss | -0.0341     |
|    std                  | 2.1         |
|    value_loss           | 183         |
-----------------------------------------
-----------------------------------------
| rollout/                |             |
|    ep_len_mean          | 224         |
|    ep_rew_mean          | 16.5        |
|    success_rate         | 0           |
| time/                   |             |
|    fps                  | 1888        |
|    iterations           | 124         |
|    time_elapsed         | 67          |
|    total_timesteps      | 1480704     |
| train/                  |             |
|    approx_kl            | 0.016427143 |
|    clip_fraction        | 0.151       |
|    clip_range           | 0.2         |
|    entropy_loss         | -17.3       |
|    explained_variance   | 0.633       |
|    learning_rate        | 0.0001      |
|    loss                 | 21.9        |
|    n_updates            | 14450       |
|    policy_gradient_loss | -0.0301     |
|    std                  | 2.11        |
|    value_loss           | 205         |
-----------------------------------------
-----------------------------------------
| rollout/                |             |
|    ep_len_mean          | 228         |
|    ep_rew_mean          | 19.2        |
|    success_rate         | 0           |
| time/                   |             |
|    fps                  | 1888        |
|    iterations           | 125         |
|    time_elapsed         | 67          |
|    total_timesteps      | 1481728     |
| train/                  |             |
|    approx_kl            | 0.009808564 |
|    clip_fraction        | 0.122       |
|    clip_range           | 0.2         |
|    entropy_loss         | -17.3       |
|    explained_variance   | 0.872       |
|    learning_rate        | 0.0001      |
|    loss                 | 240         |
|    n_updates            | 14460       |
|    policy_gradient_loss | -0.0251     |
|    std                  | 2.11        |
|    value_loss           | 619         |
-----------------------------------------
-----------------------------------------
| rollout/                |             |
|    ep_len_mean          | 229         |
|    ep_rew_mean          | 18.1        |
|    success_rate         | 0           |
| time/                   |             |
|    fps                  | 1889        |
|    iterations           | 126         |
|    time_elapsed         | 68          |
|    total_timesteps      | 1482752     |
| train/                  |             |
|    approx_kl            | 0.014948668 |
|    clip_fraction        | 0.158       |
|    clip_range           | 0.2         |
|    entropy_loss         | -17.3       |
|    explained_variance   | 0.857       |
|    learning_rate        | 0.0001      |
|    loss                 | 51.5        |
|    n_updates            | 14470       |
|    policy_gradient_loss | -0.027      |
|    std                  | 2.11        |
|    value_loss           | 135         |
-----------------------------------------
---------------------------------------
| rollout/                |           |
|    ep_len_mean          | 230       |
|    ep_rew_mean          | -14.9     |
|    success_rate         | 0         |
| time/                   |           |
|    fps                  | 1889      |
|    iterations           | 127       |
|    time_elapsed         | 68        |
|    total_timesteps      | 1483776   |
| train/                  |           |
|    approx_kl            | 0.0110002 |
|    clip_fraction        | 0.149     |
|    clip_range           | 0.2       |
|    entropy_loss         | -17.3     |
|    explained_variance   | 0.865     |
|    learning_rate        | 0.0001    |
|    loss                 | 313       |
|    n_updates            | 14480     |
|    policy_gradient_loss | -0.0208   |
|    std                  | 2.11      |
|    value_loss           | 716       |
---------------------------------------
-----------------------------------------
| rollout/                |             |
|    ep_len_mean          | 231         |
|    ep_rew_mean          | -11.7       |
|    success_rate         | 0           |
| time/                   |             |
|    fps                  | 1890        |
|    iterations           | 128         |
|    time_elapsed         | 69          |
|    total_timesteps      | 1484800     |
| train/                  |             |
|    approx_kl            | 0.011217803 |
|    clip_fraction        | 0.0755      |
|    clip_range           | 0.2         |
|    entropy_loss         | -17.3       |
|    explained_variance   | 0.849       |
|    learning_rate        | 0.0001      |
|    loss                 | 133         |
|    n_updates            | 14490       |
|    policy_gradient_loss | -0.0219     |
|    std                  | 2.11        |
|    value_loss           | 750         |
-----------------------------------------
-----------------------------------------
| rollout/                |             |
|    ep_len_mean          | 225         |
|    ep_rew_mean          | -30.1       |
|    success_rate         | 0           |
| time/                   |             |
|    fps                  | 1891        |
|    iterations           | 129         |
|    time_elapsed         | 69          |
|    total_timesteps      | 1485824     |
| train/                  |             |
|    approx_kl            | 0.015061022 |
|    clip_fraction        | 0.149       |
|    clip_range           | 0.2         |
|    entropy_loss         | -17.3       |
|    explained_variance   | 0.892       |
|    learning_rate        | 0.0001      |
|    loss                 | 161         |
|    n_updates            | 14500       |
|    policy_gradient_loss | -0.0272     |
|    std                  | 2.11        |
|    value_loss           | 328         |
-----------------------------------------
-----------------------------------------
| rollout/                |             |
|    ep_len_mean          | 229         |
|    ep_rew_mean          | -31.9       |
|    success_rate         | 0           |
| time/                   |             |
|    fps                  | 1891        |
|    iterations           | 130         |
|    time_elapsed         | 70          |
|    total_timesteps      | 1486848     |
| train/                  |             |
|    approx_kl            | 0.016485844 |
|    clip_fraction        | 0.149       |
|    clip_range           | 0.2         |
|    entropy_loss         | -17.3       |
|    explained_variance   | 0.875       |
|    learning_rate        | 0.0001      |
|    loss                 | 107         |
|    n_updates            | 14510       |
|    policy_gradient_loss | -0.0361     |
|    std                  | 2.11        |
|    value_loss           | 256         |
-----------------------------------------
-----------------------------------------
| rollout/                |             |
|    ep_len_mean          | 228         |
|    ep_rew_mean          | -35.8       |
|    success_rate         | 0           |
| time/                   |             |
|    fps                  | 1891        |
|    iterations           | 131         |
|    time_elapsed         | 70          |
|    total_timesteps      | 1487872     |
| train/                  |             |
|    approx_kl            | 0.028342852 |
|    clip_fraction        | 0.219       |
|    clip_range           | 0.2         |
|    entropy_loss         | -17.3       |
|    explained_variance   | 0.988       |
|    learning_rate        | 0.0001      |
|    loss                 | 54.8        |
|    n_updates            | 14520       |
|    policy_gradient_loss | -0.0287     |
|    std                  | 2.11        |
|    value_loss           | 99.9        |
-----------------------------------------
----------------------------------------
| rollout/                |            |
|    ep_len_mean          | 228        |
|    ep_rew_mean          | -41.9      |
|    success_rate         | 0          |
| time/                   |            |
|    fps                  | 1892       |
|    iterations           | 132        |
|    time_elapsed         | 71         |
|    total_timesteps      | 1488896    |
| train/                  |            |
|    approx_kl            | 0.02815045 |
|    clip_fraction        | 0.207      |
|    clip_range           | 0.2        |
|    entropy_loss         | -17.3      |
|    explained_variance   | 0.986      |
|    learning_rate        | 0.0001     |
|    loss                 | 11         |
|    n_updates            | 14530      |
|    policy_gradient_loss | -0.0293    |
|    std                  | 2.11       |
|    value_loss           | 59.7       |
----------------------------------------
-----------------------------------------
| rollout/                |             |
|    ep_len_mean          | 226         |
|    ep_rew_mean          | -44.1       |
|    success_rate         | 0           |
| time/                   |             |
|    fps                  | 1892        |
|    iterations           | 133         |
|    time_elapsed         | 71          |
|    total_timesteps      | 1489920     |
| train/                  |             |
|    approx_kl            | 0.012189599 |
|    clip_fraction        | 0.186       |
|    clip_range           | 0.2         |
|    entropy_loss         | -17.3       |
|    explained_variance   | 0.957       |
|    learning_rate        | 0.0001      |
|    loss                 | 112         |
|    n_updates            | 14540       |
|    policy_gradient_loss | -0.0273     |
|    std                  | 2.12        |
|    value_loss           | 339         |
-----------------------------------------
-----------------------------------------
| rollout/                |             |
|    ep_len_mean          | 224         |
|    ep_rew_mean          | -40.2       |
|    success_rate         | 0           |
| time/                   |             |
|    fps                  | 1893        |
|    iterations           | 134         |
|    time_elapsed         | 72          |
|    total_timesteps      | 1490944     |
| train/                  |             |
|    approx_kl            | 0.016347872 |
|    clip_fraction        | 0.165       |
|    clip_range           | 0.2         |
|    entropy_loss         | -17.3       |
|    explained_variance   | 0.857       |
|    learning_rate        | 0.0001      |
|    loss                 | 158         |
|    n_updates            | 14550       |
|    policy_gradient_loss | -0.0356     |
|    std                  | 2.12        |
|    value_loss           | 317         |
-----------------------------------------
-----------------------------------------
| rollout/                |             |
|    ep_len_mean          | 224         |
|    ep_rew_mean          | -28.2       |
|    success_rate         | 0           |
| time/                   |             |
|    fps                  | 1893        |
|    iterations           | 135         |
|    time_elapsed         | 72          |
|    total_timesteps      | 1491968     |
| train/                  |             |
|    approx_kl            | 0.014277616 |
|    clip_fraction        | 0.175       |
|    clip_range           | 0.2         |
|    entropy_loss         | -17.3       |
|    explained_variance   | 0.932       |
|    learning_rate        | 0.0001      |
|    loss                 | 64.4        |
|    n_updates            | 14560       |
|    policy_gradient_loss | -0.0323     |
|    std                  | 2.12        |
|    value_loss           | 152         |
-----------------------------------------
-----------------------------------------
| rollout/                |             |
|    ep_len_mean          | 222         |
|    ep_rew_mean          | -24.2       |
|    success_rate         | 0           |
| time/                   |             |
|    fps                  | 1894        |
|    iterations           | 136         |
|    time_elapsed         | 73          |
|    total_timesteps      | 1492992     |
| train/                  |             |
|    approx_kl            | 0.015336971 |
|    clip_fraction        | 0.171       |
|    clip_range           | 0.2         |
|    entropy_loss         | -17.3       |
|    explained_variance   | 0.937       |
|    learning_rate        | 0.0001      |
|    loss                 | 41          |
|    n_updates            | 14570       |
|    policy_gradient_loss | -0.031      |
|    std                  | 2.12        |
|    value_loss           | 200         |
-----------------------------------------
-----------------------------------------
| rollout/                |             |
|    ep_len_mean          | 224         |
|    ep_rew_mean          | -19.1       |
|    success_rate         | 0           |
| time/                   |             |
|    fps                  | 1894        |
|    iterations           | 137         |
|    time_elapsed         | 74          |
|    total_timesteps      | 1494016     |
| train/                  |             |
|    approx_kl            | 0.024438612 |
|    clip_fraction        | 0.219       |
|    clip_range           | 0.2         |
|    entropy_loss         | -17.3       |
|    explained_variance   | 0.76        |
|    learning_rate        | 0.0001      |
|    loss                 | 41          |
|    n_updates            | 14580       |
|    policy_gradient_loss | -0.0338     |
|    std                  | 2.12        |
|    value_loss           | 68.1        |
-----------------------------------------
-----------------------------------------
| rollout/                |             |
|    ep_len_mean          | 224         |
|    ep_rew_mean          | -36         |
|    success_rate         | 0           |
| time/                   |             |
|    fps                  | 1895        |
|    iterations           | 138         |
|    time_elapsed         | 74          |
|    total_timesteps      | 1495040     |
| train/                  |             |
|    approx_kl            | 0.009526105 |
|    clip_fraction        | 0.123       |
|    clip_range           | 0.2         |
|    entropy_loss         | -17.3       |
|    explained_variance   | 0.818       |
|    learning_rate        | 0.0001      |
|    loss                 | 35.4        |
|    n_updates            | 14590       |
|    policy_gradient_loss | -0.0213     |
|    std                  | 2.12        |
|    value_loss           | 561         |
-----------------------------------------
-----------------------------------------
| rollout/                |             |
|    ep_len_mean          | 226         |
|    ep_rew_mean          | -39.8       |
|    success_rate         | 0           |
| time/                   |             |
|    fps                  | 1895        |
|    iterations           | 139         |
|    time_elapsed         | 75          |
|    total_timesteps      | 1496064     |
| train/                  |             |
|    approx_kl            | 0.013228853 |
|    clip_fraction        | 0.129       |
|    clip_range           | 0.2         |
|    entropy_loss         | -17.3       |
|    explained_variance   | 0.931       |
|    learning_rate        | 0.0001      |
|    loss                 | 231         |
|    n_updates            | 14600       |
|    policy_gradient_loss | -0.031      |
|    std                  | 2.12        |
|    value_loss           | 514         |
-----------------------------------------
-----------------------------------------
| rollout/                |             |
|    ep_len_mean          | 225         |
|    ep_rew_mean          | -36.8       |
|    success_rate         | 0           |
| time/                   |             |
|    fps                  | 1895        |
|    iterations           | 140         |
|    time_elapsed         | 75          |
|    total_timesteps      | 1497088     |
| train/                  |             |
|    approx_kl            | 0.023083026 |
|    clip_fraction        | 0.174       |
|    clip_range           | 0.2         |
|    entropy_loss         | -17.3       |
|    explained_variance   | 0.987       |
|    learning_rate        | 0.0001      |
|    loss                 | 10.5        |
|    n_updates            | 14610       |
|    policy_gradient_loss | -0.0295     |
|    std                  | 2.12        |
|    value_loss           | 90.6        |
-----------------------------------------
-----------------------------------------
| rollout/                |             |
|    ep_len_mean          | 224         |
|    ep_rew_mean          | -26.4       |
|    success_rate         | 0           |
| time/                   |             |
|    fps                  | 1895        |
|    iterations           | 141         |
|    time_elapsed         | 76          |
|    total_timesteps      | 1498112     |
| train/                  |             |
|    approx_kl            | 0.024236774 |
|    clip_fraction        | 0.257       |
|    clip_range           | 0.2         |
|    entropy_loss         | -17.3       |
|    explained_variance   | 0.966       |
|    learning_rate        | 0.0001      |
|    loss                 | 145         |
|    n_updates            | 14620       |
|    policy_gradient_loss | -0.0332     |
|    std                  | 2.13        |
|    value_loss           | 339         |
-----------------------------------------
----------------------------------------
| rollout/                |            |
|    ep_len_mean          | 224        |
|    ep_rew_mean          | -29.2      |
|    success_rate         | 0          |
| time/                   |            |
|    fps                  | 1895       |
|    iterations           | 142        |
|    time_elapsed         | 76         |
|    total_timesteps      | 1499136    |
| train/                  |            |
|    approx_kl            | 0.01307754 |
|    clip_fraction        | 0.159      |
|    clip_range           | 0.2        |
|    entropy_loss         | -17.3      |
|    explained_variance   | 0.951      |
|    learning_rate        | 0.0001     |
|    loss                 | 169        |
|    n_updates            | 14630      |
|    policy_gradient_loss | -0.03      |
|    std                  | 2.13       |
|    value_loss           | 307        |
----------------------------------------
-----------------------------------------
| rollout/                |             |
|    ep_len_mean          | 227         |
|    ep_rew_mean          | -30.1       |
|    success_rate         | 0           |
| time/                   |             |
|    fps                  | 1896        |
|    iterations           | 143         |
|    time_elapsed         | 77          |
|    total_timesteps      | 1500160     |
| train/                  |             |
|    approx_kl            | 0.017598076 |
|    clip_fraction        | 0.138       |
|    clip_range           | 0.2         |
|    entropy_loss         | -17.3       |
|    explained_variance   | 0.983       |
|    learning_rate        | 0.0001      |
|    loss                 | 24.4        |
|    n_updates            | 14640       |
|    policy_gradient_loss | -0.0285     |
|    std                  | 2.13        |
|    value_loss           | 111         |
-----------------------------------------
-----------------------------------------
| rollout/                |             |
|    ep_len_mean          | 227         |
|    ep_rew_mean          | -47.9       |
|    success_rate         | 0           |
| time/                   |             |
|    fps                  | 1896        |
|    iterations           | 144         |
|    time_elapsed         | 77          |
|    total_timesteps      | 1501184     |
| train/                  |             |
|    approx_kl            | 0.012031272 |
|    clip_fraction        | 0.119       |
|    clip_range           | 0.2         |
|    entropy_loss         | -17.3       |
|    explained_variance   | 0.921       |
|    learning_rate        | 0.0001      |
|    loss                 | 63          |
|    n_updates            | 14650       |
|    policy_gradient_loss | -0.0319     |
|    std                  | 2.13        |
|    value_loss           | 202         |
-----------------------------------------
-----------------------------------------
| rollout/                |             |
|    ep_len_mean          | 227         |
|    ep_rew_mean          | -54         |
|    success_rate         | 0           |
| time/                   |             |
|    fps                  | 1897        |
|    iterations           | 145         |
|    time_elapsed         | 78          |
|    total_timesteps      | 1502208     |
| train/                  |             |
|    approx_kl            | 0.013334746 |
|    clip_fraction        | 0.124       |
|    clip_range           | 0.2         |
|    entropy_loss         | -17.3       |
|    explained_variance   | 0.97        |
|    learning_rate        | 0.0001      |
|    loss                 | 48.4        |
|    n_updates            | 14660       |
|    policy_gradient_loss | -0.0277     |
|    std                  | 2.13        |
|    value_loss           | 366         |
-----------------------------------------
-----------------------------------------
| rollout/                |             |
|    ep_len_mean          | 231         |
|    ep_rew_mean          | -51.1       |
|    success_rate         | 0           |
| time/                   |             |
|    fps                  | 1897        |
|    iterations           | 146         |
|    time_elapsed         | 78          |
|    total_timesteps      | 1503232     |
| train/                  |             |
|    approx_kl            | 0.012971526 |
|    clip_fraction        | 0.149       |
|    clip_range           | 0.2         |
|    entropy_loss         | -17.3       |
|    explained_variance   | 0.94        |
|    learning_rate        | 0.0001      |
|    loss                 | 128         |
|    n_updates            | 14670       |
|    policy_gradient_loss | -0.0284     |
|    std                  | 2.13        |
|    value_loss           | 528         |
-----------------------------------------
----------------------------------------
| rollout/                |            |
|    ep_len_mean          | 234        |
|    ep_rew_mean          | -44.4      |
|    success_rate         | 0          |
| time/                   |            |
|    fps                  | 1897       |
|    iterations           | 147        |
|    time_elapsed         | 79         |
|    total_timesteps      | 1504256    |
| train/                  |            |
|    approx_kl            | 0.02584288 |
|    clip_fraction        | 0.194      |
|    clip_range           | 0.2        |
|    entropy_loss         | -17.3      |
|    explained_variance   | 0.937      |
|    learning_rate        | 0.0001     |
|    loss                 | 18.1       |
|    n_updates            | 14680      |
|    policy_gradient_loss | -0.0365    |
|    std                  | 2.12       |
|    value_loss           | 63.9       |
----------------------------------------
-----------------------------------------
| rollout/                |             |
|    ep_len_mean          | 239         |
|    ep_rew_mean          | -42         |
|    success_rate         | 0           |
| time/                   |             |
|    fps                  | 1898        |
|    iterations           | 148         |
|    time_elapsed         | 79          |
|    total_timesteps      | 1505280     |
| train/                  |             |
|    approx_kl            | 0.020181362 |
|    clip_fraction        | 0.211       |
|    clip_range           | 0.2         |
|    entropy_loss         | -17.3       |
|    explained_variance   | 0.972       |
|    learning_rate        | 0.0001      |
|    loss                 | 18.9        |
|    n_updates            | 14690       |
|    policy_gradient_loss | -0.0389     |
|    std                  | 2.13        |
|    value_loss           | 67.3        |
-----------------------------------------
-----------------------------------------
| rollout/                |             |
|    ep_len_mean          | 238         |
|    ep_rew_mean          | -42.5       |
|    success_rate         | 0           |
| time/                   |             |
|    fps                  | 1898        |
|    iterations           | 149         |
|    time_elapsed         | 80          |
|    total_timesteps      | 1506304     |
| train/                  |             |
|    approx_kl            | 0.017119944 |
|    clip_fraction        | 0.162       |
|    clip_range           | 0.2         |
|    entropy_loss         | -17.3       |
|    explained_variance   | 0.937       |
|    learning_rate        | 0.0001      |
|    loss                 | 65.7        |
|    n_updates            | 14700       |
|    policy_gradient_loss | -0.0299     |
|    std                  | 2.13        |
|    value_loss           | 199         |
-----------------------------------------
-----------------------------------------
| rollout/                |             |
|    ep_len_mean          | 238         |
|    ep_rew_mean          | -22         |
|    success_rate         | 0           |
| time/                   |             |
|    fps                  | 1898        |
|    iterations           | 150         |
|    time_elapsed         | 80          |
|    total_timesteps      | 1507328     |
| train/                  |             |
|    approx_kl            | 0.016314307 |
|    clip_fraction        | 0.159       |
|    clip_range           | 0.2         |
|    entropy_loss         | -17.3       |
|    explained_variance   | 0.904       |
|    learning_rate        | 0.0001      |
|    loss                 | 25.4        |
|    n_updates            | 14710       |
|    policy_gradient_loss | -0.0385     |
|    std                  | 2.13        |
|    value_loss           | 152         |
-----------------------------------------
-----------------------------------------
| rollout/                |             |
|    ep_len_mean          | 238         |
|    ep_rew_mean          | -30.3       |
|    success_rate         | 0           |
| time/                   |             |
|    fps                  | 1899        |
|    iterations           | 151         |
|    time_elapsed         | 81          |
|    total_timesteps      | 1508352     |
| train/                  |             |
|    approx_kl            | 0.009898592 |
|    clip_fraction        | 0.107       |
|    clip_range           | 0.2         |
|    entropy_loss         | -17.3       |
|    explained_variance   | 0.915       |
|    learning_rate        | 0.0001      |
|    loss                 | 253         |
|    n_updates            | 14720       |
|    policy_gradient_loss | -0.0231     |
|    std                  | 2.12        |
|    value_loss           | 829         |
-----------------------------------------
-----------------------------------------
| rollout/                |             |
|    ep_len_mean          | 243         |
|    ep_rew_mean          | -23.2       |
|    success_rate         | 0           |
| time/                   |             |
|    fps                  | 1899        |
|    iterations           | 152         |
|    time_elapsed         | 81          |
|    total_timesteps      | 1509376     |
| train/                  |             |
|    approx_kl            | 0.013480929 |
|    clip_fraction        | 0.138       |
|    clip_range           | 0.2         |
|    entropy_loss         | -17.3       |
|    explained_variance   | 0.935       |
|    learning_rate        | 0.0001      |
|    loss                 | 64.1        |
|    n_updates            | 14730       |
|    policy_gradient_loss | -0.0302     |
|    std                  | 2.12        |
|    value_loss           | 376         |
-----------------------------------------
-----------------------------------------
| rollout/                |             |
|    ep_len_mean          | 245         |
|    ep_rew_mean          | -19.3       |
|    success_rate         | 0           |
| time/                   |             |
|    fps                  | 1899        |
|    iterations           | 153         |
|    time_elapsed         | 82          |
|    total_timesteps      | 1510400     |
| train/                  |             |
|    approx_kl            | 0.015507968 |
|    clip_fraction        | 0.19        |
|    clip_range           | 0.2         |
|    entropy_loss         | -17.3       |
|    explained_variance   | 0.796       |
|    learning_rate        | 0.0001      |
|    loss                 | 60.3        |
|    n_updates            | 14740       |
|    policy_gradient_loss | -0.0261     |
|    std                  | 2.13        |
|    value_loss           | 385         |
-----------------------------------------
-----------------------------------------
| rollout/                |             |
|    ep_len_mean          | 243         |
|    ep_rew_mean          | -14.6       |
|    success_rate         | 0           |
| time/                   |             |
|    fps                  | 1900        |
|    iterations           | 154         |
|    time_elapsed         | 82          |
|    total_timesteps      | 1511424     |
| train/                  |             |
|    approx_kl            | 0.011748889 |
|    clip_fraction        | 0.11        |
|    clip_range           | 0.2         |
|    entropy_loss         | -17.3       |
|    explained_variance   | 0.689       |
|    learning_rate        | 0.0001      |
|    loss                 | 113         |
|    n_updates            | 14750       |
|    policy_gradient_loss | -0.0252     |
|    std                  | 2.13        |
|    value_loss           | 623         |
-----------------------------------------
-----------------------------------------
| rollout/                |             |
|    ep_len_mean          | 244         |
|    ep_rew_mean          | -15.3       |
|    success_rate         | 0           |
| time/                   |             |
|    fps                  | 1900        |
|    iterations           | 155         |
|    time_elapsed         | 83          |
|    total_timesteps      | 1512448     |
| train/                  |             |
|    approx_kl            | 0.018452602 |
|    clip_fraction        | 0.191       |
|    clip_range           | 0.2         |
|    entropy_loss         | -17.3       |
|    explained_variance   | 0.95        |
|    learning_rate        | 0.0001      |
|    loss                 | 94.7        |
|    n_updates            | 14760       |
|    policy_gradient_loss | -0.0341     |
|    std                  | 2.13        |
|    value_loss           | 115         |
-----------------------------------------
-----------------------------------------
| rollout/                |             |
|    ep_len_mean          | 243         |
|    ep_rew_mean          | -0.843      |
|    success_rate         | 0           |
| time/                   |             |
|    fps                  | 1900        |
|    iterations           | 156         |
|    time_elapsed         | 84          |
|    total_timesteps      | 1513472     |
| train/                  |             |
|    approx_kl            | 0.019299425 |
|    clip_fraction        | 0.189       |
|    clip_range           | 0.2         |
|    entropy_loss         | -17.3       |
|    explained_variance   | 0.984       |
|    learning_rate        | 0.0001      |
|    loss                 | 15.3        |
|    n_updates            | 14770       |
|    policy_gradient_loss | -0.0356     |
|    std                  | 2.13        |
|    value_loss           | 87.9        |
-----------------------------------------
-----------------------------------------
| rollout/                |             |
|    ep_len_mean          | 241         |
|    ep_rew_mean          | -3.81       |
|    success_rate         | 0           |
| time/                   |             |
|    fps                  | 1901        |
|    iterations           | 157         |
|    time_elapsed         | 84          |
|    total_timesteps      | 1514496     |
| train/                  |             |
|    approx_kl            | 0.013341257 |
|    clip_fraction        | 0.122       |
|    clip_range           | 0.2         |
|    entropy_loss         | -17.3       |
|    explained_variance   | 0.797       |
|    learning_rate        | 0.0001      |
|    loss                 | 75.3        |
|    n_updates            | 14780       |
|    policy_gradient_loss | -0.0311     |
|    std                  | 2.13        |
|    value_loss           | 295         |
-----------------------------------------
-----------------------------------------
| rollout/                |             |
|    ep_len_mean          | 242         |
|    ep_rew_mean          | 1.91        |
|    success_rate         | 0           |
| time/                   |             |
|    fps                  | 1901        |
|    iterations           | 158         |
|    time_elapsed         | 85          |
|    total_timesteps      | 1515520     |
| train/                  |             |
|    approx_kl            | 0.017410414 |
|    clip_fraction        | 0.158       |
|    clip_range           | 0.2         |
|    entropy_loss         | -17.3       |
|    explained_variance   | 0.933       |
|    learning_rate        | 0.0001      |
|    loss                 | 112         |
|    n_updates            | 14790       |
|    policy_gradient_loss | -0.0378     |
|    std                  | 2.13        |
|    value_loss           | 175         |
-----------------------------------------
-----------------------------------------
| rollout/                |             |
|    ep_len_mean          | 242         |
|    ep_rew_mean          | -0.516      |
|    success_rate         | 0           |
| time/                   |             |
|    fps                  | 1901        |
|    iterations           | 159         |
|    time_elapsed         | 85          |
|    total_timesteps      | 1516544     |
| train/                  |             |
|    approx_kl            | 0.015695237 |
|    clip_fraction        | 0.149       |
|    clip_range           | 0.2         |
|    entropy_loss         | -17.3       |
|    explained_variance   | 0.368       |
|    learning_rate        | 0.0001      |
|    loss                 | 20.5        |
|    n_updates            | 14800       |
|    policy_gradient_loss | -0.0261     |
|    std                  | 2.13        |
|    value_loss           | 184         |
-----------------------------------------
-----------------------------------------
| rollout/                |             |
|    ep_len_mean          | 236         |
|    ep_rew_mean          | -8.91       |
|    success_rate         | 0           |
| time/                   |             |
|    fps                  | 1902        |
|    iterations           | 160         |
|    time_elapsed         | 86          |
|    total_timesteps      | 1517568     |
| train/                  |             |
|    approx_kl            | 0.019110609 |
|    clip_fraction        | 0.194       |
|    clip_range           | 0.2         |
|    entropy_loss         | -17.3       |
|    explained_variance   | 0.834       |
|    learning_rate        | 0.0001      |
|    loss                 | 42          |
|    n_updates            | 14810       |
|    policy_gradient_loss | -0.0302     |
|    std                  | 2.13        |
|    value_loss           | 164         |
-----------------------------------------
-----------------------------------------
| rollout/                |             |
|    ep_len_mean          | 239         |
|    ep_rew_mean          | 4.88        |
|    success_rate         | 0           |
| time/                   |             |
|    fps                  | 1902        |
|    iterations           | 161         |
|    time_elapsed         | 86          |
|    total_timesteps      | 1518592     |
| train/                  |             |
|    approx_kl            | 0.012301363 |
|    clip_fraction        | 0.104       |
|    clip_range           | 0.2         |
|    entropy_loss         | -17.3       |
|    explained_variance   | 0.881       |
|    learning_rate        | 0.0001      |
|    loss                 | 200         |
|    n_updates            | 14820       |
|    policy_gradient_loss | -0.0322     |
|    std                  | 2.13        |
|    value_loss           | 617         |
-----------------------------------------
-----------------------------------------
| rollout/                |             |
|    ep_len_mean          | 239         |
|    ep_rew_mean          | 11.7        |
|    success_rate         | 0           |
| time/                   |             |
|    fps                  | 1902        |
|    iterations           | 162         |
|    time_elapsed         | 87          |
|    total_timesteps      | 1519616     |
| train/                  |             |
|    approx_kl            | 0.029306805 |
|    clip_fraction        | 0.198       |
|    clip_range           | 0.2         |
|    entropy_loss         | -17.3       |
|    explained_variance   | 0.958       |
|    learning_rate        | 0.0001      |
|    loss                 | 5.75        |
|    n_updates            | 14830       |
|    policy_gradient_loss | -0.0287     |
|    std                  | 2.14        |
|    value_loss           | 49.4        |
-----------------------------------------
-----------------------------------------
| rollout/                |             |
|    ep_len_mean          | 237         |
|    ep_rew_mean          | 21          |
|    success_rate         | 0           |
| time/                   |             |
|    fps                  | 1903        |
|    iterations           | 163         |
|    time_elapsed         | 87          |
|    total_timesteps      | 1520640     |
| train/                  |             |
|    approx_kl            | 0.033384256 |
|    clip_fraction        | 0.315       |
|    clip_range           | 0.2         |
|    entropy_loss         | -17.3       |
|    explained_variance   | 0.82        |
|    learning_rate        | 0.0001      |
|    loss                 | 4.68        |
|    n_updates            | 14840       |
|    policy_gradient_loss | -0.0325     |
|    std                  | 2.14        |
|    value_loss           | 21.9        |
-----------------------------------------
-----------------------------------------
| rollout/                |             |
|    ep_len_mean          | 241         |
|    ep_rew_mean          | 27          |
|    success_rate         | 0           |
| time/                   |             |
|    fps                  | 1903        |
|    iterations           | 164         |
|    time_elapsed         | 88          |
|    total_timesteps      | 1521664     |
| train/                  |             |
|    approx_kl            | 0.029320285 |
|    clip_fraction        | 0.267       |
|    clip_range           | 0.2         |
|    entropy_loss         | -17.3       |
|    explained_variance   | 0.904       |
|    learning_rate        | 0.0001      |
|    loss                 | 12.5        |
|    n_updates            | 14850       |
|    policy_gradient_loss | -0.0377     |
|    std                  | 2.14        |
|    value_loss           | 38.6        |
-----------------------------------------
-----------------------------------------
| rollout/                |             |
|    ep_len_mean          | 240         |
|    ep_rew_mean          | 14.4        |
|    success_rate         | 0           |
| time/                   |             |
|    fps                  | 1904        |
|    iterations           | 165         |
|    time_elapsed         | 88          |
|    total_timesteps      | 1522688     |
| train/                  |             |
|    approx_kl            | 0.015721302 |
|    clip_fraction        | 0.152       |
|    clip_range           | 0.2         |
|    entropy_loss         | -17.3       |
|    explained_variance   | 0.882       |
|    learning_rate        | 0.0001      |
|    loss                 | 31.8        |
|    n_updates            | 14860       |
|    policy_gradient_loss | -0.0296     |
|    std                  | 2.14        |
|    value_loss           | 158         |
-----------------------------------------
---------------------------------------
| rollout/                |           |
|    ep_len_mean          | 236       |
|    ep_rew_mean          | 10.9      |
|    success_rate         | 0         |
| time/                   |           |
|    fps                  | 1904      |
|    iterations           | 166       |
|    time_elapsed         | 89        |
|    total_timesteps      | 1523712   |
| train/                  |           |
|    approx_kl            | 0.0097754 |
|    clip_fraction        | 0.0825    |
|    clip_range           | 0.2       |
|    entropy_loss         | -17.3     |
|    explained_variance   | 0.941     |
|    learning_rate        | 0.0001    |
|    loss                 | 450       |
|    n_updates            | 14870     |
|    policy_gradient_loss | -0.0252   |
|    std                  | 2.14      |
|    value_loss           | 579       |
---------------------------------------
-----------------------------------------
| rollout/                |             |
|    ep_len_mean          | 235         |
|    ep_rew_mean          | 34.5        |
|    success_rate         | 0           |
| time/                   |             |
|    fps                  | 1904        |
|    iterations           | 167         |
|    time_elapsed         | 89          |
|    total_timesteps      | 1524736     |
| train/                  |             |
|    approx_kl            | 0.014791124 |
|    clip_fraction        | 0.128       |
|    clip_range           | 0.2         |
|    entropy_loss         | -17.3       |
|    explained_variance   | 0.815       |
|    learning_rate        | 0.0001      |
|    loss                 | 124         |
|    n_updates            | 14880       |
|    policy_gradient_loss | -0.0313     |
|    std                  | 2.14        |
|    value_loss           | 390         |
-----------------------------------------
------------------------------------------
| rollout/                |              |
|    ep_len_mean          | 233          |
|    ep_rew_mean          | 34.7         |
|    success_rate         | 0            |
| time/                   |              |
|    fps                  | 1905         |
|    iterations           | 168          |
|    time_elapsed         | 90           |
|    total_timesteps      | 1525760      |
| train/                  |              |
|    approx_kl            | 0.0150196375 |
|    clip_fraction        | 0.127        |
|    clip_range           | 0.2          |
|    entropy_loss         | -17.3        |
|    explained_variance   | 0.919        |
|    learning_rate        | 0.0001       |
|    loss                 | 78.2         |
|    n_updates            | 14890        |
|    policy_gradient_loss | -0.0309      |
|    std                  | 2.14         |
|    value_loss           | 132          |
------------------------------------------
-----------------------------------------
| rollout/                |             |
|    ep_len_mean          | 233         |
|    ep_rew_mean          | 18.9        |
|    success_rate         | 0           |
| time/                   |             |
|    fps                  | 1905        |
|    iterations           | 169         |
|    time_elapsed         | 90          |
|    total_timesteps      | 1526784     |
| train/                  |             |
|    approx_kl            | 0.009764379 |
|    clip_fraction        | 0.105       |
|    clip_range           | 0.2         |
|    entropy_loss         | -17.4       |
|    explained_variance   | 0.942       |
|    learning_rate        | 0.0001      |
|    loss                 | 149         |
|    n_updates            | 14900       |
|    policy_gradient_loss | -0.025      |
|    std                  | 2.15        |
|    value_loss           | 483         |
-----------------------------------------
-----------------------------------------
| rollout/                |             |
|    ep_len_mean          | 228         |
|    ep_rew_mean          | 10          |
|    success_rate         | 0           |
| time/                   |             |
|    fps                  | 1905        |
|    iterations           | 170         |
|    time_elapsed         | 91          |
|    total_timesteps      | 1527808     |
| train/                  |             |
|    approx_kl            | 0.013530478 |
|    clip_fraction        | 0.129       |
|    clip_range           | 0.2         |
|    entropy_loss         | -17.4       |
|    explained_variance   | 0.957       |
|    learning_rate        | 0.0001      |
|    loss                 | 92.5        |
|    n_updates            | 14910       |
|    policy_gradient_loss | -0.0302     |
|    std                  | 2.15        |
|    value_loss           | 287         |
-----------------------------------------
----------------------------------------
| rollout/                |            |
|    ep_len_mean          | 227        |
|    ep_rew_mean          | 7.89       |
|    success_rate         | 0          |
| time/                   |            |
|    fps                  | 1905       |
|    iterations           | 171        |
|    time_elapsed         | 91         |
|    total_timesteps      | 1528832    |
| train/                  |            |
|    approx_kl            | 0.01509851 |
|    clip_fraction        | 0.116      |
|    clip_range           | 0.2        |
|    entropy_loss         | -17.4      |
|    explained_variance   | 0.89       |
|    learning_rate        | 0.0001     |
|    loss                 | 103        |
|    n_updates            | 14920      |
|    policy_gradient_loss | -0.0291    |
|    std                  | 2.15       |
|    value_loss           | 322        |
----------------------------------------
-----------------------------------------
| rollout/                |             |
|    ep_len_mean          | 224         |
|    ep_rew_mean          | 23.5        |
|    success_rate         | 0           |
| time/                   |             |
|    fps                  | 1906        |
|    iterations           | 172         |
|    time_elapsed         | 92          |
|    total_timesteps      | 1529856     |
| train/                  |             |
|    approx_kl            | 0.013875831 |
|    clip_fraction        | 0.114       |
|    clip_range           | 0.2         |
|    entropy_loss         | -17.4       |
|    explained_variance   | 0.959       |
|    learning_rate        | 0.0001      |
|    loss                 | 107         |
|    n_updates            | 14930       |
|    policy_gradient_loss | -0.0311     |
|    std                  | 2.15        |
|    value_loss           | 168         |
-----------------------------------------
-----------------------------------------
| rollout/                |             |
|    ep_len_mean          | 224         |
|    ep_rew_mean          | 19.6        |
|    success_rate         | 0           |
| time/                   |             |
|    fps                  | 1905        |
|    iterations           | 173         |
|    time_elapsed         | 92          |
|    total_timesteps      | 1530880     |
| train/                  |             |
|    approx_kl            | 0.017915146 |
|    clip_fraction        | 0.12        |
|    clip_range           | 0.2         |
|    entropy_loss         | -17.4       |
|    explained_variance   | 0.816       |
|    learning_rate        | 0.0001      |
|    loss                 | 121         |
|    n_updates            | 14940       |
|    policy_gradient_loss | -0.0295     |
|    std                  | 2.15        |
|    value_loss           | 175         |
-----------------------------------------
----------------------------------------
| rollout/                |            |
|    ep_len_mean          | 225        |
|    ep_rew_mean          | 19.4       |
|    success_rate         | 0          |
| time/                   |            |
|    fps                  | 1905       |
|    iterations           | 174        |
|    time_elapsed         | 93         |
|    total_timesteps      | 1531904    |
| train/                  |            |
|    approx_kl            | 0.01060033 |
|    clip_fraction        | 0.13       |
|    clip_range           | 0.2        |
|    entropy_loss         | -17.4      |
|    explained_variance   | 0.943      |
|    learning_rate        | 0.0001     |
|    loss                 | 153        |
|    n_updates            | 14950      |
|    policy_gradient_loss | -0.0269    |
|    std                  | 2.15       |
|    value_loss           | 469        |
----------------------------------------
-----------------------------------------
| rollout/                |             |
|    ep_len_mean          | 224         |
|    ep_rew_mean          | 20.8        |
|    success_rate         | 0           |
| time/                   |             |
|    fps                  | 1905        |
|    iterations           | 175         |
|    time_elapsed         | 94          |
|    total_timesteps      | 1532928     |
| train/                  |             |
|    approx_kl            | 0.014159676 |
|    clip_fraction        | 0.134       |
|    clip_range           | 0.2         |
|    entropy_loss         | -17.4       |
|    explained_variance   | 0.918       |
|    learning_rate        | 0.0001      |
|    loss                 | 63.5        |
|    n_updates            | 14960       |
|    policy_gradient_loss | -0.0357     |
|    std                  | 2.15        |
|    value_loss           | 162         |
-----------------------------------------
-----------------------------------------
| rollout/                |             |
|    ep_len_mean          | 226         |
|    ep_rew_mean          | 23.3        |
|    success_rate         | 0           |
| time/                   |             |
|    fps                  | 1905        |
|    iterations           | 176         |
|    time_elapsed         | 94          |
|    total_timesteps      | 1533952     |
| train/                  |             |
|    approx_kl            | 0.015975248 |
|    clip_fraction        | 0.129       |
|    clip_range           | 0.2         |
|    entropy_loss         | -17.4       |
|    explained_variance   | 0.947       |
|    learning_rate        | 0.0001      |
|    loss                 | 33.7        |
|    n_updates            | 14970       |
|    policy_gradient_loss | -0.0275     |
|    std                  | 2.16        |
|    value_loss           | 111         |
-----------------------------------------
-----------------------------------------
| rollout/                |             |
|    ep_len_mean          | 223         |
|    ep_rew_mean          | 2.41        |
|    success_rate         | 0           |
| time/                   |             |
|    fps                  | 1906        |
|    iterations           | 177         |
|    time_elapsed         | 95          |
|    total_timesteps      | 1534976     |
| train/                  |             |
|    approx_kl            | 0.009851898 |
|    clip_fraction        | 0.106       |
|    clip_range           | 0.2         |
|    entropy_loss         | -17.4       |
|    explained_variance   | 0.598       |
|    learning_rate        | 0.0001      |
|    loss                 | 134         |
|    n_updates            | 14980       |
|    policy_gradient_loss | -0.0259     |
|    std                  | 2.16        |
|    value_loss           | 448         |
-----------------------------------------
-----------------------------------------
| rollout/                |             |
|    ep_len_mean          | 227         |
|    ep_rew_mean          | 12          |
|    success_rate         | 0           |
| time/                   |             |
|    fps                  | 1906        |
|    iterations           | 178         |
|    time_elapsed         | 95          |
|    total_timesteps      | 1536000     |
| train/                  |             |
|    approx_kl            | 0.009822561 |
|    clip_fraction        | 0.0807      |
|    clip_range           | 0.2         |
|    entropy_loss         | -17.4       |
|    explained_variance   | 0.915       |
|    learning_rate        | 0.0001      |
|    loss                 | 311         |
|    n_updates            | 14990       |
|    policy_gradient_loss | -0.0249     |
|    std                  | 2.16        |
|    value_loss           | 1.08e+03    |
-----------------------------------------
-----------------------------------------
| rollout/                |             |
|    ep_len_mean          | 230         |
|    ep_rew_mean          | 8.97        |
|    success_rate         | 0           |
| time/                   |             |
|    fps                  | 1906        |
|    iterations           | 179         |
|    time_elapsed         | 96          |
|    total_timesteps      | 1537024     |
| train/                  |             |
|    approx_kl            | 0.013488397 |
|    clip_fraction        | 0.119       |
|    clip_range           | 0.2         |
|    entropy_loss         | -17.4       |
|    explained_variance   | 0.815       |
|    learning_rate        | 0.0001      |
|    loss                 | 117         |
|    n_updates            | 15000       |
|    policy_gradient_loss | -0.0267     |
|    std                  | 2.16        |
|    value_loss           | 411         |
-----------------------------------------
-----------------------------------------
| rollout/                |             |
|    ep_len_mean          | 232         |
|    ep_rew_mean          | 10.6        |
|    success_rate         | 0           |
| time/                   |             |
|    fps                  | 1906        |
|    iterations           | 180         |
|    time_elapsed         | 96          |
|    total_timesteps      | 1538048     |
| train/                  |             |
|    approx_kl            | 0.018537939 |
|    clip_fraction        | 0.185       |
|    clip_range           | 0.2         |
|    entropy_loss         | -17.4       |
|    explained_variance   | 0.879       |
|    learning_rate        | 0.0001      |
|    loss                 | 27.8        |
|    n_updates            | 15010       |
|    policy_gradient_loss | -0.0398     |
|    std                  | 2.16        |
|    value_loss           | 76.3        |
-----------------------------------------
-----------------------------------------
| rollout/                |             |
|    ep_len_mean          | 233         |
|    ep_rew_mean          | 9.11        |
|    success_rate         | 0           |
| time/                   |             |
|    fps                  | 1907        |
|    iterations           | 181         |
|    time_elapsed         | 97          |
|    total_timesteps      | 1539072     |
| train/                  |             |
|    approx_kl            | 0.016612861 |
|    clip_fraction        | 0.162       |
|    clip_range           | 0.2         |
|    entropy_loss         | -17.4       |
|    explained_variance   | 0.95        |
|    learning_rate        | 0.0001      |
|    loss                 | 17.5        |
|    n_updates            | 15020       |
|    policy_gradient_loss | -0.0319     |
|    std                  | 2.16        |
|    value_loss           | 97          |
-----------------------------------------
-----------------------------------------
| rollout/                |             |
|    ep_len_mean          | 236         |
|    ep_rew_mean          | 7.9         |
|    success_rate         | 0           |
| time/                   |             |
|    fps                  | 1907        |
|    iterations           | 182         |
|    time_elapsed         | 97          |
|    total_timesteps      | 1540096     |
| train/                  |             |
|    approx_kl            | 0.014640167 |
|    clip_fraction        | 0.164       |
|    clip_range           | 0.2         |
|    entropy_loss         | -17.4       |
|    explained_variance   | 0.952       |
|    learning_rate        | 0.0001      |
|    loss                 | 23.9        |
|    n_updates            | 15030       |
|    policy_gradient_loss | -0.0289     |
|    std                  | 2.16        |
|    value_loss           | 146         |
-----------------------------------------
-----------------------------------------
| rollout/                |             |
|    ep_len_mean          | 238         |
|    ep_rew_mean          | 3.3         |
|    success_rate         | 0           |
| time/                   |             |
|    fps                  | 1907        |
|    iterations           | 183         |
|    time_elapsed         | 98          |
|    total_timesteps      | 1541120     |
| train/                  |             |
|    approx_kl            | 0.016817348 |
|    clip_fraction        | 0.139       |
|    clip_range           | 0.2         |
|    entropy_loss         | -17.4       |
|    explained_variance   | 0.958       |
|    learning_rate        | 0.0001      |
|    loss                 | 24.9        |
|    n_updates            | 15040       |
|    policy_gradient_loss | -0.0327     |
|    std                  | 2.16        |
|    value_loss           | 87.8        |
-----------------------------------------
-----------------------------------------
| rollout/                |             |
|    ep_len_mean          | 241         |
|    ep_rew_mean          | 9.37        |
|    success_rate         | 0           |
| time/                   |             |
|    fps                  | 1908        |
|    iterations           | 184         |
|    time_elapsed         | 98          |
|    total_timesteps      | 1542144     |
| train/                  |             |
|    approx_kl            | 0.014957939 |
|    clip_fraction        | 0.153       |
|    clip_range           | 0.2         |
|    entropy_loss         | -17.4       |
|    explained_variance   | 0.957       |
|    learning_rate        | 0.0001      |
|    loss                 | 148         |
|    n_updates            | 15050       |
|    policy_gradient_loss | -0.0318     |
|    std                  | 2.16        |
|    value_loss           | 234         |
-----------------------------------------
-----------------------------------------
| rollout/                |             |
|    ep_len_mean          | 241         |
|    ep_rew_mean          | -8.82       |
|    success_rate         | 0           |
| time/                   |             |
|    fps                  | 1907        |
|    iterations           | 185         |
|    time_elapsed         | 99          |
|    total_timesteps      | 1543168     |
| train/                  |             |
|    approx_kl            | 0.022185821 |
|    clip_fraction        | 0.202       |
|    clip_range           | 0.2         |
|    entropy_loss         | -17.4       |
|    explained_variance   | 0.821       |
|    learning_rate        | 0.0001      |
|    loss                 | 23.7        |
|    n_updates            | 15060       |
|    policy_gradient_loss | -0.037      |
|    std                  | 2.17        |
|    value_loss           | 90.9        |
-----------------------------------------
-----------------------------------------
| rollout/                |             |
|    ep_len_mean          | 241         |
|    ep_rew_mean          | -15.3       |
|    success_rate         | 0           |
| time/                   |             |
|    fps                  | 1907        |
|    iterations           | 186         |
|    time_elapsed         | 99          |
|    total_timesteps      | 1544192     |
| train/                  |             |
|    approx_kl            | 0.008457464 |
|    clip_fraction        | 0.0895      |
|    clip_range           | 0.2         |
|    entropy_loss         | -17.4       |
|    explained_variance   | 0.96        |
|    learning_rate        | 0.0001      |
|    loss                 | 94.9        |
|    n_updates            | 15070       |
|    policy_gradient_loss | -0.0198     |
|    std                  | 2.17        |
|    value_loss           | 655         |
-----------------------------------------
-----------------------------------------
| rollout/                |             |
|    ep_len_mean          | 241         |
|    ep_rew_mean          | -11.5       |
|    success_rate         | 0           |
| time/                   |             |
|    fps                  | 1908        |
|    iterations           | 187         |
|    time_elapsed         | 100         |
|    total_timesteps      | 1545216     |
| train/                  |             |
|    approx_kl            | 0.017863128 |
|    clip_fraction        | 0.174       |
|    clip_range           | 0.2         |
|    entropy_loss         | -17.4       |
|    explained_variance   | 0.942       |
|    learning_rate        | 0.0001      |
|    loss                 | 44.1        |
|    n_updates            | 15080       |
|    policy_gradient_loss | -0.033      |
|    std                  | 2.17        |
|    value_loss           | 188         |
-----------------------------------------
-----------------------------------------
| rollout/                |             |
|    ep_len_mean          | 238         |
|    ep_rew_mean          | -14.2       |
|    success_rate         | 0           |
| time/                   |             |
|    fps                  | 1908        |
|    iterations           | 188         |
|    time_elapsed         | 100         |
|    total_timesteps      | 1546240     |
| train/                  |             |
|    approx_kl            | 0.013933061 |
|    clip_fraction        | 0.128       |
|    clip_range           | 0.2         |
|    entropy_loss         | -17.4       |
|    explained_variance   | 0.815       |
|    learning_rate        | 0.0001      |
|    loss                 | 58.8        |
|    n_updates            | 15090       |
|    policy_gradient_loss | -0.0293     |
|    std                  | 2.17        |
|    value_loss           | 200         |
-----------------------------------------
-----------------------------------------
| rollout/                |             |
|    ep_len_mean          | 241         |
|    ep_rew_mean          | -2.36       |
|    success_rate         | 0           |
| time/                   |             |
|    fps                  | 1908        |
|    iterations           | 189         |
|    time_elapsed         | 101         |
|    total_timesteps      | 1547264     |
| train/                  |             |
|    approx_kl            | 0.019318793 |
|    clip_fraction        | 0.208       |
|    clip_range           | 0.2         |
|    entropy_loss         | -17.4       |
|    explained_variance   | 0.967       |
|    learning_rate        | 0.0001      |
|    loss                 | 19.8        |
|    n_updates            | 15100       |
|    policy_gradient_loss | -0.0386     |
|    std                  | 2.17        |
|    value_loss           | 131         |
-----------------------------------------
-----------------------------------------
| rollout/                |             |
|    ep_len_mean          | 239         |
|    ep_rew_mean          | -4.55       |
|    success_rate         | 0           |
| time/                   |             |
|    fps                  | 1908        |
|    iterations           | 190         |
|    time_elapsed         | 101         |
|    total_timesteps      | 1548288     |
| train/                  |             |
|    approx_kl            | 0.025240965 |
|    clip_fraction        | 0.227       |
|    clip_range           | 0.2         |
|    entropy_loss         | -17.4       |
|    explained_variance   | 0.905       |
|    learning_rate        | 0.0001      |
|    loss                 | 28.6        |
|    n_updates            | 15110       |
|    policy_gradient_loss | -0.0362     |
|    std                  | 2.17        |
|    value_loss           | 87.1        |
-----------------------------------------
-----------------------------------------
| rollout/                |             |
|    ep_len_mean          | 243         |
|    ep_rew_mean          | -2.78       |
|    success_rate         | 0           |
| time/                   |             |
|    fps                  | 1909        |
|    iterations           | 191         |
|    time_elapsed         | 102         |
|    total_timesteps      | 1549312     |
| train/                  |             |
|    approx_kl            | 0.019324541 |
|    clip_fraction        | 0.204       |
|    clip_range           | 0.2         |
|    entropy_loss         | -17.4       |
|    explained_variance   | 0.825       |
|    learning_rate        | 0.0001      |
|    loss                 | 57.6        |
|    n_updates            | 15120       |
|    policy_gradient_loss | -0.0364     |
|    std                  | 2.17        |
|    value_loss           | 145         |
-----------------------------------------
-----------------------------------------
| rollout/                |             |
|    ep_len_mean          | 245         |
|    ep_rew_mean          | 0.103       |
|    success_rate         | 0           |
| time/                   |             |
|    fps                  | 1909        |
|    iterations           | 192         |
|    time_elapsed         | 102         |
|    total_timesteps      | 1550336     |
| train/                  |             |
|    approx_kl            | 0.011557916 |
|    clip_fraction        | 0.134       |
|    clip_range           | 0.2         |
|    entropy_loss         | -17.4       |
|    explained_variance   | 0.834       |
|    learning_rate        | 0.0001      |
|    loss                 | 86          |
|    n_updates            | 15130       |
|    policy_gradient_loss | -0.0251     |
|    std                  | 2.17        |
|    value_loss           | 219         |
-----------------------------------------
-----------------------------------------
| rollout/                |             |
|    ep_len_mean          | 241         |
|    ep_rew_mean          | 12          |
|    success_rate         | 0           |
| time/                   |             |
|    fps                  | 1909        |
|    iterations           | 193         |
|    time_elapsed         | 103         |
|    total_timesteps      | 1551360     |
| train/                  |             |
|    approx_kl            | 0.015352957 |
|    clip_fraction        | 0.143       |
|    clip_range           | 0.2         |
|    entropy_loss         | -17.4       |
|    explained_variance   | 0.942       |
|    learning_rate        | 0.0001      |
|    loss                 | 42.9        |
|    n_updates            | 15140       |
|    policy_gradient_loss | -0.0291     |
|    std                  | 2.17        |
|    value_loss           | 140         |
-----------------------------------------
-----------------------------------------
| rollout/                |             |
|    ep_len_mean          | 245         |
|    ep_rew_mean          | 18.4        |
|    success_rate         | 0           |
| time/                   |             |
|    fps                  | 1909        |
|    iterations           | 194         |
|    time_elapsed         | 104         |
|    total_timesteps      | 1552384     |
| train/                  |             |
|    approx_kl            | 0.016291287 |
|    clip_fraction        | 0.14        |
|    clip_range           | 0.2         |
|    entropy_loss         | -17.4       |
|    explained_variance   | 0.859       |
|    learning_rate        | 0.0001      |
|    loss                 | 76.1        |
|    n_updates            | 15150       |
|    policy_gradient_loss | -0.0288     |
|    std                  | 2.17        |
|    value_loss           | 233         |
-----------------------------------------
-----------------------------------------
| rollout/                |             |
|    ep_len_mean          | 247         |
|    ep_rew_mean          | 27.6        |
|    success_rate         | 0           |
| time/                   |             |
|    fps                  | 1910        |
|    iterations           | 195         |
|    time_elapsed         | 104         |
|    total_timesteps      | 1553408     |
| train/                  |             |
|    approx_kl            | 0.028433817 |
|    clip_fraction        | 0.191       |
|    clip_range           | 0.2         |
|    entropy_loss         | -17.4       |
|    explained_variance   | 0.846       |
|    learning_rate        | 0.0001      |
|    loss                 | 18.6        |
|    n_updates            | 15160       |
|    policy_gradient_loss | -0.0284     |
|    std                  | 2.17        |
|    value_loss           | 268         |
-----------------------------------------
-----------------------------------------
| rollout/                |             |
|    ep_len_mean          | 250         |
|    ep_rew_mean          | 30          |
|    success_rate         | 0           |
| time/                   |             |
|    fps                  | 1910        |
|    iterations           | 196         |
|    time_elapsed         | 105         |
|    total_timesteps      | 1554432     |
| train/                  |             |
|    approx_kl            | 0.035574615 |
|    clip_fraction        | 0.234       |
|    clip_range           | 0.2         |
|    entropy_loss         | -17.4       |
|    explained_variance   | 0.971       |
|    learning_rate        | 0.0001      |
|    loss                 | 4.51        |
|    n_updates            | 15170       |
|    policy_gradient_loss | -0.0325     |
|    std                  | 2.18        |
|    value_loss           | 20.7        |
-----------------------------------------

=== tuned train stage=2 steps=200000 ent_coef=0.01 lr=None resume=/Users/youpeixing/ws/allegro_rod_mvp/checkpoints/stage2/final_model.zip ===

=== tuned train stage=2 steps=200000 ent_coef=0.01 lr=0.0001 resume=/Users/youpeixing/ws/allegro_rod_mvp/checkpoints/stage2/final_model.zip ===
