
===== STAGE 0: first train 150000 steps =====
+ /Users/youpeixing/ws/allegro_rod_mvp/.venv/bin/python /Users/youpeixing/ws/allegro_rod_mvp/scripts/train.py --stage 0 --steps 150000
  exit=0 log=/Users/youpeixing/ws/allegro_rod_mvp/checkpoints/stage0/train.log
+ /Users/youpeixing/ws/allegro_rod_mvp/.venv/bin/python /Users/youpeixing/ws/allegro_rod_mvp/scripts/eval_policy.py /Users/youpeixing/ws/allegro_rod_mvp/checkpoints/stage0/final_model.zip --stage 0 --episodes 20 --out /Users/youpeixing/ws/allegro_rod_mvp/checkpoints/stage0/eval_metrics.json
{
  "model": "/Users/youpeixing/ws/allegro_rod_mvp/checkpoints/stage0/final_model.zip",
  "stage": 0,
  "episodes": 20,
  "axis_rotation_deg_mean": 22.60598275682661,
  "axis_rotation_deg_std": 28.653198324550907,
  "tip_error_m_mean": 0.0005680146581964988,
  "tip_error_m_std": 0.00021461298192337224,
  "contact_count_mean": 0.95,
  "success_rate": 0.0,
  "drop_rate": 0.05,
  "passed": false
}
{
  "model": "/Users/youpeixing/ws/allegro_rod_mvp/checkpoints/stage0/final_model.zip",
  "stage": 0,
  "episodes": 20,
  "axis_rotation_deg_mean": 22.60598275682661,
  "axis_rotation_deg_std": 28.653198324550907,
  "tip_error_m_mean": 0.0005680146581964988,
  "tip_error_m_std": 0.00021461298192337224,
  "contact_count_mean": 0.95,
  "success_rate": 0.0,
  "drop_rate": 0.05,
  "passed": false
}

===== STAGE 0: extend +100000 (extra_done=0/300000, tune=0) =====
+ /Users/youpeixing/ws/allegro_rod_mvp/.venv/bin/python /Users/youpeixing/ws/allegro_rod_mvp/scripts/train.py --stage 0 --steps 100000 --resume /Users/youpeixing/ws/allegro_rod_mvp/checkpoints/stage0/final_model.zip
  exit=0 log=/Users/youpeixing/ws/allegro_rod_mvp/checkpoints/stage0/train.log
+ /Users/youpeixing/ws/allegro_rod_mvp/.venv/bin/python /Users/youpeixing/ws/allegro_rod_mvp/scripts/eval_policy.py /Users/youpeixing/ws/allegro_rod_mvp/checkpoints/stage0/final_model.zip --stage 0 --episodes 20 --out /Users/youpeixing/ws/allegro_rod_mvp/checkpoints/stage0/eval_metrics.json
{
  "model": "/Users/youpeixing/ws/allegro_rod_mvp/checkpoints/stage0/final_model.zip",
  "stage": 0,
  "episodes": 20,
  "axis_rotation_deg_mean": 527.6399818769764,
  "axis_rotation_deg_std": 124.06987959410131,
  "tip_error_m_mean": 0.0005819712457708281,
  "tip_error_m_std": 0.00022832037545179686,
  "contact_count_mean": 0.75,
  "success_rate": 0.95,
  "drop_rate": 0.05,
  "passed": true
}
{
  "model": "/Users/youpeixing/ws/allegro_rod_mvp/checkpoints/stage0/final_model.zip",
  "stage": 0,
  "episodes": 20,
  "axis_rotation_deg_mean": 527.6399818769764,
  "axis_rotation_deg_std": 124.06987959410131,
  "tip_error_m_mean": 0.0005819712457708281,
  "tip_error_m_std": 0.00022832037545179686,
  "contact_count_mean": 0.75,
  "success_rate": 0.95,
  "drop_rate": 0.05,
  "passed": true
}

===== STAGE 1: first train 250000 steps =====
+ /Users/youpeixing/ws/allegro_rod_mvp/.venv/bin/python /Users/youpeixing/ws/allegro_rod_mvp/scripts/train.py --stage 1 --steps 250000 --resume /Users/youpeixing/ws/allegro_rod_mvp/checkpoints/stage0/final_model.zip
  exit=0 log=/Users/youpeixing/ws/allegro_rod_mvp/checkpoints/stage1/train.log
+ /Users/youpeixing/ws/allegro_rod_mvp/.venv/bin/python /Users/youpeixing/ws/allegro_rod_mvp/scripts/eval_policy.py /Users/youpeixing/ws/allegro_rod_mvp/checkpoints/stage1/final_model.zip --stage 1 --episodes 20 --out /Users/youpeixing/ws/allegro_rod_mvp/checkpoints/stage1/eval_metrics.json
WARNING: Nan, Inf or huge value in QACC at DOF 12. The simulation is unstable. Time = 0.0340.

{
  "model": "/Users/youpeixing/ws/allegro_rod_mvp/checkpoints/stage1/final_model.zip",
  "stage": 1,
  "episodes": 20,
  "axis_rotation_deg_mean": -28.888694478864767,
  "axis_rotation_deg_std": 34.724807377818244,
  "tip_error_m_mean": 0.016981584328914792,
  "tip_error_m_std": 0.008537376135785908,
  "contact_count_mean": 1.4,
  "success_rate": 0.0,
  "drop_rate": 0.3,
  "passed": false
}
{
  "model": "/Users/youpeixing/ws/allegro_rod_mvp/checkpoints/stage1/final_model.zip",
  "stage": 1,
  "episodes": 20,
  "axis_rotation_deg_mean": -28.888694478864767,
  "axis_rotation_deg_std": 34.724807377818244,
  "tip_error_m_mean": 0.016981584328914792,
  "tip_error_m_std": 0.008537376135785908,
  "contact_count_mean": 1.4,
  "success_rate": 0.0,
  "drop_rate": 0.3,
  "passed": false
}

===== STAGE 1: extend +150000 (extra_done=0/450000, tune=0) =====
+ /Users/youpeixing/ws/allegro_rod_mvp/.venv/bin/python /Users/youpeixing/ws/allegro_rod_mvp/scripts/train.py --stage 1 --steps 150000 --resume /Users/youpeixing/ws/allegro_rod_mvp/checkpoints/stage1/final_model.zip
  exit=0 log=/Users/youpeixing/ws/allegro_rod_mvp/checkpoints/stage1/train.log
+ /Users/youpeixing/ws/allegro_rod_mvp/.venv/bin/python /Users/youpeixing/ws/allegro_rod_mvp/scripts/eval_policy.py /Users/youpeixing/ws/allegro_rod_mvp/checkpoints/stage1/final_model.zip --stage 1 --episodes 20 --out /Users/youpeixing/ws/allegro_rod_mvp/checkpoints/stage1/eval_metrics.json
WARNING: Nan, Inf or huge value in QACC at DOF 12. The simulation is unstable. Time = 0.0340.

{
  "model": "/Users/youpeixing/ws/allegro_rod_mvp/checkpoints/stage1/final_model.zip",
  "stage": 1,
  "episodes": 20,
  "axis_rotation_deg_mean": -54.357475853238064,
  "axis_rotation_deg_std": 48.825438667084754,
  "tip_error_m_mean": 0.009507741279024626,
  "tip_error_m_std": 0.007518142048914611,
  "contact_count_mean": 1.5,
  "success_rate": 0.0,
  "drop_rate": 0.3,
  "passed": false
}
{
  "model": "/Users/youpeixing/ws/allegro_rod_mvp/checkpoints/stage1/final_model.zip",
  "stage": 1,
  "episodes": 20,
  "axis_rotation_deg_mean": -54.357475853238064,
  "axis_rotation_deg_std": 48.825438667084754,
  "tip_error_m_mean": 0.009507741279024626,
  "tip_error_m_std": 0.007518142048914611,
  "contact_count_mean": 1.5,
  "success_rate": 0.0,
  "drop_rate": 0.3,
  "passed": false
}

===== STAGE 1: extend +150000 (extra_done=150000/450000, tune=1) =====
Logging to checkpoints/stage0/tb/PPO_1
---------------------------------
| rollout/           |          |
|    ep_len_mean     | 111      |
|    ep_rew_mean     | 51.3     |
|    success_rate    | 0        |
| time/              |          |
|    fps             | 2305     |
|    iterations      | 1        |
|    time_elapsed    | 0        |
|    total_timesteps | 653312   |
---------------------------------
WARNING: Nan, Inf or huge value in QACC at DOF 12. The simulation is unstable. Time = 0.0320.

-----------------------------------------
| rollout/                |             |
|    ep_len_mean          | 110         |
|    ep_rew_mean          | 49.7        |
|    success_rate         | 0           |
| time/                   |             |
|    fps                  | 2050        |
|    iterations           | 2           |
|    time_elapsed         | 0           |
|    total_timesteps      | 654336      |
| train/                  |             |
|    approx_kl            | 0.040322162 |
|    clip_fraction        | 0.369       |
|    clip_range           | 0.2         |
|    entropy_loss         | -14.3       |
|    explained_variance   | 0.737       |
|    learning_rate        | 0.0003      |
|    loss                 | 9.87        |
|    n_updates            | 6380        |
|    policy_gradient_loss | -0.0385     |
|    std                  | 1.34        |
|    value_loss           | 39.1        |
-----------------------------------------
-----------------------------------------
| rollout/                |             |
|    ep_len_mean          | 108         |
|    ep_rew_mean          | 64.8        |
|    success_rate         | 0           |
| time/                   |             |
|    fps                  | 1996        |
|    iterations           | 3           |
|    time_elapsed         | 1           |
|    total_timesteps      | 655360      |
| train/                  |             |
|    approx_kl            | 0.033443835 |
|    clip_fraction        | 0.282       |
|    clip_range           | 0.2         |
|    entropy_loss         | -14.4       |
|    explained_variance   | 0.463       |
|    learning_rate        | 0.0003      |
|    loss                 | 35.7        |
|    n_updates            | 6390        |
|    policy_gradient_loss | -0.0385     |
|    std                  | 1.34        |
|    value_loss           | 200         |
-----------------------------------------
WARNING: Nan, Inf or huge value in QACC at DOF 12. The simulation is unstable. Time = 0.0320.

----------------------------------------
| rollout/                |            |
|    ep_len_mean          | 106        |
|    ep_rew_mean          | 60.3       |
|    success_rate         | 0          |
| time/                   |            |
|    fps                  | 1973       |
|    iterations           | 4          |
|    time_elapsed         | 2          |
|    total_timesteps      | 656384     |
| train/                  |            |
|    approx_kl            | 0.03874624 |
|    clip_fraction        | 0.318      |
|    clip_range           | 0.2        |
|    entropy_loss         | -14.4      |
|    explained_variance   | 0.86       |
|    learning_rate        | 0.0003     |
|    loss                 | 8.33       |
|    n_updates            | 6400       |
|    policy_gradient_loss | -0.04      |
|    std                  | 1.34       |
|    value_loss           | 37.5       |
----------------------------------------
WARNING: Nan, Inf or huge value in QACC at DOF 12. The simulation is unstable. Time = 0.0300.

-----------------------------------------
| rollout/                |             |
|    ep_len_mean          | 104         |
|    ep_rew_mean          | 59.4        |
|    success_rate         | 0           |
| time/                   |             |
|    fps                  | 1958        |
|    iterations           | 5           |
|    time_elapsed         | 2           |
|    total_timesteps      | 657408      |
| train/                  |             |
|    approx_kl            | 0.029980676 |
|    clip_fraction        | 0.265       |
|    clip_range           | 0.2         |
|    entropy_loss         | -14.4       |
|    explained_variance   | 0.783       |
|    learning_rate        | 0.0003      |
|    loss                 | 73.5        |
|    n_updates            | 6410        |
|    policy_gradient_loss | -0.033      |
|    std                  | 1.34        |
|    value_loss           | 220         |
-----------------------------------------
-----------------------------------------
| rollout/                |             |
|    ep_len_mean          | 104         |
|    ep_rew_mean          | 59.3        |
|    success_rate         | 0           |
| time/                   |             |
|    fps                  | 1950        |
|    iterations           | 6           |
|    time_elapsed         | 3           |
|    total_timesteps      | 658432      |
| train/                  |             |
|    approx_kl            | 0.027985755 |
|    clip_fraction        | 0.293       |
|    clip_range           | 0.2         |
|    entropy_loss         | -14.4       |
|    explained_variance   | 0.602       |
|    learning_rate        | 0.0003      |
|    loss                 | 66.1        |
|    n_updates            | 6420        |
|    policy_gradient_loss | -0.0419     |
|    std                  | 1.34        |
|    value_loss           | 185         |
-----------------------------------------
-----------------------------------------
| rollout/                |             |
|    ep_len_mean          | 101         |
|    ep_rew_mean          | 57.5        |
|    success_rate         | 0           |
| time/                   |             |
|    fps                  | 1944        |
|    iterations           | 7           |
|    time_elapsed         | 3           |
|    total_timesteps      | 659456      |
| train/                  |             |
|    approx_kl            | 0.041314717 |
|    clip_fraction        | 0.319       |
|    clip_range           | 0.2         |
|    entropy_loss         | -14.4       |
|    explained_variance   | 0.685       |
|    learning_rate        | 0.0003      |
|    loss                 | 18.3        |
|    n_updates            | 6430        |
|    policy_gradient_loss | -0.0374     |
|    std                  | 1.35        |
|    value_loss           | 45          |
-----------------------------------------
----------------------------------------
| rollout/                |            |
|    ep_len_mean          | 102        |
|    ep_rew_mean          | 58.3       |
|    success_rate         | 0          |
| time/                   |            |
|    fps                  | 1940       |
|    iterations           | 8          |
|    time_elapsed         | 4          |
|    total_timesteps      | 660480     |
| train/                  |            |
|    approx_kl            | 0.03224457 |
|    clip_fraction        | 0.342      |
|    clip_range           | 0.2        |
|    entropy_loss         | -14.4      |
|    explained_variance   | 0.513      |
|    learning_rate        | 0.0003     |
|    loss                 | 32.7       |
|    n_updates            | 6440       |
|    policy_gradient_loss | -0.0373    |
|    std                  | 1.35       |
|    value_loss           | 113        |
----------------------------------------
WARNING: Nan, Inf or huge value in QACC at DOF 12. The simulation is unstable. Time = 0.0340.

----------------------------------------
| rollout/                |            |
|    ep_len_mean          | 102        |
|    ep_rew_mean          | 68.6       |
|    success_rate         | 0          |
| time/                   |            |
|    fps                  | 1938       |
|    iterations           | 9          |
|    time_elapsed         | 4          |
|    total_timesteps      | 661504     |
| train/                  |            |
|    approx_kl            | 0.06292917 |
|    clip_fraction        | 0.406      |
|    clip_range           | 0.2        |
|    entropy_loss         | -14.4      |
|    explained_variance   | 0.417      |
|    learning_rate        | 0.0003     |
|    loss                 | 6.52       |
|    n_updates            | 6450       |
|    policy_gradient_loss | -0.037     |
|    std                  | 1.35       |
|    value_loss           | 47.9       |
----------------------------------------
WARNING: Nan, Inf or huge value in QACC at DOF 12. The simulation is unstable. Time = 0.0320.

-----------------------------------------
| rollout/                |             |
|    ep_len_mean          | 97.1        |
|    ep_rew_mean          | 65.6        |
|    success_rate         | 0           |
| time/                   |             |
|    fps                  | 1934        |
|    iterations           | 10          |
|    time_elapsed         | 5           |
|    total_timesteps      | 662528      |
| train/                  |             |
|    approx_kl            | 0.041118376 |
|    clip_fraction        | 0.35        |
|    clip_range           | 0.2         |
|    entropy_loss         | -14.4       |
|    explained_variance   | 0.558       |
|    learning_rate        | 0.0003      |
|    loss                 | 34.4        |
|    n_updates            | 6460        |
|    policy_gradient_loss | -0.046      |
|    std                  | 1.35        |
|    value_loss           | 134         |
-----------------------------------------
-----------------------------------------
| rollout/                |             |
|    ep_len_mean          | 97.3        |
|    ep_rew_mean          | 66.9        |
|    success_rate         | 0           |
| time/                   |             |
|    fps                  | 1932        |
|    iterations           | 11          |
|    time_elapsed         | 5           |
|    total_timesteps      | 663552      |
| train/                  |             |
|    approx_kl            | 0.040841207 |
|    clip_fraction        | 0.373       |
|    clip_range           | 0.2         |
|    entropy_loss         | -14.4       |
|    explained_variance   | 0.741       |
|    learning_rate        | 0.0003      |
|    loss                 | 11.3        |
|    n_updates            | 6470        |
|    policy_gradient_loss | -0.0345     |
|    std                  | 1.35        |
|    value_loss           | 50.8        |
-----------------------------------------
-----------------------------------------
| rollout/                |             |
|    ep_len_mean          | 98.6        |
|    ep_rew_mean          | 66.3        |
|    success_rate         | 0           |
| time/                   |             |
|    fps                  | 1919        |
|    iterations           | 12          |
|    time_elapsed         | 6           |
|    total_timesteps      | 664576      |
| train/                  |             |
|    approx_kl            | 0.036062144 |
|    clip_fraction        | 0.315       |
|    clip_range           | 0.2         |
|    entropy_loss         | -14.4       |
|    explained_variance   | 0.766       |
|    learning_rate        | 0.0003      |
|    loss                 | 32.8        |
|    n_updates            | 6480        |
|    policy_gradient_loss | -0.0407     |
|    std                  | 1.36        |
|    value_loss           | 45.3        |
-----------------------------------------
-----------------------------------------
| rollout/                |             |
|    ep_len_mean          | 95.3        |
|    ep_rew_mean          | 62.6        |
|    success_rate         | 0           |
| time/                   |             |
|    fps                  | 1917        |
|    iterations           | 13          |
|    time_elapsed         | 6           |
|    total_timesteps      | 665600      |
| train/                  |             |
|    approx_kl            | 0.040864892 |
|    clip_fraction        | 0.356       |
|    clip_range           | 0.2         |
|    entropy_loss         | -14.5       |
|    explained_variance   | 0.78        |
|    learning_rate        | 0.0003      |
|    loss                 | 33.9        |
|    n_updates            | 6490        |
|    policy_gradient_loss | -0.0365     |
|    std                  | 1.36        |
|    value_loss           | 86.4        |
-----------------------------------------
-----------------------------------------
| rollout/                |             |
|    ep_len_mean          | 98.8        |
|    ep_rew_mean          | 69.5        |
|    success_rate         | 0           |
| time/                   |             |
|    fps                  | 1917        |
|    iterations           | 14          |
|    time_elapsed         | 7           |
|    total_timesteps      | 666624      |
| train/                  |             |
|    approx_kl            | 0.038990587 |
|    clip_fraction        | 0.36        |
|    clip_range           | 0.2         |
|    entropy_loss         | -14.5       |
|    explained_variance   | 0.649       |
|    learning_rate        | 0.0003      |
|    loss                 | 38.2        |
|    n_updates            | 6500        |
|    policy_gradient_loss | -0.0445     |
|    std                  | 1.36        |
|    value_loss           | 107         |
-----------------------------------------
-----------------------------------------
| rollout/                |             |
|    ep_len_mean          | 99.2        |
|    ep_rew_mean          | 68.3        |
|    success_rate         | 0           |
| time/                   |             |
|    fps                  | 1917        |
|    iterations           | 15          |
|    time_elapsed         | 8           |
|    total_timesteps      | 667648      |
| train/                  |             |
|    approx_kl            | 0.031985074 |
|    clip_fraction        | 0.364       |
|    clip_range           | 0.2         |
|    entropy_loss         | -14.5       |
|    explained_variance   | 0.59        |
|    learning_rate        | 0.0003      |
|    loss                 | 79.2        |
|    n_updates            | 6510        |
|    policy_gradient_loss | -0.0426     |
|    std                  | 1.36        |
|    value_loss           | 149         |
-----------------------------------------
----------------------------------------
| rollout/                |            |
|    ep_len_mean          | 93.8       |
|    ep_rew_mean          | 63.6       |
|    success_rate         | 0          |
| time/                   |            |
|    fps                  | 1917       |
|    iterations           | 16         |
|    time_elapsed         | 8          |
|    total_timesteps      | 668672     |
| train/                  |            |
|    approx_kl            | 0.08210251 |
|    clip_fraction        | 0.4        |
|    clip_range           | 0.2        |
|    entropy_loss         | -14.5      |
|    explained_variance   | 0.747      |
|    learning_rate        | 0.0003     |
|    loss                 | 6.56       |
|    n_updates            | 6520       |
|    policy_gradient_loss | -0.0328    |
|    std                  | 1.37       |
|    value_loss           | 47.6       |
----------------------------------------
-----------------------------------------
| rollout/                |             |
|    ep_len_mean          | 100         |
|    ep_rew_mean          | 69          |
|    success_rate         | 0           |
| time/                   |             |
|    fps                  | 1916        |
|    iterations           | 17          |
|    time_elapsed         | 9           |
|    total_timesteps      | 669696      |
| train/                  |             |
|    approx_kl            | 0.024947263 |
|    clip_fraction        | 0.357       |
|    clip_range           | 0.2         |
|    entropy_loss         | -14.5       |
|    explained_variance   | 0.682       |
|    learning_rate        | 0.0003      |
|    loss                 | 23.1        |
|    n_updates            | 6530        |
|    policy_gradient_loss | -0.0392     |
|    std                  | 1.37        |
|    value_loss           | 74.4        |
-----------------------------------------
-----------------------------------------
| rollout/                |             |
|    ep_len_mean          | 99.2        |
|    ep_rew_mean          | 69.1        |
|    success_rate         | 0           |
| time/                   |             |
|    fps                  | 1916        |
|    iterations           | 18          |
|    time_elapsed         | 9           |
|    total_timesteps      | 670720      |
| train/                  |             |
|    approx_kl            | 0.076720506 |
|    clip_fraction        | 0.443       |
|    clip_range           | 0.2         |
|    entropy_loss         | -14.5       |
|    explained_variance   | 0.92        |
|    learning_rate        | 0.0003      |
|    loss                 | 8.15        |
|    n_updates            | 6540        |
|    policy_gradient_loss | -0.0405     |
|    std                  | 1.37        |
|    value_loss           | 21.2        |
-----------------------------------------
-----------------------------------------
| rollout/                |             |
|    ep_len_mean          | 99.7        |
|    ep_rew_mean          | 69.5        |
|    success_rate         | 0           |
| time/                   |             |
|    fps                  | 1916        |
|    iterations           | 19          |
|    time_elapsed         | 10          |
|    total_timesteps      | 671744      |
| train/                  |             |
|    approx_kl            | 0.057102278 |
|    clip_fraction        | 0.362       |
|    clip_range           | 0.2         |
|    entropy_loss         | -14.5       |
|    explained_variance   | 0.765       |
|    learning_rate        | 0.0003      |
|    loss                 | 13.2        |
|    n_updates            | 6550        |
|    policy_gradient_loss | -0.0247     |
|    std                  | 1.37        |
|    value_loss           | 76.6        |
-----------------------------------------
-----------------------------------------
| rollout/                |             |
|    ep_len_mean          | 105         |
|    ep_rew_mean          | 74.3        |
|    success_rate         | 0           |
| time/                   |             |
|    fps                  | 1916        |
|    iterations           | 20          |
|    time_elapsed         | 10          |
|    total_timesteps      | 672768      |
| train/                  |             |
|    approx_kl            | 0.038276695 |
|    clip_fraction        | 0.328       |
|    clip_range           | 0.2         |
|    entropy_loss         | -14.6       |
|    explained_variance   | 0.712       |
|    learning_rate        | 0.0003      |
|    loss                 | 27.2        |
|    n_updates            | 6560        |
|    policy_gradient_loss | -0.0443     |
|    std                  | 1.37        |
|    value_loss           | 82.8        |
-----------------------------------------
----------------------------------------
| rollout/                |            |
|    ep_len_mean          | 101        |
|    ep_rew_mean          | 69.6       |
|    success_rate         | 0          |
| time/                   |            |
|    fps                  | 1916       |
|    iterations           | 21         |
|    time_elapsed         | 11         |
|    total_timesteps      | 673792     |
| train/                  |            |
|    approx_kl            | 0.08296222 |
|    clip_fraction        | 0.527      |
|    clip_range           | 0.2        |
|    entropy_loss         | -14.6      |
|    explained_variance   | 0.84       |
|    learning_rate        | 0.0003     |
|    loss                 | 24.4       |
|    n_updates            | 6570       |
|    policy_gradient_loss | -0.0218    |
|    std                  | 1.38       |
|    value_loss           | 27.2       |
----------------------------------------
-----------------------------------------
| rollout/                |             |
|    ep_len_mean          | 100         |
|    ep_rew_mean          | 69.9        |
|    success_rate         | 0           |
| time/                   |             |
|    fps                  | 1916        |
|    iterations           | 22          |
|    time_elapsed         | 11          |
|    total_timesteps      | 674816      |
| train/                  |             |
|    approx_kl            | 0.046026684 |
|    clip_fraction        | 0.402       |
|    clip_range           | 0.2         |
|    entropy_loss         | -14.6       |
|    explained_variance   | 0.656       |
|    learning_rate        | 0.0003      |
|    loss                 | 39.7        |
|    n_updates            | 6580        |
|    policy_gradient_loss | -0.0443     |
|    std                  | 1.39        |
|    value_loss           | 95.8        |
-----------------------------------------
----------------------------------------
| rollout/                |            |
|    ep_len_mean          | 109        |
|    ep_rew_mean          | 77.5       |
|    success_rate         | 0          |
| time/                   |            |
|    fps                  | 1916       |
|    iterations           | 23         |
|    time_elapsed         | 12         |
|    total_timesteps      | 675840     |
| train/                  |            |
|    approx_kl            | 0.04280291 |
|    clip_fraction        | 0.365      |
|    clip_range           | 0.2        |
|    entropy_loss         | -14.7      |
|    explained_variance   | 0.614      |
|    learning_rate        | 0.0003     |
|    loss                 | 14.9       |
|    n_updates            | 6590       |
|    policy_gradient_loss | -0.0403    |
|    std                  | 1.39       |
|    value_loss           | 55.9       |
----------------------------------------
WARNING: Nan, Inf or huge value in QACC at DOF 12. The simulation is unstable. Time = 0.0320.

WARNING: Nan, Inf or huge value in QACC at DOF 12. The simulation is unstable. Time = 0.0300.

----------------------------------------
| rollout/                |            |
|    ep_len_mean          | 102        |
|    ep_rew_mean          | 69.2       |
|    success_rate         | 0          |
| time/                   |            |
|    fps                  | 1915       |
|    iterations           | 24         |
|    time_elapsed         | 12         |
|    total_timesteps      | 676864     |
| train/                  |            |
|    approx_kl            | 0.06573874 |
|    clip_fraction        | 0.385      |
|    clip_range           | 0.2        |
|    entropy_loss         | -14.7      |
|    explained_variance   | 0.78       |
|    learning_rate        | 0.0003     |
|    loss                 | 2.59       |
|    n_updates            | 6600       |
|    policy_gradient_loss | -0.031     |
|    std                  | 1.4        |
|    value_loss           | 36         |
----------------------------------------
-----------------------------------------
| rollout/                |             |
|    ep_len_mean          | 92.4        |
|    ep_rew_mean          | 61.4        |
|    success_rate         | 0           |
| time/                   |             |
|    fps                  | 1910        |
|    iterations           | 25          |
|    time_elapsed         | 13          |
|    total_timesteps      | 677888      |
| train/                  |             |
|    approx_kl            | 0.029624498 |
|    clip_fraction        | 0.346       |
|    clip_range           | 0.2         |
|    entropy_loss         | -14.7       |
|    explained_variance   | 0.741       |
|    learning_rate        | 0.0003      |
|    loss                 | 58.8        |
|    n_updates            | 6610        |
|    policy_gradient_loss | -0.0383     |
|    std                  | 1.4         |
|    value_loss           | 120         |
-----------------------------------------
----------------------------------------
| rollout/                |            |
|    ep_len_mean          | 86.3       |
|    ep_rew_mean          | 56.2       |
|    success_rate         | 0          |
| time/                   |            |
|    fps                  | 1910       |
|    iterations           | 26         |
|    time_elapsed         | 13         |
|    total_timesteps      | 678912     |
| train/                  |            |
|    approx_kl            | 0.03191279 |
|    clip_fraction        | 0.276      |
|    clip_range           | 0.2        |
|    entropy_loss         | -14.7      |
|    explained_variance   | 0.392      |
|    learning_rate        | 0.0003     |
|    loss                 | 59.9       |
|    n_updates            | 6620       |
|    policy_gradient_loss | -0.0376    |
|    std                  | 1.4        |
|    value_loss           | 202        |
----------------------------------------
-----------------------------------------
| rollout/                |             |
|    ep_len_mean          | 82.9        |
|    ep_rew_mean          | 53.7        |
|    success_rate         | 0           |
| time/                   |             |
|    fps                  | 1910        |
|    iterations           | 27          |
|    time_elapsed         | 14          |
|    total_timesteps      | 679936      |
| train/                  |             |
|    approx_kl            | 0.028940272 |
|    clip_fraction        | 0.313       |
|    clip_range           | 0.2         |
|    entropy_loss         | -14.7       |
|    explained_variance   | 0.571       |
|    learning_rate        | 0.0003      |
|    loss                 | 37.5        |
|    n_updates            | 6630        |
|    policy_gradient_loss | -0.0455     |
|    std                  | 1.4         |
|    value_loss           | 101         |
-----------------------------------------
-----------------------------------------
| rollout/                |             |
|    ep_len_mean          | 79.7        |
|    ep_rew_mean          | 51.9        |
|    success_rate         | 0           |
| time/                   |             |
|    fps                  | 1910        |
|    iterations           | 28          |
|    time_elapsed         | 15          |
|    total_timesteps      | 680960      |
| train/                  |             |
|    approx_kl            | 0.040590115 |
|    clip_fraction        | 0.307       |
|    clip_range           | 0.2         |
|    entropy_loss         | -14.7       |
|    explained_variance   | 0.682       |
|    learning_rate        | 0.0003      |
|    loss                 | 26.2        |
|    n_updates            | 6640        |
|    policy_gradient_loss | -0.042      |
|    std                  | 1.4         |
|    value_loss           | 78.1        |
-----------------------------------------
----------------------------------------
| rollout/                |            |
|    ep_len_mean          | 88.6       |
|    ep_rew_mean          | 59.1       |
|    success_rate         | 0          |
| time/                   |            |
|    fps                  | 1910       |
|    iterations           | 29         |
|    time_elapsed         | 15         |
|    total_timesteps      | 681984     |
| train/                  |            |
|    approx_kl            | 0.03471051 |
|    clip_fraction        | 0.374      |
|    clip_range           | 0.2        |
|    entropy_loss         | -14.7      |
|    explained_variance   | 0.745      |
|    learning_rate        | 0.0003     |
|    loss                 | 24.6       |
|    n_updates            | 6650       |
|    policy_gradient_loss | -0.0332    |
|    std                  | 1.4        |
|    value_loss           | 59.3       |
----------------------------------------
----------------------------------------
| rollout/                |            |
|    ep_len_mean          | 89.1       |
|    ep_rew_mean          | 60.1       |
|    success_rate         | 0          |
| time/                   |            |
|    fps                  | 1905       |
|    iterations           | 30         |
|    time_elapsed         | 16         |
|    total_timesteps      | 683008     |
| train/                  |            |
|    approx_kl            | 0.09322623 |
|    clip_fraction        | 0.461      |
|    clip_range           | 0.2        |
|    entropy_loss         | -14.7      |
|    explained_variance   | 0.888      |
|    learning_rate        | 0.0003     |
|    loss                 | 4.8        |
|    n_updates            | 6660       |
|    policy_gradient_loss | -0.0308    |
|    std                  | 1.4        |
|    value_loss           | 16         |
----------------------------------------
-----------------------------------------
| rollout/                |             |
|    ep_len_mean          | 91.4        |
|    ep_rew_mean          | 62.1        |
|    success_rate         | 0           |
| time/                   |             |
|    fps                  | 1906        |
|    iterations           | 31          |
|    time_elapsed         | 16          |
|    total_timesteps      | 684032      |
| train/                  |             |
|    approx_kl            | 0.038238563 |
|    clip_fraction        | 0.373       |
|    clip_range           | 0.2         |
|    entropy_loss         | -14.7       |
|    explained_variance   | 0.773       |
|    learning_rate        | 0.0003      |
|    loss                 | 15.7        |
|    n_updates            | 6670        |
|    policy_gradient_loss | -0.0439     |
|    std                  | 1.4         |
|    value_loss           | 60          |
-----------------------------------------
-----------------------------------------
| rollout/                |             |
|    ep_len_mean          | 89.3        |
|    ep_rew_mean          | 60.5        |
|    success_rate         | 0           |
| time/                   |             |
|    fps                  | 1906        |
|    iterations           | 32          |
|    time_elapsed         | 17          |
|    total_timesteps      | 685056      |
| train/                  |             |
|    approx_kl            | 0.043936566 |
|    clip_fraction        | 0.375       |
|    clip_range           | 0.2         |
|    entropy_loss         | -14.7       |
|    explained_variance   | 0.698       |
|    learning_rate        | 0.0003      |
|    loss                 | 37.9        |
|    n_updates            | 6680        |
|    policy_gradient_loss | -0.0284     |
|    std                  | 1.4         |
|    value_loss           | 55.9        |
-----------------------------------------
WARNING: Nan, Inf or huge value in QACC at DOF 12. The simulation is unstable. Time = 0.0300.

----------------------------------------
| rollout/                |            |
|    ep_len_mean          | 99.1       |
|    ep_rew_mean          | 69.8       |
|    success_rate         | 0          |
| time/                   |            |
|    fps                  | 1906       |
|    iterations           | 33         |
|    time_elapsed         | 17         |
|    total_timesteps      | 686080     |
| train/                  |            |
|    approx_kl            | 0.03998535 |
|    clip_fraction        | 0.365      |
|    clip_range           | 0.2        |
|    entropy_loss         | -14.7      |
|    explained_variance   | 0.623      |
|    learning_rate        | 0.0003     |
|    loss                 | 11.9       |
|    n_updates            | 6690       |
|    policy_gradient_loss | -0.0379    |
|    std                  | 1.4        |
|    value_loss           | 52.2       |
----------------------------------------
----------------------------------------
| rollout/                |            |
|    ep_len_mean          | 103        |
|    ep_rew_mean          | 73.1       |
|    success_rate         | 0          |
| time/                   |            |
|    fps                  | 1906       |
|    iterations           | 34         |
|    time_elapsed         | 18         |
|    total_timesteps      | 687104     |
| train/                  |            |
|    approx_kl            | 0.10811563 |
|    clip_fraction        | 0.465      |
|    clip_range           | 0.2        |
|    entropy_loss         | -14.7      |
|    explained_variance   | 0.568      |
|    learning_rate        | 0.0003     |
|    loss                 | 34.7       |
|    n_updates            | 6700       |
|    policy_gradient_loss | -0.0088    |
|    std                  | 1.4        |
|    value_loss           | 78.4       |
----------------------------------------
-----------------------------------------
| rollout/                |             |
|    ep_len_mean          | 110         |
|    ep_rew_mean          | 78.9        |
|    success_rate         | 0           |
| time/                   |             |
|    fps                  | 1907        |
|    iterations           | 35          |
|    time_elapsed         | 18          |
|    total_timesteps      | 688128      |
| train/                  |             |
|    approx_kl            | 0.044670098 |
|    clip_fraction        | 0.309       |
|    clip_range           | 0.2         |
|    entropy_loss         | -14.7       |
|    explained_variance   | 0.787       |
|    learning_rate        | 0.0003      |
|    loss                 | 14.1        |
|    n_updates            | 6710        |
|    policy_gradient_loss | -0.0384     |
|    std                  | 1.41        |
|    value_loss           | 56.4        |
-----------------------------------------
-----------------------------------------
| rollout/                |             |
|    ep_len_mean          | 115         |
|    ep_rew_mean          | 83.2        |
|    success_rate         | 0           |
| time/                   |             |
|    fps                  | 1908        |
|    iterations           | 36          |
|    time_elapsed         | 19          |
|    total_timesteps      | 689152      |
| train/                  |             |
|    approx_kl            | 0.045524728 |
|    clip_fraction        | 0.392       |
|    clip_range           | 0.2         |
|    entropy_loss         | -14.7       |
|    explained_variance   | 0.837       |
|    learning_rate        | 0.0003      |
|    loss                 | 18.2        |
|    n_updates            | 6720        |
|    policy_gradient_loss | -0.0382     |
|    std                  | 1.41        |
|    value_loss           | 55.3        |
-----------------------------------------
----------------------------------------
| rollout/                |            |
|    ep_len_mean          | 118        |
|    ep_rew_mean          | 85.6       |
|    success_rate         | 0          |
| time/                   |            |
|    fps                  | 1908       |
|    iterations           | 37         |
|    time_elapsed         | 19         |
|    total_timesteps      | 690176     |
| train/                  |            |
|    approx_kl            | 0.06993394 |
|    clip_fraction        | 0.422      |
|    clip_range           | 0.2        |
|    entropy_loss         | -14.8      |
|    explained_variance   | 0.764      |
|    learning_rate        | 0.0003     |
|    loss                 | 6.07       |
|    n_updates            | 6730       |
|    policy_gradient_loss | -0.0324    |
|    std                  | 1.41       |
|    value_loss           | 24         |
----------------------------------------
WARNING: Nan, Inf or huge value in QACC at DOF 12. The simulation is unstable. Time = 0.0320.

----------------------------------------
| rollout/                |            |
|    ep_len_mean          | 115        |
|    ep_rew_mean          | 82.6       |
|    success_rate         | 0          |
| time/                   |            |
|    fps                  | 1908       |
|    iterations           | 38         |
|    time_elapsed         | 20         |
|    total_timesteps      | 691200     |
| train/                  |            |
|    approx_kl            | 0.09333758 |
|    clip_fraction        | 0.447      |
|    clip_range           | 0.2        |
|    entropy_loss         | -14.8      |
|    explained_variance   | 0.858      |
|    learning_rate        | 0.0003     |
|    loss                 | 5.62       |
|    n_updates            | 6740       |
|    policy_gradient_loss | -0.0314    |
|    std                  | 1.42       |
|    value_loss           | 19.7       |
----------------------------------------
-----------------------------------------
| rollout/                |             |
|    ep_len_mean          | 115         |
|    ep_rew_mean          | 83.2        |
|    success_rate         | 0           |
| time/                   |             |
|    fps                  | 1908        |
|    iterations           | 39          |
|    time_elapsed         | 20          |
|    total_timesteps      | 692224      |
| train/                  |             |
|    approx_kl            | 0.038157307 |
|    clip_fraction        | 0.345       |
|    clip_range           | 0.2         |
|    entropy_loss         | -14.8       |
|    explained_variance   | 0.622       |
|    learning_rate        | 0.0003      |
|    loss                 | 52.3        |
|    n_updates            | 6750        |
|    policy_gradient_loss | -0.0297     |
|    std                  | 1.42        |
|    value_loss           | 120         |
-----------------------------------------
-----------------------------------------
| rollout/                |             |
|    ep_len_mean          | 110         |
|    ep_rew_mean          | 77.5        |
|    success_rate         | 0           |
| time/                   |             |
|    fps                  | 1909        |
|    iterations           | 40          |
|    time_elapsed         | 21          |
|    total_timesteps      | 693248      |
| train/                  |             |
|    approx_kl            | 0.035397798 |
|    clip_fraction        | 0.329       |
|    clip_range           | 0.2         |
|    entropy_loss         | -14.8       |
|    explained_variance   | 0.658       |
|    learning_rate        | 0.0003      |
|    loss                 | 13.6        |
|    n_updates            | 6760        |
|    policy_gradient_loss | -0.0358     |
|    std                  | 1.42        |
|    value_loss           | 73.8        |
-----------------------------------------
-----------------------------------------
| rollout/                |             |
|    ep_len_mean          | 112         |
|    ep_rew_mean          | 73.8        |
|    success_rate         | 0           |
| time/                   |             |
|    fps                  | 1909        |
|    iterations           | 41          |
|    time_elapsed         | 21          |
|    total_timesteps      | 694272      |
| train/                  |             |
|    approx_kl            | 0.026959375 |
|    clip_fraction        | 0.304       |
|    clip_range           | 0.2         |
|    entropy_loss         | -14.8       |
|    explained_variance   | 0.708       |
|    learning_rate        | 0.0003      |
|    loss                 | 41.3        |
|    n_updates            | 6770        |
|    policy_gradient_loss | -0.0449     |
|    std                  | 1.42        |
|    value_loss           | 113         |
-----------------------------------------
WARNING: Nan, Inf or huge value in QACC at DOF 12. The simulation is unstable. Time = 0.0300.

-----------------------------------------
| rollout/                |             |
|    ep_len_mean          | 99.9        |
|    ep_rew_mean          | 62.9        |
|    success_rate         | 0           |
| time/                   |             |
|    fps                  | 1909        |
|    iterations           | 42          |
|    time_elapsed         | 22          |
|    total_timesteps      | 695296      |
| train/                  |             |
|    approx_kl            | 0.037967548 |
|    clip_fraction        | 0.29        |
|    clip_range           | 0.2         |
|    entropy_loss         | -14.8       |
|    explained_variance   | 0.621       |
|    learning_rate        | 0.0003      |
|    loss                 | 35.6        |
|    n_updates            | 6780        |
|    policy_gradient_loss | -0.0379     |
|    std                  | 1.43        |
|    value_loss           | 132         |
-----------------------------------------
----------------------------------------
| rollout/                |            |
|    ep_len_mean          | 95.7       |
|    ep_rew_mean          | 60.1       |
|    success_rate         | 0          |
| time/                   |            |
|    fps                  | 1909       |
|    iterations           | 43         |
|    time_elapsed         | 23         |
|    total_timesteps      | 696320     |
| train/                  |            |
|    approx_kl            | 0.09097402 |
|    clip_fraction        | 0.418      |
|    clip_range           | 0.2        |
|    entropy_loss         | -14.9      |
|    explained_variance   | 0.869      |
|    learning_rate        | 0.0003     |
|    loss                 | 1.88       |
|    n_updates            | 6790       |
|    policy_gradient_loss | -0.0355    |
|    std                  | 1.43       |
|    value_loss           | 19.1       |
----------------------------------------
WARNING: Nan, Inf or huge value in QACC at DOF 12. The simulation is unstable. Time = 0.0320.

-----------------------------------------
| rollout/                |             |
|    ep_len_mean          | 92.5        |
|    ep_rew_mean          | 56.4        |
|    success_rate         | 0           |
| time/                   |             |
|    fps                  | 1909        |
|    iterations           | 44          |
|    time_elapsed         | 23          |
|    total_timesteps      | 697344      |
| train/                  |             |
|    approx_kl            | 0.056316398 |
|    clip_fraction        | 0.485       |
|    clip_range           | 0.2         |
|    entropy_loss         | -14.9       |
|    explained_variance   | 0.89        |
|    learning_rate        | 0.0003      |
|    loss                 | 12.8        |
|    n_updates            | 6800        |
|    policy_gradient_loss | -0.016      |
|    std                  | 1.42        |
|    value_loss           | 33.2        |
-----------------------------------------
WARNING: Nan, Inf or huge value in QACC at DOF 12. The simulation is unstable. Time = 0.0300.

-----------------------------------------
| rollout/                |             |
|    ep_len_mean          | 97.6        |
|    ep_rew_mean          | 59.8        |
|    success_rate         | 0           |
| time/                   |             |
|    fps                  | 1910        |
|    iterations           | 45          |
|    time_elapsed         | 24          |
|    total_timesteps      | 698368      |
| train/                  |             |
|    approx_kl            | 0.054237563 |
|    clip_fraction        | 0.425       |
|    clip_range           | 0.2         |
|    entropy_loss         | -14.9       |
|    explained_variance   | 0.823       |
|    learning_rate        | 0.0003      |
|    loss                 | 6.92        |
|    n_updates            | 6810        |
|    policy_gradient_loss | -0.0235     |
|    std                  | 1.43        |
|    value_loss           | 41          |
-----------------------------------------
----------------------------------------
| rollout/                |            |
|    ep_len_mean          | 89.1       |
|    ep_rew_mean          | 51.6       |
|    success_rate         | 0          |
| time/                   |            |
|    fps                  | 1905       |
|    iterations           | 46         |
|    time_elapsed         | 24         |
|    total_timesteps      | 699392     |
| train/                  |            |
|    approx_kl            | 0.07648403 |
|    clip_fraction        | 0.426      |
|    clip_range           | 0.2        |
|    entropy_loss         | -14.9      |
|    explained_variance   | 0.924      |
|    learning_rate        | 0.0003     |
|    loss                 | 2.27       |
|    n_updates            | 6820       |
|    policy_gradient_loss | -0.0374    |
|    std                  | 1.44       |
|    value_loss           | 15.1       |
----------------------------------------
-----------------------------------------
| rollout/                |             |
|    ep_len_mean          | 89          |
|    ep_rew_mean          | 52          |
|    success_rate         | 0           |
| time/                   |             |
|    fps                  | 1904        |
|    iterations           | 47          |
|    time_elapsed         | 25          |
|    total_timesteps      | 700416      |
| train/                  |             |
|    approx_kl            | 0.023355179 |
|    clip_fraction        | 0.313       |
|    clip_range           | 0.2         |
|    entropy_loss         | -15         |
|    explained_variance   | 0.263       |
|    learning_rate        | 0.0003      |
|    loss                 | 26.7        |
|    n_updates            | 6830        |
|    policy_gradient_loss | -0.038      |
|    std                  | 1.44        |
|    value_loss           | 107         |
-----------------------------------------
WARNING: Nan, Inf or huge value in QACC at DOF 12. The simulation is unstable. Time = 0.0300.

WARNING: Nan, Inf or huge value in QACC at DOF 12. The simulation is unstable. Time = 0.0300.

----------------------------------------
| rollout/                |            |
|    ep_len_mean          | 88         |
|    ep_rew_mean          | 32.5       |
|    success_rate         | 0          |
| time/                   |            |
|    fps                  | 1904       |
|    iterations           | 48         |
|    time_elapsed         | 25         |
|    total_timesteps      | 701440     |
| train/                  |            |
|    approx_kl            | 0.04371098 |
|    clip_fraction        | 0.295      |
|    clip_range           | 0.2        |
|    entropy_loss         | -15        |
|    explained_variance   | 0.841      |
|    learning_rate        | 0.0003     |
|    loss                 | 15.7       |
|    n_updates            | 6840       |
|    policy_gradient_loss | -0.0468    |
|    std                  | 1.44       |
|    value_loss           | 45         |
----------------------------------------
WARNING: Nan, Inf or huge value in QACC at DOF 12. The simulation is unstable. Time = 0.0340.

-----------------------------------------
| rollout/                |             |
|    ep_len_mean          | 78.8        |
|    ep_rew_mean          | 29.4        |
|    success_rate         | 0           |
| time/                   |             |
|    fps                  | 1903        |
|    iterations           | 49          |
|    time_elapsed         | 26          |
|    total_timesteps      | 702464      |
| train/                  |             |
|    approx_kl            | 0.008632471 |
|    clip_fraction        | 0.0853      |
|    clip_range           | 0.2         |
|    entropy_loss         | -15         |
|    explained_variance   | 0.486       |
|    learning_rate        | 0.0003      |
|    loss                 | 1.87e+03    |
|    n_updates            | 6850        |
|    policy_gradient_loss | -0.0181     |
|    std                  | 1.44        |
|    value_loss           | 4.99e+03    |
-----------------------------------------
-----------------------------------------
| rollout/                |             |
|    ep_len_mean          | 70.4        |
|    ep_rew_mean          | 22.4        |
|    success_rate         | 0           |
| time/                   |             |
|    fps                  | 1900        |
|    iterations           | 50          |
|    time_elapsed         | 26          |
|    total_timesteps      | 703488      |
| train/                  |             |
|    approx_kl            | 0.029590555 |
|    clip_fraction        | 0.251       |
|    clip_range           | 0.2         |
|    entropy_loss         | -15         |
|    explained_variance   | 0.478       |
|    learning_rate        | 0.0003      |
|    loss                 | 36.5        |
|    n_updates            | 6860        |
|    policy_gradient_loss | -0.0444     |
|    std                  | 1.44        |
|    value_loss           | 155         |
-----------------------------------------
-----------------------------------------
| rollout/                |             |
|    ep_len_mean          | 70.5        |
|    ep_rew_mean          | 24.4        |
|    success_rate         | 0           |
| time/                   |             |
|    fps                  | 1899        |
|    iterations           | 51          |
|    time_elapsed         | 27          |
|    total_timesteps      | 704512      |
| train/                  |             |
|    approx_kl            | 0.022500021 |
|    clip_fraction        | 0.245       |
|    clip_range           | 0.2         |
|    entropy_loss         | -15         |
|    explained_variance   | 0.657       |
|    learning_rate        | 0.0003      |
|    loss                 | 30.1        |
|    n_updates            | 6870        |
|    policy_gradient_loss | -0.0433     |
|    std                  | 1.44        |
|    value_loss           | 114         |
-----------------------------------------
WARNING: Nan, Inf or huge value in QACC at DOF 12. The simulation is unstable. Time = 0.0320.

WARNING: Nan, Inf or huge value in QACC at DOF 12. The simulation is unstable. Time = 0.0320.

-----------------------------------------
| rollout/                |             |
|    ep_len_mean          | 69.8        |
|    ep_rew_mean          | 23.6        |
|    success_rate         | 0           |
| time/                   |             |
|    fps                  | 1897        |
|    iterations           | 52          |
|    time_elapsed         | 28          |
|    total_timesteps      | 705536      |
| train/                  |             |
|    approx_kl            | 0.041763764 |
|    clip_fraction        | 0.319       |
|    clip_range           | 0.2         |
|    entropy_loss         | -15         |
|    explained_variance   | 0.603       |
|    learning_rate        | 0.0003      |
|    loss                 | 6.11        |
|    n_updates            | 6880        |
|    policy_gradient_loss | -0.0388     |
|    std                  | 1.44        |
|    value_loss           | 41.9        |
-----------------------------------------
-----------------------------------------
| rollout/                |             |
|    ep_len_mean          | 76.3        |
|    ep_rew_mean          | 31.3        |
|    success_rate         | 0           |
| time/                   |             |
|    fps                  | 1897        |
|    iterations           | 53          |
|    time_elapsed         | 28          |
|    total_timesteps      | 706560      |
| train/                  |             |
|    approx_kl            | 0.027706716 |
|    clip_fraction        | 0.327       |
|    clip_range           | 0.2         |
|    entropy_loss         | -15         |
|    explained_variance   | 0.775       |
|    learning_rate        | 0.0003      |
|    loss                 | 18.7        |
|    n_updates            | 6890        |
|    policy_gradient_loss | -0.032      |
|    std                  | 1.44        |
|    value_loss           | 119         |
-----------------------------------------
----------------------------------------
| rollout/                |            |
|    ep_len_mean          | 80.3       |
|    ep_rew_mean          | 35.5       |
|    success_rate         | 0          |
| time/                   |            |
|    fps                  | 1896       |
|    iterations           | 54         |
|    time_elapsed         | 29         |
|    total_timesteps      | 707584     |
| train/                  |            |
|    approx_kl            | 0.03925308 |
|    clip_fraction        | 0.343      |
|    clip_range           | 0.2        |
|    entropy_loss         | -15        |
|    explained_variance   | 0.554      |
|    learning_rate        | 0.0003     |
|    loss                 | 12.4       |
|    n_updates            | 6900       |
|    policy_gradient_loss | -0.0427    |
|    std                  | 1.44       |
|    value_loss           | 77.6       |
----------------------------------------
WARNING: Nan, Inf or huge value in QACC at DOF 12. The simulation is unstable. Time = 0.0340.

-----------------------------------------
| rollout/                |             |
|    ep_len_mean          | 78.6        |
|    ep_rew_mean          | 51.7        |
|    success_rate         | 0           |
| time/                   |             |
|    fps                  | 1896        |
|    iterations           | 55          |
|    time_elapsed         | 29          |
|    total_timesteps      | 708608      |
| train/                  |             |
|    approx_kl            | 0.040433835 |
|    clip_fraction        | 0.362       |
|    clip_range           | 0.2         |
|    entropy_loss         | -15         |
|    explained_variance   | 0.644       |
|    learning_rate        | 0.0003      |
|    loss                 | 17.3        |
|    n_updates            | 6910        |
|    policy_gradient_loss | -0.0374     |
|    std                  | 1.44        |
|    value_loss           | 67.3        |
-----------------------------------------
-----------------------------------------
| rollout/                |             |
|    ep_len_mean          | 81.6        |
|    ep_rew_mean          | 56.1        |
|    success_rate         | 0           |
| time/                   |             |
|    fps                  | 1896        |
|    iterations           | 56          |
|    time_elapsed         | 30          |
|    total_timesteps      | 709632      |
| train/                  |             |
|    approx_kl            | 0.025544476 |
|    clip_fraction        | 0.301       |
|    clip_range           | 0.2         |
|    entropy_loss         | -15         |
|    explained_variance   | 0.74        |
|    learning_rate        | 0.0003      |
|    loss                 | 74.4        |
|    n_updates            | 6920        |
|    policy_gradient_loss | -0.0416     |
|    std                  | 1.44        |
|    value_loss           | 138         |
-----------------------------------------
-----------------------------------------
| rollout/                |             |
|    ep_len_mean          | 86.3        |
|    ep_rew_mean          | 61.3        |
|    success_rate         | 0           |
| time/                   |             |
|    fps                  | 1897        |
|    iterations           | 57          |
|    time_elapsed         | 30          |
|    total_timesteps      | 710656      |
| train/                  |             |
|    approx_kl            | 0.022884948 |
|    clip_fraction        | 0.246       |
|    clip_range           | 0.2         |
|    entropy_loss         | -15         |
|    explained_variance   | 0.547       |
|    learning_rate        | 0.0003      |
|    loss                 | 22.8        |
|    n_updates            | 6930        |
|    policy_gradient_loss | -0.0421     |
|    std                  | 1.44        |
|    value_loss           | 109         |
-----------------------------------------
-----------------------------------------
| rollout/                |             |
|    ep_len_mean          | 86.4        |
|    ep_rew_mean          | 61.6        |
|    success_rate         | 0           |
| time/                   |             |
|    fps                  | 1897        |
|    iterations           | 58          |
|    time_elapsed         | 31          |
|    total_timesteps      | 711680      |
| train/                  |             |
|    approx_kl            | 0.038412653 |
|    clip_fraction        | 0.298       |
|    clip_range           | 0.2         |
|    entropy_loss         | -15         |
|    explained_variance   | 0.322       |
|    learning_rate        | 0.0003      |
|    loss                 | 28          |
|    n_updates            | 6940        |
|    policy_gradient_loss | -0.0374     |
|    std                  | 1.44        |
|    value_loss           | 79          |
-----------------------------------------
-----------------------------------------
| rollout/                |             |
|    ep_len_mean          | 91.1        |
|    ep_rew_mean          | 65.5        |
|    success_rate         | 0           |
| time/                   |             |
|    fps                  | 1897        |
|    iterations           | 59          |
|    time_elapsed         | 31          |
|    total_timesteps      | 712704      |
| train/                  |             |
|    approx_kl            | 0.027048554 |
|    clip_fraction        | 0.274       |
|    clip_range           | 0.2         |
|    entropy_loss         | -15         |
|    explained_variance   | 0.423       |
|    learning_rate        | 0.0003      |
|    loss                 | 53.5        |
|    n_updates            | 6950        |
|    policy_gradient_loss | -0.0483     |
|    std                  | 1.44        |
|    value_loss           | 159         |
-----------------------------------------
-----------------------------------------
| rollout/                |             |
|    ep_len_mean          | 90.7        |
|    ep_rew_mean          | 64.1        |
|    success_rate         | 0           |
| time/                   |             |
|    fps                  | 1897        |
|    iterations           | 60          |
|    time_elapsed         | 32          |
|    total_timesteps      | 713728      |
| train/                  |             |
|    approx_kl            | 0.038324166 |
|    clip_fraction        | 0.33        |
|    clip_range           | 0.2         |
|    entropy_loss         | -15         |
|    explained_variance   | 0.587       |
|    learning_rate        | 0.0003      |
|    loss                 | 20.7        |
|    n_updates            | 6960        |
|    policy_gradient_loss | -0.0433     |
|    std                  | 1.44        |
|    value_loss           | 103         |
-----------------------------------------
----------------------------------------
| rollout/                |            |
|    ep_len_mean          | 93.6       |
|    ep_rew_mean          | 66.6       |
|    success_rate         | 0          |
| time/                   |            |
|    fps                  | 1898       |
|    iterations           | 61         |
|    time_elapsed         | 32         |
|    total_timesteps      | 714752     |
| train/                  |            |
|    approx_kl            | 0.03857453 |
|    clip_fraction        | 0.317      |
|    clip_range           | 0.2        |
|    entropy_loss         | -15        |
|    explained_variance   | 0.518      |
|    learning_rate        | 0.0003     |
|    loss                 | 25.4       |
|    n_updates            | 6970       |
|    policy_gradient_loss | -0.0423    |
|    std                  | 1.44       |
|    value_loss           | 70.6       |
----------------------------------------
-----------------------------------------
| rollout/                |             |
|    ep_len_mean          | 81          |
|    ep_rew_mean          | 56.7        |
|    success_rate         | 0           |
| time/                   |             |
|    fps                  | 1898        |
|    iterations           | 62          |
|    time_elapsed         | 33          |
|    total_timesteps      | 715776      |
| train/                  |             |
|    approx_kl            | 0.056682773 |
|    clip_fraction        | 0.409       |
|    clip_range           | 0.2         |
|    entropy_loss         | -15         |
|    explained_variance   | 0.449       |
|    learning_rate        | 0.0003      |
|    loss                 | 13.7        |
|    n_updates            | 6980        |
|    policy_gradient_loss | -0.0336     |
|    std                  | 1.45        |
|    value_loss           | 42.8        |
-----------------------------------------
-----------------------------------------
| rollout/                |             |
|    ep_len_mean          | 72.1        |
|    ep_rew_mean          | 49.2        |
|    success_rate         | 0           |
| time/                   |             |
|    fps                  | 1898        |
|    iterations           | 63          |
|    time_elapsed         | 33          |
|    total_timesteps      | 716800      |
| train/                  |             |
|    approx_kl            | 0.028798748 |
|    clip_fraction        | 0.312       |
|    clip_range           | 0.2         |
|    entropy_loss         | -15.1       |
|    explained_variance   | 0.451       |
|    learning_rate        | 0.0003      |
|    loss                 | 35.2        |
|    n_updates            | 6990        |
|    policy_gradient_loss | -0.0415     |
|    std                  | 1.45        |
|    value_loss           | 131         |
-----------------------------------------
-----------------------------------------
| rollout/                |             |
|    ep_len_mean          | 79          |
|    ep_rew_mean          | 55.3        |
|    success_rate         | 0           |
| time/                   |             |
|    fps                  | 1898        |
|    iterations           | 64          |
|    time_elapsed         | 34          |
|    total_timesteps      | 717824      |
| train/                  |             |
|    approx_kl            | 0.029223043 |
|    clip_fraction        | 0.278       |
|    clip_range           | 0.2         |
|    entropy_loss         | -15.1       |
|    explained_variance   | 0.634       |
|    learning_rate        | 0.0003      |
|    loss                 | 22.5        |
|    n_updates            | 7000        |
|    policy_gradient_loss | -0.044      |
|    std                  | 1.45        |
|    value_loss           | 86          |
-----------------------------------------
----------------------------------------
| rollout/                |            |
|    ep_len_mean          | 78.4       |
|    ep_rew_mean          | 53.5       |
|    success_rate         | 0          |
| time/                   |            |
|    fps                  | 1898       |
|    iterations           | 65         |
|    time_elapsed         | 35         |
|    total_timesteps      | 718848     |
| train/                  |            |
|    approx_kl            | 0.07666725 |
|    clip_fraction        | 0.35       |
|    clip_range           | 0.2        |
|    entropy_loss         | -15.1      |
|    explained_variance   | 0.818      |
|    learning_rate        | 0.0003     |
|    loss                 | 12.8       |
|    n_updates            | 7010       |
|    policy_gradient_loss | -0.0414    |
|    std                  | 1.46       |
|    value_loss           | 50         |
----------------------------------------
-----------------------------------------
| rollout/                |             |
|    ep_len_mean          | 83.5        |
|    ep_rew_mean          | 58.8        |
|    success_rate         | 0           |
| time/                   |             |
|    fps                  | 1898        |
|    iterations           | 66          |
|    time_elapsed         | 35          |
|    total_timesteps      | 719872      |
| train/                  |             |
|    approx_kl            | 0.025805179 |
|    clip_fraction        | 0.38        |
|    clip_range           | 0.2         |
|    entropy_loss         | -15.1       |
|    explained_variance   | 0.358       |
|    learning_rate        | 0.0003      |
|    loss                 | 58.4        |
|    n_updates            | 7020        |
|    policy_gradient_loss | -0.0231     |
|    std                  | 1.46        |
|    value_loss           | 171         |
-----------------------------------------
----------------------------------------
| rollout/                |            |
|    ep_len_mean          | 85.3       |
|    ep_rew_mean          | 60.6       |
|    success_rate         | 0          |
| time/                   |            |
|    fps                  | 1898       |
|    iterations           | 67         |
|    time_elapsed         | 36         |
|    total_timesteps      | 720896     |
| train/                  |            |
|    approx_kl            | 0.04168901 |
|    clip_fraction        | 0.377      |
|    clip_range           | 0.2        |
|    entropy_loss         | -15.1      |
|    explained_variance   | 0.635      |
|    learning_rate        | 0.0003     |
|    loss                 | 15.3       |
|    n_updates            | 7030       |
|    policy_gradient_loss | -0.0392    |
|    std                  | 1.46       |
|    value_loss           | 50.2       |
----------------------------------------
-----------------------------------------
| rollout/                |             |
|    ep_len_mean          | 81.5        |
|    ep_rew_mean          | 57.4        |
|    success_rate         | 0           |
| time/                   |             |
|    fps                  | 1898        |
|    iterations           | 68          |
|    time_elapsed         | 36          |
|    total_timesteps      | 721920      |
| train/                  |             |
|    approx_kl            | 0.029815502 |
|    clip_fraction        | 0.339       |
|    clip_range           | 0.2         |
|    entropy_loss         | -15.1       |
|    explained_variance   | 0.352       |
|    learning_rate        | 0.0003      |
|    loss                 | 47.8        |
|    n_updates            | 7040        |
|    policy_gradient_loss | -0.0423     |
|    std                  | 1.46        |
|    value_loss           | 128         |
-----------------------------------------
WARNING: Nan, Inf or huge value in QACC at DOF 12. The simulation is unstable. Time = 0.0320.

---------------------------------------
| rollout/                |           |
|    ep_len_mean          | 79.2      |
|    ep_rew_mean          | 55.1      |
|    success_rate         | 0         |
| time/                   |           |
|    fps                  | 1898      |
|    iterations           | 69        |
|    time_elapsed         | 37        |
|    total_timesteps      | 722944    |
| train/                  |           |
|    approx_kl            | 0.0566111 |
|    clip_fraction        | 0.383     |
|    clip_range           | 0.2       |
|    entropy_loss         | -15.1     |
|    explained_variance   | 0.595     |
|    learning_rate        | 0.0003    |
|    loss                 | 58.6      |
|    n_updates            | 7050      |
|    policy_gradient_loss | -0.0339   |
|    std                  | 1.46      |
|    value_loss           | 104       |
---------------------------------------
----------------------------------------
| rollout/                |            |
|    ep_len_mean          | 89.7       |
|    ep_rew_mean          | 65.2       |
|    success_rate         | 0          |
| time/                   |            |
|    fps                  | 1898       |
|    iterations           | 70         |
|    time_elapsed         | 37         |
|    total_timesteps      | 723968     |
| train/                  |            |
|    approx_kl            | 0.04057738 |
|    clip_fraction        | 0.324      |
|    clip_range           | 0.2        |
|    entropy_loss         | -15.1      |
|    explained_variance   | 0.64       |
|    learning_rate        | 0.0003     |
|    loss                 | 22.1       |
|    n_updates            | 7060       |
|    policy_gradient_loss | -0.0421    |
|    std                  | 1.46       |
|    value_loss           | 118        |
----------------------------------------
----------------------------------------
| rollout/                |            |
|    ep_len_mean          | 97.4       |
|    ep_rew_mean          | 71.7       |
|    success_rate         | 0          |
| time/                   |            |
|    fps                  | 1897       |
|    iterations           | 71         |
|    time_elapsed         | 38         |
|    total_timesteps      | 724992     |
| train/                  |            |
|    approx_kl            | 0.09622553 |
|    clip_fraction        | 0.461      |
|    clip_range           | 0.2        |
|    entropy_loss         | -15.1      |
|    explained_variance   | 0.386      |
|    learning_rate        | 0.0003     |
|    loss                 | 15.4       |
|    n_updates            | 7070       |
|    policy_gradient_loss | -0.0239    |
|    std                  | 1.47       |
|    value_loss           | 37.3       |
----------------------------------------
WARNING: Nan, Inf or huge value in QACC at DOF 12. The simulation is unstable. Time = 0.0300.

-----------------------------------------
| rollout/                |             |
|    ep_len_mean          | 91.5        |
|    ep_rew_mean          | 66.7        |
|    success_rate         | 0           |
| time/                   |             |
|    fps                  | 1897        |
|    iterations           | 72          |
|    time_elapsed         | 38          |
|    total_timesteps      | 726016      |
| train/                  |             |
|    approx_kl            | 0.048456825 |
|    clip_fraction        | 0.448       |
|    clip_range           | 0.2         |
|    entropy_loss         | -15.2       |
|    explained_variance   | 0.618       |
|    learning_rate        | 0.0003      |
|    loss                 | 7.66        |
|    n_updates            | 7080        |
|    policy_gradient_loss | -0.0302     |
|    std                  | 1.48        |
|    value_loss           | 41.8        |
-----------------------------------------
-----------------------------------------
| rollout/                |             |
|    ep_len_mean          | 93          |
|    ep_rew_mean          | 69.3        |
|    success_rate         | 0           |
| time/                   |             |
|    fps                  | 1897        |
|    iterations           | 73          |
|    time_elapsed         | 39          |
|    total_timesteps      | 727040      |
| train/                  |             |
|    approx_kl            | 0.023062963 |
|    clip_fraction        | 0.257       |
|    clip_range           | 0.2         |
|    entropy_loss         | -15.2       |
|    explained_variance   | 0.347       |
|    learning_rate        | 0.0003      |
|    loss                 | 76.3        |
|    n_updates            | 7090        |
|    policy_gradient_loss | -0.0437     |
|    std                  | 1.48        |
|    value_loss           | 270         |
-----------------------------------------
----------------------------------------
| rollout/                |            |
|    ep_len_mean          | 94         |
|    ep_rew_mean          | 72.1       |
|    success_rate         | 0          |
| time/                   |            |
|    fps                  | 1897       |
|    iterations           | 74         |
|    time_elapsed         | 39         |
|    total_timesteps      | 728064     |
| train/                  |            |
|    approx_kl            | 0.03208993 |
|    clip_fraction        | 0.285      |
|    clip_range           | 0.2        |
|    entropy_loss         | -15.2      |
|    explained_variance   | 0.257      |
|    learning_rate        | 0.0003     |
|    loss                 | 34.6       |
|    n_updates            | 7100       |
|    policy_gradient_loss | -0.0423    |
|    std                  | 1.48       |
|    value_loss           | 127        |
----------------------------------------
----------------------------------------
| rollout/                |            |
|    ep_len_mean          | 94.2       |
|    ep_rew_mean          | 72.3       |
|    success_rate         | 0          |
| time/                   |            |
|    fps                  | 1897       |
|    iterations           | 75         |
|    time_elapsed         | 40         |
|    total_timesteps      | 729088     |
| train/                  |            |
|    approx_kl            | 0.02890696 |
|    clip_fraction        | 0.296      |
|    clip_range           | 0.2        |
|    entropy_loss         | -15.2      |
|    explained_variance   | 0.369      |
|    learning_rate        | 0.0003     |
|    loss                 | 50.1       |
|    n_updates            | 7110       |
|    policy_gradient_loss | -0.043     |
|    std                  | 1.48       |
|    value_loss           | 142        |
----------------------------------------
WARNING: Nan, Inf or huge value in QACC at DOF 12. The simulation is unstable. Time = 0.0320.

WARNING: Nan, Inf or huge value in QACC at DOF 12. The simulation is unstable. Time = 0.0300.

-----------------------------------------
| rollout/                |             |
|    ep_len_mean          | 101         |
|    ep_rew_mean          | 70.9        |
|    success_rate         | 0           |
| time/                   |             |
|    fps                  | 1897        |
|    iterations           | 76          |
|    time_elapsed         | 41          |
|    total_timesteps      | 730112      |
| train/                  |             |
|    approx_kl            | 0.029001713 |
|    clip_fraction        | 0.281       |
|    clip_range           | 0.2         |
|    entropy_loss         | -15.2       |
|    explained_variance   | 0.396       |
|    learning_rate        | 0.0003      |
|    loss                 | 70.6        |
|    n_updates            | 7120        |
|    policy_gradient_loss | -0.0493     |
|    std                  | 1.48        |
|    value_loss           | 185         |
-----------------------------------------
-----------------------------------------
| rollout/                |             |
|    ep_len_mean          | 97.3        |
|    ep_rew_mean          | 68.3        |
|    success_rate         | 0           |
| time/                   |             |
|    fps                  | 1897        |
|    iterations           | 77          |
|    time_elapsed         | 41          |
|    total_timesteps      | 731136      |
| train/                  |             |
|    approx_kl            | 0.008099992 |
|    clip_fraction        | 0.0904      |
|    clip_range           | 0.2         |
|    entropy_loss         | -15.2       |
|    explained_variance   | 0.654       |
|    learning_rate        | 0.0003      |
|    loss                 | 354         |
|    n_updates            | 7130        |
|    policy_gradient_loss | -0.021      |
|    std                  | 1.48        |
|    value_loss           | 1.04e+03    |
-----------------------------------------
WARNING: Nan, Inf or huge value in QACC at DOF 12. The simulation is unstable. Time = 0.0340.

-----------------------------------------
| rollout/                |             |
|    ep_len_mean          | 94.5        |
|    ep_rew_mean          | 65.8        |
|    success_rate         | 0           |
| time/                   |             |
|    fps                  | 1898        |
|    iterations           | 78          |
|    time_elapsed         | 42          |
|    total_timesteps      | 732160      |
| train/                  |             |
|    approx_kl            | 0.035955805 |
|    clip_fraction        | 0.287       |
|    clip_range           | 0.2         |
|    entropy_loss         | -15.2       |
|    explained_variance   | 0.686       |
|    learning_rate        | 0.0003      |
|    loss                 | 58.2        |
|    n_updates            | 7140        |
|    policy_gradient_loss | -0.0462     |
|    std                  | 1.49        |
|    value_loss           | 154         |
-----------------------------------------
----------------------------------------
| rollout/                |            |
|    ep_len_mean          | 85.1       |
|    ep_rew_mean          | 57.2       |
|    success_rate         | 0          |
| time/                   |            |
|    fps                  | 1898       |
|    iterations           | 79         |
|    time_elapsed         | 42         |
|    total_timesteps      | 733184     |
| train/                  |            |
|    approx_kl            | 0.02701652 |
|    clip_fraction        | 0.292      |
|    clip_range           | 0.2        |
|    entropy_loss         | -15.3      |
|    explained_variance   | 0.609      |
|    learning_rate        | 0.0003     |
|    loss                 | 57.9       |
|    n_updates            | 7150       |
|    policy_gradient_loss | -0.0423    |
|    std                  | 1.49       |
|    value_loss           | 142        |
----------------------------------------
----------------------------------------
| rollout/                |            |
|    ep_len_mean          | 89.5       |
|    ep_rew_mean          | 60         |
|    success_rate         | 0          |
| time/                   |            |
|    fps                  | 1898       |
|    iterations           | 80         |
|    time_elapsed         | 43         |
|    total_timesteps      | 734208     |
| train/                  |            |
|    approx_kl            | 0.03814094 |
|    clip_fraction        | 0.33       |
|    clip_range           | 0.2        |
|    entropy_loss         | -15.3      |
|    explained_variance   | 0.63       |
|    learning_rate        | 0.0003     |
|    loss                 | 35.4       |
|    n_updates            | 7160       |
|    policy_gradient_loss | -0.0441    |
|    std                  | 1.49       |
|    value_loss           | 117        |
----------------------------------------
WARNING: Nan, Inf or huge value in QACC at DOF 12. The simulation is unstable. Time = 0.0320.

----------------------------------------
| rollout/                |            |
|    ep_len_mean          | 95         |
|    ep_rew_mean          | 65.2       |
|    success_rate         | 0          |
| time/                   |            |
|    fps                  | 1898       |
|    iterations           | 81         |
|    time_elapsed         | 43         |
|    total_timesteps      | 735232     |
| train/                  |            |
|    approx_kl            | 0.07394436 |
|    clip_fraction        | 0.35       |
|    clip_range           | 0.2        |
|    entropy_loss         | -15.3      |
|    explained_variance   | 0.473      |
|    learning_rate        | 0.0003     |
|    loss                 | 2.64       |
|    n_updates            | 7170       |
|    policy_gradient_loss | -0.0328    |
|    std                  | 1.49       |
|    value_loss           | 35.5       |
----------------------------------------
WARNING: Nan, Inf or huge value in QACC at DOF 12. The simulation is unstable. Time = 0.0320.

WARNING: Nan, Inf or huge value in QACC at DOF 12. The simulation is unstable. Time = 0.0340.

WARNING: Nan, Inf or huge value in QACC at DOF 12. The simulation is unstable. Time = 0.0320.

-----------------------------------------
| rollout/                |             |
|    ep_len_mean          | 80.1        |
|    ep_rew_mean          | 47.3        |
|    success_rate         | 0           |
| time/                   |             |
|    fps                  | 1898        |
|    iterations           | 82          |
|    time_elapsed         | 44          |
|    total_timesteps      | 736256      |
| train/                  |             |
|    approx_kl            | 0.026696943 |
|    clip_fraction        | 0.401       |
|    clip_range           | 0.2         |
|    entropy_loss         | -15.3       |
|    explained_variance   | 0.508       |
|    learning_rate        | 0.0003      |
|    loss                 | 84.8        |
|    n_updates            | 7180        |
|    policy_gradient_loss | -0.0263     |
|    std                  | 1.49        |
|    value_loss           | 198         |
-----------------------------------------
-----------------------------------------
| rollout/                |             |
|    ep_len_mean          | 74.7        |
|    ep_rew_mean          | 39.9        |
|    success_rate         | 0           |
| time/                   |             |
|    fps                  | 1898        |
|    iterations           | 83          |
|    time_elapsed         | 44          |
|    total_timesteps      | 737280      |
| train/                  |             |
|    approx_kl            | 0.022034772 |
|    clip_fraction        | 0.255       |
|    clip_range           | 0.2         |
|    entropy_loss         | -15.3       |
|    explained_variance   | 0.639       |
|    learning_rate        | 0.0003      |
|    loss                 | 57.5        |
|    n_updates            | 7190        |
|    policy_gradient_loss | -0.0426     |
|    std                  | 1.49        |
|    value_loss           | 174         |
-----------------------------------------
-----------------------------------------
| rollout/                |             |
|    ep_len_mean          | 73.3        |
|    ep_rew_mean          | 45          |
|    success_rate         | 0           |
| time/                   |             |
|    fps                  | 1898        |
|    iterations           | 84          |
|    time_elapsed         | 45          |
|    total_timesteps      | 738304      |
| train/                  |             |
|    approx_kl            | 0.021739192 |
|    clip_fraction        | 0.225       |
|    clip_range           | 0.2         |
|    entropy_loss         | -15.3       |
|    explained_variance   | 0.752       |
|    learning_rate        | 0.0003      |
|    loss                 | 79.5        |
|    n_updates            | 7200        |
|    policy_gradient_loss | -0.0474     |
|    std                  | 1.49        |
|    value_loss           | 217         |
-----------------------------------------
-----------------------------------------
| rollout/                |             |
|    ep_len_mean          | 72          |
|    ep_rew_mean          | 43.2        |
|    success_rate         | 0           |
| time/                   |             |
|    fps                  | 1898        |
|    iterations           | 85          |
|    time_elapsed         | 45          |
|    total_timesteps      | 739328      |
| train/                  |             |
|    approx_kl            | 0.038246833 |
|    clip_fraction        | 0.317       |
|    clip_range           | 0.2         |
|    entropy_loss         | -15.3       |
|    explained_variance   | 0.563       |
|    learning_rate        | 0.0003      |
|    loss                 | 42.7        |
|    n_updates            | 7210        |
|    policy_gradient_loss | -0.0433     |
|    std                  | 1.49        |
|    value_loss           | 106         |
-----------------------------------------
-----------------------------------------
| rollout/                |             |
|    ep_len_mean          | 74.5        |
|    ep_rew_mean          | 46.5        |
|    success_rate         | 0           |
| time/                   |             |
|    fps                  | 1898        |
|    iterations           | 86          |
|    time_elapsed         | 46          |
|    total_timesteps      | 740352      |
| train/                  |             |
|    approx_kl            | 0.043451756 |
|    clip_fraction        | 0.342       |
|    clip_range           | 0.2         |
|    entropy_loss         | -15.3       |
|    explained_variance   | 0.672       |
|    learning_rate        | 0.0003      |
|    loss                 | 40.1        |
|    n_updates            | 7220        |
|    policy_gradient_loss | -0.0514     |
|    std                  | 1.49        |
|    value_loss           | 93.4        |
-----------------------------------------
----------------------------------------
| rollout/                |            |
|    ep_len_mean          | 73         |
|    ep_rew_mean          | 43.8       |
|    success_rate         | 0          |
| time/                   |            |
|    fps                  | 1898       |
|    iterations           | 87         |
|    time_elapsed         | 46         |
|    total_timesteps      | 741376     |
| train/                  |            |
|    approx_kl            | 0.04241685 |
|    clip_fraction        | 0.354      |
|    clip_range           | 0.2        |
|    entropy_loss         | -15.3      |
|    explained_variance   | 0.582      |
|    learning_rate        | 0.0003     |
|    loss                 | 42.2       |
|    n_updates            | 7230       |
|    policy_gradient_loss | -0.043     |
|    std                  | 1.5        |
|    value_loss           | 85.1       |
----------------------------------------
-----------------------------------------
| rollout/                |             |
|    ep_len_mean          | 77.7        |
|    ep_rew_mean          | 49          |
|    success_rate         | 0           |
| time/                   |             |
|    fps                  | 1899        |
|    iterations           | 88          |
|    time_elapsed         | 47          |
|    total_timesteps      | 742400      |
| train/                  |             |
|    approx_kl            | 0.044015653 |
|    clip_fraction        | 0.383       |
|    clip_range           | 0.2         |
|    entropy_loss         | -15.3       |
|    explained_variance   | 0.749       |
|    learning_rate        | 0.0003      |
|    loss                 | 19.2        |
|    n_updates            | 7240        |
|    policy_gradient_loss | -0.051      |
|    std                  | 1.5         |
|    value_loss           | 94.8        |
-----------------------------------------
-----------------------------------------
| rollout/                |             |
|    ep_len_mean          | 80.6        |
|    ep_rew_mean          | 49.7        |
|    success_rate         | 0           |
| time/                   |             |
|    fps                  | 1899        |
|    iterations           | 89          |
|    time_elapsed         | 47          |
|    total_timesteps      | 743424      |
| train/                  |             |
|    approx_kl            | 0.026632644 |
|    clip_fraction        | 0.295       |
|    clip_range           | 0.2         |
|    entropy_loss         | -15.3       |
|    explained_variance   | 0.669       |
|    learning_rate        | 0.0003      |
|    loss                 | 17.3        |
|    n_updates            | 7250        |
|    policy_gradient_loss | -0.0407     |
|    std                  | 1.5         |
|    value_loss           | 64.8        |
-----------------------------------------
WARNING: Nan, Inf or huge value in QACC at DOF 12. The simulation is unstable. Time = 0.0300.

-----------------------------------------
| rollout/                |             |
|    ep_len_mean          | 87.3        |
|    ep_rew_mean          | 55.4        |
|    success_rate         | 0           |
| time/                   |             |
|    fps                  | 1899        |
|    iterations           | 90          |
|    time_elapsed         | 48          |
|    total_timesteps      | 744448      |
| train/                  |             |
|    approx_kl            | 0.039624143 |
|    clip_fraction        | 0.348       |
|    clip_range           | 0.2         |
|    entropy_loss         | -15.3       |
|    explained_variance   | 0.753       |
|    learning_rate        | 0.0003      |
|    loss                 | 10.8        |
|    n_updates            | 7260        |
|    policy_gradient_loss | -0.0449     |
|    std                  | 1.5         |
|    value_loss           | 54.4        |
-----------------------------------------
-----------------------------------------
| rollout/                |             |
|    ep_len_mean          | 97.7        |
|    ep_rew_mean          | 66.7        |
|    success_rate         | 0           |
| time/                   |             |
|    fps                  | 1899        |
|    iterations           | 91          |
|    time_elapsed         | 49          |
|    total_timesteps      | 745472      |
| train/                  |             |
|    approx_kl            | 0.025985952 |
|    clip_fraction        | 0.308       |
|    clip_range           | 0.2         |
|    entropy_loss         | -15.3       |
|    explained_variance   | 0.726       |
|    learning_rate        | 0.0003      |
|    loss                 | 24.3        |
|    n_updates            | 7270        |
|    policy_gradient_loss | -0.0405     |
|    std                  | 1.5         |
|    value_loss           | 78.9        |
-----------------------------------------
----------------------------------------
| rollout/                |            |
|    ep_len_mean          | 97.9       |
|    ep_rew_mean          | 68.2       |
|    success_rate         | 0          |
| time/                   |            |
|    fps                  | 1899       |
|    iterations           | 92         |
|    time_elapsed         | 49         |
|    total_timesteps      | 746496     |
| train/                  |            |
|    approx_kl            | 0.04319623 |
|    clip_fraction        | 0.329      |
|    clip_range           | 0.2        |
|    entropy_loss         | -15.3      |
|    explained_variance   | 0.528      |
|    learning_rate        | 0.0003     |
|    loss                 | 17.8       |
|    n_updates            | 7280       |
|    policy_gradient_loss | -0.0311    |
|    std                  | 1.5        |
|    value_loss           | 46.3       |
----------------------------------------
-----------------------------------------
| rollout/                |             |
|    ep_len_mean          | 96.8        |
|    ep_rew_mean          | 70.3        |
|    success_rate         | 0           |
| time/                   |             |
|    fps                  | 1899        |
|    iterations           | 93          |
|    time_elapsed         | 50          |
|    total_timesteps      | 747520      |
| train/                  |             |
|    approx_kl            | 0.029010002 |
|    clip_fraction        | 0.278       |
|    clip_range           | 0.2         |
|    entropy_loss         | -15.3       |
|    explained_variance   | 0.519       |
|    learning_rate        | 0.0003      |
|    loss                 | 52.8        |
|    n_updates            | 7290        |
|    policy_gradient_loss | -0.0428     |
|    std                  | 1.51        |
|    value_loss           | 138         |
-----------------------------------------
----------------------------------------
| rollout/                |            |
|    ep_len_mean          | 99         |
|    ep_rew_mean          | 72.1       |
|    success_rate         | 0          |
| time/                   |            |
|    fps                  | 1899       |
|    iterations           | 94         |
|    time_elapsed         | 50         |
|    total_timesteps      | 748544     |
| train/                  |            |
|    approx_kl            | 0.02638409 |
|    clip_fraction        | 0.313      |
|    clip_range           | 0.2        |
|    entropy_loss         | -15.3      |
|    explained_variance   | 0.41       |
|    learning_rate        | 0.0003     |
|    loss                 | 61.4       |
|    n_updates            | 7300       |
|    policy_gradient_loss | -0.0525    |
|    std                  | 1.51       |
|    value_loss           | 131        |
----------------------------------------
WARNING: Nan, Inf or huge value in QACC at DOF 12. The simulation is unstable. Time = 0.0320.

-----------------------------------------
| rollout/                |             |
|    ep_len_mean          | 102         |
|    ep_rew_mean          | 72.2        |
|    success_rate         | 0           |
| time/                   |             |
|    fps                  | 1899        |
|    iterations           | 95          |
|    time_elapsed         | 51          |
|    total_timesteps      | 749568      |
| train/                  |             |
|    approx_kl            | 0.045902275 |
|    clip_fraction        | 0.345       |
|    clip_range           | 0.2         |
|    entropy_loss         | -15.4       |
|    explained_variance   | 0.949       |
|    learning_rate        | 0.0003      |
|    loss                 | 13.6        |
|    n_updates            | 7310        |
|    policy_gradient_loss | -0.0354     |
|    std                  | 1.51        |
|    value_loss           | 49.4        |
-----------------------------------------
WARNING: Nan, Inf or huge value in QACC at DOF 12. The simulation is unstable. Time = 0.0320.

-----------------------------------------
| rollout/                |             |
|    ep_len_mean          | 93.7        |
|    ep_rew_mean          | 64.7        |
|    success_rate         | 0           |
| time/                   |             |
|    fps                  | 1899        |
|    iterations           | 96          |
|    time_elapsed         | 51          |
|    total_timesteps      | 750592      |
| train/                  |             |
|    approx_kl            | 0.037274316 |
|    clip_fraction        | 0.351       |
|    clip_range           | 0.2         |
|    entropy_loss         | -15.4       |
|    explained_variance   | 0.831       |
|    learning_rate        | 0.0003      |
|    loss                 | 21.2        |
|    n_updates            | 7320        |
|    policy_gradient_loss | -0.0478     |
|    std                  | 1.51        |
|    value_loss           | 68.9        |
-----------------------------------------
-----------------------------------------
| rollout/                |             |
|    ep_len_mean          | 88.3        |
|    ep_rew_mean          | 58.8        |
|    success_rate         | 0           |
| time/                   |             |
|    fps                  | 1900        |
|    iterations           | 97          |
|    time_elapsed         | 52          |
|    total_timesteps      | 751616      |
| train/                  |             |
|    approx_kl            | 0.018782694 |
|    clip_fraction        | 0.232       |
|    clip_range           | 0.2         |
|    entropy_loss         | -15.4       |
|    explained_variance   | 0.646       |
|    learning_rate        | 0.0003      |
|    loss                 | 78.1        |
|    n_updates            | 7330        |
|    policy_gradient_loss | -0.0398     |
|    std                  | 1.51        |
|    value_loss           | 289         |
-----------------------------------------
WARNING: Nan, Inf or huge value in QACC at DOF 12. The simulation is unstable. Time = 0.0320.

-----------------------------------------
| rollout/                |             |
|    ep_len_mean          | 88.1        |
|    ep_rew_mean          | 45.3        |
|    success_rate         | 0           |
| time/                   |             |
|    fps                  | 1899        |
|    iterations           | 98          |
|    time_elapsed         | 52          |
|    total_timesteps      | 752640      |
| train/                  |             |
|    approx_kl            | 0.025324328 |
|    clip_fraction        | 0.228       |
|    clip_range           | 0.2         |
|    entropy_loss         | -15.4       |
|    explained_variance   | 0.434       |
|    learning_rate        | 0.0003      |
|    loss                 | 80.8        |
|    n_updates            | 7340        |
|    policy_gradient_loss | -0.0461     |
|    std                  | 1.51        |
|    value_loss           | 180         |
-----------------------------------------
WARNING: Nan, Inf or huge value in QACC at DOF 12. The simulation is unstable. Time = 0.0340.

-----------------------------------------
| rollout/                |             |
|    ep_len_mean          | 75.7        |
|    ep_rew_mean          | 31.4        |
|    success_rate         | 0           |
| time/                   |             |
|    fps                  | 1899        |
|    iterations           | 99          |
|    time_elapsed         | 53          |
|    total_timesteps      | 753664      |
| train/                  |             |
|    approx_kl            | 0.010178014 |
|    clip_fraction        | 0.135       |
|    clip_range           | 0.2         |
|    entropy_loss         | -15.4       |
|    explained_variance   | 0.627       |
|    learning_rate        | 0.0003      |
|    loss                 | 660         |
|    n_updates            | 7350        |
|    policy_gradient_loss | -0.0214     |
|    std                  | 1.52        |
|    value_loss           | 3.2e+03     |
-----------------------------------------
WARNING: Nan, Inf or huge value in QACC at DOF 12. The simulation is unstable. Time = 0.0340.

WARNING: Nan, Inf or huge value in QACC at DOF 12. The simulation is unstable. Time = 0.0320.

-----------------------------------------
| rollout/                |             |
|    ep_len_mean          | 79.7        |
|    ep_rew_mean          | 33.3        |
|    success_rate         | 0           |
| time/                   |             |
|    fps                  | 1900        |
|    iterations           | 100         |
|    time_elapsed         | 53          |
|    total_timesteps      | 754688      |
| train/                  |             |
|    approx_kl            | 0.026594881 |
|    clip_fraction        | 0.258       |
|    clip_range           | 0.2         |
|    entropy_loss         | -15.4       |
|    explained_variance   | 0.457       |
|    learning_rate        | 0.0003      |
|    loss                 | 35.3        |
|    n_updates            | 7360        |
|    policy_gradient_loss | -0.0412     |
|    std                  | 1.52        |
|    value_loss           | 270         |
-----------------------------------------
-----------------------------------------
| rollout/                |             |
|    ep_len_mean          | 86          |
|    ep_rew_mean          | 39.2        |
|    success_rate         | 0           |
| time/                   |             |
|    fps                  | 1898        |
|    iterations           | 101         |
|    time_elapsed         | 54          |
|    total_timesteps      | 755712      |
| train/                  |             |
|    approx_kl            | 0.042716485 |
|    clip_fraction        | 0.295       |
|    clip_range           | 0.2         |
|    entropy_loss         | -15.4       |
|    explained_variance   | 0.667       |
|    learning_rate        | 0.0003      |
|    loss                 | 16          |
|    n_updates            | 7370        |
|    policy_gradient_loss | -0.036      |
|    std                  | 1.52        |
|    value_loss           | 82.8        |
-----------------------------------------
----------------------------------------
| rollout/                |            |
|    ep_len_mean          | 84.8       |
|    ep_rew_mean          | 37.3       |
|    success_rate         | 0          |
| time/                   |            |
|    fps                  | 1898       |
|    iterations           | 102        |
|    time_elapsed         | 55         |
|    total_timesteps      | 756736     |
| train/                  |            |
|    approx_kl            | 0.05837486 |
|    clip_fraction        | 0.331      |
|    clip_range           | 0.2        |
|    entropy_loss         | -15.4      |
|    explained_variance   | 0.784      |
|    learning_rate        | 0.0003     |
|    loss                 | 4.71       |
|    n_updates            | 7380       |
|    policy_gradient_loss | -0.0348    |
|    std                  | 1.52       |
|    value_loss           | 32.2       |
----------------------------------------
-----------------------------------------
| rollout/                |             |
|    ep_len_mean          | 83.4        |
|    ep_rew_mean          | 37.4        |
|    success_rate         | 0           |
| time/                   |             |
|    fps                  | 1899        |
|    iterations           | 103         |
|    time_elapsed         | 55          |
|    total_timesteps      | 757760      |
| train/                  |             |
|    approx_kl            | 0.038764745 |
|    clip_fraction        | 0.395       |
|    clip_range           | 0.2         |
|    entropy_loss         | -15.4       |
|    explained_variance   | 0.764       |
|    learning_rate        | 0.0003      |
|    loss                 | 18.1        |
|    n_updates            | 7390        |
|    policy_gradient_loss | -0.0356     |
|    std                  | 1.52        |
|    value_loss           | 67.6        |
-----------------------------------------
WARNING: Nan, Inf or huge value in QACC at DOF 12. The simulation is unstable. Time = 0.0320.

WARNING: Nan, Inf or huge value in QACC at DOF 12. The simulation is unstable. Time = 0.0340.

-----------------------------------------
| rollout/                |             |
|    ep_len_mean          | 85.2        |
|    ep_rew_mean          | 37.5        |
|    success_rate         | 0           |
| time/                   |             |
|    fps                  | 1897        |
|    iterations           | 104         |
|    time_elapsed         | 56          |
|    total_timesteps      | 758784      |
| train/                  |             |
|    approx_kl            | 0.028943915 |
|    clip_fraction        | 0.287       |
|    clip_range           | 0.2         |
|    entropy_loss         | -15.4       |
|    explained_variance   | 0.806       |
|    learning_rate        | 0.0003      |
|    loss                 | 9.36        |
|    n_updates            | 7400        |
|    policy_gradient_loss | -0.0411     |
|    std                  | 1.52        |
|    value_loss           | 67.3        |
-----------------------------------------
WARNING: Nan, Inf or huge value in QACC at DOF 12. The simulation is unstable. Time = 0.0320.

-----------------------------------------
| rollout/                |             |
|    ep_len_mean          | 88          |
|    ep_rew_mean          | 39.4        |
|    success_rate         | 0           |
| time/                   |             |
|    fps                  | 1897        |
|    iterations           | 105         |
|    time_elapsed         | 56          |
|    total_timesteps      | 759808      |
| train/                  |             |
|    approx_kl            | 0.035270106 |
|    clip_fraction        | 0.285       |
|    clip_range           | 0.2         |
|    entropy_loss         | -15.4       |
|    explained_variance   | 0.837       |
|    learning_rate        | 0.0003      |
|    loss                 | 43          |
|    n_updates            | 7410        |
|    policy_gradient_loss | -0.0444     |
|    std                  | 1.53        |
|    value_loss           | 122         |
-----------------------------------------
-----------------------------------------
| rollout/                |             |
|    ep_len_mean          | 93.4        |
|    ep_rew_mean          | 43.6        |
|    success_rate         | 0           |
| time/                   |             |
|    fps                  | 1897        |
|    iterations           | 106         |
|    time_elapsed         | 57          |
|    total_timesteps      | 760832      |
| train/                  |             |
|    approx_kl            | 0.030236289 |
|    clip_fraction        | 0.299       |
|    clip_range           | 0.2         |
|    entropy_loss         | -15.4       |
|    explained_variance   | 0.735       |
|    learning_rate        | 0.0003      |
|    loss                 | 18.3        |
|    n_updates            | 7420        |
|    policy_gradient_loss | -0.0459     |
|    std                  | 1.53        |
|    value_loss           | 100         |
-----------------------------------------
-----------------------------------------
| rollout/                |             |
|    ep_len_mean          | 95.9        |
|    ep_rew_mean          | 46.2        |
|    success_rate         | 0           |
| time/                   |             |
|    fps                  | 1897        |
|    iterations           | 107         |
|    time_elapsed         | 57          |
|    total_timesteps      | 761856      |
| train/                  |             |
|    approx_kl            | 0.036068857 |
|    clip_fraction        | 0.399       |
|    clip_range           | 0.2         |
|    entropy_loss         | -15.4       |
|    explained_variance   | 0.487       |
|    learning_rate        | 0.0003      |
|    loss                 | 43.6        |
|    n_updates            | 7430        |
|    policy_gradient_loss | -0.0261     |
|    std                  | 1.53        |
|    value_loss           | 98.6        |
-----------------------------------------
-----------------------------------------
| rollout/                |             |
|    ep_len_mean          | 98.9        |
|    ep_rew_mean          | 63.4        |
|    success_rate         | 0           |
| time/                   |             |
|    fps                  | 1897        |
|    iterations           | 108         |
|    time_elapsed         | 58          |
|    total_timesteps      | 762880      |
| train/                  |             |
|    approx_kl            | 0.060785428 |
|    clip_fraction        | 0.422       |
|    clip_range           | 0.2         |
|    entropy_loss         | -15.4       |
|    explained_variance   | 0.701       |
|    learning_rate        | 0.0003      |
|    loss                 | 3.91        |
|    n_updates            | 7440        |
|    policy_gradient_loss | -0.0302     |
|    std                  | 1.53        |
|    value_loss           | 40.4        |
-----------------------------------------
-----------------------------------------
| rollout/                |             |
|    ep_len_mean          | 103         |
|    ep_rew_mean          | 67.5        |
|    success_rate         | 0           |
| time/                   |             |
|    fps                  | 1897        |
|    iterations           | 109         |
|    time_elapsed         | 58          |
|    total_timesteps      | 763904      |
| train/                  |             |
|    approx_kl            | 0.029826336 |
|    clip_fraction        | 0.36        |
|    clip_range           | 0.2         |
|    entropy_loss         | -15.4       |
|    explained_variance   | 0.603       |
|    learning_rate        | 0.0003      |
|    loss                 | 48.3        |
|    n_updates            | 7450        |
|    policy_gradient_loss | -0.0377     |
|    std                  | 1.53        |
|    value_loss           | 98.8        |
-----------------------------------------
-----------------------------------------
| rollout/                |             |
|    ep_len_mean          | 106         |
|    ep_rew_mean          | 69.7        |
|    success_rate         | 0           |
| time/                   |             |
|    fps                  | 1898        |
|    iterations           | 110         |
|    time_elapsed         | 59          |
|    total_timesteps      | 764928      |
| train/                  |             |
|    approx_kl            | 0.043530673 |
|    clip_fraction        | 0.346       |
|    clip_range           | 0.2         |
|    entropy_loss         | -15.4       |
|    explained_variance   | 0.326       |
|    learning_rate        | 0.0003      |
|    loss                 | 6.23        |
|    n_updates            | 7460        |
|    policy_gradient_loss | -0.0423     |
|    std                  | 1.53        |
|    value_loss           | 60          |
-----------------------------------------
-----------------------------------------
| rollout/                |             |
|    ep_len_mean          | 96.7        |
|    ep_rew_mean          | 61.8        |
|    success_rate         | 0           |
| time/                   |             |
|    fps                  | 1898        |
|    iterations           | 111         |
|    time_elapsed         | 59          |
|    total_timesteps      | 765952      |
| train/                  |             |
|    approx_kl            | 0.033018596 |
|    clip_fraction        | 0.331       |
|    clip_range           | 0.2         |
|    entropy_loss         | -15.4       |
|    explained_variance   | 0.571       |
|    learning_rate        | 0.0003      |
|    loss                 | 24.4        |
|    n_updates            | 7470        |
|    policy_gradient_loss | -0.0476     |
|    std                  | 1.53        |
|    value_loss           | 116         |
-----------------------------------------
-----------------------------------------
| rollout/                |             |
|    ep_len_mean          | 96.3        |
|    ep_rew_mean          | 59.3        |
|    success_rate         | 0           |
| time/                   |             |
|    fps                  | 1898        |
|    iterations           | 112         |
|    time_elapsed         | 60          |
|    total_timesteps      | 766976      |
| train/                  |             |
|    approx_kl            | 0.039426368 |
|    clip_fraction        | 0.334       |
|    clip_range           | 0.2         |
|    entropy_loss         | -15.4       |
|    explained_variance   | 0.35        |
|    learning_rate        | 0.0003      |
|    loss                 | 29.9        |
|    n_updates            | 7480        |
|    policy_gradient_loss | -0.0561     |
|    std                  | 1.53        |
|    value_loss           | 87.6        |
-----------------------------------------
-----------------------------------------
| rollout/                |             |
|    ep_len_mean          | 95          |
|    ep_rew_mean          | 59.6        |
|    success_rate         | 0           |
| time/                   |             |
|    fps                  | 1898        |
|    iterations           | 113         |
|    time_elapsed         | 60          |
|    total_timesteps      | 768000      |
| train/                  |             |
|    approx_kl            | 0.033473864 |
|    clip_fraction        | 0.306       |
|    clip_range           | 0.2         |
|    entropy_loss         | -15.5       |
|    explained_variance   | 0.618       |
|    learning_rate        | 0.0003      |
|    loss                 | 24.9        |
|    n_updates            | 7490        |
|    policy_gradient_loss | -0.0511     |
|    std                  | 1.54        |
|    value_loss           | 86.8        |
-----------------------------------------
----------------------------------------
| rollout/                |            |
|    ep_len_mean          | 89         |
|    ep_rew_mean          | 53.3       |
|    success_rate         | 0          |
| time/                   |            |
|    fps                  | 1898       |
|    iterations           | 114        |
|    time_elapsed         | 61         |
|    total_timesteps      | 769024     |
| train/                  |            |
|    approx_kl            | 0.03048452 |
|    clip_fraction        | 0.282      |
|    clip_range           | 0.2        |
|    entropy_loss         | -15.5      |
|    explained_variance   | 0.777      |
|    learning_rate        | 0.0003     |
|    loss                 | 41.8       |
|    n_updates            | 7500       |
|    policy_gradient_loss | -0.0477    |
|    std                  | 1.54       |
|    value_loss           | 158        |
----------------------------------------
WARNING: Nan, Inf or huge value in QACC at DOF 12. The simulation is unstable. Time = 0.0320.

---------------------------------------
| rollout/                |           |
|    ep_len_mean          | 76.5      |
|    ep_rew_mean          | 39.8      |
|    success_rate         | 0         |
| time/                   |           |
|    fps                  | 1898      |
|    iterations           | 115       |
|    time_elapsed         | 62        |
|    total_timesteps      | 770048    |
| train/                  |           |
|    approx_kl            | 0.0350324 |
|    clip_fraction        | 0.319     |
|    clip_range           | 0.2       |
|    entropy_loss         | -15.5     |
|    explained_variance   | 0.838     |
|    learning_rate        | 0.0003    |
|    loss                 | 36.3      |
|    n_updates            | 7510      |
|    policy_gradient_loss | -0.0508   |
|    std                  | 1.53      |
|    value_loss           | 112       |
---------------------------------------
----------------------------------------
| rollout/                |            |
|    ep_len_mean          | 66.3       |
|    ep_rew_mean          | 26.2       |
|    success_rate         | 0          |
| time/                   |            |
|    fps                  | 1898       |
|    iterations           | 116        |
|    time_elapsed         | 62         |
|    total_timesteps      | 771072     |
| train/                  |            |
|    approx_kl            | 0.02250045 |
|    clip_fraction        | 0.222      |
|    clip_range           | 0.2        |
|    entropy_loss         | -15.4      |
|    explained_variance   | 0.662      |
|    learning_rate        | 0.0003     |
|    loss                 | 103        |
|    n_updates            | 7520       |
|    policy_gradient_loss | -0.042     |
|    std                  | 1.53       |
|    value_loss           | 249        |
----------------------------------------
-----------------------------------------
| rollout/                |             |
|    ep_len_mean          | 67.2        |
|    ep_rew_mean          | 24.5        |
|    success_rate         | 0           |
| time/                   |             |
|    fps                  | 1898        |
|    iterations           | 117         |
|    time_elapsed         | 63          |
|    total_timesteps      | 772096      |
| train/                  |             |
|    approx_kl            | 0.032454267 |
|    clip_fraction        | 0.25        |
|    clip_range           | 0.2         |
|    entropy_loss         | -15.4       |
|    explained_variance   | 0.651       |
|    learning_rate        | 0.0003      |
|    loss                 | 50.3        |
|    n_updates            | 7530        |
|    policy_gradient_loss | -0.051      |
|    std                  | 1.53        |
|    value_loss           | 154         |
-----------------------------------------
-----------------------------------------
| rollout/                |             |
|    ep_len_mean          | 70.6        |
|    ep_rew_mean          | 28.5        |
|    success_rate         | 0           |
| time/                   |             |
|    fps                  | 1898        |
|    iterations           | 118         |
|    time_elapsed         | 63          |
|    total_timesteps      | 773120      |
| train/                  |             |
|    approx_kl            | 0.026338672 |
|    clip_fraction        | 0.3         |
|    clip_range           | 0.2         |
|    entropy_loss         | -15.4       |
|    explained_variance   | 0.609       |
|    learning_rate        | 0.0003      |
|    loss                 | 38.3        |
|    n_updates            | 7540        |
|    policy_gradient_loss | -0.046      |
|    std                  | 1.53        |
|    value_loss           | 119         |
-----------------------------------------
----------------------------------------
| rollout/                |            |
|    ep_len_mean          | 70.9       |
|    ep_rew_mean          | 32.1       |
|    success_rate         | 0          |
| time/                   |            |
|    fps                  | 1898       |
|    iterations           | 119        |
|    time_elapsed         | 64         |
|    total_timesteps      | 774144     |
| train/                  |            |
|    approx_kl            | 0.03978037 |
|    clip_fraction        | 0.32       |
|    clip_range           | 0.2        |
|    entropy_loss         | -15.4      |
|    explained_variance   | 0.574      |
|    learning_rate        | 0.0003     |
|    loss                 | 18.4       |
|    n_updates            | 7550       |
|    policy_gradient_loss | -0.046     |
|    std                  | 1.53       |
|    value_loss           | 66.9       |
----------------------------------------
----------------------------------------
| rollout/                |            |
|    ep_len_mean          | 69.2       |
|    ep_rew_mean          | 29.6       |
|    success_rate         | 0          |
| time/                   |            |
|    fps                  | 1898       |
|    iterations           | 120        |
|    time_elapsed         | 64         |
|    total_timesteps      | 775168     |
| train/                  |            |
|    approx_kl            | 0.06421447 |
|    clip_fraction        | 0.394      |
|    clip_range           | 0.2        |
|    entropy_loss         | -15.4      |
|    explained_variance   | 0.798      |
|    learning_rate        | 0.0003     |
|    loss                 | 20.3       |
|    n_updates            | 7560       |
|    policy_gradient_loss | -0.0419    |
|    std                  | 1.52       |
|    value_loss           | 59.4       |
----------------------------------------
----------------------------------------
| rollout/                |            |
|    ep_len_mean          | 74.8       |
|    ep_rew_mean          | 34.8       |
|    success_rate         | 0          |
| time/                   |            |
|    fps                  | 1898       |
|    iterations           | 121        |
|    time_elapsed         | 65         |
|    total_timesteps      | 776192     |
| train/                  |            |
|    approx_kl            | 0.03824714 |
|    clip_fraction        | 0.338      |
|    clip_range           | 0.2        |
|    entropy_loss         | -15.4      |
|    explained_variance   | 0.213      |
|    learning_rate        | 0.0003     |
|    loss                 | 19.3       |
|    n_updates            | 7570       |
|    policy_gradient_loss | -0.0447    |
|    std                  | 1.53       |
|    value_loss           | 67.3       |
----------------------------------------
----------------------------------------
| rollout/                |            |
|    ep_len_mean          | 81.7       |
|    ep_rew_mean          | 42         |
|    success_rate         | 0          |
| time/                   |            |
|    fps                  | 1896       |
|    iterations           | 122        |
|    time_elapsed         | 65         |
|    total_timesteps      | 777216     |
| train/                  |            |
|    approx_kl            | 0.04728074 |
|    clip_fraction        | 0.381      |
|    clip_range           | 0.2        |
|    entropy_loss         | -15.4      |
|    explained_variance   | 0.365      |
|    learning_rate        | 0.0003     |
|    loss                 | 13.1       |
|    n_updates            | 7580       |
|    policy_gradient_loss | -0.0359    |
|    std                  | 1.52       |
|    value_loss           | 53.6       |
----------------------------------------
-----------------------------------------
| rollout/                |             |
|    ep_len_mean          | 81.8        |
|    ep_rew_mean          | 44.3        |
|    success_rate         | 0           |
| time/                   |             |
|    fps                  | 1896        |
|    iterations           | 123         |
|    time_elapsed         | 66          |
|    total_timesteps      | 778240      |
| train/                  |             |
|    approx_kl            | 0.071981646 |
|    clip_fraction        | 0.398       |
|    clip_range           | 0.2         |
|    entropy_loss         | -15.4       |
|    explained_variance   | 0.917       |
|    learning_rate        | 0.0003      |
|    loss                 | 17.5        |
|    n_updates            | 7590        |
|    policy_gradient_loss | -0.0301     |
|    std                  | 1.52        |
|    value_loss           | 49.5        |
-----------------------------------------
WARNING: Nan, Inf or huge value in QACC at DOF 12. The simulation is unstable. Time = 0.0320.

WARNING: Nan, Inf or huge value in QACC at DOF 12. The simulation is unstable. Time = 0.0300.

-----------------------------------------
| rollout/                |             |
|    ep_len_mean          | 86.9        |
|    ep_rew_mean          | 50.9        |
|    success_rate         | 0           |
| time/                   |             |
|    fps                  | 1895        |
|    iterations           | 124         |
|    time_elapsed         | 66          |
|    total_timesteps      | 779264      |
| train/                  |             |
|    approx_kl            | 0.029378317 |
|    clip_fraction        | 0.322       |
|    clip_range           | 0.2         |
|    entropy_loss         | -15.4       |
|    explained_variance   | 0.476       |
|    learning_rate        | 0.0003      |
|    loss                 | 29          |
|    n_updates            | 7600        |
|    policy_gradient_loss | -0.0464     |
|    std                  | 1.52        |
|    value_loss           | 121         |
-----------------------------------------
WARNING: Nan, Inf or huge value in QACC at DOF 12. The simulation is unstable. Time = 0.0320.

-----------------------------------------
| rollout/                |             |
|    ep_len_mean          | 86.1        |
|    ep_rew_mean          | 53.9        |
|    success_rate         | 0           |
| time/                   |             |
|    fps                  | 1896        |
|    iterations           | 125         |
|    time_elapsed         | 67          |
|    total_timesteps      | 780288      |
| train/                  |             |
|    approx_kl            | 0.046098106 |
|    clip_fraction        | 0.332       |
|    clip_range           | 0.2         |
|    entropy_loss         | -15.3       |
|    explained_variance   | 0.651       |
|    learning_rate        | 0.0003      |
|    loss                 | 11.7        |
|    n_updates            | 7610        |
|    policy_gradient_loss | -0.0431     |
|    std                  | 1.52        |
|    value_loss           | 56.1        |
-----------------------------------------
WARNING: Nan, Inf or huge value in QACC at DOF 12. The simulation is unstable. Time = 0.0320.

WARNING: Nan, Inf or huge value in QACC at DOF 12. The simulation is unstable. Time = 0.0340.

----------------------------------------
| rollout/                |            |
|    ep_len_mean          | 88.4       |
|    ep_rew_mean          | 54.5       |
|    success_rate         | 0          |
| time/                   |            |
|    fps                  | 1896       |
|    iterations           | 126        |
|    time_elapsed         | 68         |
|    total_timesteps      | 781312     |
| train/                  |            |
|    approx_kl            | 0.06818786 |
|    clip_fraction        | 0.368      |
|    clip_range           | 0.2        |
|    entropy_loss         | -15.3      |
|    explained_variance   | 0.731      |
|    learning_rate        | 0.0003     |
|    loss                 | 8.07       |
|    n_updates            | 7620       |
|    policy_gradient_loss | -0.0232    |
|    std                  | 1.52       |
|    value_loss           | 37.5       |
----------------------------------------
-----------------------------------------
| rollout/                |             |
|    ep_len_mean          | 90.4        |
|    ep_rew_mean          | 53.7        |
|    success_rate         | 0           |
| time/                   |             |
|    fps                  | 1896        |
|    iterations           | 127         |
|    time_elapsed         | 68          |
|    total_timesteps      | 782336      |
| train/                  |             |
|    approx_kl            | 0.027571095 |
|    clip_fraction        | 0.317       |
|    clip_range           | 0.2         |
|    entropy_loss         | -15.4       |
|    explained_variance   | 0.584       |
|    learning_rate        | 0.0003      |
|    loss                 | 43          |
|    n_updates            | 7630        |
|    policy_gradient_loss | -0.0422     |
|    std                  | 1.52        |
|    value_loss           | 146         |
-----------------------------------------
-----------------------------------------
| rollout/                |             |
|    ep_len_mean          | 88.2        |
|    ep_rew_mean          | 51.7        |
|    success_rate         | 0           |
| time/                   |             |
|    fps                  | 1896        |
|    iterations           | 128         |
|    time_elapsed         | 69          |
|    total_timesteps      | 783360      |
| train/                  |             |
|    approx_kl            | 0.034354944 |
|    clip_fraction        | 0.287       |
|    clip_range           | 0.2         |
|    entropy_loss         | -15.4       |
|    explained_variance   | 0.603       |
|    learning_rate        | 0.0003      |
|    loss                 | 53.5        |
|    n_updates            | 7640        |
|    policy_gradient_loss | -0.0466     |
|    std                  | 1.53        |
|    value_loss           | 107         |
-----------------------------------------
WARNING: Nan, Inf or huge value in QACC at DOF 12. The simulation is unstable. Time = 0.0300.

----------------------------------------
| rollout/                |            |
|    ep_len_mean          | 92.5       |
|    ep_rew_mean          | 54.9       |
|    success_rate         | 0          |
| time/                   |            |
|    fps                  | 1896       |
|    iterations           | 129        |
|    time_elapsed         | 69         |
|    total_timesteps      | 784384     |
| train/                  |            |
|    approx_kl            | 0.03872956 |
|    clip_fraction        | 0.323      |
|    clip_range           | 0.2        |
|    entropy_loss         | -15.4      |
|    explained_variance   | 0.534      |
|    learning_rate        | 0.0003     |
|    loss                 | 13.1       |
|    n_updates            | 7650       |
|    policy_gradient_loss | -0.0475    |
|    std                  | 1.53       |
|    value_loss           | 77         |
----------------------------------------
-----------------------------------------
| rollout/                |             |
|    ep_len_mean          | 94.7        |
|    ep_rew_mean          | 56          |
|    success_rate         | 0           |
| time/                   |             |
|    fps                  | 1896        |
|    iterations           | 130         |
|    time_elapsed         | 70          |
|    total_timesteps      | 785408      |
| train/                  |             |
|    approx_kl            | 0.083006874 |
|    clip_fraction        | 0.444       |
|    clip_range           | 0.2         |
|    entropy_loss         | -15.4       |
|    explained_variance   | 0.77        |
|    learning_rate        | 0.0003      |
|    loss                 | 3.23        |
|    n_updates            | 7660        |
|    policy_gradient_loss | -0.0379     |
|    std                  | 1.53        |
|    value_loss           | 28          |
-----------------------------------------
WARNING: Nan, Inf or huge value in QACC at DOF 12. The simulation is unstable. Time = 0.0300.

-----------------------------------------
| rollout/                |             |
|    ep_len_mean          | 92.2        |
|    ep_rew_mean          | 52.2        |
|    success_rate         | 0           |
| time/                   |             |
|    fps                  | 1896        |
|    iterations           | 131         |
|    time_elapsed         | 70          |
|    total_timesteps      | 786432      |
| train/                  |             |
|    approx_kl            | 0.054057166 |
|    clip_fraction        | 0.315       |
|    clip_range           | 0.2         |
|    entropy_loss         | -15.4       |
|    explained_variance   | 0.731       |
|    learning_rate        | 0.0003      |
|    loss                 | 9.05        |
|    n_updates            | 7670        |
|    policy_gradient_loss | -0.041      |
|    std                  | 1.53        |
|    value_loss           | 92.5        |
-----------------------------------------
WARNING: Nan, Inf or huge value in QACC at DOF 12. The simulation is unstable. Time = 0.0260.

----------------------------------------
| rollout/                |            |
|    ep_len_mean          | 83.5       |
|    ep_rew_mean          | 45.9       |
|    success_rate         | 0          |
| time/                   |            |
|    fps                  | 1895       |
|    iterations           | 132        |
|    time_elapsed         | 71         |
|    total_timesteps      | 787456     |
| train/                  |            |
|    approx_kl            | 0.04218044 |
|    clip_fraction        | 0.27       |
|    clip_range           | 0.2        |
|    entropy_loss         | -15.4      |
|    explained_variance   | 0.729      |
|    learning_rate        | 0.0003     |
|    loss                 | 16.6       |
|    n_updates            | 7680       |
|    policy_gradient_loss | -0.047     |
|    std                  | 1.53       |
|    value_loss           | 103        |
----------------------------------------
-----------------------------------------
| rollout/                |             |
|    ep_len_mean          | 88.5        |
|    ep_rew_mean          | 48.7        |
|    success_rate         | 0           |
| time/                   |             |
|    fps                  | 1895        |
|    iterations           | 133         |
|    time_elapsed         | 71          |
|    total_timesteps      | 788480      |
| train/                  |             |
|    approx_kl            | 0.022964465 |
|    clip_fraction        | 0.271       |
|    clip_range           | 0.2         |
|    entropy_loss         | -15.4       |
|    explained_variance   | 0.587       |
|    learning_rate        | 0.0003      |
|    loss                 | 75.5        |
|    n_updates            | 7690        |
|    policy_gradient_loss | -0.0483     |
|    std                  | 1.54        |
|    value_loss           | 177         |
-----------------------------------------
-----------------------------------------
| rollout/                |             |
|    ep_len_mean          | 87.9        |
|    ep_rew_mean          | 44.8        |
|    success_rate         | 0           |
| time/                   |             |
|    fps                  | 1895        |
|    iterations           | 134         |
|    time_elapsed         | 72          |
|    total_timesteps      | 789504      |
| train/                  |             |
|    approx_kl            | 0.029843459 |
|    clip_fraction        | 0.259       |
|    clip_range           | 0.2         |
|    entropy_loss         | -15.4       |
|    explained_variance   | 0.801       |
|    learning_rate        | 0.0003      |
|    loss                 | 35.8        |
|    n_updates            | 7700        |
|    policy_gradient_loss | -0.045      |
|    std                  | 1.54        |
|    value_loss           | 106         |
-----------------------------------------
-----------------------------------------
| rollout/                |             |
|    ep_len_mean          | 83.5        |
|    ep_rew_mean          | 36.5        |
|    success_rate         | 0           |
| time/                   |             |
|    fps                  | 1895        |
|    iterations           | 135         |
|    time_elapsed         | 72          |
|    total_timesteps      | 790528      |
| train/                  |             |
|    approx_kl            | 0.026498262 |
|    clip_fraction        | 0.268       |
|    clip_range           | 0.2         |
|    entropy_loss         | -15.4       |
|    explained_variance   | 0.774       |
|    learning_rate        | 0.0003      |
|    loss                 | 58.7        |
|    n_updates            | 7710        |
|    policy_gradient_loss | -0.052      |
|    std                  | 1.54        |
|    value_loss           | 251         |
-----------------------------------------
WARNING: Nan, Inf or huge value in QACC at DOF 12. The simulation is unstable. Time = 0.0320.

-----------------------------------------
| rollout/                |             |
|    ep_len_mean          | 79          |
|    ep_rew_mean          | 31          |
|    success_rate         | 0           |
| time/                   |             |
|    fps                  | 1895        |
|    iterations           | 136         |
|    time_elapsed         | 73          |
|    total_timesteps      | 791552      |
| train/                  |             |
|    approx_kl            | 0.038833607 |
|    clip_fraction        | 0.311       |
|    clip_range           | 0.2         |
|    entropy_loss         | -15.4       |
|    explained_variance   | 0.879       |
|    learning_rate        | 0.0003      |
|    loss                 | 37.1        |
|    n_updates            | 7720        |
|    policy_gradient_loss | -0.0522     |
|    std                  | 1.54        |
|    value_loss           | 122         |
-----------------------------------------
----------------------------------------
| rollout/                |            |
|    ep_len_mean          | 77.1       |
|    ep_rew_mean          | 28.8       |
|    success_rate         | 0          |
| time/                   |            |
|    fps                  | 1895       |
|    iterations           | 137        |
|    time_elapsed         | 74         |
|    total_timesteps      | 792576     |
| train/                  |            |
|    approx_kl            | 0.04924196 |
|    clip_fraction        | 0.356      |
|    clip_range           | 0.2        |
|    entropy_loss         | -15.4      |
|    explained_variance   | 0.644      |
|    learning_rate        | 0.0003     |
|    loss                 | 20.2       |
|    n_updates            | 7730       |
|    policy_gradient_loss | -0.0399    |
|    std                  | 1.54       |
|    value_loss           | 81.9       |
----------------------------------------
WARNING: Nan, Inf or huge value in QACC at DOF 12. The simulation is unstable. Time = 0.0320.

-----------------------------------------
| rollout/                |             |
|    ep_len_mean          | 72.4        |
|    ep_rew_mean          | 25.5        |
|    success_rate         | 0           |
| time/                   |             |
|    fps                  | 1895        |
|    iterations           | 138         |
|    time_elapsed         | 74          |
|    total_timesteps      | 793600      |
| train/                  |             |
|    approx_kl            | 0.052648224 |
|    clip_fraction        | 0.43        |
|    clip_range           | 0.2         |
|    entropy_loss         | -15.4       |
|    explained_variance   | 0.82        |
|    learning_rate        | 0.0003      |
|    loss                 | 6.99        |
|    n_updates            | 7740        |
|    policy_gradient_loss | -0.0351     |
|    std                  | 1.54        |
|    value_loss           | 49.5        |
-----------------------------------------
----------------------------------------
| rollout/                |            |
|    ep_len_mean          | 79.1       |
|    ep_rew_mean          | 27.6       |
|    success_rate         | 0          |
| time/                   |            |
|    fps                  | 1895       |
|    iterations           | 139        |
|    time_elapsed         | 75         |
|    total_timesteps      | 794624     |
| train/                  |            |
|    approx_kl            | 0.03628236 |
|    clip_fraction        | 0.317      |
|    clip_range           | 0.2        |
|    entropy_loss         | -15.4      |
|    explained_variance   | 0.847      |
|    learning_rate        | 0.0003     |
|    loss                 | 24.3       |
|    n_updates            | 7750       |
|    policy_gradient_loss | -0.0435    |
|    std                  | 1.54       |
|    value_loss           | 45.6       |
----------------------------------------
-----------------------------------------
| rollout/                |             |
|    ep_len_mean          | 88.9        |
|    ep_rew_mean          | 37.6        |
|    success_rate         | 0           |
| time/                   |             |
|    fps                  | 1895        |
|    iterations           | 140         |
|    time_elapsed         | 75          |
|    total_timesteps      | 795648      |
| train/                  |             |
|    approx_kl            | 0.034874253 |
|    clip_fraction        | 0.309       |
|    clip_range           | 0.2         |
|    entropy_loss         | -15.4       |
|    explained_variance   | 0.765       |
|    learning_rate        | 0.0003      |
|    loss                 | 33.5        |
|    n_updates            | 7760        |
|    policy_gradient_loss | -0.0441     |
|    std                  | 1.54        |
|    value_loss           | 123         |
-----------------------------------------
WARNING: Nan, Inf or huge value in QACC at DOF 12. The simulation is unstable. Time = 0.0340.

-----------------------------------------
| rollout/                |             |
|    ep_len_mean          | 86.8        |
|    ep_rew_mean          | 25.2        |
|    success_rate         | 0           |
| time/                   |             |
|    fps                  | 1894        |
|    iterations           | 141         |
|    time_elapsed         | 76          |
|    total_timesteps      | 796672      |
| train/                  |             |
|    approx_kl            | 0.032105856 |
|    clip_fraction        | 0.264       |
|    clip_range           | 0.2         |
|    entropy_loss         | -15.4       |
|    explained_variance   | 0.864       |
|    learning_rate        | 0.0003      |
|    loss                 | 24.1        |
|    n_updates            | 7770        |
|    policy_gradient_loss | -0.0428     |
|    std                  | 1.54        |
|    value_loss           | 92.6        |
-----------------------------------------
-----------------------------------------
| rollout/                |             |
|    ep_len_mean          | 86.5        |
|    ep_rew_mean          | 27.4        |
|    success_rate         | 0           |
| time/                   |             |
|    fps                  | 1894        |
|    iterations           | 142         |
|    time_elapsed         | 76          |
|    total_timesteps      | 797696      |
| train/                  |             |
|    approx_kl            | 0.026286222 |
|    clip_fraction        | 0.297       |
|    clip_range           | 0.2         |
|    entropy_loss         | -15.4       |
|    explained_variance   | 0.854       |
|    learning_rate        | 0.0003      |
|    loss                 | 25.6        |
|    n_updates            | 7780        |
|    policy_gradient_loss | -0.0479     |
|    std                  | 1.54        |
|    value_loss           | 146         |
-----------------------------------------
----------------------------------------
| rollout/                |            |
|    ep_len_mean          | 93.5       |
|    ep_rew_mean          | 34.4       |
|    success_rate         | 0          |
| time/                   |            |
|    fps                  | 1894       |
|    iterations           | 143        |
|    time_elapsed         | 77         |
|    total_timesteps      | 798720     |
| train/                  |            |
|    approx_kl            | 0.06784047 |
|    clip_fraction        | 0.369      |
|    clip_range           | 0.2        |
|    entropy_loss         | -15.4      |
|    explained_variance   | 0.919      |
|    learning_rate        | 0.0003     |
|    loss                 | 4.65       |
|    n_updates            | 7790       |
|    policy_gradient_loss | -0.038     |
|    std                  | 1.54       |
|    value_loss           | 38.2       |
----------------------------------------
-----------------------------------------
| rollout/                |             |
|    ep_len_mean          | 98.7        |
|    ep_rew_mean          | 44.9        |
|    success_rate         | 0           |
| time/                   |             |
|    fps                  | 1894        |
|    iterations           | 144         |
|    time_elapsed         | 77          |
|    total_timesteps      | 799744      |
| train/                  |             |
|    approx_kl            | 0.035458896 |
|    clip_fraction        | 0.388       |
|    clip_range           | 0.2         |
|    entropy_loss         | -15.4       |
|    explained_variance   | 0.785       |
|    learning_rate        | 0.0003      |
|    loss                 | 17          |
|    n_updates            | 7800        |
|    policy_gradient_loss | -0.0381     |
|    std                  | 1.54        |
|    value_loss           | 79.5        |
-----------------------------------------
WARNING: Nan, Inf or huge value in QACC at DOF 12. The simulation is unstable. Time = 0.0340.

-----------------------------------------
| rollout/                |             |
|    ep_len_mean          | 95.6        |
|    ep_rew_mean          | 40.1        |
|    success_rate         | 0           |
| time/                   |             |
|    fps                  | 1894        |
|    iterations           | 145         |
|    time_elapsed         | 78          |
|    total_timesteps      | 800768      |
| train/                  |             |
|    approx_kl            | 0.051689565 |
|    clip_fraction        | 0.347       |
|    clip_range           | 0.2         |
|    entropy_loss         | -15.4       |
|    explained_variance   | 0.831       |
|    learning_rate        | 0.0003      |
|    loss                 | 5.31        |
|    n_updates            | 7810        |
|    policy_gradient_loss | -0.0398     |
|    std                  | 1.54        |
|    value_loss           | 35.4        |
-----------------------------------------
----------------------------------------
| rollout/                |            |
|    ep_len_mean          | 95.2       |
|    ep_rew_mean          | 42.7       |
|    success_rate         | 0          |
| time/                   |            |
|    fps                  | 1894       |
|    iterations           | 146        |
|    time_elapsed         | 78         |
|    total_timesteps      | 801792     |
| train/                  |            |
|    approx_kl            | 0.02678227 |
|    clip_fraction        | 0.311      |
|    clip_range           | 0.2        |
|    entropy_loss         | -15.4      |
|    explained_variance   | 0.813      |
|    learning_rate        | 0.0003     |
|    loss                 | 43.4       |
|    n_updates            | 7820       |
|    policy_gradient_loss | -0.0386    |
|    std                  | 1.54       |
|    value_loss           | 143        |
----------------------------------------
-----------------------------------------
| rollout/                |             |
|    ep_len_mean          | 102         |
|    ep_rew_mean          | 49.2        |
|    success_rate         | 0           |
| time/                   |             |
|    fps                  | 1894        |
|    iterations           | 147         |
|    time_elapsed         | 79          |
|    total_timesteps      | 802816      |
| train/                  |             |
|    approx_kl            | 0.033030495 |
|    clip_fraction        | 0.309       |
|    clip_range           | 0.2         |
|    entropy_loss         | -15.4       |
|    explained_variance   | 0.733       |
|    learning_rate        | 0.0003      |
|    loss                 | 32.8        |
|    n_updates            | 7830        |
|    policy_gradient_loss | -0.0508     |
|    std                  | 1.54        |
|    value_loss           | 112         |
-----------------------------------------
 100% ━━━━━━━━━━━━━━━━━━━━━━ 150,528/150,000  [ 0:01:19 < 0:00:00 , 1,879 it/s ]

+ /Users/youpeixing/ws/allegro_rod_mvp/.venv/bin/python /Users/youpeixing/ws/allegro_rod_mvp/scripts/eval_policy.py /Users/youpeixing/ws/allegro_rod_mvp/checkpoints/stage1/final_model.zip --stage 1 --episodes 20 --out /Users/youpeixing/ws/allegro_rod_mvp/checkpoints/stage1/eval_metrics.json
WARNING: Nan, Inf or huge value in QACC at DOF 12. The simulation is unstable. Time = 0.0340.

{
  "model": "/Users/youpeixing/ws/allegro_rod_mvp/checkpoints/stage1/final_model.zip",
  "stage": 1,
  "episodes": 20,
  "axis_rotation_deg_mean": -37.63221494895551,
  "axis_rotation_deg_std": 31.63159005905452,
  "tip_error_m_mean": 0.007074323698172158,
  "tip_error_m_std": 0.005081888345561352,
  "contact_count_mean": 1.3,
  "success_rate": 0.0,
  "drop_rate": 0.35,
  "passed": false
}
{
  "model": "/Users/youpeixing/ws/allegro_rod_mvp/checkpoints/stage1/final_model.zip",
  "stage": 1,
  "episodes": 20,
  "axis_rotation_deg_mean": -37.63221494895551,
  "axis_rotation_deg_std": 31.63159005905452,
  "tip_error_m_mean": 0.007074323698172158,
  "tip_error_m_std": 0.005081888345561352,
  "contact_count_mean": 1.3,
  "success_rate": 0.0,
  "drop_rate": 0.35,
  "passed": false
}

===== STAGE 1: extend +150000 (extra_done=300000/450000, tune=2) =====
Logging to checkpoints/stage0/tb/PPO_1
---------------------------------
| rollout/           |          |
|    ep_len_mean     | 107      |
|    ep_rew_mean     | 51.2     |
|    success_rate    | 0        |
| time/              |          |
|    fps             | 2419     |
|    iterations      | 1        |
|    time_elapsed    | 0        |
|    total_timesteps | 803840   |
---------------------------------
WARNING: Nan, Inf or huge value in QACC at DOF 12. The simulation is unstable. Time = 0.0320.

---------------------------------------
| rollout/                |           |
|    ep_len_mean          | 105       |
|    ep_rew_mean          | 50.2      |
|    success_rate         | 0         |
| time/                   |           |
|    fps                  | 2141      |
|    iterations           | 2         |
|    time_elapsed         | 0         |
|    total_timesteps      | 804864    |
| train/                  |           |
|    approx_kl            | 0.0366697 |
|    clip_fraction        | 0.378     |
|    clip_range           | 0.2       |
|    entropy_loss         | -15.5     |
|    explained_variance   | 0.866     |
|    learning_rate        | 0.0003    |
|    loss                 | 42.6      |
|    n_updates            | 7850      |
|    policy_gradient_loss | -0.0317   |
|    std                  | 1.55      |
|    value_loss           | 108       |
---------------------------------------
----------------------------------------
| rollout/                |            |
|    ep_len_mean          | 99.8       |
|    ep_rew_mean          | 54.8       |
|    success_rate         | 0          |
| time/                   |            |
|    fps                  | 2061       |
|    iterations           | 3          |
|    time_elapsed         | 1          |
|    total_timesteps      | 805888     |
| train/                  |            |
|    approx_kl            | 0.04545819 |
|    clip_fraction        | 0.349      |
|    clip_range           | 0.2        |
|    entropy_loss         | -15.5      |
|    explained_variance   | 0.849      |
|    learning_rate        | 0.0003     |
|    loss                 | 17.8       |
|    n_updates            | 7860       |
|    policy_gradient_loss | -0.0507    |
|    std                  | 1.56       |
|    value_loss           | 72.7       |
----------------------------------------
----------------------------------------
| rollout/                |            |
|    ep_len_mean          | 105        |
|    ep_rew_mean          | 58.2       |
|    success_rate         | 0          |
| time/                   |            |
|    fps                  | 1672       |
|    iterations           | 4          |
|    time_elapsed         | 2          |
|    total_timesteps      | 806912     |
| train/                  |            |
|    approx_kl            | 0.03830666 |
|    clip_fraction        | 0.32       |
|    clip_range           | 0.2        |
|    entropy_loss         | -15.5      |
|    explained_variance   | 0.762      |
|    learning_rate        | 0.0003     |
|    loss                 | 18.4       |
|    n_updates            | 7870       |
|    policy_gradient_loss | -0.045     |
|    std                  | 1.56       |
|    value_loss           | 81.4       |
----------------------------------------
-----------------------------------------
| rollout/                |             |
|    ep_len_mean          | 111         |
|    ep_rew_mean          | 62.6        |
|    success_rate         | 0           |
| time/                   |             |
|    fps                  | 1701        |
|    iterations           | 5           |
|    time_elapsed         | 3           |
|    total_timesteps      | 807936      |
| train/                  |             |
|    approx_kl            | 0.035092346 |
|    clip_fraction        | 0.304       |
|    clip_range           | 0.2         |
|    entropy_loss         | -15.5       |
|    explained_variance   | 0.802       |
|    learning_rate        | 0.0003      |
|    loss                 | 28.2        |
|    n_updates            | 7880        |
|    policy_gradient_loss | -0.0496     |
|    std                  | 1.57        |
|    value_loss           | 100         |
-----------------------------------------
WARNING: Nan, Inf or huge value in QACC at DOF 12. The simulation is unstable. Time = 0.0320.

-----------------------------------------
| rollout/                |             |
|    ep_len_mean          | 111         |
|    ep_rew_mean          | 64.3        |
|    success_rate         | 0           |
| time/                   |             |
|    fps                  | 1731        |
|    iterations           | 6           |
|    time_elapsed         | 3           |
|    total_timesteps      | 808960      |
| train/                  |             |
|    approx_kl            | 0.082771495 |
|    clip_fraction        | 0.393       |
|    clip_range           | 0.2         |
|    entropy_loss         | -15.6       |
|    explained_variance   | 0.832       |
|    learning_rate        | 0.0003      |
|    loss                 | 26.3        |
|    n_updates            | 7890        |
|    policy_gradient_loss | -0.0251     |
|    std                  | 1.57        |
|    value_loss           | 55.2        |
-----------------------------------------
WARNING: Nan, Inf or huge value in QACC at DOF 12. The simulation is unstable. Time = 0.0300.

----------------------------------------
| rollout/                |            |
|    ep_len_mean          | 111        |
|    ep_rew_mean          | 62.4       |
|    success_rate         | 0          |
| time/                   |            |
|    fps                  | 1752       |
|    iterations           | 7          |
|    time_elapsed         | 4          |
|    total_timesteps      | 809984     |
| train/                  |            |
|    approx_kl            | 0.05043158 |
|    clip_fraction        | 0.383      |
|    clip_range           | 0.2        |
|    entropy_loss         | -15.6      |
|    explained_variance   | 0.615      |
|    learning_rate        | 0.0003     |
|    loss                 | 17.1       |
|    n_updates            | 7900       |
|    policy_gradient_loss | -0.04      |
|    std                  | 1.57       |
|    value_loss           | 73.2       |
----------------------------------------
----------------------------------------
| rollout/                |            |
|    ep_len_mean          | 107        |
|    ep_rew_mean          | 57.6       |
|    success_rate         | 0          |
| time/                   |            |
|    fps                  | 1771       |
|    iterations           | 8          |
|    time_elapsed         | 4          |
|    total_timesteps      | 811008     |
| train/                  |            |
|    approx_kl            | 0.04221069 |
|    clip_fraction        | 0.396      |
|    clip_range           | 0.2        |
|    entropy_loss         | -15.6      |
|    explained_variance   | 0.635      |
|    learning_rate        | 0.0003     |
|    loss                 | 6.89       |
|    n_updates            | 7910       |
|    policy_gradient_loss | -0.0243    |
|    std                  | 1.58       |
|    value_loss           | 54.2       |
----------------------------------------
-----------------------------------------
| rollout/                |             |
|    ep_len_mean          | 118         |
|    ep_rew_mean          | 71.2        |
|    success_rate         | 0           |
| time/                   |             |
|    fps                  | 1782        |
|    iterations           | 9           |
|    time_elapsed         | 5           |
|    total_timesteps      | 812032      |
| train/                  |             |
|    approx_kl            | 0.028542742 |
|    clip_fraction        | 0.308       |
|    clip_range           | 0.2         |
|    entropy_loss         | -15.6       |
|    explained_variance   | 0.554       |
|    learning_rate        | 0.0003      |
|    loss                 | 78.1        |
|    n_updates            | 7920        |
|    policy_gradient_loss | -0.0438     |
|    std                  | 1.58        |
|    value_loss           | 188         |
-----------------------------------------
----------------------------------------
| rollout/                |            |
|    ep_len_mean          | 116        |
|    ep_rew_mean          | 70.3       |
|    success_rate         | 0          |
| time/                   |            |
|    fps                  | 1793       |
|    iterations           | 10         |
|    time_elapsed         | 5          |
|    total_timesteps      | 813056     |
| train/                  |            |
|    approx_kl            | 0.03996077 |
|    clip_fraction        | 0.328      |
|    clip_range           | 0.2        |
|    entropy_loss         | -15.6      |
|    explained_variance   | 0.634      |
|    learning_rate        | 0.0003     |
|    loss                 | 27.4       |
|    n_updates            | 7930       |
|    policy_gradient_loss | -0.0506    |
|    std                  | 1.58       |
|    value_loss           | 94.1       |
----------------------------------------
WARNING: Nan, Inf or huge value in QACC at DOF 12. The simulation is unstable. Time = 0.0340.

WARNING: Nan, Inf or huge value in QACC at DOF 12. The simulation is unstable. Time = 0.0320.

----------------------------------------
| rollout/                |            |
|    ep_len_mean          | 108        |
|    ep_rew_mean          | 62.9       |
|    success_rate         | 0          |
| time/                   |            |
|    fps                  | 1801       |
|    iterations           | 11         |
|    time_elapsed         | 6          |
|    total_timesteps      | 814080     |
| train/                  |            |
|    approx_kl            | 0.04398802 |
|    clip_fraction        | 0.341      |
|    clip_range           | 0.2        |
|    entropy_loss         | -15.6      |
|    explained_variance   | 0.924      |
|    learning_rate        | 0.0003     |
|    loss                 | 15.4       |
|    n_updates            | 7940       |
|    policy_gradient_loss | -0.0565    |
|    std                  | 1.58       |
|    value_loss           | 55.8       |
----------------------------------------
-----------------------------------------
| rollout/                |             |
|    ep_len_mean          | 96.1        |
|    ep_rew_mean          | 55.4        |
|    success_rate         | 0           |
| time/                   |             |
|    fps                  | 1808        |
|    iterations           | 12          |
|    time_elapsed         | 6           |
|    total_timesteps      | 815104      |
| train/                  |             |
|    approx_kl            | 0.020127162 |
|    clip_fraction        | 0.265       |
|    clip_range           | 0.2         |
|    entropy_loss         | -15.6       |
|    explained_variance   | 0.703       |
|    learning_rate        | 0.0003      |
|    loss                 | 55.8        |
|    n_updates            | 7950        |
|    policy_gradient_loss | -0.0396     |
|    std                  | 1.58        |
|    value_loss           | 197         |
-----------------------------------------
---------------------------------------
| rollout/                |           |
|    ep_len_mean          | 99.2      |
|    ep_rew_mean          | 57.5      |
|    success_rate         | 0         |
| time/                   |           |
|    fps                  | 1814      |
|    iterations           | 13        |
|    time_elapsed         | 7         |
|    total_timesteps      | 816128    |
| train/                  |           |
|    approx_kl            | 0.0360619 |
|    clip_fraction        | 0.297     |
|    clip_range           | 0.2       |
|    entropy_loss         | -15.6     |
|    explained_variance   | 0.705     |
|    learning_rate        | 0.0003    |
|    loss                 | 53.4      |
|    n_updates            | 7960      |
|    policy_gradient_loss | -0.0467   |
|    std                  | 1.58      |
|    value_loss           | 99        |
---------------------------------------
-----------------------------------------
| rollout/                |             |
|    ep_len_mean          | 83.6        |
|    ep_rew_mean          | 44.8        |
|    success_rate         | 0           |
| time/                   |             |
|    fps                  | 1819        |
|    iterations           | 14          |
|    time_elapsed         | 7           |
|    total_timesteps      | 817152      |
| train/                  |             |
|    approx_kl            | 0.041054267 |
|    clip_fraction        | 0.342       |
|    clip_range           | 0.2         |
|    entropy_loss         | -15.6       |
|    explained_variance   | 0.541       |
|    learning_rate        | 0.0003      |
|    loss                 | 32.2        |
|    n_updates            | 7970        |
|    policy_gradient_loss | -0.0474     |
|    std                  | 1.58        |
|    value_loss           | 101         |
-----------------------------------------
-----------------------------------------
| rollout/                |             |
|    ep_len_mean          | 80.6        |
|    ep_rew_mean          | 42.1        |
|    success_rate         | 0           |
| time/                   |             |
|    fps                  | 1817        |
|    iterations           | 15          |
|    time_elapsed         | 8           |
|    total_timesteps      | 818176      |
| train/                  |             |
|    approx_kl            | 0.031143088 |
|    clip_fraction        | 0.312       |
|    clip_range           | 0.2         |
|    entropy_loss         | -15.6       |
|    explained_variance   | 0.558       |
|    learning_rate        | 0.0003      |
|    loss                 | 27.3        |
|    n_updates            | 7980        |
|    policy_gradient_loss | -0.0533     |
|    std                  | 1.58        |
|    value_loss           | 125         |
-----------------------------------------
-----------------------------------------
| rollout/                |             |
|    ep_len_mean          | 79.8        |
|    ep_rew_mean          | 42.2        |
|    success_rate         | 0           |
| time/                   |             |
|    fps                  | 1822        |
|    iterations           | 16          |
|    time_elapsed         | 8           |
|    total_timesteps      | 819200      |
| train/                  |             |
|    approx_kl            | 0.045554206 |
|    clip_fraction        | 0.34        |
|    clip_range           | 0.2         |
|    entropy_loss         | -15.6       |
|    explained_variance   | 0.348       |
|    learning_rate        | 0.0003      |
|    loss                 | 22.4        |
|    n_updates            | 7990        |
|    policy_gradient_loss | -0.0471     |
|    std                  | 1.58        |
|    value_loss           | 64.4        |
-----------------------------------------
-----------------------------------------
| rollout/                |             |
|    ep_len_mean          | 85.8        |
|    ep_rew_mean          | 48.5        |
|    success_rate         | 0           |
| time/                   |             |
|    fps                  | 1828        |
|    iterations           | 17          |
|    time_elapsed         | 9           |
|    total_timesteps      | 820224      |
| train/                  |             |
|    approx_kl            | 0.043286715 |
|    clip_fraction        | 0.375       |
|    clip_range           | 0.2         |
|    entropy_loss         | -15.6       |
|    explained_variance   | 0.623       |
|    learning_rate        | 0.0003      |
|    loss                 | 25.1        |
|    n_updates            | 8000        |
|    policy_gradient_loss | -0.0428     |
|    std                  | 1.58        |
|    value_loss           | 64.9        |
-----------------------------------------
-----------------------------------------
| rollout/                |             |
|    ep_len_mean          | 85          |
|    ep_rew_mean          | 50          |
|    success_rate         | 0           |
| time/                   |             |
|    fps                  | 1833        |
|    iterations           | 18          |
|    time_elapsed         | 10          |
|    total_timesteps      | 821248      |
| train/                  |             |
|    approx_kl            | 0.043293573 |
|    clip_fraction        | 0.37        |
|    clip_range           | 0.2         |
|    entropy_loss         | -15.6       |
|    explained_variance   | 0.672       |
|    learning_rate        | 0.0003      |
|    loss                 | 16.6        |
|    n_updates            | 8010        |
|    policy_gradient_loss | -0.0428     |
|    std                  | 1.58        |
|    value_loss           | 54.5        |
-----------------------------------------
-----------------------------------------
| rollout/                |             |
|    ep_len_mean          | 84.7        |
|    ep_rew_mean          | 54          |
|    success_rate         | 0           |
| time/                   |             |
|    fps                  | 1836        |
|    iterations           | 19          |
|    time_elapsed         | 10          |
|    total_timesteps      | 822272      |
| train/                  |             |
|    approx_kl            | 0.042553335 |
|    clip_fraction        | 0.339       |
|    clip_range           | 0.2         |
|    entropy_loss         | -15.6       |
|    explained_variance   | 0.636       |
|    learning_rate        | 0.0003      |
|    loss                 | 20.4        |
|    n_updates            | 8020        |
|    policy_gradient_loss | -0.0478     |
|    std                  | 1.58        |
|    value_loss           | 81.6        |
-----------------------------------------
----------------------------------------
| rollout/                |            |
|    ep_len_mean          | 84.7       |
|    ep_rew_mean          | 53.8       |
|    success_rate         | 0          |
| time/                   |            |
|    fps                  | 1839       |
|    iterations           | 20         |
|    time_elapsed         | 11         |
|    total_timesteps      | 823296     |
| train/                  |            |
|    approx_kl            | 0.04361757 |
|    clip_fraction        | 0.301      |
|    clip_range           | 0.2        |
|    entropy_loss         | -15.6      |
|    explained_variance   | 0.7        |
|    learning_rate        | 0.0003     |
|    loss                 | 9.94       |
|    n_updates            | 8030       |
|    policy_gradient_loss | -0.0392    |
|    std                  | 1.58       |
|    value_loss           | 66.5       |
----------------------------------------
----------------------------------------
| rollout/                |            |
|    ep_len_mean          | 85.9       |
|    ep_rew_mean          | 56.9       |
|    success_rate         | 0          |
| time/                   |            |
|    fps                  | 1843       |
|    iterations           | 21         |
|    time_elapsed         | 11         |
|    total_timesteps      | 824320     |
| train/                  |            |
|    approx_kl            | 0.03492704 |
|    clip_fraction        | 0.324      |
|    clip_range           | 0.2        |
|    entropy_loss         | -15.6      |
|    explained_variance   | 0.653      |
|    learning_rate        | 0.0003     |
|    loss                 | 37.2       |
|    n_updates            | 8040       |
|    policy_gradient_loss | -0.0406    |
|    std                  | 1.58       |
|    value_loss           | 123        |
----------------------------------------
-----------------------------------------
| rollout/                |             |
|    ep_len_mean          | 89.7        |
|    ep_rew_mean          | 60.8        |
|    success_rate         | 0           |
| time/                   |             |
|    fps                  | 1846        |
|    iterations           | 22          |
|    time_elapsed         | 12          |
|    total_timesteps      | 825344      |
| train/                  |             |
|    approx_kl            | 0.041208167 |
|    clip_fraction        | 0.329       |
|    clip_range           | 0.2         |
|    entropy_loss         | -15.6       |
|    explained_variance   | 0.655       |
|    learning_rate        | 0.0003      |
|    loss                 | 22.6        |
|    n_updates            | 8050        |
|    policy_gradient_loss | -0.043      |
|    std                  | 1.59        |
|    value_loss           | 70.7        |
-----------------------------------------
WARNING: Nan, Inf or huge value in QACC at DOF 12. The simulation is unstable. Time = 0.0320.

WARNING: Nan, Inf or huge value in QACC at DOF 12. The simulation is unstable. Time = 0.0300.

----------------------------------------
| rollout/                |            |
|    ep_len_mean          | 92.7       |
|    ep_rew_mean          | 57.4       |
|    success_rate         | 0          |
| time/                   |            |
|    fps                  | 1849       |
|    iterations           | 23         |
|    time_elapsed         | 12         |
|    total_timesteps      | 826368     |
| train/                  |            |
|    approx_kl            | 0.04729298 |
|    clip_fraction        | 0.355      |
|    clip_range           | 0.2        |
|    entropy_loss         | -15.6      |
|    explained_variance   | 0.66       |
|    learning_rate        | 0.0003     |
|    loss                 | 22.4       |
|    n_updates            | 8060       |
|    policy_gradient_loss | -0.0379    |
|    std                  | 1.58       |
|    value_loss           | 67.1       |
----------------------------------------
-----------------------------------------
| rollout/                |             |
|    ep_len_mean          | 99.7        |
|    ep_rew_mean          | 62.8        |
|    success_rate         | 0           |
| time/                   |             |
|    fps                  | 1851        |
|    iterations           | 24          |
|    time_elapsed         | 13          |
|    total_timesteps      | 827392      |
| train/                  |             |
|    approx_kl            | 0.043073095 |
|    clip_fraction        | 0.312       |
|    clip_range           | 0.2         |
|    entropy_loss         | -15.6       |
|    explained_variance   | 0.845       |
|    learning_rate        | 0.0003      |
|    loss                 | 11.3        |
|    n_updates            | 8070        |
|    policy_gradient_loss | -0.0455     |
|    std                  | 1.58        |
|    value_loss           | 78.9        |
-----------------------------------------
-----------------------------------------
| rollout/                |             |
|    ep_len_mean          | 93.2        |
|    ep_rew_mean          | 59          |
|    success_rate         | 0           |
| time/                   |             |
|    fps                  | 1853        |
|    iterations           | 25          |
|    time_elapsed         | 13          |
|    total_timesteps      | 828416      |
| train/                  |             |
|    approx_kl            | 0.049556784 |
|    clip_fraction        | 0.377       |
|    clip_range           | 0.2         |
|    entropy_loss         | -15.6       |
|    explained_variance   | 0.409       |
|    learning_rate        | 0.0003      |
|    loss                 | 21.5        |
|    n_updates            | 8080        |
|    policy_gradient_loss | -0.0385     |
|    std                  | 1.59        |
|    value_loss           | 67.9        |
-----------------------------------------
-----------------------------------------
| rollout/                |             |
|    ep_len_mean          | 97.5        |
|    ep_rew_mean          | 63          |
|    success_rate         | 0           |
| time/                   |             |
|    fps                  | 1855        |
|    iterations           | 26          |
|    time_elapsed         | 14          |
|    total_timesteps      | 829440      |
| train/                  |             |
|    approx_kl            | 0.039805032 |
|    clip_fraction        | 0.416       |
|    clip_range           | 0.2         |
|    entropy_loss         | -15.6       |
|    explained_variance   | 0.531       |
|    learning_rate        | 0.0003      |
|    loss                 | 15.7        |
|    n_updates            | 8090        |
|    policy_gradient_loss | -0.0252     |
|    std                  | 1.59        |
|    value_loss           | 66.2        |
-----------------------------------------
----------------------------------------
| rollout/                |            |
|    ep_len_mean          | 95.7       |
|    ep_rew_mean          | 59.2       |
|    success_rate         | 0          |
| time/                   |            |
|    fps                  | 1858       |
|    iterations           | 27         |
|    time_elapsed         | 14         |
|    total_timesteps      | 830464     |
| train/                  |            |
|    approx_kl            | 0.07351145 |
|    clip_fraction        | 0.424      |
|    clip_range           | 0.2        |
|    entropy_loss         | -15.6      |
|    explained_variance   | 0.65       |
|    learning_rate        | 0.0003     |
|    loss                 | 15.8       |
|    n_updates            | 8100       |
|    policy_gradient_loss | -0.0361    |
|    std                  | 1.59       |
|    value_loss           | 55.5       |
----------------------------------------
-----------------------------------------
| rollout/                |             |
|    ep_len_mean          | 102         |
|    ep_rew_mean          | 64.8        |
|    success_rate         | 0           |
| time/                   |             |
|    fps                  | 1860        |
|    iterations           | 28          |
|    time_elapsed         | 15          |
|    total_timesteps      | 831488      |
| train/                  |             |
|    approx_kl            | 0.028425723 |
|    clip_fraction        | 0.31        |
|    clip_range           | 0.2         |
|    entropy_loss         | -15.6       |
|    explained_variance   | 0.658       |
|    learning_rate        | 0.0003      |
|    loss                 | 20.1        |
|    n_updates            | 8110        |
|    policy_gradient_loss | -0.0496     |
|    std                  | 1.59        |
|    value_loss           | 94.6        |
-----------------------------------------
----------------------------------------
| rollout/                |            |
|    ep_len_mean          | 93.8       |
|    ep_rew_mean          | 53.9       |
|    success_rate         | 0          |
| time/                   |            |
|    fps                  | 1862       |
|    iterations           | 29         |
|    time_elapsed         | 15         |
|    total_timesteps      | 832512     |
| train/                  |            |
|    approx_kl            | 0.08304927 |
|    clip_fraction        | 0.42       |
|    clip_range           | 0.2        |
|    entropy_loss         | -15.6      |
|    explained_variance   | 0.745      |
|    learning_rate        | 0.0003     |
|    loss                 | 6.1        |
|    n_updates            | 8120       |
|    policy_gradient_loss | -0.0352    |
|    std                  | 1.59       |
|    value_loss           | 33.6       |
----------------------------------------
-----------------------------------------
| rollout/                |             |
|    ep_len_mean          | 103         |
|    ep_rew_mean          | 64.8        |
|    success_rate         | 0           |
| time/                   |             |
|    fps                  | 1864        |
|    iterations           | 30          |
|    time_elapsed         | 16          |
|    total_timesteps      | 833536      |
| train/                  |             |
|    approx_kl            | 0.036250334 |
|    clip_fraction        | 0.359       |
|    clip_range           | 0.2         |
|    entropy_loss         | -15.6       |
|    explained_variance   | 0.785       |
|    learning_rate        | 0.0003      |
|    loss                 | 27          |
|    n_updates            | 8130        |
|    policy_gradient_loss | -0.04       |
|    std                  | 1.59        |
|    value_loss           | 114         |
-----------------------------------------
----------------------------------------
| rollout/                |            |
|    ep_len_mean          | 99.8       |
|    ep_rew_mean          | 60.3       |
|    success_rate         | 0          |
| time/                   |            |
|    fps                  | 1860       |
|    iterations           | 31         |
|    time_elapsed         | 17         |
|    total_timesteps      | 834560     |
| train/                  |            |
|    approx_kl            | 0.05907751 |
|    clip_fraction        | 0.358      |
|    clip_range           | 0.2        |
|    entropy_loss         | -15.6      |
|    explained_variance   | 0.463      |
|    learning_rate        | 0.0003     |
|    loss                 | 9.43       |
|    n_updates            | 8140       |
|    policy_gradient_loss | -0.0394    |
|    std                  | 1.59       |
|    value_loss           | 79.3       |
----------------------------------------
-----------------------------------------
| rollout/                |             |
|    ep_len_mean          | 96.2        |
|    ep_rew_mean          | 56.4        |
|    success_rate         | 0           |
| time/                   |             |
|    fps                  | 1861        |
|    iterations           | 32          |
|    time_elapsed         | 17          |
|    total_timesteps      | 835584      |
| train/                  |             |
|    approx_kl            | 0.030917168 |
|    clip_fraction        | 0.337       |
|    clip_range           | 0.2         |
|    entropy_loss         | -15.6       |
|    explained_variance   | 0.796       |
|    learning_rate        | 0.0003      |
|    loss                 | 58.1        |
|    n_updates            | 8150        |
|    policy_gradient_loss | -0.0457     |
|    std                  | 1.59        |
|    value_loss           | 128         |
-----------------------------------------
WARNING: Nan, Inf or huge value in QACC at DOF 12. The simulation is unstable. Time = 0.0300.

-----------------------------------------
| rollout/                |             |
|    ep_len_mean          | 100         |
|    ep_rew_mean          | 65.6        |
|    success_rate         | 0           |
| time/                   |             |
|    fps                  | 1863        |
|    iterations           | 33          |
|    time_elapsed         | 18          |
|    total_timesteps      | 836608      |
| train/                  |             |
|    approx_kl            | 0.037355002 |
|    clip_fraction        | 0.334       |
|    clip_range           | 0.2         |
|    entropy_loss         | -15.6       |
|    explained_variance   | 0.674       |
|    learning_rate        | 0.0003      |
|    loss                 | 18.1        |
|    n_updates            | 8160        |
|    policy_gradient_loss | -0.0514     |
|    std                  | 1.59        |
|    value_loss           | 76.1        |
-----------------------------------------
-----------------------------------------
| rollout/                |             |
|    ep_len_mean          | 99          |
|    ep_rew_mean          | 64          |
|    success_rate         | 0           |
| time/                   |             |
|    fps                  | 1864        |
|    iterations           | 34          |
|    time_elapsed         | 18          |
|    total_timesteps      | 837632      |
| train/                  |             |
|    approx_kl            | 0.047878228 |
|    clip_fraction        | 0.368       |
|    clip_range           | 0.2         |
|    entropy_loss         | -15.6       |
|    explained_variance   | 0.837       |
|    learning_rate        | 0.0003      |
|    loss                 | 4.05        |
|    n_updates            | 8170        |
|    policy_gradient_loss | -0.04       |
|    std                  | 1.59        |
|    value_loss           | 38          |
-----------------------------------------
----------------------------------------
| rollout/                |            |
|    ep_len_mean          | 106        |
|    ep_rew_mean          | 69.8       |
|    success_rate         | 0          |
| time/                   |            |
|    fps                  | 1866       |
|    iterations           | 35         |
|    time_elapsed         | 19         |
|    total_timesteps      | 838656     |
| train/                  |            |
|    approx_kl            | 0.03209344 |
|    clip_fraction        | 0.317      |
|    clip_range           | 0.2        |
|    entropy_loss         | -15.6      |
|    explained_variance   | 0.623      |
|    learning_rate        | 0.0003     |
|    loss                 | 41.6       |
|    n_updates            | 8180       |
|    policy_gradient_loss | -0.0519    |
|    std                  | 1.6        |
|    value_loss           | 98.2       |
----------------------------------------
-----------------------------------------
| rollout/                |             |
|    ep_len_mean          | 97.2        |
|    ep_rew_mean          | 63.5        |
|    success_rate         | 0           |
| time/                   |             |
|    fps                  | 1868        |
|    iterations           | 36          |
|    time_elapsed         | 19          |
|    total_timesteps      | 839680      |
| train/                  |             |
|    approx_kl            | 0.028714888 |
|    clip_fraction        | 0.27        |
|    clip_range           | 0.2         |
|    entropy_loss         | -15.6       |
|    explained_variance   | 0.638       |
|    learning_rate        | 0.0003      |
|    loss                 | 33.4        |
|    n_updates            | 8190        |
|    policy_gradient_loss | -0.0467     |
|    std                  | 1.6         |
|    value_loss           | 112         |
-----------------------------------------
WARNING: Nan, Inf or huge value in QACC at DOF 12. The simulation is unstable. Time = 0.0320.

-----------------------------------------
| rollout/                |             |
|    ep_len_mean          | 82.3        |
|    ep_rew_mean          | 53.9        |
|    success_rate         | 0           |
| time/                   |             |
|    fps                  | 1868        |
|    iterations           | 37          |
|    time_elapsed         | 20          |
|    total_timesteps      | 840704      |
| train/                  |             |
|    approx_kl            | 0.029304346 |
|    clip_fraction        | 0.296       |
|    clip_range           | 0.2         |
|    entropy_loss         | -15.7       |
|    explained_variance   | 0.246       |
|    learning_rate        | 0.0003      |
|    loss                 | 43.1        |
|    n_updates            | 8200        |
|    policy_gradient_loss | -0.0471     |
|    std                  | 1.6         |
|    value_loss           | 169         |
-----------------------------------------
-----------------------------------------
| rollout/                |             |
|    ep_len_mean          | 93.5        |
|    ep_rew_mean          | 64.5        |
|    success_rate         | 0           |
| time/                   |             |
|    fps                  | 1864        |
|    iterations           | 38          |
|    time_elapsed         | 20          |
|    total_timesteps      | 841728      |
| train/                  |             |
|    approx_kl            | 0.035972733 |
|    clip_fraction        | 0.289       |
|    clip_range           | 0.2         |
|    entropy_loss         | -15.7       |
|    explained_variance   | 0.563       |
|    learning_rate        | 0.0003      |
|    loss                 | 54.5        |
|    n_updates            | 8210        |
|    policy_gradient_loss | -0.0492     |
|    std                  | 1.6         |
|    value_loss           | 122         |
-----------------------------------------
----------------------------------------
| rollout/                |            |
|    ep_len_mean          | 92         |
|    ep_rew_mean          | 58.2       |
|    success_rate         | 0          |
| time/                   |            |
|    fps                  | 1864       |
|    iterations           | 39         |
|    time_elapsed         | 21         |
|    total_timesteps      | 842752     |
| train/                  |            |
|    approx_kl            | 0.07063149 |
|    clip_fraction        | 0.372      |
|    clip_range           | 0.2        |
|    entropy_loss         | -15.7      |
|    explained_variance   | 0.867      |
|    learning_rate        | 0.0003     |
|    loss                 | 3          |
|    n_updates            | 8220       |
|    policy_gradient_loss | -0.045     |
|    std                  | 1.61       |
|    value_loss           | 23.8       |
----------------------------------------
-----------------------------------------
| rollout/                |             |
|    ep_len_mean          | 95.7        |
|    ep_rew_mean          | 61          |
|    success_rate         | 0           |
| time/                   |             |
|    fps                  | 1865        |
|    iterations           | 40          |
|    time_elapsed         | 21          |
|    total_timesteps      | 843776      |
| train/                  |             |
|    approx_kl            | 0.056956574 |
|    clip_fraction        | 0.42        |
|    clip_range           | 0.2         |
|    entropy_loss         | -15.7       |
|    explained_variance   | 0.864       |
|    learning_rate        | 0.0003      |
|    loss                 | 10.6        |
|    n_updates            | 8230        |
|    policy_gradient_loss | -0.039      |
|    std                  | 1.61        |
|    value_loss           | 37.6        |
-----------------------------------------
WARNING: Nan, Inf or huge value in QACC at DOF 12. The simulation is unstable. Time = 0.0300.

-----------------------------------------
| rollout/                |             |
|    ep_len_mean          | 97.4        |
|    ep_rew_mean          | 62.2        |
|    success_rate         | 0           |
| time/                   |             |
|    fps                  | 1866        |
|    iterations           | 41          |
|    time_elapsed         | 22          |
|    total_timesteps      | 844800      |
| train/                  |             |
|    approx_kl            | 0.034867123 |
|    clip_fraction        | 0.384       |
|    clip_range           | 0.2         |
|    entropy_loss         | -15.7       |
|    explained_variance   | 0.7         |
|    learning_rate        | 0.0003      |
|    loss                 | 9.98        |
|    n_updates            | 8240        |
|    policy_gradient_loss | -0.0461     |
|    std                  | 1.61        |
|    value_loss           | 79.9        |
-----------------------------------------
-----------------------------------------
| rollout/                |             |
|    ep_len_mean          | 97.3        |
|    ep_rew_mean          | 61.9        |
|    success_rate         | 0           |
| time/                   |             |
|    fps                  | 1867        |
|    iterations           | 42          |
|    time_elapsed         | 23          |
|    total_timesteps      | 845824      |
| train/                  |             |
|    approx_kl            | 0.039122462 |
|    clip_fraction        | 0.3         |
|    clip_range           | 0.2         |
|    entropy_loss         | -15.7       |
|    explained_variance   | 0.591       |
|    learning_rate        | 0.0003      |
|    loss                 | 19.8        |
|    n_updates            | 8250        |
|    policy_gradient_loss | -0.0522     |
|    std                  | 1.61        |
|    value_loss           | 76.5        |
-----------------------------------------
----------------------------------------
| rollout/                |            |
|    ep_len_mean          | 99.1       |
|    ep_rew_mean          | 65.7       |
|    success_rate         | 0          |
| time/                   |            |
|    fps                  | 1868       |
|    iterations           | 43         |
|    time_elapsed         | 23         |
|    total_timesteps      | 846848     |
| train/                  |            |
|    approx_kl            | 0.15213019 |
|    clip_fraction        | 0.429      |
|    clip_range           | 0.2        |
|    entropy_loss         | -15.8      |
|    explained_variance   | 0.933      |
|    learning_rate        | 0.0003     |
|    loss                 | 2.33       |
|    n_updates            | 8260       |
|    policy_gradient_loss | -0.0329    |
|    std                  | 1.62       |
|    value_loss           | 22.7       |
----------------------------------------
WARNING: Nan, Inf or huge value in QACC at DOF 12. The simulation is unstable. Time = 0.0320.

----------------------------------------
| rollout/                |            |
|    ep_len_mean          | 95.7       |
|    ep_rew_mean          | 63         |
|    success_rate         | 0          |
| time/                   |            |
|    fps                  | 1869       |
|    iterations           | 44         |
|    time_elapsed         | 24         |
|    total_timesteps      | 847872     |
| train/                  |            |
|    approx_kl            | 0.03292915 |
|    clip_fraction        | 0.496      |
|    clip_range           | 0.2        |
|    entropy_loss         | -15.8      |
|    explained_variance   | 0.397      |
|    learning_rate        | 0.0003     |
|    loss                 | 29         |
|    n_updates            | 8270       |
|    policy_gradient_loss | -0.0118    |
|    std                  | 1.63       |
|    value_loss           | 78.9       |
----------------------------------------
WARNING: Nan, Inf or huge value in QACC at DOF 12. The simulation is unstable. Time = 0.0300.

----------------------------------------
| rollout/                |            |
|    ep_len_mean          | 101        |
|    ep_rew_mean          | 65.1       |
|    success_rate         | 0          |
| time/                   |            |
|    fps                  | 1870       |
|    iterations           | 45         |
|    time_elapsed         | 24         |
|    total_timesteps      | 848896     |
| train/                  |            |
|    approx_kl            | 0.04006645 |
|    clip_fraction        | 0.297      |
|    clip_range           | 0.2        |
|    entropy_loss         | -15.8      |
|    explained_variance   | 0.674      |
|    learning_rate        | 0.0003     |
|    loss                 | 13         |
|    n_updates            | 8280       |
|    policy_gradient_loss | -0.0432    |
|    std                  | 1.63       |
|    value_loss           | 62.5       |
----------------------------------------
-----------------------------------------
| rollout/                |             |
|    ep_len_mean          | 102         |
|    ep_rew_mean          | 62.4        |
|    success_rate         | 0           |
| time/                   |             |
|    fps                  | 1870        |
|    iterations           | 46          |
|    time_elapsed         | 25          |
|    total_timesteps      | 849920      |
| train/                  |             |
|    approx_kl            | 0.034731656 |
|    clip_fraction        | 0.31        |
|    clip_range           | 0.2         |
|    entropy_loss         | -15.8       |
|    explained_variance   | 0.824       |
|    learning_rate        | 0.0003      |
|    loss                 | 26.2        |
|    n_updates            | 8290        |
|    policy_gradient_loss | -0.0421     |
|    std                  | 1.63        |
|    value_loss           | 54.8        |
-----------------------------------------
-----------------------------------------
| rollout/                |             |
|    ep_len_mean          | 109         |
|    ep_rew_mean          | 69.8        |
|    success_rate         | 0           |
| time/                   |             |
|    fps                  | 1871        |
|    iterations           | 47          |
|    time_elapsed         | 25          |
|    total_timesteps      | 850944      |
| train/                  |             |
|    approx_kl            | 0.030211847 |
|    clip_fraction        | 0.263       |
|    clip_range           | 0.2         |
|    entropy_loss         | -15.8       |
|    explained_variance   | 0.798       |
|    learning_rate        | 0.0003      |
|    loss                 | 17.4        |
|    n_updates            | 8300        |
|    policy_gradient_loss | -0.0395     |
|    std                  | 1.63        |
|    value_loss           | 85.2        |
-----------------------------------------
WARNING: Nan, Inf or huge value in QACC at DOF 12. The simulation is unstable. Time = 0.0300.

----------------------------------------
| rollout/                |            |
|    ep_len_mean          | 112        |
|    ep_rew_mean          | 68.1       |
|    success_rate         | 0          |
| time/                   |            |
|    fps                  | 1871       |
|    iterations           | 48         |
|    time_elapsed         | 26         |
|    total_timesteps      | 851968     |
| train/                  |            |
|    approx_kl            | 0.07312712 |
|    clip_fraction        | 0.379      |
|    clip_range           | 0.2        |
|    entropy_loss         | -15.8      |
|    explained_variance   | 0.889      |
|    learning_rate        | 0.0003     |
|    loss                 | 6.4        |
|    n_updates            | 8310       |
|    policy_gradient_loss | -0.0491    |
|    std                  | 1.63       |
|    value_loss           | 35.8       |
----------------------------------------
WARNING: Nan, Inf or huge value in QACC at DOF 12. The simulation is unstable. Time = 0.0300.

---------------------------------------
| rollout/                |           |
|    ep_len_mean          | 100       |
|    ep_rew_mean          | 58.7      |
|    success_rate         | 0         |
| time/                   |           |
|    fps                  | 1872      |
|    iterations           | 49        |
|    time_elapsed         | 26        |
|    total_timesteps      | 852992    |
| train/                  |           |
|    approx_kl            | 0.0283202 |
|    clip_fraction        | 0.312     |
|    clip_range           | 0.2       |
|    entropy_loss         | -15.8     |
|    explained_variance   | 0.792     |
|    learning_rate        | 0.0003    |
|    loss                 | 38.7      |
|    n_updates            | 8320      |
|    policy_gradient_loss | -0.038    |
|    std                  | 1.63      |
|    value_loss           | 139       |
---------------------------------------
WARNING: Nan, Inf or huge value in QACC at DOF 12. The simulation is unstable. Time = 0.0340.

-----------------------------------------
| rollout/                |             |
|    ep_len_mean          | 97.1        |
|    ep_rew_mean          | 57.6        |
|    success_rate         | 0           |
| time/                   |             |
|    fps                  | 1872        |
|    iterations           | 50          |
|    time_elapsed         | 27          |
|    total_timesteps      | 854016      |
| train/                  |             |
|    approx_kl            | 0.026418053 |
|    clip_fraction        | 0.269       |
|    clip_range           | 0.2         |
|    entropy_loss         | -15.8       |
|    explained_variance   | 0.641       |
|    learning_rate        | 0.0003      |
|    loss                 | 55          |
|    n_updates            | 8330        |
|    policy_gradient_loss | -0.0538     |
|    std                  | 1.63        |
|    value_loss           | 131         |
-----------------------------------------
-----------------------------------------
| rollout/                |             |
|    ep_len_mean          | 102         |
|    ep_rew_mean          | 62.6        |
|    success_rate         | 0           |
| time/                   |             |
|    fps                  | 1873        |
|    iterations           | 51          |
|    time_elapsed         | 27          |
|    total_timesteps      | 855040      |
| train/                  |             |
|    approx_kl            | 0.031022435 |
|    clip_fraction        | 0.309       |
|    clip_range           | 0.2         |
|    entropy_loss         | -15.8       |
|    explained_variance   | 0.794       |
|    learning_rate        | 0.0003      |
|    loss                 | 27.8        |
|    n_updates            | 8340        |
|    policy_gradient_loss | -0.0498     |
|    std                  | 1.63        |
|    value_loss           | 73.9        |
-----------------------------------------
----------------------------------------
| rollout/                |            |
|    ep_len_mean          | 94.2       |
|    ep_rew_mean          | 54.7       |
|    success_rate         | 0          |
| time/                   |            |
|    fps                  | 1874       |
|    iterations           | 52         |
|    time_elapsed         | 28         |
|    total_timesteps      | 856064     |
| train/                  |            |
|    approx_kl            | 0.04581156 |
|    clip_fraction        | 0.359      |
|    clip_range           | 0.2        |
|    entropy_loss         | -15.8      |
|    explained_variance   | 0.785      |
|    learning_rate        | 0.0003     |
|    loss                 | 11.9       |
|    n_updates            | 8350       |
|    policy_gradient_loss | -0.0473    |
|    std                  | 1.63       |
|    value_loss           | 45.6       |
----------------------------------------
-----------------------------------------
| rollout/                |             |
|    ep_len_mean          | 98.3        |
|    ep_rew_mean          | 52          |
|    success_rate         | 0           |
| time/                   |             |
|    fps                  | 1874        |
|    iterations           | 53          |
|    time_elapsed         | 28          |
|    total_timesteps      | 857088      |
| train/                  |             |
|    approx_kl            | 0.038097814 |
|    clip_fraction        | 0.367       |
|    clip_range           | 0.2         |
|    entropy_loss         | -15.8       |
|    explained_variance   | 0.712       |
|    learning_rate        | 0.0003      |
|    loss                 | 15.4        |
|    n_updates            | 8360        |
|    policy_gradient_loss | -0.0501     |
|    std                  | 1.63        |
|    value_loss           | 68          |
-----------------------------------------
WARNING: Nan, Inf or huge value in QACC at DOF 12. The simulation is unstable. Time = 0.0320.

WARNING: Nan, Inf or huge value in QACC at DOF 12. The simulation is unstable. Time = 0.0320.

-----------------------------------------
| rollout/                |             |
|    ep_len_mean          | 90.1        |
|    ep_rew_mean          | 44          |
|    success_rate         | 0           |
| time/                   |             |
|    fps                  | 1875        |
|    iterations           | 54          |
|    time_elapsed         | 29          |
|    total_timesteps      | 858112      |
| train/                  |             |
|    approx_kl            | 0.021677366 |
|    clip_fraction        | 0.214       |
|    clip_range           | 0.2         |
|    entropy_loss         | -15.8       |
|    explained_variance   | 0.734       |
|    learning_rate        | 0.0003      |
|    loss                 | 55.3        |
|    n_updates            | 8370        |
|    policy_gradient_loss | -0.0457     |
|    std                  | 1.64        |
|    value_loss           | 186         |
-----------------------------------------
-----------------------------------------
| rollout/                |             |
|    ep_len_mean          | 92.5        |
|    ep_rew_mean          | 46.5        |
|    success_rate         | 0           |
| time/                   |             |
|    fps                  | 1875        |
|    iterations           | 55          |
|    time_elapsed         | 30          |
|    total_timesteps      | 859136      |
| train/                  |             |
|    approx_kl            | 0.031519845 |
|    clip_fraction        | 0.25        |
|    clip_range           | 0.2         |
|    entropy_loss         | -15.8       |
|    explained_variance   | 0.726       |
|    learning_rate        | 0.0003      |
|    loss                 | 24.8        |
|    n_updates            | 8380        |
|    policy_gradient_loss | -0.0463     |
|    std                  | 1.64        |
|    value_loss           | 95.5        |
-----------------------------------------
---------------------------------------
| rollout/                |           |
|    ep_len_mean          | 99        |
|    ep_rew_mean          | 51.3      |
|    success_rate         | 0         |
| time/                   |           |
|    fps                  | 1876      |
|    iterations           | 56        |
|    time_elapsed         | 30        |
|    total_timesteps      | 860160    |
| train/                  |           |
|    approx_kl            | 0.0304715 |
|    clip_fraction        | 0.256     |
|    clip_range           | 0.2       |
|    entropy_loss         | -15.8     |
|    explained_variance   | 0.489     |
|    learning_rate        | 0.0003    |
|    loss                 | 18.2      |
|    n_updates            | 8390      |
|    policy_gradient_loss | -0.0496   |
|    std                  | 1.63      |
|    value_loss           | 100       |
---------------------------------------
WARNING: Nan, Inf or huge value in QACC at DOF 12. The simulation is unstable. Time = 0.0340.

----------------------------------------
| rollout/                |            |
|    ep_len_mean          | 94.5       |
|    ep_rew_mean          | 46.1       |
|    success_rate         | 0          |
| time/                   |            |
|    fps                  | 1876       |
|    iterations           | 57         |
|    time_elapsed         | 31         |
|    total_timesteps      | 861184     |
| train/                  |            |
|    approx_kl            | 0.07600978 |
|    clip_fraction        | 0.349      |
|    clip_range           | 0.2        |
|    entropy_loss         | -15.8      |
|    explained_variance   | 0.786      |
|    learning_rate        | 0.0003     |
|    loss                 | 5.3        |
|    n_updates            | 8400       |
|    policy_gradient_loss | -0.0463    |
|    std                  | 1.63       |
|    value_loss           | 37.3       |
----------------------------------------
-----------------------------------------
| rollout/                |             |
|    ep_len_mean          | 99.4        |
|    ep_rew_mean          | 52.3        |
|    success_rate         | 0           |
| time/                   |             |
|    fps                  | 1877        |
|    iterations           | 58          |
|    time_elapsed         | 31          |
|    total_timesteps      | 862208      |
| train/                  |             |
|    approx_kl            | 0.027595058 |
|    clip_fraction        | 0.346       |
|    clip_range           | 0.2         |
|    entropy_loss         | -15.8       |
|    explained_variance   | 0.749       |
|    learning_rate        | 0.0003      |
|    loss                 | 31.7        |
|    n_updates            | 8410        |
|    policy_gradient_loss | -0.0481     |
|    std                  | 1.63        |
|    value_loss           | 110         |
-----------------------------------------
-----------------------------------------
| rollout/                |             |
|    ep_len_mean          | 106         |
|    ep_rew_mean          | 56          |
|    success_rate         | 0           |
| time/                   |             |
|    fps                  | 1878        |
|    iterations           | 59          |
|    time_elapsed         | 32          |
|    total_timesteps      | 863232      |
| train/                  |             |
|    approx_kl            | 0.041938707 |
|    clip_fraction        | 0.327       |
|    clip_range           | 0.2         |
|    entropy_loss         | -15.8       |
|    explained_variance   | 0.218       |
|    learning_rate        | 0.0003      |
|    loss                 | 15.6        |
|    n_updates            | 8420        |
|    policy_gradient_loss | -0.049      |
|    std                  | 1.64        |
|    value_loss           | 65.4        |
-----------------------------------------
----------------------------------------
| rollout/                |            |
|    ep_len_mean          | 106        |
|    ep_rew_mean          | 51.9       |
|    success_rate         | 0          |
| time/                   |            |
|    fps                  | 1878       |
|    iterations           | 60         |
|    time_elapsed         | 32         |
|    total_timesteps      | 864256     |
| train/                  |            |
|    approx_kl            | 0.06113218 |
|    clip_fraction        | 0.372      |
|    clip_range           | 0.2        |
|    entropy_loss         | -15.8      |
|    explained_variance   | 0.725      |
|    learning_rate        | 0.0003     |
|    loss                 | 6.32       |
|    n_updates            | 8430       |
|    policy_gradient_loss | -0.0463    |
|    std                  | 1.64       |
|    value_loss           | 43.9       |
----------------------------------------
-----------------------------------------
| rollout/                |             |
|    ep_len_mean          | 110         |
|    ep_rew_mean          | 54.4        |
|    success_rate         | 0           |
| time/                   |             |
|    fps                  | 1879        |
|    iterations           | 61          |
|    time_elapsed         | 33          |
|    total_timesteps      | 865280      |
| train/                  |             |
|    approx_kl            | 0.029631346 |
|    clip_fraction        | 0.342       |
|    clip_range           | 0.2         |
|    entropy_loss         | -15.9       |
|    explained_variance   | 0.807       |
|    learning_rate        | 0.0003      |
|    loss                 | 31          |
|    n_updates            | 8440        |
|    policy_gradient_loss | -0.0452     |
|    std                  | 1.64        |
|    value_loss           | 126         |
-----------------------------------------
-----------------------------------------
| rollout/                |             |
|    ep_len_mean          | 112         |
|    ep_rew_mean          | 47.1        |
|    success_rate         | 0           |
| time/                   |             |
|    fps                  | 1879        |
|    iterations           | 62          |
|    time_elapsed         | 33          |
|    total_timesteps      | 866304      |
| train/                  |             |
|    approx_kl            | 0.030462487 |
|    clip_fraction        | 0.243       |
|    clip_range           | 0.2         |
|    entropy_loss         | -15.9       |
|    explained_variance   | 0.763       |
|    learning_rate        | 0.0003      |
|    loss                 | 42.4        |
|    n_updates            | 8450        |
|    policy_gradient_loss | -0.0482     |
|    std                  | 1.64        |
|    value_loss           | 127         |
-----------------------------------------
-----------------------------------------
| rollout/                |             |
|    ep_len_mean          | 115         |
|    ep_rew_mean          | 46.6        |
|    success_rate         | 0           |
| time/                   |             |
|    fps                  | 1880        |
|    iterations           | 63          |
|    time_elapsed         | 34          |
|    total_timesteps      | 867328      |
| train/                  |             |
|    approx_kl            | 0.034066904 |
|    clip_fraction        | 0.275       |
|    clip_range           | 0.2         |
|    entropy_loss         | -15.9       |
|    explained_variance   | 0.569       |
|    learning_rate        | 0.0003      |
|    loss                 | 20.3        |
|    n_updates            | 8460        |
|    policy_gradient_loss | -0.0509     |
|    std                  | 1.64        |
|    value_loss           | 69          |
-----------------------------------------
----------------------------------------
| rollout/                |            |
|    ep_len_mean          | 122        |
|    ep_rew_mean          | 50.8       |
|    success_rate         | 0          |
| time/                   |            |
|    fps                  | 1880       |
|    iterations           | 64         |
|    time_elapsed         | 34         |
|    total_timesteps      | 868352     |
| train/                  |            |
|    approx_kl            | 0.05019998 |
|    clip_fraction        | 0.334      |
|    clip_range           | 0.2        |
|    entropy_loss         | -15.9      |
|    explained_variance   | 0.768      |
|    learning_rate        | 0.0003     |
|    loss                 | 18.4       |
|    n_updates            | 8470       |
|    policy_gradient_loss | -0.0459    |
|    std                  | 1.64       |
|    value_loss           | 48.1       |
----------------------------------------
-----------------------------------------
| rollout/                |             |
|    ep_len_mean          | 125         |
|    ep_rew_mean          | 53.1        |
|    success_rate         | 0           |
| time/                   |             |
|    fps                  | 1881        |
|    iterations           | 65          |
|    time_elapsed         | 35          |
|    total_timesteps      | 869376      |
| train/                  |             |
|    approx_kl            | 0.043848537 |
|    clip_fraction        | 0.348       |
|    clip_range           | 0.2         |
|    entropy_loss         | -15.9       |
|    explained_variance   | 0.782       |
|    learning_rate        | 0.0003      |
|    loss                 | 8.13        |
|    n_updates            | 8480        |
|    policy_gradient_loss | -0.0424     |
|    std                  | 1.64        |
|    value_loss           | 52.8        |
-----------------------------------------
-----------------------------------------
| rollout/                |             |
|    ep_len_mean          | 128         |
|    ep_rew_mean          | 60.7        |
|    success_rate         | 0           |
| time/                   |             |
|    fps                  | 1881        |
|    iterations           | 66          |
|    time_elapsed         | 35          |
|    total_timesteps      | 870400      |
| train/                  |             |
|    approx_kl            | 0.052611437 |
|    clip_fraction        | 0.378       |
|    clip_range           | 0.2         |
|    entropy_loss         | -15.9       |
|    explained_variance   | 0.476       |
|    learning_rate        | 0.0003      |
|    loss                 | 10.4        |
|    n_updates            | 8490        |
|    policy_gradient_loss | -0.0491     |
|    std                  | 1.64        |
|    value_loss           | 39.3        |
-----------------------------------------
-----------------------------------------
| rollout/                |             |
|    ep_len_mean          | 126         |
|    ep_rew_mean          | 60.8        |
|    success_rate         | 0           |
| time/                   |             |
|    fps                  | 1882        |
|    iterations           | 67          |
|    time_elapsed         | 36          |
|    total_timesteps      | 871424      |
| train/                  |             |
|    approx_kl            | 0.040147394 |
|    clip_fraction        | 0.384       |
|    clip_range           | 0.2         |
|    entropy_loss         | -15.9       |
|    explained_variance   | 0.603       |
|    learning_rate        | 0.0003      |
|    loss                 | 24.4        |
|    n_updates            | 8500        |
|    policy_gradient_loss | -0.045      |
|    std                  | 1.64        |
|    value_loss           | 75          |
-----------------------------------------
-----------------------------------------
| rollout/                |             |
|    ep_len_mean          | 119         |
|    ep_rew_mean          | 53          |
|    success_rate         | 0           |
| time/                   |             |
|    fps                  | 1882        |
|    iterations           | 68          |
|    time_elapsed         | 36          |
|    total_timesteps      | 872448      |
| train/                  |             |
|    approx_kl            | 0.030890178 |
|    clip_fraction        | 0.319       |
|    clip_range           | 0.2         |
|    entropy_loss         | -15.9       |
|    explained_variance   | 0.394       |
|    learning_rate        | 0.0003      |
|    loss                 | 35.5        |
|    n_updates            | 8510        |
|    policy_gradient_loss | -0.0551     |
|    std                  | 1.65        |
|    value_loss           | 99          |
-----------------------------------------
-----------------------------------------
| rollout/                |             |
|    ep_len_mean          | 120         |
|    ep_rew_mean          | 52.8        |
|    success_rate         | 0           |
| time/                   |             |
|    fps                  | 1882        |
|    iterations           | 69          |
|    time_elapsed         | 37          |
|    total_timesteps      | 873472      |
| train/                  |             |
|    approx_kl            | 0.037137456 |
|    clip_fraction        | 0.363       |
|    clip_range           | 0.2         |
|    entropy_loss         | -15.9       |
|    explained_variance   | 0.598       |
|    learning_rate        | 0.0003      |
|    loss                 | 21.8        |
|    n_updates            | 8520        |
|    policy_gradient_loss | -0.0442     |
|    std                  | 1.65        |
|    value_loss           | 63.9        |
-----------------------------------------
-----------------------------------------
| rollout/                |             |
|    ep_len_mean          | 115         |
|    ep_rew_mean          | 51.3        |
|    success_rate         | 0           |
| time/                   |             |
|    fps                  | 1883        |
|    iterations           | 70          |
|    time_elapsed         | 38          |
|    total_timesteps      | 874496      |
| train/                  |             |
|    approx_kl            | 0.029489052 |
|    clip_fraction        | 0.263       |
|    clip_range           | 0.2         |
|    entropy_loss         | -15.9       |
|    explained_variance   | 0.847       |
|    learning_rate        | 0.0003      |
|    loss                 | 18.4        |
|    n_updates            | 8530        |
|    policy_gradient_loss | -0.0496     |
|    std                  | 1.65        |
|    value_loss           | 90.9        |
-----------------------------------------
-----------------------------------------
| rollout/                |             |
|    ep_len_mean          | 116         |
|    ep_rew_mean          | 53.8        |
|    success_rate         | 0           |
| time/                   |             |
|    fps                  | 1883        |
|    iterations           | 71          |
|    time_elapsed         | 38          |
|    total_timesteps      | 875520      |
| train/                  |             |
|    approx_kl            | 0.031741876 |
|    clip_fraction        | 0.273       |
|    clip_range           | 0.2         |
|    entropy_loss         | -15.9       |
|    explained_variance   | 0.377       |
|    learning_rate        | 0.0003      |
|    loss                 | 16.4        |
|    n_updates            | 8540        |
|    policy_gradient_loss | -0.052      |
|    std                  | 1.65        |
|    value_loss           | 73.9        |
-----------------------------------------
-----------------------------------------
| rollout/                |             |
|    ep_len_mean          | 117         |
|    ep_rew_mean          | 56.3        |
|    success_rate         | 0           |
| time/                   |             |
|    fps                  | 1882        |
|    iterations           | 72          |
|    time_elapsed         | 39          |
|    total_timesteps      | 876544      |
| train/                  |             |
|    approx_kl            | 0.036250614 |
|    clip_fraction        | 0.335       |
|    clip_range           | 0.2         |
|    entropy_loss         | -15.9       |
|    explained_variance   | 0.584       |
|    learning_rate        | 0.0003      |
|    loss                 | 22.5        |
|    n_updates            | 8550        |
|    policy_gradient_loss | -0.0515     |
|    std                  | 1.65        |
|    value_loss           | 64.8        |
-----------------------------------------
----------------------------------------
| rollout/                |            |
|    ep_len_mean          | 112        |
|    ep_rew_mean          | 58.2       |
|    success_rate         | 0          |
| time/                   |            |
|    fps                  | 1882       |
|    iterations           | 73         |
|    time_elapsed         | 39         |
|    total_timesteps      | 877568     |
| train/                  |            |
|    approx_kl            | 0.09191247 |
|    clip_fraction        | 0.436      |
|    clip_range           | 0.2        |
|    entropy_loss         | -15.9      |
|    explained_variance   | 0.426      |
|    learning_rate        | 0.0003     |
|    loss                 | 13.8       |
|    n_updates            | 8560       |
|    policy_gradient_loss | -0.0351    |
|    std                  | 1.65       |
|    value_loss           | 51.9       |
----------------------------------------
----------------------------------------
| rollout/                |            |
|    ep_len_mean          | 109        |
|    ep_rew_mean          | 59.6       |
|    success_rate         | 0          |
| time/                   |            |
|    fps                  | 1882       |
|    iterations           | 74         |
|    time_elapsed         | 40         |
|    total_timesteps      | 878592     |
| train/                  |            |
|    approx_kl            | 0.03599069 |
|    clip_fraction        | 0.337      |
|    clip_range           | 0.2        |
|    entropy_loss         | -15.9      |
|    explained_variance   | 0.628      |
|    learning_rate        | 0.0003     |
|    loss                 | 45.7       |
|    n_updates            | 8570       |
|    policy_gradient_loss | -0.0487    |
|    std                  | 1.66       |
|    value_loss           | 126        |
----------------------------------------
----------------------------------------
| rollout/                |            |
|    ep_len_mean          | 96.2       |
|    ep_rew_mean          | 48         |
|    success_rate         | 0          |
| time/                   |            |
|    fps                  | 1882       |
|    iterations           | 75         |
|    time_elapsed         | 40         |
|    total_timesteps      | 879616     |
| train/                  |            |
|    approx_kl            | 0.03343635 |
|    clip_fraction        | 0.31       |
|    clip_range           | 0.2        |
|    entropy_loss         | -15.9      |
|    explained_variance   | 0.812      |
|    learning_rate        | 0.0003     |
|    loss                 | 17.1       |
|    n_updates            | 8580       |
|    policy_gradient_loss | -0.0542    |
|    std                  | 1.65       |
|    value_loss           | 84.9       |
----------------------------------------
WARNING: Nan, Inf or huge value in QACC at DOF 12. The simulation is unstable. Time = 0.0320.

----------------------------------------
| rollout/                |            |
|    ep_len_mean          | 95.8       |
|    ep_rew_mean          | 49.5       |
|    success_rate         | 0          |
| time/                   |            |
|    fps                  | 1883       |
|    iterations           | 76         |
|    time_elapsed         | 41         |
|    total_timesteps      | 880640     |
| train/                  |            |
|    approx_kl            | 0.06980871 |
|    clip_fraction        | 0.383      |
|    clip_range           | 0.2        |
|    entropy_loss         | -15.9      |
|    explained_variance   | 0.749      |
|    learning_rate        | 0.0003     |
|    loss                 | 27.8       |
|    n_updates            | 8590       |
|    policy_gradient_loss | -0.0414    |
|    std                  | 1.66       |
|    value_loss           | 54.4       |
----------------------------------------
-----------------------------------------
| rollout/                |             |
|    ep_len_mean          | 101         |
|    ep_rew_mean          | 55.5        |
|    success_rate         | 0           |
| time/                   |             |
|    fps                  | 1883        |
|    iterations           | 77          |
|    time_elapsed         | 41          |
|    total_timesteps      | 881664      |
| train/                  |             |
|    approx_kl            | 0.038173597 |
|    clip_fraction        | 0.337       |
|    clip_range           | 0.2         |
|    entropy_loss         | -15.9       |
|    explained_variance   | 0.579       |
|    learning_rate        | 0.0003      |
|    loss                 | 25.5        |
|    n_updates            | 8600        |
|    policy_gradient_loss | -0.042      |
|    std                  | 1.66        |
|    value_loss           | 71.5        |
-----------------------------------------
--------------------------------------
| rollout/                |          |
|    ep_len_mean          | 107      |
|    ep_rew_mean          | 61.6     |
|    success_rate         | 0        |
| time/                   |          |
|    fps                  | 1884     |
|    iterations           | 78       |
|    time_elapsed         | 42       |
|    total_timesteps      | 882688   |
| train/                  |          |
|    approx_kl            | 0.374238 |
|    clip_fraction        | 0.407    |
|    clip_range           | 0.2      |
|    entropy_loss         | -15.9    |
|    explained_variance   | 0.889    |
|    learning_rate        | 0.0003   |
|    loss                 | 16.4     |
|    n_updates            | 8610     |
|    policy_gradient_loss | -0.0139  |
|    std                  | 1.67     |
|    value_loss           | 26.1     |
--------------------------------------
WARNING: Nan, Inf or huge value in QACC at DOF 12. The simulation is unstable. Time = 0.0300.

----------------------------------------
| rollout/                |            |
|    ep_len_mean          | 102        |
|    ep_rew_mean          | 56         |
|    success_rate         | 0          |
| time/                   |            |
|    fps                  | 1884       |
|    iterations           | 79         |
|    time_elapsed         | 42         |
|    total_timesteps      | 883712     |
| train/                  |            |
|    approx_kl            | 0.16865778 |
|    clip_fraction        | 0.644      |
|    clip_range           | 0.2        |
|    entropy_loss         | -16        |
|    explained_variance   | 0.311      |
|    learning_rate        | 0.0003     |
|    loss                 | 41.6       |
|    n_updates            | 8620       |
|    policy_gradient_loss | 0.0493     |
|    std                  | 1.68       |
|    value_loss           | 100        |
----------------------------------------
-----------------------------------------
| rollout/                |             |
|    ep_len_mean          | 90          |
|    ep_rew_mean          | 48.8        |
|    success_rate         | 0           |
| time/                   |             |
|    fps                  | 1884        |
|    iterations           | 80          |
|    time_elapsed         | 43          |
|    total_timesteps      | 884736      |
| train/                  |             |
|    approx_kl            | 0.029103754 |
|    clip_fraction        | 0.296       |
|    clip_range           | 0.2         |
|    entropy_loss         | -16         |
|    explained_variance   | 0.423       |
|    learning_rate        | 0.0003      |
|    loss                 | 80.7        |
|    n_updates            | 8630        |
|    policy_gradient_loss | -0.0499     |
|    std                  | 1.68        |
|    value_loss           | 168         |
-----------------------------------------
-----------------------------------------
| rollout/                |             |
|    ep_len_mean          | 87.2        |
|    ep_rew_mean          | 44          |
|    success_rate         | 0           |
| time/                   |             |
|    fps                  | 1885        |
|    iterations           | 81          |
|    time_elapsed         | 44          |
|    total_timesteps      | 885760      |
| train/                  |             |
|    approx_kl            | 0.020507306 |
|    clip_fraction        | 0.24        |
|    clip_range           | 0.2         |
|    entropy_loss         | -16         |
|    explained_variance   | 0.57        |
|    learning_rate        | 0.0003      |
|    loss                 | 75.1        |
|    n_updates            | 8640        |
|    policy_gradient_loss | -0.0521     |
|    std                  | 1.68        |
|    value_loss           | 190         |
-----------------------------------------
WARNING: Nan, Inf or huge value in QACC at DOF 12. The simulation is unstable. Time = 0.0320.

WARNING: Nan, Inf or huge value in QACC at DOF 12. The simulation is unstable. Time = 0.0300.

-----------------------------------------
| rollout/                |             |
|    ep_len_mean          | 70.9        |
|    ep_rew_mean          | 31.4        |
|    success_rate         | 0           |
| time/                   |             |
|    fps                  | 1881        |
|    iterations           | 82          |
|    time_elapsed         | 44          |
|    total_timesteps      | 886784      |
| train/                  |             |
|    approx_kl            | 0.027814548 |
|    clip_fraction        | 0.248       |
|    clip_range           | 0.2         |
|    entropy_loss         | -16         |
|    explained_variance   | 0.672       |
|    learning_rate        | 0.0003      |
|    loss                 | 29.2        |
|    n_updates            | 8650        |
|    policy_gradient_loss | -0.0586     |
|    std                  | 1.68        |
|    value_loss           | 102         |
-----------------------------------------
WARNING: Nan, Inf or huge value in QACC at DOF 12. The simulation is unstable. Time = 0.0340.

----------------------------------------
| rollout/                |            |
|    ep_len_mean          | 72.8       |
|    ep_rew_mean          | 26.7       |
|    success_rate         | 0          |
| time/                   |            |
|    fps                  | 1874       |
|    iterations           | 83         |
|    time_elapsed         | 45         |
|    total_timesteps      | 887808     |
| train/                  |            |
|    approx_kl            | 0.03246279 |
|    clip_fraction        | 0.325      |
|    clip_range           | 0.2        |
|    entropy_loss         | -16        |
|    explained_variance   | 0.632      |
|    learning_rate        | 0.0003     |
|    loss                 | 54.2       |
|    n_updates            | 8660       |
|    policy_gradient_loss | -0.0654    |
|    std                  | 1.68       |
|    value_loss           | 96.9       |
----------------------------------------
-----------------------------------------
| rollout/                |             |
|    ep_len_mean          | 61          |
|    ep_rew_mean          | 16.1        |
|    success_rate         | 0           |
| time/                   |             |
|    fps                  | 1872        |
|    iterations           | 84          |
|    time_elapsed         | 45          |
|    total_timesteps      | 888832      |
| train/                  |             |
|    approx_kl            | 0.032582175 |
|    clip_fraction        | 0.292       |
|    clip_range           | 0.2         |
|    entropy_loss         | -16         |
|    explained_variance   | 0.721       |
|    learning_rate        | 0.0003      |
|    loss                 | 30.2        |
|    n_updates            | 8670        |
|    policy_gradient_loss | -0.0604     |
|    std                  | 1.68        |
|    value_loss           | 108         |
-----------------------------------------
----------------------------------------
| rollout/                |            |
|    ep_len_mean          | 66.5       |
|    ep_rew_mean          | 24.2       |
|    success_rate         | 0          |
| time/                   |            |
|    fps                  | 1873       |
|    iterations           | 85         |
|    time_elapsed         | 46         |
|    total_timesteps      | 889856     |
| train/                  |            |
|    approx_kl            | 0.03625287 |
|    clip_fraction        | 0.322      |
|    clip_range           | 0.2        |
|    entropy_loss         | -16        |
|    explained_variance   | 0.514      |
|    learning_rate        | 0.0003     |
|    loss                 | 12.9       |
|    n_updates            | 8680       |
|    policy_gradient_loss | -0.0493    |
|    std                  | 1.68       |
|    value_loss           | 54.7       |
----------------------------------------
WARNING: Nan, Inf or huge value in QACC at DOF 12. The simulation is unstable. Time = 0.0320.

-----------------------------------------
| rollout/                |             |
|    ep_len_mean          | 72.2        |
|    ep_rew_mean          | 27.8        |
|    success_rate         | 0           |
| time/                   |             |
|    fps                  | 1873        |
|    iterations           | 86          |
|    time_elapsed         | 46          |
|    total_timesteps      | 890880      |
| train/                  |             |
|    approx_kl            | 0.039800994 |
|    clip_fraction        | 0.337       |
|    clip_range           | 0.2         |
|    entropy_loss         | -16         |
|    explained_variance   | 0.481       |
|    learning_rate        | 0.0003      |
|    loss                 | 8.5         |
|    n_updates            | 8690        |
|    policy_gradient_loss | -0.0396     |
|    std                  | 1.68        |
|    value_loss           | 58.4        |
-----------------------------------------
WARNING: Nan, Inf or huge value in QACC at DOF 12. The simulation is unstable. Time = 0.0320.

WARNING: Nan, Inf or huge value in QACC at DOF 12. The simulation is unstable. Time = 0.0340.

WARNING: Nan, Inf or huge value in QACC at DOF 12. The simulation is unstable. Time = 0.0320.

-----------------------------------------
| rollout/                |             |
|    ep_len_mean          | 71.9        |
|    ep_rew_mean          | 22.4        |
|    success_rate         | 0           |
| time/                   |             |
|    fps                  | 1874        |
|    iterations           | 87          |
|    time_elapsed         | 47          |
|    total_timesteps      | 891904      |
| train/                  |             |
|    approx_kl            | 0.040896673 |
|    clip_fraction        | 0.308       |
|    clip_range           | 0.2         |
|    entropy_loss         | -16         |
|    explained_variance   | 0.813       |
|    learning_rate        | 0.0003      |
|    loss                 | 12.9        |
|    n_updates            | 8700        |
|    policy_gradient_loss | -0.0452     |
|    std                  | 1.68        |
|    value_loss           | 64.3        |
-----------------------------------------
-----------------------------------------
| rollout/                |             |
|    ep_len_mean          | 69.5        |
|    ep_rew_mean          | 20.5        |
|    success_rate         | 0           |
| time/                   |             |
|    fps                  | 1874        |
|    iterations           | 88          |
|    time_elapsed         | 48          |
|    total_timesteps      | 892928      |
| train/                  |             |
|    approx_kl            | 0.024809148 |
|    clip_fraction        | 0.269       |
|    clip_range           | 0.2         |
|    entropy_loss         | -16         |
|    explained_variance   | 0.726       |
|    learning_rate        | 0.0003      |
|    loss                 | 74.6        |
|    n_updates            | 8710        |
|    policy_gradient_loss | -0.0517     |
|    std                  | 1.68        |
|    value_loss           | 243         |
-----------------------------------------
----------------------------------------
| rollout/                |            |
|    ep_len_mean          | 75.8       |
|    ep_rew_mean          | 21.7       |
|    success_rate         | 0          |
| time/                   |            |
|    fps                  | 1875       |
|    iterations           | 89         |
|    time_elapsed         | 48         |
|    total_timesteps      | 893952     |
| train/                  |            |
|    approx_kl            | 0.04016725 |
|    clip_fraction        | 0.313      |
|    clip_range           | 0.2        |
|    entropy_loss         | -16        |
|    explained_variance   | 0.659      |
|    learning_rate        | 0.0003     |
|    loss                 | 24         |
|    n_updates            | 8720       |
|    policy_gradient_loss | -0.0582    |
|    std                  | 1.68       |
|    value_loss           | 71.3       |
----------------------------------------
----------------------------------------
| rollout/                |            |
|    ep_len_mean          | 83.9       |
|    ep_rew_mean          | 30.4       |
|    success_rate         | 0          |
| time/                   |            |
|    fps                  | 1875       |
|    iterations           | 90         |
|    time_elapsed         | 49         |
|    total_timesteps      | 894976     |
| train/                  |            |
|    approx_kl            | 0.03533861 |
|    clip_fraction        | 0.27       |
|    clip_range           | 0.2        |
|    entropy_loss         | -16        |
|    explained_variance   | 0.8        |
|    learning_rate        | 0.0003     |
|    loss                 | 11.8       |
|    n_updates            | 8730       |
|    policy_gradient_loss | -0.0499    |
|    std                  | 1.69       |
|    value_loss           | 64.4       |
----------------------------------------
-----------------------------------------
| rollout/                |             |
|    ep_len_mean          | 82.5        |
|    ep_rew_mean          | 33.2        |
|    success_rate         | 0           |
| time/                   |             |
|    fps                  | 1876        |
|    iterations           | 91          |
|    time_elapsed         | 49          |
|    total_timesteps      | 896000      |
| train/                  |             |
|    approx_kl            | 0.037174143 |
|    clip_fraction        | 0.303       |
|    clip_range           | 0.2         |
|    entropy_loss         | -16         |
|    explained_variance   | 0.744       |
|    learning_rate        | 0.0003      |
|    loss                 | 15.4        |
|    n_updates            | 8740        |
|    policy_gradient_loss | -0.052      |
|    std                  | 1.69        |
|    value_loss           | 53.2        |
-----------------------------------------
----------------------------------------
| rollout/                |            |
|    ep_len_mean          | 86.2       |
|    ep_rew_mean          | 36.6       |
|    success_rate         | 0          |
| time/                   |            |
|    fps                  | 1876       |
|    iterations           | 92         |
|    time_elapsed         | 50         |
|    total_timesteps      | 897024     |
| train/                  |            |
|    approx_kl            | 0.03371923 |
|    clip_fraction        | 0.325      |
|    clip_range           | 0.2        |
|    entropy_loss         | -16        |
|    explained_variance   | 0.75       |
|    learning_rate        | 0.0003     |
|    loss                 | 19.2       |
|    n_updates            | 8750       |
|    policy_gradient_loss | -0.0525    |
|    std                  | 1.69       |
|    value_loss           | 63.4       |
----------------------------------------
-----------------------------------------
| rollout/                |             |
|    ep_len_mean          | 89.7        |
|    ep_rew_mean          | 38.4        |
|    success_rate         | 0           |
| time/                   |             |
|    fps                  | 1877        |
|    iterations           | 93          |
|    time_elapsed         | 50          |
|    total_timesteps      | 898048      |
| train/                  |             |
|    approx_kl            | 0.026014742 |
|    clip_fraction        | 0.288       |
|    clip_range           | 0.2         |
|    entropy_loss         | -16         |
|    explained_variance   | 0.527       |
|    learning_rate        | 0.0003      |
|    loss                 | 35.4        |
|    n_updates            | 8760        |
|    policy_gradient_loss | -0.0506     |
|    std                  | 1.69        |
|    value_loss           | 134         |
-----------------------------------------
----------------------------------------
| rollout/                |            |
|    ep_len_mean          | 91.8       |
|    ep_rew_mean          | 37.7       |
|    success_rate         | 0          |
| time/                   |            |
|    fps                  | 1877       |
|    iterations           | 94         |
|    time_elapsed         | 51         |
|    total_timesteps      | 899072     |
| train/                  |            |
|    approx_kl            | 0.09069757 |
|    clip_fraction        | 0.4        |
|    clip_range           | 0.2        |
|    entropy_loss         | -16        |
|    explained_variance   | 0.65       |
|    learning_rate        | 0.0003     |
|    loss                 | 5.99       |
|    n_updates            | 8770       |
|    policy_gradient_loss | -0.0406    |
|    std                  | 1.7        |
|    value_loss           | 25.7       |
----------------------------------------
WARNING: Nan, Inf or huge value in QACC at DOF 12. The simulation is unstable. Time = 0.0300.

----------------------------------------
| rollout/                |            |
|    ep_len_mean          | 84.3       |
|    ep_rew_mean          | 41.9       |
|    success_rate         | 0          |
| time/                   |            |
|    fps                  | 1878       |
|    iterations           | 95         |
|    time_elapsed         | 51         |
|    total_timesteps      | 900096     |
| train/                  |            |
|    approx_kl            | 0.07613187 |
|    clip_fraction        | 0.413      |
|    clip_range           | 0.2        |
|    entropy_loss         | -16.1      |
|    explained_variance   | 0.747      |
|    learning_rate        | 0.0003     |
|    loss                 | 13.9       |
|    n_updates            | 8780       |
|    policy_gradient_loss | -0.0354    |
|    std                  | 1.7        |
|    value_loss           | 31.2       |
----------------------------------------
-----------------------------------------
| rollout/                |             |
|    ep_len_mean          | 91.3        |
|    ep_rew_mean          | 49.5        |
|    success_rate         | 0           |
| time/                   |             |
|    fps                  | 1878        |
|    iterations           | 96          |
|    time_elapsed         | 52          |
|    total_timesteps      | 901120      |
| train/                  |             |
|    approx_kl            | 0.025969896 |
|    clip_fraction        | 0.35        |
|    clip_range           | 0.2         |
|    entropy_loss         | -16.1       |
|    explained_variance   | 0.673       |
|    learning_rate        | 0.0003      |
|    loss                 | 62.7        |
|    n_updates            | 8790        |
|    policy_gradient_loss | -0.0415     |
|    std                  | 1.7         |
|    value_loss           | 135         |
-----------------------------------------
----------------------------------------
| rollout/                |            |
|    ep_len_mean          | 82.4       |
|    ep_rew_mean          | 49.6       |
|    success_rate         | 0          |
| time/                   |            |
|    fps                  | 1878       |
|    iterations           | 97         |
|    time_elapsed         | 52         |
|    total_timesteps      | 902144     |
| train/                  |            |
|    approx_kl            | 0.08572568 |
|    clip_fraction        | 0.376      |
|    clip_range           | 0.2        |
|    entropy_loss         | -16.1      |
|    explained_variance   | 0.652      |
|    learning_rate        | 0.0003     |
|    loss                 | 7.05       |
|    n_updates            | 8800       |
|    policy_gradient_loss | -0.0428    |
|    std                  | 1.71       |
|    value_loss           | 30.5       |
----------------------------------------
-----------------------------------------
| rollout/                |             |
|    ep_len_mean          | 72.9        |
|    ep_rew_mean          | 40.9        |
|    success_rate         | 0           |
| time/                   |             |
|    fps                  | 1878        |
|    iterations           | 98          |
|    time_elapsed         | 53          |
|    total_timesteps      | 903168      |
| train/                  |             |
|    approx_kl            | 0.038283154 |
|    clip_fraction        | 0.36        |
|    clip_range           | 0.2         |
|    entropy_loss         | -16.1       |
|    explained_variance   | 0.478       |
|    learning_rate        | 0.0003      |
|    loss                 | 27          |
|    n_updates            | 8810        |
|    policy_gradient_loss | -0.0461     |
|    std                  | 1.71        |
|    value_loss           | 115         |
-----------------------------------------
WARNING: Nan, Inf or huge value in QACC at DOF 12. The simulation is unstable. Time = 0.0320.

WARNING: Nan, Inf or huge value in QACC at DOF 12. The simulation is unstable. Time = 0.0320.

-----------------------------------------
| rollout/                |             |
|    ep_len_mean          | 69.9        |
|    ep_rew_mean          | 39.1        |
|    success_rate         | 0           |
| time/                   |             |
|    fps                  | 1878        |
|    iterations           | 99          |
|    time_elapsed         | 53          |
|    total_timesteps      | 904192      |
| train/                  |             |
|    approx_kl            | 0.023342721 |
|    clip_fraction        | 0.254       |
|    clip_range           | 0.2         |
|    entropy_loss         | -16.1       |
|    explained_variance   | 0.739       |
|    learning_rate        | 0.0003      |
|    loss                 | 104         |
|    n_updates            | 8820        |
|    policy_gradient_loss | -0.0529     |
|    std                  | 1.71        |
|    value_loss           | 272         |
-----------------------------------------
-----------------------------------------
| rollout/                |             |
|    ep_len_mean          | 60          |
|    ep_rew_mean          | 27.1        |
|    success_rate         | 0           |
| time/                   |             |
|    fps                  | 1879        |
|    iterations           | 100         |
|    time_elapsed         | 54          |
|    total_timesteps      | 905216      |
| train/                  |             |
|    approx_kl            | 0.028790776 |
|    clip_fraction        | 0.244       |
|    clip_range           | 0.2         |
|    entropy_loss         | -16.1       |
|    explained_variance   | 0.702       |
|    learning_rate        | 0.0003      |
|    loss                 | 45.2        |
|    n_updates            | 8830        |
|    policy_gradient_loss | -0.055      |
|    std                  | 1.71        |
|    value_loss           | 135         |
-----------------------------------------
----------------------------------------
| rollout/                |            |
|    ep_len_mean          | 67.5       |
|    ep_rew_mean          | 31.8       |
|    success_rate         | 0          |
| time/                   |            |
|    fps                  | 1879       |
|    iterations           | 101        |
|    time_elapsed         | 55         |
|    total_timesteps      | 906240     |
| train/                  |            |
|    approx_kl            | 0.03601094 |
|    clip_fraction        | 0.31       |
|    clip_range           | 0.2        |
|    entropy_loss         | -16.1      |
|    explained_variance   | 0.696      |
|    learning_rate        | 0.0003     |
|    loss                 | 20.8       |
|    n_updates            | 8840       |
|    policy_gradient_loss | -0.0607    |
|    std                  | 1.71       |
|    value_loss           | 83.5       |
----------------------------------------
WARNING: Nan, Inf or huge value in QACC at DOF 12. The simulation is unstable. Time = 0.0320.

WARNING: Nan, Inf or huge value in QACC at DOF 12. The simulation is unstable. Time = 0.0340.

-----------------------------------------
| rollout/                |             |
|    ep_len_mean          | 57.5        |
|    ep_rew_mean          | 20.7        |
|    success_rate         | 0           |
| time/                   |             |
|    fps                  | 1878        |
|    iterations           | 102         |
|    time_elapsed         | 55          |
|    total_timesteps      | 907264      |
| train/                  |             |
|    approx_kl            | 0.028363276 |
|    clip_fraction        | 0.264       |
|    clip_range           | 0.2         |
|    entropy_loss         | -16.1       |
|    explained_variance   | 0.661       |
|    learning_rate        | 0.0003      |
|    loss                 | 22.4        |
|    n_updates            | 8850        |
|    policy_gradient_loss | -0.0526     |
|    std                  | 1.71        |
|    value_loss           | 99.3        |
-----------------------------------------
WARNING: Nan, Inf or huge value in QACC at DOF 12. The simulation is unstable. Time = 0.0340.

-----------------------------------------
| rollout/                |             |
|    ep_len_mean          | 60          |
|    ep_rew_mean          | 20          |
|    success_rate         | 0           |
| time/                   |             |
|    fps                  | 1879        |
|    iterations           | 103         |
|    time_elapsed         | 56          |
|    total_timesteps      | 908288      |
| train/                  |             |
|    approx_kl            | 0.034827046 |
|    clip_fraction        | 0.306       |
|    clip_range           | 0.2         |
|    entropy_loss         | -16.1       |
|    explained_variance   | 0.8         |
|    learning_rate        | 0.0003      |
|    loss                 | 34.2        |
|    n_updates            | 8860        |
|    policy_gradient_loss | -0.0548     |
|    std                  | 1.71        |
|    value_loss           | 97.9        |
-----------------------------------------
WARNING: Nan, Inf or huge value in QACC at DOF 12. The simulation is unstable. Time = 0.0320.

-----------------------------------------
| rollout/                |             |
|    ep_len_mean          | 67.9        |
|    ep_rew_mean          | 23          |
|    success_rate         | 0           |
| time/                   |             |
|    fps                  | 1879        |
|    iterations           | 104         |
|    time_elapsed         | 56          |
|    total_timesteps      | 909312      |
| train/                  |             |
|    approx_kl            | 0.037722226 |
|    clip_fraction        | 0.317       |
|    clip_range           | 0.2         |
|    entropy_loss         | -16.1       |
|    explained_variance   | 0.647       |
|    learning_rate        | 0.0003      |
|    loss                 | 33.2        |
|    n_updates            | 8870        |
|    policy_gradient_loss | -0.0545     |
|    std                  | 1.71        |
|    value_loss           | 78.6        |
-----------------------------------------
WARNING: Nan, Inf or huge value in QACC at DOF 12. The simulation is unstable. Time = 0.0320.

---------------------------------------
| rollout/                |           |
|    ep_len_mean          | 64.8      |
|    ep_rew_mean          | 21.1      |
|    success_rate         | 0         |
| time/                   |           |
|    fps                  | 1879      |
|    iterations           | 105       |
|    time_elapsed         | 57        |
|    total_timesteps      | 910336    |
| train/                  |           |
|    approx_kl            | 0.0307354 |
|    clip_fraction        | 0.275     |
|    clip_range           | 0.2       |
|    entropy_loss         | -16.1     |
|    explained_variance   | 0.782     |
|    learning_rate        | 0.0003    |
|    loss                 | 42.6      |
|    n_updates            | 8880      |
|    policy_gradient_loss | -0.0575   |
|    std                  | 1.71      |
|    value_loss           | 159       |
---------------------------------------
WARNING: Nan, Inf or huge value in QACC at DOF 12. The simulation is unstable. Time = 0.0340.

WARNING: Nan, Inf or huge value in QACC at DOF 12. The simulation is unstable. Time = 0.0320.

----------------------------------------
| rollout/                |            |
|    ep_len_mean          | 58.8       |
|    ep_rew_mean          | 18.3       |
|    success_rate         | 0          |
| time/                   |            |
|    fps                  | 1879       |
|    iterations           | 106        |
|    time_elapsed         | 57         |
|    total_timesteps      | 911360     |
| train/                  |            |
|    approx_kl            | 0.02665383 |
|    clip_fraction        | 0.273      |
|    clip_range           | 0.2        |
|    entropy_loss         | -16.1      |
|    explained_variance   | 0.421      |
|    learning_rate        | 0.0003     |
|    loss                 | 56         |
|    n_updates            | 8890       |
|    policy_gradient_loss | -0.0536    |
|    std                  | 1.71       |
|    value_loss           | 170        |
----------------------------------------
-----------------------------------------
| rollout/                |             |
|    ep_len_mean          | 61.1        |
|    ep_rew_mean          | 21.1        |
|    success_rate         | 0           |
| time/                   |             |
|    fps                  | 1879        |
|    iterations           | 107         |
|    time_elapsed         | 58          |
|    total_timesteps      | 912384      |
| train/                  |             |
|    approx_kl            | 0.032654755 |
|    clip_fraction        | 0.315       |
|    clip_range           | 0.2         |
|    entropy_loss         | -16.1       |
|    explained_variance   | 0.811       |
|    learning_rate        | 0.0003      |
|    loss                 | 33.8        |
|    n_updates            | 8900        |
|    policy_gradient_loss | -0.0587     |
|    std                  | 1.71        |
|    value_loss           | 109         |
-----------------------------------------
-----------------------------------------
| rollout/                |             |
|    ep_len_mean          | 66.2        |
|    ep_rew_mean          | 28          |
|    success_rate         | 0           |
| time/                   |             |
|    fps                  | 1879        |
|    iterations           | 108         |
|    time_elapsed         | 58          |
|    total_timesteps      | 913408      |
| train/                  |             |
|    approx_kl            | 0.044541426 |
|    clip_fraction        | 0.303       |
|    clip_range           | 0.2         |
|    entropy_loss         | -16.1       |
|    explained_variance   | 0.715       |
|    learning_rate        | 0.0003      |
|    loss                 | 15.2        |
|    n_updates            | 8910        |
|    policy_gradient_loss | -0.0497     |
|    std                  | 1.71        |
|    value_loss           | 64.6        |
-----------------------------------------
-----------------------------------------
| rollout/                |             |
|    ep_len_mean          | 67          |
|    ep_rew_mean          | 24.6        |
|    success_rate         | 0           |
| time/                   |             |
|    fps                  | 1880        |
|    iterations           | 109         |
|    time_elapsed         | 59          |
|    total_timesteps      | 914432      |
| train/                  |             |
|    approx_kl            | 0.046204135 |
|    clip_fraction        | 0.345       |
|    clip_range           | 0.2         |
|    entropy_loss         | -16.1       |
|    explained_variance   | 0.552       |
|    learning_rate        | 0.0003      |
|    loss                 | 13.9        |
|    n_updates            | 8920        |
|    policy_gradient_loss | -0.0437     |
|    std                  | 1.71        |
|    value_loss           | 61.3        |
-----------------------------------------
----------------------------------------
| rollout/                |            |
|    ep_len_mean          | 60.5       |
|    ep_rew_mean          | 25.3       |
|    success_rate         | 0          |
| time/                   |            |
|    fps                  | 1879       |
|    iterations           | 110        |
|    time_elapsed         | 59         |
|    total_timesteps      | 915456     |
| train/                  |            |
|    approx_kl            | 0.02149441 |
|    clip_fraction        | 0.228      |
|    clip_range           | 0.2        |
|    entropy_loss         | -16.1      |
|    explained_variance   | 0.7        |
|    learning_rate        | 0.0003     |
|    loss                 | 90.7       |
|    n_updates            | 8930       |
|    policy_gradient_loss | -0.0481    |
|    std                  | 1.72       |
|    value_loss           | 274        |
----------------------------------------
----------------------------------------
| rollout/                |            |
|    ep_len_mean          | 64.6       |
|    ep_rew_mean          | 27.8       |
|    success_rate         | 0          |
| time/                   |            |
|    fps                  | 1880       |
|    iterations           | 111        |
|    time_elapsed         | 60         |
|    total_timesteps      | 916480     |
| train/                  |            |
|    approx_kl            | 0.02828893 |
|    clip_fraction        | 0.276      |
|    clip_range           | 0.2        |
|    entropy_loss         | -16.1      |
|    explained_variance   | 0.843      |
|    learning_rate        | 0.0003     |
|    loss                 | 60.9       |
|    n_updates            | 8940       |
|    policy_gradient_loss | -0.0563    |
|    std                  | 1.72       |
|    value_loss           | 178        |
----------------------------------------
-----------------------------------------
| rollout/                |             |
|    ep_len_mean          | 69.3        |
|    ep_rew_mean          | 31.6        |
|    success_rate         | 0           |
| time/                   |             |
|    fps                  | 1880        |
|    iterations           | 112         |
|    time_elapsed         | 60          |
|    total_timesteps      | 917504      |
| train/                  |             |
|    approx_kl            | 0.031509034 |
|    clip_fraction        | 0.25        |
|    clip_range           | 0.2         |
|    entropy_loss         | -16.1       |
|    explained_variance   | 0.741       |
|    learning_rate        | 0.0003      |
|    loss                 | 16.3        |
|    n_updates            | 8950        |
|    policy_gradient_loss | -0.045      |
|    std                  | 1.72        |
|    value_loss           | 69.4        |
-----------------------------------------
-----------------------------------------
| rollout/                |             |
|    ep_len_mean          | 78.7        |
|    ep_rew_mean          | 38.8        |
|    success_rate         | 0           |
| time/                   |             |
|    fps                  | 1880        |
|    iterations           | 113         |
|    time_elapsed         | 61          |
|    total_timesteps      | 918528      |
| train/                  |             |
|    approx_kl            | 0.036513843 |
|    clip_fraction        | 0.309       |
|    clip_range           | 0.2         |
|    entropy_loss         | -16.1       |
|    explained_variance   | 0.791       |
|    learning_rate        | 0.0003      |
|    loss                 | 30.2        |
|    n_updates            | 8960        |
|    policy_gradient_loss | -0.0574     |
|    std                  | 1.72        |
|    value_loss           | 103         |
-----------------------------------------
-----------------------------------------
| rollout/                |             |
|    ep_len_mean          | 80.9        |
|    ep_rew_mean          | 39.7        |
|    success_rate         | 0           |
| time/                   |             |
|    fps                  | 1875        |
|    iterations           | 114         |
|    time_elapsed         | 62          |
|    total_timesteps      | 919552      |
| train/                  |             |
|    approx_kl            | 0.042392306 |
|    clip_fraction        | 0.362       |
|    clip_range           | 0.2         |
|    entropy_loss         | -16.1       |
|    explained_variance   | 0.744       |
|    learning_rate        | 0.0003      |
|    loss                 | 8.25        |
|    n_updates            | 8970        |
|    policy_gradient_loss | -0.0454     |
|    std                  | 1.72        |
|    value_loss           | 45.8        |
-----------------------------------------
WARNING: Nan, Inf or huge value in QACC at DOF 12. The simulation is unstable. Time = 0.0320.

-----------------------------------------
| rollout/                |             |
|    ep_len_mean          | 67.9        |
|    ep_rew_mean          | 27.3        |
|    success_rate         | 0           |
| time/                   |             |
|    fps                  | 1873        |
|    iterations           | 115         |
|    time_elapsed         | 62          |
|    total_timesteps      | 920576      |
| train/                  |             |
|    approx_kl            | 0.030597217 |
|    clip_fraction        | 0.292       |
|    clip_range           | 0.2         |
|    entropy_loss         | -16.1       |
|    explained_variance   | 0.593       |
|    learning_rate        | 0.0003      |
|    loss                 | 36.1        |
|    n_updates            | 8980        |
|    policy_gradient_loss | -0.045      |
|    std                  | 1.73        |
|    value_loss           | 120         |
-----------------------------------------
-----------------------------------------
| rollout/                |             |
|    ep_len_mean          | 70.8        |
|    ep_rew_mean          | 30.8        |
|    success_rate         | 0           |
| time/                   |             |
|    fps                  | 1873        |
|    iterations           | 116         |
|    time_elapsed         | 63          |
|    total_timesteps      | 921600      |
| train/                  |             |
|    approx_kl            | 0.043042593 |
|    clip_fraction        | 0.334       |
|    clip_range           | 0.2         |
|    entropy_loss         | -16.1       |
|    explained_variance   | 0.465       |
|    learning_rate        | 0.0003      |
|    loss                 | 36          |
|    n_updates            | 8990        |
|    policy_gradient_loss | -0.0555     |
|    std                  | 1.73        |
|    value_loss           | 99.5        |
-----------------------------------------
-----------------------------------------
| rollout/                |             |
|    ep_len_mean          | 71.7        |
|    ep_rew_mean          | 34          |
|    success_rate         | 0           |
| time/                   |             |
|    fps                  | 1873        |
|    iterations           | 117         |
|    time_elapsed         | 63          |
|    total_timesteps      | 922624      |
| train/                  |             |
|    approx_kl            | 0.055243768 |
|    clip_fraction        | 0.335       |
|    clip_range           | 0.2         |
|    entropy_loss         | -16.1       |
|    explained_variance   | 0.657       |
|    learning_rate        | 0.0003      |
|    loss                 | 20          |
|    n_updates            | 9000        |
|    policy_gradient_loss | -0.0464     |
|    std                  | 1.73        |
|    value_loss           | 73          |
-----------------------------------------
-----------------------------------------
| rollout/                |             |
|    ep_len_mean          | 79          |
|    ep_rew_mean          | 40.1        |
|    success_rate         | 0           |
| time/                   |             |
|    fps                  | 1873        |
|    iterations           | 118         |
|    time_elapsed         | 64          |
|    total_timesteps      | 923648      |
| train/                  |             |
|    approx_kl            | 0.034636598 |
|    clip_fraction        | 0.297       |
|    clip_range           | 0.2         |
|    entropy_loss         | -16.1       |
|    explained_variance   | 0.568       |
|    learning_rate        | 0.0003      |
|    loss                 | 21.7        |
|    n_updates            | 9010        |
|    policy_gradient_loss | -0.0487     |
|    std                  | 1.73        |
|    value_loss           | 114         |
-----------------------------------------
-----------------------------------------
| rollout/                |             |
|    ep_len_mean          | 73.1        |
|    ep_rew_mean          | 36.2        |
|    success_rate         | 0           |
| time/                   |             |
|    fps                  | 1874        |
|    iterations           | 119         |
|    time_elapsed         | 65          |
|    total_timesteps      | 924672      |
| train/                  |             |
|    approx_kl            | 0.036073446 |
|    clip_fraction        | 0.325       |
|    clip_range           | 0.2         |
|    entropy_loss         | -16.1       |
|    explained_variance   | 0.704       |
|    learning_rate        | 0.0003      |
|    loss                 | 18.5        |
|    n_updates            | 9020        |
|    policy_gradient_loss | -0.0479     |
|    std                  | 1.73        |
|    value_loss           | 70.9        |
-----------------------------------------
-----------------------------------------
| rollout/                |             |
|    ep_len_mean          | 71.9        |
|    ep_rew_mean          | 32.8        |
|    success_rate         | 0           |
| time/                   |             |
|    fps                  | 1874        |
|    iterations           | 120         |
|    time_elapsed         | 65          |
|    total_timesteps      | 925696      |
| train/                  |             |
|    approx_kl            | 0.029106019 |
|    clip_fraction        | 0.258       |
|    clip_range           | 0.2         |
|    entropy_loss         | -16.1       |
|    explained_variance   | 0.656       |
|    learning_rate        | 0.0003      |
|    loss                 | 39.6        |
|    n_updates            | 9030        |
|    policy_gradient_loss | -0.0503     |
|    std                  | 1.73        |
|    value_loss           | 147         |
-----------------------------------------
-----------------------------------------
| rollout/                |             |
|    ep_len_mean          | 76.7        |
|    ep_rew_mean          | 35.5        |
|    success_rate         | 0           |
| time/                   |             |
|    fps                  | 1874        |
|    iterations           | 121         |
|    time_elapsed         | 66          |
|    total_timesteps      | 926720      |
| train/                  |             |
|    approx_kl            | 0.038914103 |
|    clip_fraction        | 0.272       |
|    clip_range           | 0.2         |
|    entropy_loss         | -16.1       |
|    explained_variance   | 0.653       |
|    learning_rate        | 0.0003      |
|    loss                 | 9.13        |
|    n_updates            | 9040        |
|    policy_gradient_loss | -0.0484     |
|    std                  | 1.73        |
|    value_loss           | 55.8        |
-----------------------------------------
-----------------------------------------
| rollout/                |             |
|    ep_len_mean          | 78.1        |
|    ep_rew_mean          | 36          |
|    success_rate         | 0           |
| time/                   |             |
|    fps                  | 1874        |
|    iterations           | 122         |
|    time_elapsed         | 66          |
|    total_timesteps      | 927744      |
| train/                  |             |
|    approx_kl            | 0.038920373 |
|    clip_fraction        | 0.352       |
|    clip_range           | 0.2         |
|    entropy_loss         | -16.1       |
|    explained_variance   | 0.774       |
|    learning_rate        | 0.0003      |
|    loss                 | 16.9        |
|    n_updates            | 9050        |
|    policy_gradient_loss | -0.0543     |
|    std                  | 1.73        |
|    value_loss           | 63          |
-----------------------------------------
WARNING: Nan, Inf or huge value in QACC at DOF 12. The simulation is unstable. Time = 0.0320.

WARNING: Nan, Inf or huge value in QACC at DOF 12. The simulation is unstable. Time = 0.0300.

----------------------------------------
| rollout/                |            |
|    ep_len_mean          | 75         |
|    ep_rew_mean          | 34         |
|    success_rate         | 0          |
| time/                   |            |
|    fps                  | 1874       |
|    iterations           | 123        |
|    time_elapsed         | 67         |
|    total_timesteps      | 928768     |
| train/                  |            |
|    approx_kl            | 0.03535904 |
|    clip_fraction        | 0.299      |
|    clip_range           | 0.2        |
|    entropy_loss         | -16.1      |
|    explained_variance   | 0.705      |
|    learning_rate        | 0.0003     |
|    loss                 | 23.8       |
|    n_updates            | 9060       |
|    policy_gradient_loss | -0.0514    |
|    std                  | 1.74       |
|    value_loss           | 64.8       |
----------------------------------------
WARNING: Nan, Inf or huge value in QACC at DOF 12. The simulation is unstable. Time = 0.0320.

----------------------------------------
| rollout/                |            |
|    ep_len_mean          | 77.7       |
|    ep_rew_mean          | 37.6       |
|    success_rate         | 0          |
| time/                   |            |
|    fps                  | 1874       |
|    iterations           | 124        |
|    time_elapsed         | 67         |
|    total_timesteps      | 929792     |
| train/                  |            |
|    approx_kl            | 0.03658496 |
|    clip_fraction        | 0.324      |
|    clip_range           | 0.2        |
|    entropy_loss         | -16.2      |
|    explained_variance   | 0.7        |
|    learning_rate        | 0.0003     |
|    loss                 | 29.1       |
|    n_updates            | 9070       |
|    policy_gradient_loss | -0.0554    |
|    std                  | 1.74       |
|    value_loss           | 95.6       |
----------------------------------------
WARNING: Nan, Inf or huge value in QACC at DOF 12. The simulation is unstable. Time = 0.0320.

WARNING: Nan, Inf or huge value in QACC at DOF 12. The simulation is unstable. Time = 0.0340.

----------------------------------------
| rollout/                |            |
|    ep_len_mean          | 83.2       |
|    ep_rew_mean          | 43         |
|    success_rate         | 0          |
| time/                   |            |
|    fps                  | 1873       |
|    iterations           | 125        |
|    time_elapsed         | 68         |
|    total_timesteps      | 930816     |
| train/                  |            |
|    approx_kl            | 0.04824147 |
|    clip_fraction        | 0.365      |
|    clip_range           | 0.2        |
|    entropy_loss         | -16.2      |
|    explained_variance   | 0.635      |
|    learning_rate        | 0.0003     |
|    loss                 | 20.9       |
|    n_updates            | 9080       |
|    policy_gradient_loss | -0.0412    |
|    std                  | 1.74       |
|    value_loss           | 64.7       |
----------------------------------------
----------------------------------------
| rollout/                |            |
|    ep_len_mean          | 81.7       |
|    ep_rew_mean          | 38.1       |
|    success_rate         | 0          |
| time/                   |            |
|    fps                  | 1873       |
|    iterations           | 126        |
|    time_elapsed         | 68         |
|    total_timesteps      | 931840     |
| train/                  |            |
|    approx_kl            | 0.06543556 |
|    clip_fraction        | 0.368      |
|    clip_range           | 0.2        |
|    entropy_loss         | -16.2      |
|    explained_variance   | 0.895      |
|    learning_rate        | 0.0003     |
|    loss                 | 5.75       |
|    n_updates            | 9090       |
|    policy_gradient_loss | -0.0454    |
|    std                  | 1.75       |
|    value_loss           | 36.9       |
----------------------------------------
----------------------------------------
| rollout/                |            |
|    ep_len_mean          | 89.2       |
|    ep_rew_mean          | 47.3       |
|    success_rate         | 0          |
| time/                   |            |
|    fps                  | 1872       |
|    iterations           | 127        |
|    time_elapsed         | 69         |
|    total_timesteps      | 932864     |
| train/                  |            |
|    approx_kl            | 0.03461542 |
|    clip_fraction        | 0.31       |
|    clip_range           | 0.2        |
|    entropy_loss         | -16.2      |
|    explained_variance   | 0.52       |
|    learning_rate        | 0.0003     |
|    loss                 | 17.2       |
|    n_updates            | 9100       |
|    policy_gradient_loss | -0.0453    |
|    std                  | 1.75       |
|    value_loss           | 112        |
----------------------------------------
WARNING: Nan, Inf or huge value in QACC at DOF 12. The simulation is unstable. Time = 0.0300.

-----------------------------------------
| rollout/                |             |
|    ep_len_mean          | 81.8        |
|    ep_rew_mean          | 42.9        |
|    success_rate         | 0           |
| time/                   |             |
|    fps                  | 1873        |
|    iterations           | 128         |
|    time_elapsed         | 69          |
|    total_timesteps      | 933888      |
| train/                  |             |
|    approx_kl            | 0.034986988 |
|    clip_fraction        | 0.308       |
|    clip_range           | 0.2         |
|    entropy_loss         | -16.2       |
|    explained_variance   | 0.774       |
|    learning_rate        | 0.0003      |
|    loss                 | 22.6        |
|    n_updates            | 9110        |
|    policy_gradient_loss | -0.0479     |
|    std                  | 1.75        |
|    value_loss           | 79.6        |
-----------------------------------------
WARNING: Nan, Inf or huge value in QACC at DOF 12. The simulation is unstable. Time = 0.0300.

WARNING: Nan, Inf or huge value in QACC at DOF 12. The simulation is unstable. Time = 0.0260.

-----------------------------------------
| rollout/                |             |
|    ep_len_mean          | 79.7        |
|    ep_rew_mean          | 40.3        |
|    success_rate         | 0           |
| time/                   |             |
|    fps                  | 1872        |
|    iterations           | 129         |
|    time_elapsed         | 70          |
|    total_timesteps      | 934912      |
| train/                  |             |
|    approx_kl            | 0.032866027 |
|    clip_fraction        | 0.298       |
|    clip_range           | 0.2         |
|    entropy_loss         | -16.2       |
|    explained_variance   | 0.827       |
|    learning_rate        | 0.0003      |
|    loss                 | 24          |
|    n_updates            | 9120        |
|    policy_gradient_loss | -0.0528     |
|    std                  | 1.76        |
|    value_loss           | 94          |
-----------------------------------------
-----------------------------------------
| rollout/                |             |
|    ep_len_mean          | 73.1        |
|    ep_rew_mean          | 37.8        |
|    success_rate         | 0           |
| time/                   |             |
|    fps                  | 1872        |
|    iterations           | 130         |
|    time_elapsed         | 71          |
|    total_timesteps      | 935936      |
| train/                  |             |
|    approx_kl            | 0.027609998 |
|    clip_fraction        | 0.264       |
|    clip_range           | 0.2         |
|    entropy_loss         | -16.2       |
|    explained_variance   | 0.779       |
|    learning_rate        | 0.0003      |
|    loss                 | 45.6        |
|    n_updates            | 9130        |
|    policy_gradient_loss | -0.0518     |
|    std                  | 1.76        |
|    value_loss           | 125         |
-----------------------------------------
-----------------------------------------
| rollout/                |             |
|    ep_len_mean          | 79          |
|    ep_rew_mean          | 43.3        |
|    success_rate         | 0           |
| time/                   |             |
|    fps                  | 1873        |
|    iterations           | 131         |
|    time_elapsed         | 71          |
|    total_timesteps      | 936960      |
| train/                  |             |
|    approx_kl            | 0.052733712 |
|    clip_fraction        | 0.322       |
|    clip_range           | 0.2         |
|    entropy_loss         | -16.2       |
|    explained_variance   | 0.847       |
|    learning_rate        | 0.0003      |
|    loss                 | 11.3        |
|    n_updates            | 9140        |
|    policy_gradient_loss | -0.0493     |
|    std                  | 1.76        |
|    value_loss           | 69.7        |
-----------------------------------------
-----------------------------------------
| rollout/                |             |
|    ep_len_mean          | 61.9        |
|    ep_rew_mean          | 35.1        |
|    success_rate         | 0           |
| time/                   |             |
|    fps                  | 1873        |
|    iterations           | 132         |
|    time_elapsed         | 72          |
|    total_timesteps      | 937984      |
| train/                  |             |
|    approx_kl            | 0.028676396 |
|    clip_fraction        | 0.3         |
|    clip_range           | 0.2         |
|    entropy_loss         | -16.2       |
|    explained_variance   | 0.758       |
|    learning_rate        | 0.0003      |
|    loss                 | 31.9        |
|    n_updates            | 9150        |
|    policy_gradient_loss | -0.0521     |
|    std                  | 1.76        |
|    value_loss           | 141         |
-----------------------------------------
WARNING: Nan, Inf or huge value in QACC at DOF 12. The simulation is unstable. Time = 0.0320.

-----------------------------------------
| rollout/                |             |
|    ep_len_mean          | 55          |
|    ep_rew_mean          | 28.2        |
|    success_rate         | 0           |
| time/                   |             |
|    fps                  | 1873        |
|    iterations           | 133         |
|    time_elapsed         | 72          |
|    total_timesteps      | 939008      |
| train/                  |             |
|    approx_kl            | 0.041705236 |
|    clip_fraction        | 0.345       |
|    clip_range           | 0.2         |
|    entropy_loss         | -16.2       |
|    explained_variance   | 0.56        |
|    learning_rate        | 0.0003      |
|    loss                 | 21.2        |
|    n_updates            | 9160        |
|    policy_gradient_loss | -0.0546     |
|    std                  | 1.77        |
|    value_loss           | 84.1        |
-----------------------------------------
WARNING: Nan, Inf or huge value in QACC at DOF 12. The simulation is unstable. Time = 0.0320.

-----------------------------------------
| rollout/                |             |
|    ep_len_mean          | 50.4        |
|    ep_rew_mean          | 28          |
|    success_rate         | 0           |
| time/                   |             |
|    fps                  | 1873        |
|    iterations           | 134         |
|    time_elapsed         | 73          |
|    total_timesteps      | 940032      |
| train/                  |             |
|    approx_kl            | 0.030603103 |
|    clip_fraction        | 0.354       |
|    clip_range           | 0.2         |
|    entropy_loss         | -16.2       |
|    explained_variance   | 0.532       |
|    learning_rate        | 0.0003      |
|    loss                 | 61.4        |
|    n_updates            | 9170        |
|    policy_gradient_loss | -0.0467     |
|    std                  | 1.77        |
|    value_loss           | 181         |
-----------------------------------------
WARNING: Nan, Inf or huge value in QACC at DOF 12. The simulation is unstable. Time = 0.0340.

-----------------------------------------
| rollout/                |             |
|    ep_len_mean          | 40.5        |
|    ep_rew_mean          | 18          |
|    success_rate         | 0           |
| time/                   |             |
|    fps                  | 1872        |
|    iterations           | 135         |
|    time_elapsed         | 73          |
|    total_timesteps      | 941056      |
| train/                  |             |
|    approx_kl            | 0.031914018 |
|    clip_fraction        | 0.295       |
|    clip_range           | 0.2         |
|    entropy_loss         | -16.2       |
|    explained_variance   | 0.606       |
|    learning_rate        | 0.0003      |
|    loss                 | 43.1        |
|    n_updates            | 9180        |
|    policy_gradient_loss | -0.0646     |
|    std                  | 1.77        |
|    value_loss           | 105         |
-----------------------------------------
WARNING: Nan, Inf or huge value in QACC at DOF 12. The simulation is unstable. Time = 0.0340.

-----------------------------------------
| rollout/                |             |
|    ep_len_mean          | 39.1        |
|    ep_rew_mean          | 15.2        |
|    success_rate         | 0           |
| time/                   |             |
|    fps                  | 1872        |
|    iterations           | 136         |
|    time_elapsed         | 74          |
|    total_timesteps      | 942080      |
| train/                  |             |
|    approx_kl            | 0.036341537 |
|    clip_fraction        | 0.313       |
|    clip_range           | 0.2         |
|    entropy_loss         | -16.2       |
|    explained_variance   | 0.511       |
|    learning_rate        | 0.0003      |
|    loss                 | 53.5        |
|    n_updates            | 9190        |
|    policy_gradient_loss | -0.0611     |
|    std                  | 1.76        |
|    value_loss           | 124         |
-----------------------------------------
-----------------------------------------
| rollout/                |             |
|    ep_len_mean          | 38.8        |
|    ep_rew_mean          | 13.5        |
|    success_rate         | 0           |
| time/                   |             |
|    fps                  | 1869        |
|    iterations           | 137         |
|    time_elapsed         | 75          |
|    total_timesteps      | 943104      |
| train/                  |             |
|    approx_kl            | 0.035783403 |
|    clip_fraction        | 0.291       |
|    clip_range           | 0.2         |
|    entropy_loss         | -16.2       |
|    explained_variance   | 0.598       |
|    learning_rate        | 0.0003      |
|    loss                 | 25.2        |
|    n_updates            | 9200        |
|    policy_gradient_loss | -0.0572     |
|    std                  | 1.77        |
|    value_loss           | 83.2        |
-----------------------------------------
WARNING: Nan, Inf or huge value in QACC at DOF 12. The simulation is unstable. Time = 0.0320.

WARNING: Nan, Inf or huge value in QACC at DOF 12. The simulation is unstable. Time = 0.0300.

----------------------------------------
| rollout/                |            |
|    ep_len_mean          | 40.9       |
|    ep_rew_mean          | 13.3       |
|    success_rate         | 0          |
| time/                   |            |
|    fps                  | 1868       |
|    iterations           | 138        |
|    time_elapsed         | 75         |
|    total_timesteps      | 944128     |
| train/                  |            |
|    approx_kl            | 0.04553335 |
|    clip_fraction        | 0.362      |
|    clip_range           | 0.2        |
|    entropy_loss         | -16.2      |
|    explained_variance   | 0.671      |
|    learning_rate        | 0.0003     |
|    loss                 | 22.2       |
|    n_updates            | 9210       |
|    policy_gradient_loss | -0.0619    |
|    std                  | 1.77       |
|    value_loss           | 104        |
----------------------------------------
WARNING: Nan, Inf or huge value in QACC at DOF 12. The simulation is unstable. Time = 0.0320.

-----------------------------------------
| rollout/                |             |
|    ep_len_mean          | 44.8        |
|    ep_rew_mean          | 17.1        |
|    success_rate         | 0           |
| time/                   |             |
|    fps                  | 1868        |
|    iterations           | 139         |
|    time_elapsed         | 76          |
|    total_timesteps      | 945152      |
| train/                  |             |
|    approx_kl            | 0.034211587 |
|    clip_fraction        | 0.322       |
|    clip_range           | 0.2         |
|    entropy_loss         | -16.2       |
|    explained_variance   | 0.766       |
|    learning_rate        | 0.0003      |
|    loss                 | 26.1        |
|    n_updates            | 9220        |
|    policy_gradient_loss | -0.0567     |
|    std                  | 1.77        |
|    value_loss           | 84.5        |
-----------------------------------------
-----------------------------------------
| rollout/                |             |
|    ep_len_mean          | 52.5        |
|    ep_rew_mean          | 23.5        |
|    success_rate         | 0           |
| time/                   |             |
|    fps                  | 1867        |
|    iterations           | 140         |
|    time_elapsed         | 76          |
|    total_timesteps      | 946176      |
| train/                  |             |
|    approx_kl            | 0.042253368 |
|    clip_fraction        | 0.331       |
|    clip_range           | 0.2         |
|    entropy_loss         | -16.2       |
|    explained_variance   | 0.561       |
|    learning_rate        | 0.0003      |
|    loss                 | 29.7        |
|    n_updates            | 9230        |
|    policy_gradient_loss | -0.0577     |
|    std                  | 1.77        |
|    value_loss           | 96.9        |
-----------------------------------------
----------------------------------------
| rollout/                |            |
|    ep_len_mean          | 51         |
|    ep_rew_mean          | 23.5       |
|    success_rate         | 0          |
| time/                   |            |
|    fps                  | 1867       |
|    iterations           | 141        |
|    time_elapsed         | 77         |
|    total_timesteps      | 947200     |
| train/                  |            |
|    approx_kl            | 0.03963136 |
|    clip_fraction        | 0.334      |
|    clip_range           | 0.2        |
|    entropy_loss         | -16.2      |
|    explained_variance   | 0.571      |
|    learning_rate        | 0.0003     |
|    loss                 | 21         |
|    n_updates            | 9240       |
|    policy_gradient_loss | -0.0557    |
|    std                  | 1.77       |
|    value_loss           | 78.1       |
----------------------------------------
WARNING: Nan, Inf or huge value in QACC at DOF 12. The simulation is unstable. Time = 0.0320.

-----------------------------------------
| rollout/                |             |
|    ep_len_mean          | 58.5        |
|    ep_rew_mean          | 28.8        |
|    success_rate         | 0           |
| time/                   |             |
|    fps                  | 1866        |
|    iterations           | 142         |
|    time_elapsed         | 77          |
|    total_timesteps      | 948224      |
| train/                  |             |
|    approx_kl            | 0.042757012 |
|    clip_fraction        | 0.336       |
|    clip_range           | 0.2         |
|    entropy_loss         | -16.2       |
|    explained_variance   | 0.531       |
|    learning_rate        | 0.0003      |
|    loss                 | 28.6        |
|    n_updates            | 9250        |
|    policy_gradient_loss | -0.0579     |
|    std                  | 1.78        |
|    value_loss           | 80.2        |
-----------------------------------------
WARNING: Nan, Inf or huge value in QACC at DOF 12. The simulation is unstable. Time = 0.0320.

-----------------------------------------
| rollout/                |             |
|    ep_len_mean          | 64.1        |
|    ep_rew_mean          | 35          |
|    success_rate         | 0           |
| time/                   |             |
|    fps                  | 1866        |
|    iterations           | 143         |
|    time_elapsed         | 78          |
|    total_timesteps      | 949248      |
| train/                  |             |
|    approx_kl            | 0.039365835 |
|    clip_fraction        | 0.324       |
|    clip_range           | 0.2         |
|    entropy_loss         | -16.2       |
|    explained_variance   | 0.544       |
|    learning_rate        | 0.0003      |
|    loss                 | 21.9        |
|    n_updates            | 9260        |
|    policy_gradient_loss | -0.0569     |
|    std                  | 1.78        |
|    value_loss           | 94.2        |
-----------------------------------------
----------------------------------------
| rollout/                |            |
|    ep_len_mean          | 60.1       |
|    ep_rew_mean          | 33.8       |
|    success_rate         | 0          |
| time/                   |            |
|    fps                  | 1866       |
|    iterations           | 144        |
|    time_elapsed         | 79         |
|    total_timesteps      | 950272     |
| train/                  |            |
|    approx_kl            | 0.03228914 |
|    clip_fraction        | 0.32       |
|    clip_range           | 0.2        |
|    entropy_loss         | -16.2      |
|    explained_variance   | 0.593      |
|    learning_rate        | 0.0003     |
|    loss                 | 25.9       |
|    n_updates            | 9270       |
|    policy_gradient_loss | -0.054     |
|    std                  | 1.77       |
|    value_loss           | 83.7       |
----------------------------------------
-----------------------------------------
| rollout/                |             |
|    ep_len_mean          | 65.7        |
|    ep_rew_mean          | 34.6        |
|    success_rate         | 0           |
| time/                   |             |
|    fps                  | 1865        |
|    iterations           | 145         |
|    time_elapsed         | 79          |
|    total_timesteps      | 951296      |
| train/                  |             |
|    approx_kl            | 0.051946305 |
|    clip_fraction        | 0.34        |
|    clip_range           | 0.2         |
|    entropy_loss         | -16.2       |
|    explained_variance   | 0.532       |
|    learning_rate        | 0.0003      |
|    loss                 | 20.4        |
|    n_updates            | 9280        |
|    policy_gradient_loss | -0.0565     |
|    std                  | 1.77        |
|    value_loss           | 71          |
-----------------------------------------
----------------------------------------
| rollout/                |            |
|    ep_len_mean          | 69.7       |
|    ep_rew_mean          | 37.6       |
|    success_rate         | 0          |
| time/                   |            |
|    fps                  | 1866       |
|    iterations           | 146        |
|    time_elapsed         | 80         |
|    total_timesteps      | 952320     |
| train/                  |            |
|    approx_kl            | 0.04110337 |
|    clip_fraction        | 0.361      |
|    clip_range           | 0.2        |
|    entropy_loss         | -16.2      |
|    explained_variance   | 0.683      |
|    learning_rate        | 0.0003     |
|    loss                 | 29.4       |
|    n_updates            | 9290       |
|    policy_gradient_loss | -0.057     |
|    std                  | 1.77       |
|    value_loss           | 83.1       |
----------------------------------------
WARNING: Nan, Inf or huge value in QACC at DOF 12. The simulation is unstable. Time = 0.0320.

-----------------------------------------
| rollout/                |             |
|    ep_len_mean          | 68.5        |
|    ep_rew_mean          | 35.5        |
|    success_rate         | 0           |
| time/                   |             |
|    fps                  | 1866        |
|    iterations           | 147         |
|    time_elapsed         | 80          |
|    total_timesteps      | 953344      |
| train/                  |             |
|    approx_kl            | 0.051764525 |
|    clip_fraction        | 0.385       |
|    clip_range           | 0.2         |
|    entropy_loss         | -16.2       |
|    explained_variance   | 0.707       |
|    learning_rate        | 0.0003      |
|    loss                 | 21.3        |
|    n_updates            | 9300        |
|    policy_gradient_loss | -0.0535     |
|    std                  | 1.77        |
|    value_loss           | 69.8        |
-----------------------------------------
 100% ━━━━━━━━━━━━━━━━━━━━━━ 150,528/150,000  [ 0:01:20 < 0:00:00 , 1,845 it/s ]

+ /Users/youpeixing/ws/allegro_rod_mvp/.venv/bin/python /Users/youpeixing/ws/allegro_rod_mvp/scripts/eval_policy.py /Users/youpeixing/ws/allegro_rod_mvp/checkpoints/stage1/final_model.zip --stage 1 --episodes 20 --out /Users/youpeixing/ws/allegro_rod_mvp/checkpoints/stage1/eval_metrics.json
WARNING: Nan, Inf or huge value in QACC at DOF 12. The simulation is unstable. Time = 0.0340.

{
  "model": "/Users/youpeixing/ws/allegro_rod_mvp/checkpoints/stage1/final_model.zip",
  "stage": 1,
  "episodes": 20,
  "axis_rotation_deg_mean": -38.64814074881913,
  "axis_rotation_deg_std": 33.539558744004125,
  "tip_error_m_mean": 0.0172230275484941,
  "tip_error_m_std": 0.01193957097911886,
  "contact_count_mean": 0.85,
  "success_rate": 0.0,
  "drop_rate": 0.6,
  "passed": false
}
{
  "model": "/Users/youpeixing/ws/allegro_rod_mvp/checkpoints/stage1/final_model.zip",
  "stage": 1,
  "episodes": 20,
  "axis_rotation_deg_mean": -38.64814074881913,
  "axis_rotation_deg_std": 33.539558744004125,
  "tip_error_m_mean": 0.0172230275484941,
  "tip_error_m_std": 0.01193957097911886,
  "contact_count_mean": 0.85,
  "success_rate": 0.0,
  "drop_rate": 0.6,
  "passed": false
}
WARNING: stage 1 did not pass gate within budget.

===== STAGE 2: first train 400000 steps =====
+ /Users/youpeixing/ws/allegro_rod_mvp/.venv/bin/python /Users/youpeixing/ws/allegro_rod_mvp/scripts/train.py --stage 2 --steps 400000 --resume /Users/youpeixing/ws/allegro_rod_mvp/checkpoints/stage1/final_model.zip
  exit=0 log=/Users/youpeixing/ws/allegro_rod_mvp/checkpoints/stage2/train.log
+ /Users/youpeixing/ws/allegro_rod_mvp/.venv/bin/python /Users/youpeixing/ws/allegro_rod_mvp/scripts/eval_policy.py /Users/youpeixing/ws/allegro_rod_mvp/checkpoints/stage2/final_model.zip --stage 2 --episodes 20 --out /Users/youpeixing/ws/allegro_rod_mvp/checkpoints/stage2/eval_metrics.json
{
  "model": "/Users/youpeixing/ws/allegro_rod_mvp/checkpoints/stage2/final_model.zip",
  "stage": 2,
  "episodes": 20,
  "axis_rotation_deg_mean": -28.45190185205404,
  "axis_rotation_deg_std": 18.666749281159177,
  "tip_error_m_mean": 0.009172089661486822,
  "tip_error_m_std": 0.006588615639045878,
  "contact_count_mean": 2.0,
  "success_rate": 0.0,
  "drop_rate": 0.0,
  "passed": false
}
{
  "model": "/Users/youpeixing/ws/allegro_rod_mvp/checkpoints/stage2/final_model.zip",
  "stage": 2,
  "episodes": 20,
  "axis_rotation_deg_mean": -28.45190185205404,
  "axis_rotation_deg_std": 18.666749281159177,
  "tip_error_m_mean": 0.009172089661486822,
  "tip_error_m_std": 0.006588615639045878,
  "contact_count_mean": 2.0,
  "success_rate": 0.0,
  "drop_rate": 0.0,
  "passed": false
}

===== STAGE 2: extend +200000 (extra_done=0/600000, tune=0) =====
+ /Users/youpeixing/ws/allegro_rod_mvp/.venv/bin/python /Users/youpeixing/ws/allegro_rod_mvp/scripts/train.py --stage 2 --steps 200000 --resume /Users/youpeixing/ws/allegro_rod_mvp/checkpoints/stage2/final_model.zip
  exit=0 log=/Users/youpeixing/ws/allegro_rod_mvp/checkpoints/stage2/train.log
+ /Users/youpeixing/ws/allegro_rod_mvp/.venv/bin/python /Users/youpeixing/ws/allegro_rod_mvp/scripts/eval_policy.py /Users/youpeixing/ws/allegro_rod_mvp/checkpoints/stage2/final_model.zip --stage 2 --episodes 20 --out /Users/youpeixing/ws/allegro_rod_mvp/checkpoints/stage2/eval_metrics.json
{
  "model": "/Users/youpeixing/ws/allegro_rod_mvp/checkpoints/stage2/final_model.zip",
  "stage": 2,
  "episodes": 20,
  "axis_rotation_deg_mean": -52.50909842541788,
  "axis_rotation_deg_std": 37.07364592832281,
  "tip_error_m_mean": 0.008214140406632504,
  "tip_error_m_std": 0.0037999296314418242,
  "contact_count_mean": 2.0,
  "success_rate": 0.0,
  "drop_rate": 0.0,
  "passed": false
}
{
  "model": "/Users/youpeixing/ws/allegro_rod_mvp/checkpoints/stage2/final_model.zip",
  "stage": 2,
  "episodes": 20,
  "axis_rotation_deg_mean": -52.50909842541788,
  "axis_rotation_deg_std": 37.07364592832281,
  "tip_error_m_mean": 0.008214140406632504,
  "tip_error_m_std": 0.0037999296314418242,
  "contact_count_mean": 2.0,
  "success_rate": 0.0,
  "drop_rate": 0.0,
  "passed": false
}

===== STAGE 2: extend +200000 (extra_done=200000/600000, tune=1) =====
Logging to checkpoints/stage0/tb/PPO_1
---------------------------------
| rollout/           |          |
|    ep_len_mean     | 247      |
|    ep_rew_mean     | 25.9     |
|    success_rate    | 0        |
| time/              |          |
|    fps             | 2323     |
|    iterations      | 1        |
|    time_elapsed    | 0        |
|    total_timesteps | 1555456  |
---------------------------------
-----------------------------------------
| rollout/                |             |
|    ep_len_mean          | 245         |
|    ep_rew_mean          | 28.9        |
|    success_rate         | 0           |
| time/                   |             |
|    fps                  | 2045        |
|    iterations           | 2           |
|    time_elapsed         | 1           |
|    total_timesteps      | 1556480     |
| train/                  |             |
|    approx_kl            | 0.013145596 |
|    clip_fraction        | 0.145       |
|    clip_range           | 0.2         |
|    entropy_loss         | -17.5       |
|    explained_variance   | 0.959       |
|    learning_rate        | 0.0001      |
|    loss                 | 14.3        |
|    n_updates            | 15190       |
|    policy_gradient_loss | -0.0273     |
|    std                  | 2.18        |
|    value_loss           | 246         |
-----------------------------------------
-----------------------------------------
| rollout/                |             |
|    ep_len_mean          | 244         |
|    ep_rew_mean          | 29.3        |
|    success_rate         | 0           |
| time/                   |             |
|    fps                  | 1907        |
|    iterations           | 3           |
|    time_elapsed         | 1           |
|    total_timesteps      | 1557504     |
| train/                  |             |
|    approx_kl            | 0.014644019 |
|    clip_fraction        | 0.124       |
|    clip_range           | 0.2         |
|    entropy_loss         | -17.5       |
|    explained_variance   | 0.912       |
|    learning_rate        | 0.0001      |
|    loss                 | 43          |
|    n_updates            | 15200       |
|    policy_gradient_loss | -0.0319     |
|    std                  | 2.18        |
|    value_loss           | 174         |
-----------------------------------------
-----------------------------------------
| rollout/                |             |
|    ep_len_mean          | 242         |
|    ep_rew_mean          | 30          |
|    success_rate         | 0           |
| time/                   |             |
|    fps                  | 1891        |
|    iterations           | 4           |
|    time_elapsed         | 2           |
|    total_timesteps      | 1558528     |
| train/                  |             |
|    approx_kl            | 0.015139714 |
|    clip_fraction        | 0.167       |
|    clip_range           | 0.2         |
|    entropy_loss         | -17.5       |
|    explained_variance   | 0.978       |
|    learning_rate        | 0.0001      |
|    loss                 | 33.3        |
|    n_updates            | 15210       |
|    policy_gradient_loss | -0.0333     |
|    std                  | 2.18        |
|    value_loss           | 76.1        |
-----------------------------------------
-----------------------------------------
| rollout/                |             |
|    ep_len_mean          | 241         |
|    ep_rew_mean          | 55.8        |
|    success_rate         | 0           |
| time/                   |             |
|    fps                  | 1879        |
|    iterations           | 5           |
|    time_elapsed         | 2           |
|    total_timesteps      | 1559552     |
| train/                  |             |
|    approx_kl            | 0.017170254 |
|    clip_fraction        | 0.171       |
|    clip_range           | 0.2         |
|    entropy_loss         | -17.5       |
|    explained_variance   | 0.735       |
|    learning_rate        | 0.0001      |
|    loss                 | 50.4        |
|    n_updates            | 15220       |
|    policy_gradient_loss | -0.0312     |
|    std                  | 2.18        |
|    value_loss           | 133         |
-----------------------------------------
-----------------------------------------
| rollout/                |             |
|    ep_len_mean          | 238         |
|    ep_rew_mean          | 48.8        |
|    success_rate         | 0           |
| time/                   |             |
|    fps                  | 1875        |
|    iterations           | 6           |
|    time_elapsed         | 3           |
|    total_timesteps      | 1560576     |
| train/                  |             |
|    approx_kl            | 0.012411697 |
|    clip_fraction        | 0.108       |
|    clip_range           | 0.2         |
|    entropy_loss         | -17.5       |
|    explained_variance   | 0.745       |
|    learning_rate        | 0.0001      |
|    loss                 | 108         |
|    n_updates            | 15230       |
|    policy_gradient_loss | -0.0262     |
|    std                  | 2.19        |
|    value_loss           | 159         |
-----------------------------------------
------------------------------------------
| rollout/                |              |
|    ep_len_mean          | 235          |
|    ep_rew_mean          | 55           |
|    success_rate         | 0            |
| time/                   |              |
|    fps                  | 1871         |
|    iterations           | 7            |
|    time_elapsed         | 3            |
|    total_timesteps      | 1561600      |
| train/                  |              |
|    approx_kl            | 0.0131348455 |
|    clip_fraction        | 0.132        |
|    clip_range           | 0.2          |
|    entropy_loss         | -17.5        |
|    explained_variance   | 0.959        |
|    learning_rate        | 0.0001       |
|    loss                 | 23.7         |
|    n_updates            | 15240        |
|    policy_gradient_loss | -0.0319      |
|    std                  | 2.19         |
|    value_loss           | 164          |
------------------------------------------
-----------------------------------------
| rollout/                |             |
|    ep_len_mean          | 233         |
|    ep_rew_mean          | 55.5        |
|    success_rate         | 0           |
| time/                   |             |
|    fps                  | 1868        |
|    iterations           | 8           |
|    time_elapsed         | 4           |
|    total_timesteps      | 1562624     |
| train/                  |             |
|    approx_kl            | 0.017433163 |
|    clip_fraction        | 0.163       |
|    clip_range           | 0.2         |
|    entropy_loss         | -17.5       |
|    explained_variance   | 0.932       |
|    learning_rate        | 0.0001      |
|    loss                 | 25.2        |
|    n_updates            | 15250       |
|    policy_gradient_loss | -0.0374     |
|    std                  | 2.19        |
|    value_loss           | 83.7        |
-----------------------------------------
----------------------------------------
| rollout/                |            |
|    ep_len_mean          | 233        |
|    ep_rew_mean          | 57.7       |
|    success_rate         | 0          |
| time/                   |            |
|    fps                  | 1865       |
|    iterations           | 9          |
|    time_elapsed         | 4          |
|    total_timesteps      | 1563648    |
| train/                  |            |
|    approx_kl            | 0.04400195 |
|    clip_fraction        | 0.314      |
|    clip_range           | 0.2        |
|    entropy_loss         | -17.5      |
|    explained_variance   | 0.966      |
|    learning_rate        | 0.0001     |
|    loss                 | 4.75       |
|    n_updates            | 15260      |
|    policy_gradient_loss | -0.0333    |
|    std                  | 2.19       |
|    value_loss           | 19.6       |
----------------------------------------
------------------------------------------
| rollout/                |              |
|    ep_len_mean          | 230          |
|    ep_rew_mean          | 50.4         |
|    success_rate         | 0            |
| time/                   |              |
|    fps                  | 1865         |
|    iterations           | 10           |
|    time_elapsed         | 5            |
|    total_timesteps      | 1564672      |
| train/                  |              |
|    approx_kl            | 0.0147466585 |
|    clip_fraction        | 0.211        |
|    clip_range           | 0.2          |
|    entropy_loss         | -17.5        |
|    explained_variance   | 0.926        |
|    learning_rate        | 0.0001       |
|    loss                 | 52           |
|    n_updates            | 15270        |
|    policy_gradient_loss | -0.0207      |
|    std                  | 2.19         |
|    value_loss           | 207          |
------------------------------------------
-----------------------------------------
| rollout/                |             |
|    ep_len_mean          | 230         |
|    ep_rew_mean          | 53.7        |
|    success_rate         | 0           |
| time/                   |             |
|    fps                  | 1864        |
|    iterations           | 11          |
|    time_elapsed         | 6           |
|    total_timesteps      | 1565696     |
| train/                  |             |
|    approx_kl            | 0.024817571 |
|    clip_fraction        | 0.136       |
|    clip_range           | 0.2         |
|    entropy_loss         | -17.5       |
|    explained_variance   | 0.975       |
|    learning_rate        | 0.0001      |
|    loss                 | 9.23        |
|    n_updates            | 15280       |
|    policy_gradient_loss | -0.0269     |
|    std                  | 2.19        |
|    value_loss           | 171         |
-----------------------------------------
-----------------------------------------
| rollout/                |             |
|    ep_len_mean          | 227         |
|    ep_rew_mean          | 75.5        |
|    success_rate         | 0           |
| time/                   |             |
|    fps                  | 1864        |
|    iterations           | 12          |
|    time_elapsed         | 6           |
|    total_timesteps      | 1566720     |
| train/                  |             |
|    approx_kl            | 0.013784368 |
|    clip_fraction        | 0.178       |
|    clip_range           | 0.2         |
|    entropy_loss         | -17.5       |
|    explained_variance   | 0.801       |
|    learning_rate        | 0.0001      |
|    loss                 | 141         |
|    n_updates            | 15290       |
|    policy_gradient_loss | -0.0253     |
|    std                  | 2.19        |
|    value_loss           | 339         |
-----------------------------------------
-----------------------------------------
| rollout/                |             |
|    ep_len_mean          | 230         |
|    ep_rew_mean          | 79.3        |
|    success_rate         | 0           |
| time/                   |             |
|    fps                  | 1864        |
|    iterations           | 13          |
|    time_elapsed         | 7           |
|    total_timesteps      | 1567744     |
| train/                  |             |
|    approx_kl            | 0.014695618 |
|    clip_fraction        | 0.166       |
|    clip_range           | 0.2         |
|    entropy_loss         | -17.5       |
|    explained_variance   | 0.518       |
|    learning_rate        | 0.0001      |
|    loss                 | 293         |
|    n_updates            | 15300       |
|    policy_gradient_loss | -0.0281     |
|    std                  | 2.19        |
|    value_loss           | 328         |
-----------------------------------------
-----------------------------------------
| rollout/                |             |
|    ep_len_mean          | 230         |
|    ep_rew_mean          | 79.4        |
|    success_rate         | 0           |
| time/                   |             |
|    fps                  | 1865        |
|    iterations           | 14          |
|    time_elapsed         | 7           |
|    total_timesteps      | 1568768     |
| train/                  |             |
|    approx_kl            | 0.027357798 |
|    clip_fraction        | 0.216       |
|    clip_range           | 0.2         |
|    entropy_loss         | -17.5       |
|    explained_variance   | 0.874       |
|    learning_rate        | 0.0001      |
|    loss                 | 6.14        |
|    n_updates            | 15310       |
|    policy_gradient_loss | -0.0389     |
|    std                  | 2.19        |
|    value_loss           | 19.9        |
-----------------------------------------
-----------------------------------------
| rollout/                |             |
|    ep_len_mean          | 234         |
|    ep_rew_mean          | 89.8        |
|    success_rate         | 0           |
| time/                   |             |
|    fps                  | 1867        |
|    iterations           | 15          |
|    time_elapsed         | 8           |
|    total_timesteps      | 1569792     |
| train/                  |             |
|    approx_kl            | 0.015218574 |
|    clip_fraction        | 0.266       |
|    clip_range           | 0.2         |
|    entropy_loss         | -17.5       |
|    explained_variance   | 0.674       |
|    learning_rate        | 0.0001      |
|    loss                 | 533         |
|    n_updates            | 15320       |
|    policy_gradient_loss | -0.0149     |
|    std                  | 2.2         |
|    value_loss           | 821         |
-----------------------------------------
-----------------------------------------
| rollout/                |             |
|    ep_len_mean          | 234         |
|    ep_rew_mean          | 89.5        |
|    success_rate         | 0           |
| time/                   |             |
|    fps                  | 1868        |
|    iterations           | 16          |
|    time_elapsed         | 8           |
|    total_timesteps      | 1570816     |
| train/                  |             |
|    approx_kl            | 0.016029943 |
|    clip_fraction        | 0.14        |
|    clip_range           | 0.2         |
|    entropy_loss         | -17.5       |
|    explained_variance   | 0.926       |
|    learning_rate        | 0.0001      |
|    loss                 | 15          |
|    n_updates            | 15330       |
|    policy_gradient_loss | -0.033      |
|    std                  | 2.2         |
|    value_loss           | 56.6        |
-----------------------------------------
-----------------------------------------
| rollout/                |             |
|    ep_len_mean          | 236         |
|    ep_rew_mean          | 89.9        |
|    success_rate         | 0           |
| time/                   |             |
|    fps                  | 1863        |
|    iterations           | 17          |
|    time_elapsed         | 9           |
|    total_timesteps      | 1571840     |
| train/                  |             |
|    approx_kl            | 0.017979432 |
|    clip_fraction        | 0.168       |
|    clip_range           | 0.2         |
|    entropy_loss         | -17.5       |
|    explained_variance   | 0.973       |
|    learning_rate        | 0.0001      |
|    loss                 | 106         |
|    n_updates            | 15340       |
|    policy_gradient_loss | -0.0345     |
|    std                  | 2.2         |
|    value_loss           | 84.4        |
-----------------------------------------
------------------------------------------
| rollout/                |              |
|    ep_len_mean          | 234          |
|    ep_rew_mean          | 86.5         |
|    success_rate         | 0            |
| time/                   |              |
|    fps                  | 1863         |
|    iterations           | 18           |
|    time_elapsed         | 9            |
|    total_timesteps      | 1572864      |
| train/                  |              |
|    approx_kl            | 0.0113419425 |
|    clip_fraction        | 0.129        |
|    clip_range           | 0.2          |
|    entropy_loss         | -17.5        |
|    explained_variance   | 0.694        |
|    learning_rate        | 0.0001       |
|    loss                 | 128          |
|    n_updates            | 15350        |
|    policy_gradient_loss | -0.0292      |
|    std                  | 2.2          |
|    value_loss           | 398          |
------------------------------------------
-----------------------------------------
| rollout/                |             |
|    ep_len_mean          | 227         |
|    ep_rew_mean          | 81.6        |
|    success_rate         | 0           |
| time/                   |             |
|    fps                  | 1862        |
|    iterations           | 19          |
|    time_elapsed         | 10          |
|    total_timesteps      | 1573888     |
| train/                  |             |
|    approx_kl            | 0.018357353 |
|    clip_fraction        | 0.188       |
|    clip_range           | 0.2         |
|    entropy_loss         | -17.5       |
|    explained_variance   | 0.921       |
|    learning_rate        | 0.0001      |
|    loss                 | 75.9        |
|    n_updates            | 15360       |
|    policy_gradient_loss | -0.0314     |
|    std                  | 2.2         |
|    value_loss           | 129         |
-----------------------------------------
-----------------------------------------
| rollout/                |             |
|    ep_len_mean          | 225         |
|    ep_rew_mean          | 80.5        |
|    success_rate         | 0           |
| time/                   |             |
|    fps                  | 1862        |
|    iterations           | 20          |
|    time_elapsed         | 10          |
|    total_timesteps      | 1574912     |
| train/                  |             |
|    approx_kl            | 0.010330509 |
|    clip_fraction        | 0.109       |
|    clip_range           | 0.2         |
|    entropy_loss         | -17.5       |
|    explained_variance   | 0.911       |
|    learning_rate        | 0.0001      |
|    loss                 | 64.3        |
|    n_updates            | 15370       |
|    policy_gradient_loss | -0.0302     |
|    std                  | 2.2         |
|    value_loss           | 307         |
-----------------------------------------
-----------------------------------------
| rollout/                |             |
|    ep_len_mean          | 224         |
|    ep_rew_mean          | 73          |
|    success_rate         | 0           |
| time/                   |             |
|    fps                  | 1862        |
|    iterations           | 21          |
|    time_elapsed         | 11          |
|    total_timesteps      | 1575936     |
| train/                  |             |
|    approx_kl            | 0.010918753 |
|    clip_fraction        | 0.0833      |
|    clip_range           | 0.2         |
|    entropy_loss         | -17.5       |
|    explained_variance   | 0.78        |
|    learning_rate        | 0.0001      |
|    loss                 | 193         |
|    n_updates            | 15380       |
|    policy_gradient_loss | -0.0252     |
|    std                  | 2.2         |
|    value_loss           | 654         |
-----------------------------------------
-----------------------------------------
| rollout/                |             |
|    ep_len_mean          | 224         |
|    ep_rew_mean          | 66          |
|    success_rate         | 0           |
| time/                   |             |
|    fps                  | 1862        |
|    iterations           | 22          |
|    time_elapsed         | 12          |
|    total_timesteps      | 1576960     |
| train/                  |             |
|    approx_kl            | 0.013790147 |
|    clip_fraction        | 0.115       |
|    clip_range           | 0.2         |
|    entropy_loss         | -17.5       |
|    explained_variance   | 0.958       |
|    learning_rate        | 0.0001      |
|    loss                 | 86.9        |
|    n_updates            | 15390       |
|    policy_gradient_loss | -0.0283     |
|    std                  | 2.2         |
|    value_loss           | 288         |
-----------------------------------------
-----------------------------------------
| rollout/                |             |
|    ep_len_mean          | 227         |
|    ep_rew_mean          | 53.3        |
|    success_rate         | 0           |
| time/                   |             |
|    fps                  | 1817        |
|    iterations           | 23          |
|    time_elapsed         | 12          |
|    total_timesteps      | 1577984     |
| train/                  |             |
|    approx_kl            | 0.012720316 |
|    clip_fraction        | 0.115       |
|    clip_range           | 0.2         |
|    entropy_loss         | -17.5       |
|    explained_variance   | 0.916       |
|    learning_rate        | 0.0001      |
|    loss                 | 175         |
|    n_updates            | 15400       |
|    policy_gradient_loss | -0.0221     |
|    std                  | 2.2         |
|    value_loss           | 724         |
-----------------------------------------
-----------------------------------------
| rollout/                |             |
|    ep_len_mean          | 226         |
|    ep_rew_mean          | 56.9        |
|    success_rate         | 0           |
| time/                   |             |
|    fps                  | 1816        |
|    iterations           | 24          |
|    time_elapsed         | 13          |
|    total_timesteps      | 1579008     |
| train/                  |             |
|    approx_kl            | 0.012212994 |
|    clip_fraction        | 0.102       |
|    clip_range           | 0.2         |
|    entropy_loss         | -17.5       |
|    explained_variance   | 0.929       |
|    learning_rate        | 0.0001      |
|    loss                 | 156         |
|    n_updates            | 15410       |
|    policy_gradient_loss | -0.0211     |
|    std                  | 2.2         |
|    value_loss           | 538         |
-----------------------------------------
-----------------------------------------
| rollout/                |             |
|    ep_len_mean          | 230         |
|    ep_rew_mean          | 66.3        |
|    success_rate         | 0           |
| time/                   |             |
|    fps                  | 1817        |
|    iterations           | 25          |
|    time_elapsed         | 14          |
|    total_timesteps      | 1580032     |
| train/                  |             |
|    approx_kl            | 0.013799656 |
|    clip_fraction        | 0.129       |
|    clip_range           | 0.2         |
|    entropy_loss         | -17.5       |
|    explained_variance   | 0.912       |
|    learning_rate        | 0.0001      |
|    loss                 | 38.3        |
|    n_updates            | 15420       |
|    policy_gradient_loss | -0.0343     |
|    std                  | 2.2         |
|    value_loss           | 121         |
-----------------------------------------
-----------------------------------------
| rollout/                |             |
|    ep_len_mean          | 226         |
|    ep_rew_mean          | 56.6        |
|    success_rate         | 0           |
| time/                   |             |
|    fps                  | 1817        |
|    iterations           | 26          |
|    time_elapsed         | 14          |
|    total_timesteps      | 1581056     |
| train/                  |             |
|    approx_kl            | 0.027354278 |
|    clip_fraction        | 0.215       |
|    clip_range           | 0.2         |
|    entropy_loss         | -17.5       |
|    explained_variance   | 0.657       |
|    learning_rate        | 0.0001      |
|    loss                 | 7.6         |
|    n_updates            | 15430       |
|    policy_gradient_loss | -0.0343     |
|    std                  | 2.2         |
|    value_loss           | 33.3        |
-----------------------------------------
-----------------------------------------
| rollout/                |             |
|    ep_len_mean          | 231         |
|    ep_rew_mean          | 59          |
|    success_rate         | 0           |
| time/                   |             |
|    fps                  | 1818        |
|    iterations           | 27          |
|    time_elapsed         | 15          |
|    total_timesteps      | 1582080     |
| train/                  |             |
|    approx_kl            | 0.013724526 |
|    clip_fraction        | 0.199       |
|    clip_range           | 0.2         |
|    entropy_loss         | -17.5       |
|    explained_variance   | 0.876       |
|    learning_rate        | 0.0001      |
|    loss                 | 417         |
|    n_updates            | 15440       |
|    policy_gradient_loss | -0.0273     |
|    std                  | 2.21        |
|    value_loss           | 509         |
-----------------------------------------
----------------------------------------
| rollout/                |            |
|    ep_len_mean          | 234        |
|    ep_rew_mean          | 59.9       |
|    success_rate         | 0          |
| time/                   |            |
|    fps                  | 1818       |
|    iterations           | 28         |
|    time_elapsed         | 15         |
|    total_timesteps      | 1583104    |
| train/                  |            |
|    approx_kl            | 0.01057473 |
|    clip_fraction        | 0.107      |
|    clip_range           | 0.2        |
|    entropy_loss         | -17.5      |
|    explained_variance   | 0.832      |
|    learning_rate        | 0.0001     |
|    loss                 | 94.2       |
|    n_updates            | 15450      |
|    policy_gradient_loss | -0.0279    |
|    std                  | 2.21       |
|    value_loss           | 235        |
----------------------------------------
-----------------------------------------
| rollout/                |             |
|    ep_len_mean          | 236         |
|    ep_rew_mean          | 65.8        |
|    success_rate         | 0           |
| time/                   |             |
|    fps                  | 1819        |
|    iterations           | 29          |
|    time_elapsed         | 16          |
|    total_timesteps      | 1584128     |
| train/                  |             |
|    approx_kl            | 0.020536078 |
|    clip_fraction        | 0.195       |
|    clip_range           | 0.2         |
|    entropy_loss         | -17.6       |
|    explained_variance   | 0.978       |
|    learning_rate        | 0.0001      |
|    loss                 | 39.4        |
|    n_updates            | 15460       |
|    policy_gradient_loss | -0.0373     |
|    std                  | 2.21        |
|    value_loss           | 44          |
-----------------------------------------
-----------------------------------------
| rollout/                |             |
|    ep_len_mean          | 237         |
|    ep_rew_mean          | 55.1        |
|    success_rate         | 0           |
| time/                   |             |
|    fps                  | 1820        |
|    iterations           | 30          |
|    time_elapsed         | 16          |
|    total_timesteps      | 1585152     |
| train/                  |             |
|    approx_kl            | 0.016346224 |
|    clip_fraction        | 0.189       |
|    clip_range           | 0.2         |
|    entropy_loss         | -17.6       |
|    explained_variance   | 0.984       |
|    learning_rate        | 0.0001      |
|    loss                 | 15.9        |
|    n_updates            | 15470       |
|    policy_gradient_loss | -0.0319     |
|    std                  | 2.21        |
|    value_loss           | 61.5        |
-----------------------------------------
-----------------------------------------
| rollout/                |             |
|    ep_len_mean          | 240         |
|    ep_rew_mean          | 55.5        |
|    success_rate         | 0           |
| time/                   |             |
|    fps                  | 1821        |
|    iterations           | 31          |
|    time_elapsed         | 17          |
|    total_timesteps      | 1586176     |
| train/                  |             |
|    approx_kl            | 0.009013288 |
|    clip_fraction        | 0.0631      |
|    clip_range           | 0.2         |
|    entropy_loss         | -17.6       |
|    explained_variance   | 0.945       |
|    learning_rate        | 0.0001      |
|    loss                 | 442         |
|    n_updates            | 15480       |
|    policy_gradient_loss | -0.0192     |
|    std                  | 2.21        |
|    value_loss           | 976         |
-----------------------------------------
-----------------------------------------
| rollout/                |             |
|    ep_len_mean          | 236         |
|    ep_rew_mean          | 53.7        |
|    success_rate         | 0           |
| time/                   |             |
|    fps                  | 1822        |
|    iterations           | 32          |
|    time_elapsed         | 17          |
|    total_timesteps      | 1587200     |
| train/                  |             |
|    approx_kl            | 0.019630015 |
|    clip_fraction        | 0.193       |
|    clip_range           | 0.2         |
|    entropy_loss         | -17.6       |
|    explained_variance   | 0.982       |
|    learning_rate        | 0.0001      |
|    loss                 | 28          |
|    n_updates            | 15490       |
|    policy_gradient_loss | -0.0368     |
|    std                  | 2.21        |
|    value_loss           | 45.2        |
-----------------------------------------
-----------------------------------------
| rollout/                |             |
|    ep_len_mean          | 236         |
|    ep_rew_mean          | 51.9        |
|    success_rate         | 0           |
| time/                   |             |
|    fps                  | 1823        |
|    iterations           | 33          |
|    time_elapsed         | 18          |
|    total_timesteps      | 1588224     |
| train/                  |             |
|    approx_kl            | 0.014402609 |
|    clip_fraction        | 0.172       |
|    clip_range           | 0.2         |
|    entropy_loss         | -17.6       |
|    explained_variance   | 0.851       |
|    learning_rate        | 0.0001      |
|    loss                 | 16.5        |
|    n_updates            | 15500       |
|    policy_gradient_loss | -0.0259     |
|    std                  | 2.21        |
|    value_loss           | 209         |
-----------------------------------------
-----------------------------------------
| rollout/                |             |
|    ep_len_mean          | 239         |
|    ep_rew_mean          | 52.1        |
|    success_rate         | 0           |
| time/                   |             |
|    fps                  | 1824        |
|    iterations           | 34          |
|    time_elapsed         | 19          |
|    total_timesteps      | 1589248     |
| train/                  |             |
|    approx_kl            | 0.011022559 |
|    clip_fraction        | 0.101       |
|    clip_range           | 0.2         |
|    entropy_loss         | -17.6       |
|    explained_variance   | 0.971       |
|    learning_rate        | 0.0001      |
|    loss                 | 270         |
|    n_updates            | 15510       |
|    policy_gradient_loss | -0.0286     |
|    std                  | 2.21        |
|    value_loss           | 782         |
-----------------------------------------
-----------------------------------------
| rollout/                |             |
|    ep_len_mean          | 240         |
|    ep_rew_mean          | 45.9        |
|    success_rate         | 0           |
| time/                   |             |
|    fps                  | 1824        |
|    iterations           | 35          |
|    time_elapsed         | 19          |
|    total_timesteps      | 1590272     |
| train/                  |             |
|    approx_kl            | 0.011895504 |
|    clip_fraction        | 0.138       |
|    clip_range           | 0.2         |
|    entropy_loss         | -17.6       |
|    explained_variance   | 0.928       |
|    learning_rate        | 0.0001      |
|    loss                 | 62.4        |
|    n_updates            | 15520       |
|    policy_gradient_loss | -0.03       |
|    std                  | 2.21        |
|    value_loss           | 184         |
-----------------------------------------
-----------------------------------------
| rollout/                |             |
|    ep_len_mean          | 239         |
|    ep_rew_mean          | 29.4        |
|    success_rate         | 0           |
| time/                   |             |
|    fps                  | 1824        |
|    iterations           | 36          |
|    time_elapsed         | 20          |
|    total_timesteps      | 1591296     |
| train/                  |             |
|    approx_kl            | 0.012416432 |
|    clip_fraction        | 0.128       |
|    clip_range           | 0.2         |
|    entropy_loss         | -17.6       |
|    explained_variance   | 0.977       |
|    learning_rate        | 0.0001      |
|    loss                 | 42.6        |
|    n_updates            | 15530       |
|    policy_gradient_loss | -0.029      |
|    std                  | 2.21        |
|    value_loss           | 141         |
-----------------------------------------
-----------------------------------------
| rollout/                |             |
|    ep_len_mean          | 240         |
|    ep_rew_mean          | 31.4        |
|    success_rate         | 0           |
| time/                   |             |
|    fps                  | 1825        |
|    iterations           | 37          |
|    time_elapsed         | 20          |
|    total_timesteps      | 1592320     |
| train/                  |             |
|    approx_kl            | 0.010013299 |
|    clip_fraction        | 0.0769      |
|    clip_range           | 0.2         |
|    entropy_loss         | -17.6       |
|    explained_variance   | 0.915       |
|    learning_rate        | 0.0001      |
|    loss                 | 157         |
|    n_updates            | 15540       |
|    policy_gradient_loss | -0.0256     |
|    std                  | 2.21        |
|    value_loss           | 569         |
-----------------------------------------
-----------------------------------------
| rollout/                |             |
|    ep_len_mean          | 241         |
|    ep_rew_mean          | 34.1        |
|    success_rate         | 0           |
| time/                   |             |
|    fps                  | 1825        |
|    iterations           | 38          |
|    time_elapsed         | 21          |
|    total_timesteps      | 1593344     |
| train/                  |             |
|    approx_kl            | 0.017930526 |
|    clip_fraction        | 0.179       |
|    clip_range           | 0.2         |
|    entropy_loss         | -17.6       |
|    explained_variance   | 0.843       |
|    learning_rate        | 0.0001      |
|    loss                 | 26.2        |
|    n_updates            | 15550       |
|    policy_gradient_loss | -0.0339     |
|    std                  | 2.22        |
|    value_loss           | 93.3        |
-----------------------------------------
-----------------------------------------
| rollout/                |             |
|    ep_len_mean          | 239         |
|    ep_rew_mean          | 24          |
|    success_rate         | 0           |
| time/                   |             |
|    fps                  | 1825        |
|    iterations           | 39          |
|    time_elapsed         | 21          |
|    total_timesteps      | 1594368     |
| train/                  |             |
|    approx_kl            | 0.021462008 |
|    clip_fraction        | 0.2         |
|    clip_range           | 0.2         |
|    entropy_loss         | -17.6       |
|    explained_variance   | 0.949       |
|    learning_rate        | 0.0001      |
|    loss                 | 30.3        |
|    n_updates            | 15560       |
|    policy_gradient_loss | -0.0358     |
|    std                  | 2.22        |
|    value_loss           | 45.4        |
-----------------------------------------
-----------------------------------------
| rollout/                |             |
|    ep_len_mean          | 242         |
|    ep_rew_mean          | 27.5        |
|    success_rate         | 0           |
| time/                   |             |
|    fps                  | 1826        |
|    iterations           | 40          |
|    time_elapsed         | 22          |
|    total_timesteps      | 1595392     |
| train/                  |             |
|    approx_kl            | 0.009042753 |
|    clip_fraction        | 0.114       |
|    clip_range           | 0.2         |
|    entropy_loss         | -17.6       |
|    explained_variance   | 0.781       |
|    learning_rate        | 0.0001      |
|    loss                 | 367         |
|    n_updates            | 15570       |
|    policy_gradient_loss | -0.0196     |
|    std                  | 2.22        |
|    value_loss           | 715         |
-----------------------------------------
-----------------------------------------
| rollout/                |             |
|    ep_len_mean          | 239         |
|    ep_rew_mean          | 27.9        |
|    success_rate         | 0           |
| time/                   |             |
|    fps                  | 1828        |
|    iterations           | 41          |
|    time_elapsed         | 22          |
|    total_timesteps      | 1596416     |
| train/                  |             |
|    approx_kl            | 0.015893634 |
|    clip_fraction        | 0.141       |
|    clip_range           | 0.2         |
|    entropy_loss         | -17.6       |
|    explained_variance   | 0.886       |
|    learning_rate        | 0.0001      |
|    loss                 | 46.4        |
|    n_updates            | 15580       |
|    policy_gradient_loss | -0.0315     |
|    std                  | 2.22        |
|    value_loss           | 199         |
-----------------------------------------
-----------------------------------------
| rollout/                |             |
|    ep_len_mean          | 241         |
|    ep_rew_mean          | 35.3        |
|    success_rate         | 0           |
| time/                   |             |
|    fps                  | 1829        |
|    iterations           | 42          |
|    time_elapsed         | 23          |
|    total_timesteps      | 1597440     |
| train/                  |             |
|    approx_kl            | 0.011549666 |
|    clip_fraction        | 0.137       |
|    clip_range           | 0.2         |
|    entropy_loss         | -17.6       |
|    explained_variance   | 0.63        |
|    learning_rate        | 0.0001      |
|    loss                 | 376         |
|    n_updates            | 15590       |
|    policy_gradient_loss | -0.0265     |
|    std                  | 2.22        |
|    value_loss           | 665         |
-----------------------------------------
-----------------------------------------
| rollout/                |             |
|    ep_len_mean          | 246         |
|    ep_rew_mean          | 49.5        |
|    success_rate         | 0           |
| time/                   |             |
|    fps                  | 1830        |
|    iterations           | 43          |
|    time_elapsed         | 24          |
|    total_timesteps      | 1598464     |
| train/                  |             |
|    approx_kl            | 0.009158778 |
|    clip_fraction        | 0.102       |
|    clip_range           | 0.2         |
|    entropy_loss         | -17.6       |
|    explained_variance   | 0.887       |
|    learning_rate        | 0.0001      |
|    loss                 | 269         |
|    n_updates            | 15600       |
|    policy_gradient_loss | -0.0223     |
|    std                  | 2.22        |
|    value_loss           | 406         |
-----------------------------------------
-----------------------------------------
| rollout/                |             |
|    ep_len_mean          | 251         |
|    ep_rew_mean          | 57.2        |
|    success_rate         | 0           |
| time/                   |             |
|    fps                  | 1830        |
|    iterations           | 44          |
|    time_elapsed         | 24          |
|    total_timesteps      | 1599488     |
| train/                  |             |
|    approx_kl            | 0.022256594 |
|    clip_fraction        | 0.203       |
|    clip_range           | 0.2         |
|    entropy_loss         | -17.6       |
|    explained_variance   | 0.674       |
|    learning_rate        | 0.0001      |
|    loss                 | 97.3        |
|    n_updates            | 15610       |
|    policy_gradient_loss | -0.0272     |
|    std                  | 2.22        |
|    value_loss           | 242         |
-----------------------------------------
-----------------------------------------
| rollout/                |             |
|    ep_len_mean          | 254         |
|    ep_rew_mean          | 62.8        |
|    success_rate         | 0           |
| time/                   |             |
|    fps                  | 1830        |
|    iterations           | 45          |
|    time_elapsed         | 25          |
|    total_timesteps      | 1600512     |
| train/                  |             |
|    approx_kl            | 0.025924465 |
|    clip_fraction        | 0.235       |
|    clip_range           | 0.2         |
|    entropy_loss         | -17.6       |
|    explained_variance   | 0.899       |
|    learning_rate        | 0.0001      |
|    loss                 | 9.25        |
|    n_updates            | 15620       |
|    policy_gradient_loss | -0.034      |
|    std                  | 2.22        |
|    value_loss           | 34.1        |
-----------------------------------------
-----------------------------------------
| rollout/                |             |
|    ep_len_mean          | 249         |
|    ep_rew_mean          | 60.3        |
|    success_rate         | 0           |
| time/                   |             |
|    fps                  | 1828        |
|    iterations           | 46          |
|    time_elapsed         | 25          |
|    total_timesteps      | 1601536     |
| train/                  |             |
|    approx_kl            | 0.014401959 |
|    clip_fraction        | 0.229       |
|    clip_range           | 0.2         |
|    entropy_loss         | -17.6       |
|    explained_variance   | 0.741       |
|    learning_rate        | 0.0001      |
|    loss                 | 312         |
|    n_updates            | 15630       |
|    policy_gradient_loss | -0.0251     |
|    std                  | 2.21        |
|    value_loss           | 233         |
-----------------------------------------
-----------------------------------------
| rollout/                |             |
|    ep_len_mean          | 248         |
|    ep_rew_mean          | 77.8        |
|    success_rate         | 0           |
| time/                   |             |
|    fps                  | 1828        |
|    iterations           | 47          |
|    time_elapsed         | 26          |
|    total_timesteps      | 1602560     |
| train/                  |             |
|    approx_kl            | 0.012326913 |
|    clip_fraction        | 0.137       |
|    clip_range           | 0.2         |
|    entropy_loss         | -17.6       |
|    explained_variance   | 0.831       |
|    learning_rate        | 0.0001      |
|    loss                 | 241         |
|    n_updates            | 15640       |
|    policy_gradient_loss | -0.0274     |
|    std                  | 2.22        |
|    value_loss           | 1.02e+03    |
-----------------------------------------
----------------------------------------
| rollout/                |            |
|    ep_len_mean          | 249        |
|    ep_rew_mean          | 80.9       |
|    success_rate         | 0          |
| time/                   |            |
|    fps                  | 1828       |
|    iterations           | 48         |
|    time_elapsed         | 26         |
|    total_timesteps      | 1603584    |
| train/                  |            |
|    approx_kl            | 0.01910207 |
|    clip_fraction        | 0.172      |
|    clip_range           | 0.2        |
|    entropy_loss         | -17.6      |
|    explained_variance   | 0.956      |
|    learning_rate        | 0.0001     |
|    loss                 | 26.5       |
|    n_updates            | 15650      |
|    policy_gradient_loss | -0.0316    |
|    std                  | 2.22       |
|    value_loss           | 89.2       |
----------------------------------------
-----------------------------------------
| rollout/                |             |
|    ep_len_mean          | 245         |
|    ep_rew_mean          | 62.7        |
|    success_rate         | 0           |
| time/                   |             |
|    fps                  | 1827        |
|    iterations           | 49          |
|    time_elapsed         | 27          |
|    total_timesteps      | 1604608     |
| train/                  |             |
|    approx_kl            | 0.015006648 |
|    clip_fraction        | 0.173       |
|    clip_range           | 0.2         |
|    entropy_loss         | -17.6       |
|    explained_variance   | 0.732       |
|    learning_rate        | 0.0001      |
|    loss                 | 269         |
|    n_updates            | 15660       |
|    policy_gradient_loss | -0.0288     |
|    std                  | 2.22        |
|    value_loss           | 396         |
-----------------------------------------
-----------------------------------------
| rollout/                |             |
|    ep_len_mean          | 245         |
|    ep_rew_mean          | 56          |
|    success_rate         | 0           |
| time/                   |             |
|    fps                  | 1827        |
|    iterations           | 50          |
|    time_elapsed         | 28          |
|    total_timesteps      | 1605632     |
| train/                  |             |
|    approx_kl            | 0.015285216 |
|    clip_fraction        | 0.127       |
|    clip_range           | 0.2         |
|    entropy_loss         | -17.6       |
|    explained_variance   | 0.925       |
|    learning_rate        | 0.0001      |
|    loss                 | 153         |
|    n_updates            | 15670       |
|    policy_gradient_loss | -0.0278     |
|    std                  | 2.22        |
|    value_loss           | 609         |
-----------------------------------------
------------------------------------------
| rollout/                |              |
|    ep_len_mean          | 241          |
|    ep_rew_mean          | 52.4         |
|    success_rate         | 0            |
| time/                   |              |
|    fps                  | 1825         |
|    iterations           | 51           |
|    time_elapsed         | 28           |
|    total_timesteps      | 1606656      |
| train/                  |              |
|    approx_kl            | 0.0082244165 |
|    clip_fraction        | 0.0609       |
|    clip_range           | 0.2          |
|    entropy_loss         | -17.6        |
|    explained_variance   | 0.899        |
|    learning_rate        | 0.0001       |
|    loss                 | 528          |
|    n_updates            | 15680        |
|    policy_gradient_loss | -0.0197      |
|    std                  | 2.22         |
|    value_loss           | 1.01e+03     |
------------------------------------------
-----------------------------------------
| rollout/                |             |
|    ep_len_mean          | 235         |
|    ep_rew_mean          | 38.5        |
|    success_rate         | 0           |
| time/                   |             |
|    fps                  | 1818        |
|    iterations           | 52          |
|    time_elapsed         | 29          |
|    total_timesteps      | 1607680     |
| train/                  |             |
|    approx_kl            | 0.011330169 |
|    clip_fraction        | 0.101       |
|    clip_range           | 0.2         |
|    entropy_loss         | -17.6       |
|    explained_variance   | 0.858       |
|    learning_rate        | 0.0001      |
|    loss                 | 161         |
|    n_updates            | 15690       |
|    policy_gradient_loss | -0.026      |
|    std                  | 2.22        |
|    value_loss           | 586         |
-----------------------------------------
-----------------------------------------
| rollout/                |             |
|    ep_len_mean          | 237         |
|    ep_rew_mean          | 52.2        |
|    success_rate         | 0           |
| time/                   |             |
|    fps                  | 1817        |
|    iterations           | 53          |
|    time_elapsed         | 29          |
|    total_timesteps      | 1608704     |
| train/                  |             |
|    approx_kl            | 0.009584667 |
|    clip_fraction        | 0.102       |
|    clip_range           | 0.2         |
|    entropy_loss         | -17.6       |
|    explained_variance   | 0.93        |
|    learning_rate        | 0.0001      |
|    loss                 | 505         |
|    n_updates            | 15700       |
|    policy_gradient_loss | -0.027      |
|    std                  | 2.22        |
|    value_loss           | 1.09e+03    |
-----------------------------------------
-----------------------------------------
| rollout/                |             |
|    ep_len_mean          | 232         |
|    ep_rew_mean          | 23.8        |
|    success_rate         | 0           |
| time/                   |             |
|    fps                  | 1816        |
|    iterations           | 54          |
|    time_elapsed         | 30          |
|    total_timesteps      | 1609728     |
| train/                  |             |
|    approx_kl            | 0.015559858 |
|    clip_fraction        | 0.139       |
|    clip_range           | 0.2         |
|    entropy_loss         | -17.6       |
|    explained_variance   | 0.967       |
|    learning_rate        | 0.0001      |
|    loss                 | 11.6        |
|    n_updates            | 15710       |
|    policy_gradient_loss | -0.0309     |
|    std                  | 2.22        |
|    value_loss           | 73.5        |
-----------------------------------------
----------------------------------------
| rollout/                |            |
|    ep_len_mean          | 231        |
|    ep_rew_mean          | 36.4       |
|    success_rate         | 0          |
| time/                   |            |
|    fps                  | 1816       |
|    iterations           | 55         |
|    time_elapsed         | 31         |
|    total_timesteps      | 1610752    |
| train/                  |            |
|    approx_kl            | 0.01011139 |
|    clip_fraction        | 0.0858     |
|    clip_range           | 0.2        |
|    entropy_loss         | -17.6      |
|    explained_variance   | 0.93       |
|    learning_rate        | 0.0001     |
|    loss                 | 338        |
|    n_updates            | 15720      |
|    policy_gradient_loss | -0.0214    |
|    std                  | 2.22       |
|    value_loss           | 1.06e+03   |
----------------------------------------
-----------------------------------------
| rollout/                |             |
|    ep_len_mean          | 234         |
|    ep_rew_mean          | 40.7        |
|    success_rate         | 0           |
| time/                   |             |
|    fps                  | 1815        |
|    iterations           | 56          |
|    time_elapsed         | 31          |
|    total_timesteps      | 1611776     |
| train/                  |             |
|    approx_kl            | 0.011481214 |
|    clip_fraction        | 0.0987      |
|    clip_range           | 0.2         |
|    entropy_loss         | -17.6       |
|    explained_variance   | 0.676       |
|    learning_rate        | 0.0001      |
|    loss                 | 213         |
|    n_updates            | 15730       |
|    policy_gradient_loss | -0.0238     |
|    std                  | 2.22        |
|    value_loss           | 770         |
-----------------------------------------
-----------------------------------------
| rollout/                |             |
|    ep_len_mean          | 231         |
|    ep_rew_mean          | 32.1        |
|    success_rate         | 0           |
| time/                   |             |
|    fps                  | 1815        |
|    iterations           | 57          |
|    time_elapsed         | 32          |
|    total_timesteps      | 1612800     |
| train/                  |             |
|    approx_kl            | 0.018311981 |
|    clip_fraction        | 0.188       |
|    clip_range           | 0.2         |
|    entropy_loss         | -17.6       |
|    explained_variance   | 0.964       |
|    learning_rate        | 0.0001      |
|    loss                 | 13.3        |
|    n_updates            | 15740       |
|    policy_gradient_loss | -0.0318     |
|    std                  | 2.23        |
|    value_loss           | 68.8        |
-----------------------------------------
-----------------------------------------
| rollout/                |             |
|    ep_len_mean          | 228         |
|    ep_rew_mean          | 33.5        |
|    success_rate         | 0           |
| time/                   |             |
|    fps                  | 1814        |
|    iterations           | 58          |
|    time_elapsed         | 32          |
|    total_timesteps      | 1613824     |
| train/                  |             |
|    approx_kl            | 0.008202874 |
|    clip_fraction        | 0.115       |
|    clip_range           | 0.2         |
|    entropy_loss         | -17.6       |
|    explained_variance   | 0.902       |
|    learning_rate        | 0.0001      |
|    loss                 | 290         |
|    n_updates            | 15750       |
|    policy_gradient_loss | -0.0166     |
|    std                  | 2.23        |
|    value_loss           | 1.02e+03    |
-----------------------------------------
-----------------------------------------
| rollout/                |             |
|    ep_len_mean          | 230         |
|    ep_rew_mean          | 41.7        |
|    success_rate         | 0           |
| time/                   |             |
|    fps                  | 1812        |
|    iterations           | 59          |
|    time_elapsed         | 33          |
|    total_timesteps      | 1614848     |
| train/                  |             |
|    approx_kl            | 0.014856905 |
|    clip_fraction        | 0.131       |
|    clip_range           | 0.2         |
|    entropy_loss         | -17.6       |
|    explained_variance   | 0.875       |
|    learning_rate        | 0.0001      |
|    loss                 | 297         |
|    n_updates            | 15760       |
|    policy_gradient_loss | -0.0257     |
|    std                  | 2.23        |
|    value_loss           | 443         |
-----------------------------------------
-----------------------------------------
| rollout/                |             |
|    ep_len_mean          | 231         |
|    ep_rew_mean          | 46.9        |
|    success_rate         | 0           |
| time/                   |             |
|    fps                  | 1813        |
|    iterations           | 60          |
|    time_elapsed         | 33          |
|    total_timesteps      | 1615872     |
| train/                  |             |
|    approx_kl            | 0.034736697 |
|    clip_fraction        | 0.248       |
|    clip_range           | 0.2         |
|    entropy_loss         | -17.6       |
|    explained_variance   | 0.934       |
|    learning_rate        | 0.0001      |
|    loss                 | 10.7        |
|    n_updates            | 15770       |
|    policy_gradient_loss | -0.0326     |
|    std                  | 2.23        |
|    value_loss           | 46.4        |
-----------------------------------------
-----------------------------------------
| rollout/                |             |
|    ep_len_mean          | 229         |
|    ep_rew_mean          | 46.5        |
|    success_rate         | 0           |
| time/                   |             |
|    fps                  | 1813        |
|    iterations           | 61          |
|    time_elapsed         | 34          |
|    total_timesteps      | 1616896     |
| train/                  |             |
|    approx_kl            | 0.013000101 |
|    clip_fraction        | 0.2         |
|    clip_range           | 0.2         |
|    entropy_loss         | -17.6       |
|    explained_variance   | 0.583       |
|    learning_rate        | 0.0001      |
|    loss                 | 58.7        |
|    n_updates            | 15780       |
|    policy_gradient_loss | -0.0204     |
|    std                  | 2.23        |
|    value_loss           | 338         |
-----------------------------------------
-----------------------------------------
| rollout/                |             |
|    ep_len_mean          | 222         |
|    ep_rew_mean          | 51.5        |
|    success_rate         | 0           |
| time/                   |             |
|    fps                  | 1813        |
|    iterations           | 62          |
|    time_elapsed         | 35          |
|    total_timesteps      | 1617920     |
| train/                  |             |
|    approx_kl            | 0.016967617 |
|    clip_fraction        | 0.147       |
|    clip_range           | 0.2         |
|    entropy_loss         | -17.6       |
|    explained_variance   | 0.788       |
|    learning_rate        | 0.0001      |
|    loss                 | 18.9        |
|    n_updates            | 15790       |
|    policy_gradient_loss | -0.0295     |
|    std                  | 2.23        |
|    value_loss           | 84.2        |
-----------------------------------------
-----------------------------------------
| rollout/                |             |
|    ep_len_mean          | 212         |
|    ep_rew_mean          | 40.6        |
|    success_rate         | 0           |
| time/                   |             |
|    fps                  | 1813        |
|    iterations           | 63          |
|    time_elapsed         | 35          |
|    total_timesteps      | 1618944     |
| train/                  |             |
|    approx_kl            | 0.014421223 |
|    clip_fraction        | 0.195       |
|    clip_range           | 0.2         |
|    entropy_loss         | -17.6       |
|    explained_variance   | 0.724       |
|    learning_rate        | 0.0001      |
|    loss                 | 180         |
|    n_updates            | 15800       |
|    policy_gradient_loss | -0.0356     |
|    std                  | 2.23        |
|    value_loss           | 367         |
-----------------------------------------
-----------------------------------------
| rollout/                |             |
|    ep_len_mean          | 211         |
|    ep_rew_mean          | 27.1        |
|    success_rate         | 0           |
| time/                   |             |
|    fps                  | 1813        |
|    iterations           | 64          |
|    time_elapsed         | 36          |
|    total_timesteps      | 1619968     |
| train/                  |             |
|    approx_kl            | 0.012417235 |
|    clip_fraction        | 0.142       |
|    clip_range           | 0.2         |
|    entropy_loss         | -17.6       |
|    explained_variance   | 0.617       |
|    learning_rate        | 0.0001      |
|    loss                 | 165         |
|    n_updates            | 15810       |
|    policy_gradient_loss | -0.0293     |
|    std                  | 2.23        |
|    value_loss           | 798         |
-----------------------------------------
-----------------------------------------
| rollout/                |             |
|    ep_len_mean          | 211         |
|    ep_rew_mean          | 26.9        |
|    success_rate         | 0           |
| time/                   |             |
|    fps                  | 1813        |
|    iterations           | 65          |
|    time_elapsed         | 36          |
|    total_timesteps      | 1620992     |
| train/                  |             |
|    approx_kl            | 0.012684763 |
|    clip_fraction        | 0.122       |
|    clip_range           | 0.2         |
|    entropy_loss         | -17.6       |
|    explained_variance   | 0.971       |
|    learning_rate        | 0.0001      |
|    loss                 | 72.7        |
|    n_updates            | 15820       |
|    policy_gradient_loss | -0.0292     |
|    std                  | 2.23        |
|    value_loss           | 312         |
-----------------------------------------
-----------------------------------------
| rollout/                |             |
|    ep_len_mean          | 212         |
|    ep_rew_mean          | 24.9        |
|    success_rate         | 0           |
| time/                   |             |
|    fps                  | 1812        |
|    iterations           | 66          |
|    time_elapsed         | 37          |
|    total_timesteps      | 1622016     |
| train/                  |             |
|    approx_kl            | 0.011918524 |
|    clip_fraction        | 0.114       |
|    clip_range           | 0.2         |
|    entropy_loss         | -17.6       |
|    explained_variance   | 0.923       |
|    learning_rate        | 0.0001      |
|    loss                 | 86.3        |
|    n_updates            | 15830       |
|    policy_gradient_loss | -0.0277     |
|    std                  | 2.23        |
|    value_loss           | 215         |
-----------------------------------------
-----------------------------------------
| rollout/                |             |
|    ep_len_mean          | 217         |
|    ep_rew_mean          | 35.7        |
|    success_rate         | 0           |
| time/                   |             |
|    fps                  | 1811        |
|    iterations           | 67          |
|    time_elapsed         | 37          |
|    total_timesteps      | 1623040     |
| train/                  |             |
|    approx_kl            | 0.022575611 |
|    clip_fraction        | 0.169       |
|    clip_range           | 0.2         |
|    entropy_loss         | -17.6       |
|    explained_variance   | 0.807       |
|    learning_rate        | 0.0001      |
|    loss                 | 23.6        |
|    n_updates            | 15840       |
|    policy_gradient_loss | -0.0352     |
|    std                  | 2.24        |
|    value_loss           | 104         |
-----------------------------------------
----------------------------------------
| rollout/                |            |
|    ep_len_mean          | 221        |
|    ep_rew_mean          | 40         |
|    success_rate         | 0          |
| time/                   |            |
|    fps                  | 1811       |
|    iterations           | 68         |
|    time_elapsed         | 38         |
|    total_timesteps      | 1624064    |
| train/                  |            |
|    approx_kl            | 0.03572492 |
|    clip_fraction        | 0.217      |
|    clip_range           | 0.2        |
|    entropy_loss         | -17.7      |
|    explained_variance   | 0.76       |
|    learning_rate        | 0.0001     |
|    loss                 | 6.08       |
|    n_updates            | 15850      |
|    policy_gradient_loss | -0.031     |
|    std                  | 2.24       |
|    value_loss           | 40.4       |
----------------------------------------
-----------------------------------------
| rollout/                |             |
|    ep_len_mean          | 220         |
|    ep_rew_mean          | 31.2        |
|    success_rate         | 0           |
| time/                   |             |
|    fps                  | 1811        |
|    iterations           | 69          |
|    time_elapsed         | 39          |
|    total_timesteps      | 1625088     |
| train/                  |             |
|    approx_kl            | 0.021745153 |
|    clip_fraction        | 0.232       |
|    clip_range           | 0.2         |
|    entropy_loss         | -17.7       |
|    explained_variance   | 0.829       |
|    learning_rate        | 0.0001      |
|    loss                 | 25.6        |
|    n_updates            | 15860       |
|    policy_gradient_loss | -0.0357     |
|    std                  | 2.24        |
|    value_loss           | 95          |
-----------------------------------------
-----------------------------------------
| rollout/                |             |
|    ep_len_mean          | 220         |
|    ep_rew_mean          | 30.8        |
|    success_rate         | 0           |
| time/                   |             |
|    fps                  | 1811        |
|    iterations           | 70          |
|    time_elapsed         | 39          |
|    total_timesteps      | 1626112     |
| train/                  |             |
|    approx_kl            | 0.014171117 |
|    clip_fraction        | 0.155       |
|    clip_range           | 0.2         |
|    entropy_loss         | -17.7       |
|    explained_variance   | 0.96        |
|    learning_rate        | 0.0001      |
|    loss                 | 56.2        |
|    n_updates            | 15870       |
|    policy_gradient_loss | -0.0341     |
|    std                  | 2.24        |
|    value_loss           | 137         |
-----------------------------------------
-----------------------------------------
| rollout/                |             |
|    ep_len_mean          | 222         |
|    ep_rew_mean          | 46.1        |
|    success_rate         | 0           |
| time/                   |             |
|    fps                  | 1809        |
|    iterations           | 71          |
|    time_elapsed         | 40          |
|    total_timesteps      | 1627136     |
| train/                  |             |
|    approx_kl            | 0.016114943 |
|    clip_fraction        | 0.136       |
|    clip_range           | 0.2         |
|    entropy_loss         | -17.7       |
|    explained_variance   | 0.743       |
|    learning_rate        | 0.0001      |
|    loss                 | 38.2        |
|    n_updates            | 15880       |
|    policy_gradient_loss | -0.0262     |
|    std                  | 2.24        |
|    value_loss           | 138         |
-----------------------------------------
------------------------------------------
| rollout/                |              |
|    ep_len_mean          | 225          |
|    ep_rew_mean          | 62           |
|    success_rate         | 0            |
| time/                   |              |
|    fps                  | 1810         |
|    iterations           | 72           |
|    time_elapsed         | 40           |
|    total_timesteps      | 1628160      |
| train/                  |              |
|    approx_kl            | 0.0118486285 |
|    clip_fraction        | 0.124        |
|    clip_range           | 0.2          |
|    entropy_loss         | -17.7        |
|    explained_variance   | 0.531        |
|    learning_rate        | 0.0001       |
|    loss                 | 94.1         |
|    n_updates            | 15890        |
|    policy_gradient_loss | -0.0304      |
|    std                  | 2.25         |
|    value_loss           | 337          |
------------------------------------------
-----------------------------------------
| rollout/                |             |
|    ep_len_mean          | 227         |
|    ep_rew_mean          | 60.1        |
|    success_rate         | 0           |
| time/                   |             |
|    fps                  | 1810        |
|    iterations           | 73          |
|    time_elapsed         | 41          |
|    total_timesteps      | 1629184     |
| train/                  |             |
|    approx_kl            | 0.014427453 |
|    clip_fraction        | 0.153       |
|    clip_range           | 0.2         |
|    entropy_loss         | -17.7       |
|    explained_variance   | 0.783       |
|    learning_rate        | 0.0001      |
|    loss                 | 57          |
|    n_updates            | 15900       |
|    policy_gradient_loss | -0.0301     |
|    std                  | 2.25        |
|    value_loss           | 204         |
-----------------------------------------
-----------------------------------------
| rollout/                |             |
|    ep_len_mean          | 229         |
|    ep_rew_mean          | 67          |
|    success_rate         | 0           |
| time/                   |             |
|    fps                  | 1808        |
|    iterations           | 74          |
|    time_elapsed         | 41          |
|    total_timesteps      | 1630208     |
| train/                  |             |
|    approx_kl            | 0.020724382 |
|    clip_fraction        | 0.208       |
|    clip_range           | 0.2         |
|    entropy_loss         | -17.7       |
|    explained_variance   | 0.959       |
|    learning_rate        | 0.0001      |
|    loss                 | 30.1        |
|    n_updates            | 15910       |
|    policy_gradient_loss | -0.0256     |
|    std                  | 2.25        |
|    value_loss           | 176         |
-----------------------------------------
----------------------------------------
| rollout/                |            |
|    ep_len_mean          | 230        |
|    ep_rew_mean          | 78.8       |
|    success_rate         | 0          |
| time/                   |            |
|    fps                  | 1808       |
|    iterations           | 75         |
|    time_elapsed         | 42         |
|    total_timesteps      | 1631232    |
| train/                  |            |
|    approx_kl            | 0.01225197 |
|    clip_fraction        | 0.164      |
|    clip_range           | 0.2        |
|    entropy_loss         | -17.7      |
|    explained_variance   | 0.856      |
|    learning_rate        | 0.0001     |
|    loss                 | 164        |
|    n_updates            | 15920      |
|    policy_gradient_loss | -0.0303    |
|    std                  | 2.25       |
|    value_loss           | 271        |
----------------------------------------
-----------------------------------------
| rollout/                |             |
|    ep_len_mean          | 225         |
|    ep_rew_mean          | 89.7        |
|    success_rate         | 0           |
| time/                   |             |
|    fps                  | 1809        |
|    iterations           | 76          |
|    time_elapsed         | 43          |
|    total_timesteps      | 1632256     |
| train/                  |             |
|    approx_kl            | 0.013712774 |
|    clip_fraction        | 0.131       |
|    clip_range           | 0.2         |
|    entropy_loss         | -17.7       |
|    explained_variance   | 0.947       |
|    learning_rate        | 0.0001      |
|    loss                 | 40.6        |
|    n_updates            | 15930       |
|    policy_gradient_loss | -0.0285     |
|    std                  | 2.25        |
|    value_loss           | 147         |
-----------------------------------------
------------------------------------------
| rollout/                |              |
|    ep_len_mean          | 225          |
|    ep_rew_mean          | 97.2         |
|    success_rate         | 0            |
| time/                   |              |
|    fps                  | 1809         |
|    iterations           | 77           |
|    time_elapsed         | 43           |
|    total_timesteps      | 1633280      |
| train/                  |              |
|    approx_kl            | 0.0132289305 |
|    clip_fraction        | 0.12         |
|    clip_range           | 0.2          |
|    entropy_loss         | -17.7        |
|    explained_variance   | 0.807        |
|    learning_rate        | 0.0001       |
|    loss                 | 273          |
|    n_updates            | 15940        |
|    policy_gradient_loss | -0.026       |
|    std                  | 2.25         |
|    value_loss           | 816          |
------------------------------------------
-----------------------------------------
| rollout/                |             |
|    ep_len_mean          | 219         |
|    ep_rew_mean          | 93.1        |
|    success_rate         | 0           |
| time/                   |             |
|    fps                  | 1809        |
|    iterations           | 78          |
|    time_elapsed         | 44          |
|    total_timesteps      | 1634304     |
| train/                  |             |
|    approx_kl            | 0.016721375 |
|    clip_fraction        | 0.178       |
|    clip_range           | 0.2         |
|    entropy_loss         | -17.7       |
|    explained_variance   | 0.824       |
|    learning_rate        | 0.0001      |
|    loss                 | 83.9        |
|    n_updates            | 15950       |
|    policy_gradient_loss | -0.0304     |
|    std                  | 2.25        |
|    value_loss           | 199         |
-----------------------------------------
----------------------------------------
| rollout/                |            |
|    ep_len_mean          | 219        |
|    ep_rew_mean          | 102        |
|    success_rate         | 0          |
| time/                   |            |
|    fps                  | 1809       |
|    iterations           | 79         |
|    time_elapsed         | 44         |
|    total_timesteps      | 1635328    |
| train/                  |            |
|    approx_kl            | 0.01071402 |
|    clip_fraction        | 0.117      |
|    clip_range           | 0.2        |
|    entropy_loss         | -17.7      |
|    explained_variance   | 0.872      |
|    learning_rate        | 0.0001     |
|    loss                 | 132        |
|    n_updates            | 15960      |
|    policy_gradient_loss | -0.0286    |
|    std                  | 2.25       |
|    value_loss           | 414        |
----------------------------------------
----------------------------------------
| rollout/                |            |
|    ep_len_mean          | 216        |
|    ep_rew_mean          | 96.6       |
|    success_rate         | 0          |
| time/                   |            |
|    fps                  | 1809       |
|    iterations           | 80         |
|    time_elapsed         | 45         |
|    total_timesteps      | 1636352    |
| train/                  |            |
|    approx_kl            | 0.02164863 |
|    clip_fraction        | 0.154      |
|    clip_range           | 0.2        |
|    entropy_loss         | -17.7      |
|    explained_variance   | 0.959      |
|    learning_rate        | 0.0001     |
|    loss                 | 52.3       |
|    n_updates            | 15970      |
|    policy_gradient_loss | -0.0301    |
|    std                  | 2.26       |
|    value_loss           | 74.7       |
----------------------------------------
-----------------------------------------
| rollout/                |             |
|    ep_len_mean          | 214         |
|    ep_rew_mean          | 85.9        |
|    success_rate         | 0           |
| time/                   |             |
|    fps                  | 1808        |
|    iterations           | 81          |
|    time_elapsed         | 45          |
|    total_timesteps      | 1637376     |
| train/                  |             |
|    approx_kl            | 0.017474663 |
|    clip_fraction        | 0.178       |
|    clip_range           | 0.2         |
|    entropy_loss         | -17.7       |
|    explained_variance   | 0.935       |
|    learning_rate        | 0.0001      |
|    loss                 | 43.7        |
|    n_updates            | 15980       |
|    policy_gradient_loss | -0.037      |
|    std                  | 2.26        |
|    value_loss           | 140         |
-----------------------------------------
-----------------------------------------
| rollout/                |             |
|    ep_len_mean          | 214         |
|    ep_rew_mean          | 84.9        |
|    success_rate         | 0           |
| time/                   |             |
|    fps                  | 1807        |
|    iterations           | 82          |
|    time_elapsed         | 46          |
|    total_timesteps      | 1638400     |
| train/                  |             |
|    approx_kl            | 0.019438315 |
|    clip_fraction        | 0.193       |
|    clip_range           | 0.2         |
|    entropy_loss         | -17.7       |
|    explained_variance   | 0.931       |
|    learning_rate        | 0.0001      |
|    loss                 | 58.6        |
|    n_updates            | 15990       |
|    policy_gradient_loss | -0.0311     |
|    std                  | 2.26        |
|    value_loss           | 177         |
-----------------------------------------
-----------------------------------------
| rollout/                |             |
|    ep_len_mean          | 214         |
|    ep_rew_mean          | 82.5        |
|    success_rate         | 0           |
| time/                   |             |
|    fps                  | 1807        |
|    iterations           | 83          |
|    time_elapsed         | 47          |
|    total_timesteps      | 1639424     |
| train/                  |             |
|    approx_kl            | 0.017024849 |
|    clip_fraction        | 0.158       |
|    clip_range           | 0.2         |
|    entropy_loss         | -17.7       |
|    explained_variance   | 0.807       |
|    learning_rate        | 0.0001      |
|    loss                 | 35.8        |
|    n_updates            | 16000       |
|    policy_gradient_loss | -0.0327     |
|    std                  | 2.26        |
|    value_loss           | 112         |
-----------------------------------------
-----------------------------------------
| rollout/                |             |
|    ep_len_mean          | 218         |
|    ep_rew_mean          | 90.5        |
|    success_rate         | 0           |
| time/                   |             |
|    fps                  | 1807        |
|    iterations           | 84          |
|    time_elapsed         | 47          |
|    total_timesteps      | 1640448     |
| train/                  |             |
|    approx_kl            | 0.015203155 |
|    clip_fraction        | 0.185       |
|    clip_range           | 0.2         |
|    entropy_loss         | -17.7       |
|    explained_variance   | 0.658       |
|    learning_rate        | 0.0001      |
|    loss                 | 105         |
|    n_updates            | 16010       |
|    policy_gradient_loss | -0.034      |
|    std                  | 2.26        |
|    value_loss           | 324         |
-----------------------------------------
-----------------------------------------
| rollout/                |             |
|    ep_len_mean          | 222         |
|    ep_rew_mean          | 78.8        |
|    success_rate         | 0           |
| time/                   |             |
|    fps                  | 1807        |
|    iterations           | 85          |
|    time_elapsed         | 48          |
|    total_timesteps      | 1641472     |
| train/                  |             |
|    approx_kl            | 0.018112322 |
|    clip_fraction        | 0.197       |
|    clip_range           | 0.2         |
|    entropy_loss         | -17.7       |
|    explained_variance   | 0.965       |
|    learning_rate        | 0.0001      |
|    loss                 | 29.4        |
|    n_updates            | 16020       |
|    policy_gradient_loss | -0.0278     |
|    std                  | 2.26        |
|    value_loss           | 82.8        |
-----------------------------------------
-----------------------------------------
| rollout/                |             |
|    ep_len_mean          | 220         |
|    ep_rew_mean          | 84.4        |
|    success_rate         | 0           |
| time/                   |             |
|    fps                  | 1808        |
|    iterations           | 86          |
|    time_elapsed         | 48          |
|    total_timesteps      | 1642496     |
| train/                  |             |
|    approx_kl            | 0.013392039 |
|    clip_fraction        | 0.103       |
|    clip_range           | 0.2         |
|    entropy_loss         | -17.7       |
|    explained_variance   | 0.961       |
|    learning_rate        | 0.0001      |
|    loss                 | 97.1        |
|    n_updates            | 16030       |
|    policy_gradient_loss | -0.0253     |
|    std                  | 2.26        |
|    value_loss           | 196         |
-----------------------------------------
-----------------------------------------
| rollout/                |             |
|    ep_len_mean          | 211         |
|    ep_rew_mean          | 74          |
|    success_rate         | 0           |
| time/                   |             |
|    fps                  | 1808        |
|    iterations           | 87          |
|    time_elapsed         | 49          |
|    total_timesteps      | 1643520     |
| train/                  |             |
|    approx_kl            | 0.015361877 |
|    clip_fraction        | 0.189       |
|    clip_range           | 0.2         |
|    entropy_loss         | -17.7       |
|    explained_variance   | 0.898       |
|    learning_rate        | 0.0001      |
|    loss                 | 170         |
|    n_updates            | 16040       |
|    policy_gradient_loss | -0.0261     |
|    std                  | 2.26        |
|    value_loss           | 310         |
-----------------------------------------
----------------------------------------
| rollout/                |            |
|    ep_len_mean          | 210        |
|    ep_rew_mean          | 68.4       |
|    success_rate         | 0          |
| time/                   |            |
|    fps                  | 1809       |
|    iterations           | 88         |
|    time_elapsed         | 49         |
|    total_timesteps      | 1644544    |
| train/                  |            |
|    approx_kl            | 0.01414785 |
|    clip_fraction        | 0.109      |
|    clip_range           | 0.2        |
|    entropy_loss         | -17.7      |
|    explained_variance   | 0.81       |
|    learning_rate        | 0.0001     |
|    loss                 | 158        |
|    n_updates            | 16050      |
|    policy_gradient_loss | -0.0258    |
|    std                  | 2.27       |
|    value_loss           | 481        |
----------------------------------------
-----------------------------------------
| rollout/                |             |
|    ep_len_mean          | 211         |
|    ep_rew_mean          | 73.9        |
|    success_rate         | 0           |
| time/                   |             |
|    fps                  | 1809        |
|    iterations           | 89          |
|    time_elapsed         | 50          |
|    total_timesteps      | 1645568     |
| train/                  |             |
|    approx_kl            | 0.016971244 |
|    clip_fraction        | 0.158       |
|    clip_range           | 0.2         |
|    entropy_loss         | -17.7       |
|    explained_variance   | 0.879       |
|    learning_rate        | 0.0001      |
|    loss                 | 57.4        |
|    n_updates            | 16060       |
|    policy_gradient_loss | -0.0288     |
|    std                  | 2.27        |
|    value_loss           | 153         |
-----------------------------------------
----------------------------------------
| rollout/                |            |
|    ep_len_mean          | 212        |
|    ep_rew_mean          | 78.7       |
|    success_rate         | 0          |
| time/                   |            |
|    fps                  | 1809       |
|    iterations           | 90         |
|    time_elapsed         | 50         |
|    total_timesteps      | 1646592    |
| train/                  |            |
|    approx_kl            | 0.01865327 |
|    clip_fraction        | 0.179      |
|    clip_range           | 0.2        |
|    entropy_loss         | -17.8      |
|    explained_variance   | 0.859      |
|    learning_rate        | 0.0001     |
|    loss                 | 18.6       |
|    n_updates            | 16070      |
|    policy_gradient_loss | -0.0406    |
|    std                  | 2.27       |
|    value_loss           | 67.4       |
----------------------------------------
-----------------------------------------
| rollout/                |             |
|    ep_len_mean          | 211         |
|    ep_rew_mean          | 53.3        |
|    success_rate         | 0           |
| time/                   |             |
|    fps                  | 1810        |
|    iterations           | 91          |
|    time_elapsed         | 51          |
|    total_timesteps      | 1647616     |
| train/                  |             |
|    approx_kl            | 0.011444703 |
|    clip_fraction        | 0.15        |
|    clip_range           | 0.2         |
|    entropy_loss         | -17.8       |
|    explained_variance   | 0.796       |
|    learning_rate        | 0.0001      |
|    loss                 | 380         |
|    n_updates            | 16080       |
|    policy_gradient_loss | -0.0243     |
|    std                  | 2.27        |
|    value_loss           | 735         |
-----------------------------------------
-----------------------------------------
| rollout/                |             |
|    ep_len_mean          | 211         |
|    ep_rew_mean          | 49.4        |
|    success_rate         | 0           |
| time/                   |             |
|    fps                  | 1810        |
|    iterations           | 92          |
|    time_elapsed         | 52          |
|    total_timesteps      | 1648640     |
| train/                  |             |
|    approx_kl            | 0.012118062 |
|    clip_fraction        | 0.105       |
|    clip_range           | 0.2         |
|    entropy_loss         | -17.8       |
|    explained_variance   | 0.953       |
|    learning_rate        | 0.0001      |
|    loss                 | 149         |
|    n_updates            | 16090       |
|    policy_gradient_loss | -0.028      |
|    std                  | 2.27        |
|    value_loss           | 743         |
-----------------------------------------
-----------------------------------------
| rollout/                |             |
|    ep_len_mean          | 211         |
|    ep_rew_mean          | 40.2        |
|    success_rate         | 0           |
| time/                   |             |
|    fps                  | 1811        |
|    iterations           | 93          |
|    time_elapsed         | 52          |
|    total_timesteps      | 1649664     |
| train/                  |             |
|    approx_kl            | 0.018366158 |
|    clip_fraction        | 0.178       |
|    clip_range           | 0.2         |
|    entropy_loss         | -17.8       |
|    explained_variance   | 0.954       |
|    learning_rate        | 0.0001      |
|    loss                 | 92.5        |
|    n_updates            | 16100       |
|    policy_gradient_loss | -0.0331     |
|    std                  | 2.28        |
|    value_loss           | 268         |
-----------------------------------------
-----------------------------------------
| rollout/                |             |
|    ep_len_mean          | 211         |
|    ep_rew_mean          | 43.6        |
|    success_rate         | 0           |
| time/                   |             |
|    fps                  | 1811        |
|    iterations           | 94          |
|    time_elapsed         | 53          |
|    total_timesteps      | 1650688     |
| train/                  |             |
|    approx_kl            | 0.019683003 |
|    clip_fraction        | 0.16        |
|    clip_range           | 0.2         |
|    entropy_loss         | -17.8       |
|    explained_variance   | 0.91        |
|    learning_rate        | 0.0001      |
|    loss                 | 25          |
|    n_updates            | 16110       |
|    policy_gradient_loss | -0.0365     |
|    std                  | 2.28        |
|    value_loss           | 80.1        |
-----------------------------------------
----------------------------------------
| rollout/                |            |
|    ep_len_mean          | 214        |
|    ep_rew_mean          | 50.7       |
|    success_rate         | 0          |
| time/                   |            |
|    fps                  | 1812       |
|    iterations           | 95         |
|    time_elapsed         | 53         |
|    total_timesteps      | 1651712    |
| train/                  |            |
|    approx_kl            | 0.02594211 |
|    clip_fraction        | 0.214      |
|    clip_range           | 0.2        |
|    entropy_loss         | -17.8      |
|    explained_variance   | 0.946      |
|    learning_rate        | 0.0001     |
|    loss                 | 8.12       |
|    n_updates            | 16120      |
|    policy_gradient_loss | -0.0275    |
|    std                  | 2.28       |
|    value_loss           | 42.8       |
----------------------------------------
----------------------------------------
| rollout/                |            |
|    ep_len_mean          | 214        |
|    ep_rew_mean          | 42.1       |
|    success_rate         | 0          |
| time/                   |            |
|    fps                  | 1812       |
|    iterations           | 96         |
|    time_elapsed         | 54         |
|    total_timesteps      | 1652736    |
| train/                  |            |
|    approx_kl            | 0.02005243 |
|    clip_fraction        | 0.239      |
|    clip_range           | 0.2        |
|    entropy_loss         | -17.8      |
|    explained_variance   | 0.95       |
|    learning_rate        | 0.0001     |
|    loss                 | 81.4       |
|    n_updates            | 16130      |
|    policy_gradient_loss | -0.0295    |
|    std                  | 2.28       |
|    value_loss           | 110        |
----------------------------------------
-----------------------------------------
| rollout/                |             |
|    ep_len_mean          | 219         |
|    ep_rew_mean          | 51.7        |
|    success_rate         | 0           |
| time/                   |             |
|    fps                  | 1812        |
|    iterations           | 97          |
|    time_elapsed         | 54          |
|    total_timesteps      | 1653760     |
| train/                  |             |
|    approx_kl            | 0.015501758 |
|    clip_fraction        | 0.129       |
|    clip_range           | 0.2         |
|    entropy_loss         | -17.8       |
|    explained_variance   | 0.953       |
|    learning_rate        | 0.0001      |
|    loss                 | 65.9        |
|    n_updates            | 16140       |
|    policy_gradient_loss | -0.031      |
|    std                  | 2.28        |
|    value_loss           | 150         |
-----------------------------------------
-----------------------------------------
| rollout/                |             |
|    ep_len_mean          | 224         |
|    ep_rew_mean          | 59.8        |
|    success_rate         | 0           |
| time/                   |             |
|    fps                  | 1812        |
|    iterations           | 98          |
|    time_elapsed         | 55          |
|    total_timesteps      | 1654784     |
| train/                  |             |
|    approx_kl            | 0.027581107 |
|    clip_fraction        | 0.23        |
|    clip_range           | 0.2         |
|    entropy_loss         | -17.8       |
|    explained_variance   | 0.929       |
|    learning_rate        | 0.0001      |
|    loss                 | 12.2        |
|    n_updates            | 16150       |
|    policy_gradient_loss | -0.0378     |
|    std                  | 2.28        |
|    value_loss           | 37.5        |
-----------------------------------------
-----------------------------------------
| rollout/                |             |
|    ep_len_mean          | 227         |
|    ep_rew_mean          | 61.5        |
|    success_rate         | 0           |
| time/                   |             |
|    fps                  | 1811        |
|    iterations           | 99          |
|    time_elapsed         | 55          |
|    total_timesteps      | 1655808     |
| train/                  |             |
|    approx_kl            | 0.021926925 |
|    clip_fraction        | 0.216       |
|    clip_range           | 0.2         |
|    entropy_loss         | -17.8       |
|    explained_variance   | 0.936       |
|    learning_rate        | 0.0001      |
|    loss                 | 16          |
|    n_updates            | 16160       |
|    policy_gradient_loss | -0.034      |
|    std                  | 2.28        |
|    value_loss           | 44.9        |
-----------------------------------------
-----------------------------------------
| rollout/                |             |
|    ep_len_mean          | 227         |
|    ep_rew_mean          | 59.5        |
|    success_rate         | 0           |
| time/                   |             |
|    fps                  | 1812        |
|    iterations           | 100         |
|    time_elapsed         | 56          |
|    total_timesteps      | 1656832     |
| train/                  |             |
|    approx_kl            | 0.029818464 |
|    clip_fraction        | 0.251       |
|    clip_range           | 0.2         |
|    entropy_loss         | -17.8       |
|    explained_variance   | 0.919       |
|    learning_rate        | 0.0001      |
|    loss                 | 14          |
|    n_updates            | 16170       |
|    policy_gradient_loss | -0.0344     |
|    std                  | 2.29        |
|    value_loss           | 40.3        |
-----------------------------------------
-----------------------------------------
| rollout/                |             |
|    ep_len_mean          | 229         |
|    ep_rew_mean          | 61.4        |
|    success_rate         | 0           |
| time/                   |             |
|    fps                  | 1812        |
|    iterations           | 101         |
|    time_elapsed         | 57          |
|    total_timesteps      | 1657856     |
| train/                  |             |
|    approx_kl            | 0.010949026 |
|    clip_fraction        | 0.16        |
|    clip_range           | 0.2         |
|    entropy_loss         | -17.8       |
|    explained_variance   | 0.606       |
|    learning_rate        | 0.0001      |
|    loss                 | 64.5        |
|    n_updates            | 16180       |
|    policy_gradient_loss | -0.0296     |
|    std                  | 2.29        |
|    value_loss           | 313         |
-----------------------------------------
-----------------------------------------
| rollout/                |             |
|    ep_len_mean          | 231         |
|    ep_rew_mean          | 68.3        |
|    success_rate         | 0           |
| time/                   |             |
|    fps                  | 1813        |
|    iterations           | 102         |
|    time_elapsed         | 57          |
|    total_timesteps      | 1658880     |
| train/                  |             |
|    approx_kl            | 0.011869421 |
|    clip_fraction        | 0.126       |
|    clip_range           | 0.2         |
|    entropy_loss         | -17.8       |
|    explained_variance   | 0.771       |
|    learning_rate        | 0.0001      |
|    loss                 | 80.5        |
|    n_updates            | 16190       |
|    policy_gradient_loss | -0.024      |
|    std                  | 2.29        |
|    value_loss           | 478         |
-----------------------------------------
-----------------------------------------
| rollout/                |             |
|    ep_len_mean          | 228         |
|    ep_rew_mean          | 63.6        |
|    success_rate         | 0           |
| time/                   |             |
|    fps                  | 1813        |
|    iterations           | 103         |
|    time_elapsed         | 58          |
|    total_timesteps      | 1659904     |
| train/                  |             |
|    approx_kl            | 0.018648136 |
|    clip_fraction        | 0.183       |
|    clip_range           | 0.2         |
|    entropy_loss         | -17.8       |
|    explained_variance   | 0.941       |
|    learning_rate        | 0.0001      |
|    loss                 | 22.9        |
|    n_updates            | 16200       |
|    policy_gradient_loss | -0.0273     |
|    std                  | 2.29        |
|    value_loss           | 68.4        |
-----------------------------------------
-----------------------------------------
| rollout/                |             |
|    ep_len_mean          | 227         |
|    ep_rew_mean          | 51.9        |
|    success_rate         | 0           |
| time/                   |             |
|    fps                  | 1813        |
|    iterations           | 104         |
|    time_elapsed         | 58          |
|    total_timesteps      | 1660928     |
| train/                  |             |
|    approx_kl            | 0.007972021 |
|    clip_fraction        | 0.0761      |
|    clip_range           | 0.2         |
|    entropy_loss         | -17.8       |
|    explained_variance   | 0.83        |
|    learning_rate        | 0.0001      |
|    loss                 | 178         |
|    n_updates            | 16210       |
|    policy_gradient_loss | -0.0217     |
|    std                  | 2.29        |
|    value_loss           | 1.08e+03    |
-----------------------------------------
-----------------------------------------
| rollout/                |             |
|    ep_len_mean          | 228         |
|    ep_rew_mean          | 56.7        |
|    success_rate         | 0           |
| time/                   |             |
|    fps                  | 1812        |
|    iterations           | 105         |
|    time_elapsed         | 59          |
|    total_timesteps      | 1661952     |
| train/                  |             |
|    approx_kl            | 0.011891358 |
|    clip_fraction        | 0.137       |
|    clip_range           | 0.2         |
|    entropy_loss         | -17.8       |
|    explained_variance   | 0.98        |
|    learning_rate        | 0.0001      |
|    loss                 | 64.2        |
|    n_updates            | 16220       |
|    policy_gradient_loss | -0.0322     |
|    std                  | 2.29        |
|    value_loss           | 204         |
-----------------------------------------
----------------------------------------
| rollout/                |            |
|    ep_len_mean          | 233        |
|    ep_rew_mean          | 61.6       |
|    success_rate         | 0          |
| time/                   |            |
|    fps                  | 1813       |
|    iterations           | 106        |
|    time_elapsed         | 59         |
|    total_timesteps      | 1662976    |
| train/                  |            |
|    approx_kl            | 0.03308439 |
|    clip_fraction        | 0.229      |
|    clip_range           | 0.2        |
|    entropy_loss         | -17.8      |
|    explained_variance   | 0.96       |
|    learning_rate        | 0.0001     |
|    loss                 | 7.03       |
|    n_updates            | 16230      |
|    policy_gradient_loss | -0.0386    |
|    std                  | 2.29       |
|    value_loss           | 24.7       |
----------------------------------------
-----------------------------------------
| rollout/                |             |
|    ep_len_mean          | 233         |
|    ep_rew_mean          | 66.4        |
|    success_rate         | 0           |
| time/                   |             |
|    fps                  | 1813        |
|    iterations           | 107         |
|    time_elapsed         | 60          |
|    total_timesteps      | 1664000     |
| train/                  |             |
|    approx_kl            | 0.015180178 |
|    clip_fraction        | 0.225       |
|    clip_range           | 0.2         |
|    entropy_loss         | -17.8       |
|    explained_variance   | 0.668       |
|    learning_rate        | 0.0001      |
|    loss                 | 106         |
|    n_updates            | 16240       |
|    policy_gradient_loss | -0.0242     |
|    std                  | 2.29        |
|    value_loss           | 221         |
-----------------------------------------
----------------------------------------
| rollout/                |            |
|    ep_len_mean          | 233        |
|    ep_rew_mean          | 75.2       |
|    success_rate         | 0          |
| time/                   |            |
|    fps                  | 1813       |
|    iterations           | 108        |
|    time_elapsed         | 60         |
|    total_timesteps      | 1665024    |
| train/                  |            |
|    approx_kl            | 0.01655526 |
|    clip_fraction        | 0.134      |
|    clip_range           | 0.2        |
|    entropy_loss         | -17.8      |
|    explained_variance   | 0.94       |
|    learning_rate        | 0.0001     |
|    loss                 | 24.4       |
|    n_updates            | 16250      |
|    policy_gradient_loss | -0.0344    |
|    std                  | 2.29       |
|    value_loss           | 144        |
----------------------------------------
-----------------------------------------
| rollout/                |             |
|    ep_len_mean          | 234         |
|    ep_rew_mean          | 65.7        |
|    success_rate         | 0           |
| time/                   |             |
|    fps                  | 1814        |
|    iterations           | 109         |
|    time_elapsed         | 61          |
|    total_timesteps      | 1666048     |
| train/                  |             |
|    approx_kl            | 0.010870963 |
|    clip_fraction        | 0.119       |
|    clip_range           | 0.2         |
|    entropy_loss         | -17.8       |
|    explained_variance   | 0.936       |
|    learning_rate        | 0.0001      |
|    loss                 | 303         |
|    n_updates            | 16260       |
|    policy_gradient_loss | -0.0201     |
|    std                  | 2.29        |
|    value_loss           | 435         |
-----------------------------------------
----------------------------------------
| rollout/                |            |
|    ep_len_mean          | 237        |
|    ep_rew_mean          | 74         |
|    success_rate         | 0          |
| time/                   |            |
|    fps                  | 1814       |
|    iterations           | 110        |
|    time_elapsed         | 62         |
|    total_timesteps      | 1667072    |
| train/                  |            |
|    approx_kl            | 0.01187041 |
|    clip_fraction        | 0.12       |
|    clip_range           | 0.2        |
|    entropy_loss         | -17.8      |
|    explained_variance   | 0.942      |
|    learning_rate        | 0.0001     |
|    loss                 | 131        |
|    n_updates            | 16270      |
|    policy_gradient_loss | -0.0321    |
|    std                  | 2.29       |
|    value_loss           | 323        |
----------------------------------------
----------------------------------------
| rollout/                |            |
|    ep_len_mean          | 238        |
|    ep_rew_mean          | 79.2       |
|    success_rate         | 0          |
| time/                   |            |
|    fps                  | 1814       |
|    iterations           | 111        |
|    time_elapsed         | 62         |
|    total_timesteps      | 1668096    |
| train/                  |            |
|    approx_kl            | 0.01604067 |
|    clip_fraction        | 0.166      |
|    clip_range           | 0.2        |
|    entropy_loss         | -17.8      |
|    explained_variance   | 0.783      |
|    learning_rate        | 0.0001     |
|    loss                 | 20.4       |
|    n_updates            | 16280      |
|    policy_gradient_loss | -0.0286    |
|    std                  | 2.29       |
|    value_loss           | 188        |
----------------------------------------
-----------------------------------------
| rollout/                |             |
|    ep_len_mean          | 236         |
|    ep_rew_mean          | 63.2        |
|    success_rate         | 0           |
| time/                   |             |
|    fps                  | 1814        |
|    iterations           | 112         |
|    time_elapsed         | 63          |
|    total_timesteps      | 1669120     |
| train/                  |             |
|    approx_kl            | 0.010714915 |
|    clip_fraction        | 0.129       |
|    clip_range           | 0.2         |
|    entropy_loss         | -17.8       |
|    explained_variance   | 0.807       |
|    learning_rate        | 0.0001      |
|    loss                 | 191         |
|    n_updates            | 16290       |
|    policy_gradient_loss | -0.023      |
|    std                  | 2.29        |
|    value_loss           | 413         |
-----------------------------------------
-----------------------------------------
| rollout/                |             |
|    ep_len_mean          | 235         |
|    ep_rew_mean          | 61.9        |
|    success_rate         | 0           |
| time/                   |             |
|    fps                  | 1814        |
|    iterations           | 113         |
|    time_elapsed         | 63          |
|    total_timesteps      | 1670144     |
| train/                  |             |
|    approx_kl            | 0.012330194 |
|    clip_fraction        | 0.0872      |
|    clip_range           | 0.2         |
|    entropy_loss         | -17.8       |
|    explained_variance   | 0.951       |
|    learning_rate        | 0.0001      |
|    loss                 | 180         |
|    n_updates            | 16300       |
|    policy_gradient_loss | -0.0271     |
|    std                  | 2.29        |
|    value_loss           | 556         |
-----------------------------------------
-----------------------------------------
| rollout/                |             |
|    ep_len_mean          | 237         |
|    ep_rew_mean          | 51.5        |
|    success_rate         | 0           |
| time/                   |             |
|    fps                  | 1815        |
|    iterations           | 114         |
|    time_elapsed         | 64          |
|    total_timesteps      | 1671168     |
| train/                  |             |
|    approx_kl            | 0.013557306 |
|    clip_fraction        | 0.153       |
|    clip_range           | 0.2         |
|    entropy_loss         | -17.8       |
|    explained_variance   | 0.813       |
|    learning_rate        | 0.0001      |
|    loss                 | 97.4        |
|    n_updates            | 16310       |
|    policy_gradient_loss | -0.0301     |
|    std                  | 2.29        |
|    value_loss           | 278         |
-----------------------------------------
-----------------------------------------
| rollout/                |             |
|    ep_len_mean          | 240         |
|    ep_rew_mean          | 75.7        |
|    success_rate         | 0           |
| time/                   |             |
|    fps                  | 1815        |
|    iterations           | 115         |
|    time_elapsed         | 64          |
|    total_timesteps      | 1672192     |
| train/                  |             |
|    approx_kl            | 0.012810171 |
|    clip_fraction        | 0.11        |
|    clip_range           | 0.2         |
|    entropy_loss         | -17.8       |
|    explained_variance   | 0.922       |
|    learning_rate        | 0.0001      |
|    loss                 | 216         |
|    n_updates            | 16320       |
|    policy_gradient_loss | -0.0268     |
|    std                  | 2.29        |
|    value_loss           | 626         |
-----------------------------------------
-----------------------------------------
| rollout/                |             |
|    ep_len_mean          | 239         |
|    ep_rew_mean          | 82.1        |
|    success_rate         | 0           |
| time/                   |             |
|    fps                  | 1814        |
|    iterations           | 116         |
|    time_elapsed         | 65          |
|    total_timesteps      | 1673216     |
| train/                  |             |
|    approx_kl            | 0.014085539 |
|    clip_fraction        | 0.148       |
|    clip_range           | 0.2         |
|    entropy_loss         | -17.8       |
|    explained_variance   | 0.424       |
|    learning_rate        | 0.0001      |
|    loss                 | 114         |
|    n_updates            | 16330       |
|    policy_gradient_loss | -0.03       |
|    std                  | 2.3         |
|    value_loss           | 233         |
-----------------------------------------
-----------------------------------------
| rollout/                |             |
|    ep_len_mean          | 237         |
|    ep_rew_mean          | 76.5        |
|    success_rate         | 0           |
| time/                   |             |
|    fps                  | 1815        |
|    iterations           | 117         |
|    time_elapsed         | 65          |
|    total_timesteps      | 1674240     |
| train/                  |             |
|    approx_kl            | 0.019923251 |
|    clip_fraction        | 0.235       |
|    clip_range           | 0.2         |
|    entropy_loss         | -17.8       |
|    explained_variance   | 0.723       |
|    learning_rate        | 0.0001      |
|    loss                 | 31.7        |
|    n_updates            | 16340       |
|    policy_gradient_loss | -0.0313     |
|    std                  | 2.3         |
|    value_loss           | 112         |
-----------------------------------------
-----------------------------------------
| rollout/                |             |
|    ep_len_mean          | 236         |
|    ep_rew_mean          | 77.2        |
|    success_rate         | 0           |
| time/                   |             |
|    fps                  | 1815        |
|    iterations           | 118         |
|    time_elapsed         | 66          |
|    total_timesteps      | 1675264     |
| train/                  |             |
|    approx_kl            | 0.022166224 |
|    clip_fraction        | 0.195       |
|    clip_range           | 0.2         |
|    entropy_loss         | -17.8       |
|    explained_variance   | 0.833       |
|    learning_rate        | 0.0001      |
|    loss                 | 15.4        |
|    n_updates            | 16350       |
|    policy_gradient_loss | -0.0351     |
|    std                  | 2.3         |
|    value_loss           | 108         |
-----------------------------------------
-----------------------------------------
| rollout/                |             |
|    ep_len_mean          | 237         |
|    ep_rew_mean          | 75          |
|    success_rate         | 0           |
| time/                   |             |
|    fps                  | 1816        |
|    iterations           | 119         |
|    time_elapsed         | 67          |
|    total_timesteps      | 1676288     |
| train/                  |             |
|    approx_kl            | 0.018892871 |
|    clip_fraction        | 0.194       |
|    clip_range           | 0.2         |
|    entropy_loss         | -17.8       |
|    explained_variance   | 0.876       |
|    learning_rate        | 0.0001      |
|    loss                 | 16.4        |
|    n_updates            | 16360       |
|    policy_gradient_loss | -0.037      |
|    std                  | 2.3         |
|    value_loss           | 75.8        |
-----------------------------------------
-----------------------------------------
| rollout/                |             |
|    ep_len_mean          | 238         |
|    ep_rew_mean          | 77.8        |
|    success_rate         | 0           |
| time/                   |             |
|    fps                  | 1816        |
|    iterations           | 120         |
|    time_elapsed         | 67          |
|    total_timesteps      | 1677312     |
| train/                  |             |
|    approx_kl            | 0.013347372 |
|    clip_fraction        | 0.133       |
|    clip_range           | 0.2         |
|    entropy_loss         | -17.8       |
|    explained_variance   | 0.894       |
|    learning_rate        | 0.0001      |
|    loss                 | 15.3        |
|    n_updates            | 16370       |
|    policy_gradient_loss | -0.0243     |
|    std                  | 2.3         |
|    value_loss           | 126         |
-----------------------------------------
-----------------------------------------
| rollout/                |             |
|    ep_len_mean          | 238         |
|    ep_rew_mean          | 79.1        |
|    success_rate         | 0           |
| time/                   |             |
|    fps                  | 1816        |
|    iterations           | 121         |
|    time_elapsed         | 68          |
|    total_timesteps      | 1678336     |
| train/                  |             |
|    approx_kl            | 0.022348644 |
|    clip_fraction        | 0.206       |
|    clip_range           | 0.2         |
|    entropy_loss         | -17.8       |
|    explained_variance   | 0.908       |
|    learning_rate        | 0.0001      |
|    loss                 | 13.3        |
|    n_updates            | 16380       |
|    policy_gradient_loss | -0.0297     |
|    std                  | 2.3         |
|    value_loss           | 54.2        |
-----------------------------------------
-----------------------------------------
| rollout/                |             |
|    ep_len_mean          | 236         |
|    ep_rew_mean          | 77.8        |
|    success_rate         | 0           |
| time/                   |             |
|    fps                  | 1817        |
|    iterations           | 122         |
|    time_elapsed         | 68          |
|    total_timesteps      | 1679360     |
| train/                  |             |
|    approx_kl            | 0.027996764 |
|    clip_fraction        | 0.254       |
|    clip_range           | 0.2         |
|    entropy_loss         | -17.8       |
|    explained_variance   | 0.888       |
|    learning_rate        | 0.0001      |
|    loss                 | 8.65        |
|    n_updates            | 16390       |
|    policy_gradient_loss | -0.0349     |
|    std                  | 2.3         |
|    value_loss           | 44.8        |
-----------------------------------------
-----------------------------------------
| rollout/                |             |
|    ep_len_mean          | 236         |
|    ep_rew_mean          | 80.7        |
|    success_rate         | 0           |
| time/                   |             |
|    fps                  | 1817        |
|    iterations           | 123         |
|    time_elapsed         | 69          |
|    total_timesteps      | 1680384     |
| train/                  |             |
|    approx_kl            | 0.020125544 |
|    clip_fraction        | 0.206       |
|    clip_range           | 0.2         |
|    entropy_loss         | -17.9       |
|    explained_variance   | 0.966       |
|    learning_rate        | 0.0001      |
|    loss                 | 5.33        |
|    n_updates            | 16400       |
|    policy_gradient_loss | -0.034      |
|    std                  | 2.3         |
|    value_loss           | 51.4        |
-----------------------------------------
-----------------------------------------
| rollout/                |             |
|    ep_len_mean          | 237         |
|    ep_rew_mean          | 68.1        |
|    success_rate         | 0           |
| time/                   |             |
|    fps                  | 1817        |
|    iterations           | 124         |
|    time_elapsed         | 69          |
|    total_timesteps      | 1681408     |
| train/                  |             |
|    approx_kl            | 0.017770454 |
|    clip_fraction        | 0.218       |
|    clip_range           | 0.2         |
|    entropy_loss         | -17.9       |
|    explained_variance   | 0.869       |
|    learning_rate        | 0.0001      |
|    loss                 | 103         |
|    n_updates            | 16410       |
|    policy_gradient_loss | -0.0336     |
|    std                  | 2.3         |
|    value_loss           | 107         |
-----------------------------------------
-----------------------------------------
| rollout/                |             |
|    ep_len_mean          | 239         |
|    ep_rew_mean          | 68.1        |
|    success_rate         | 0           |
| time/                   |             |
|    fps                  | 1816        |
|    iterations           | 125         |
|    time_elapsed         | 70          |
|    total_timesteps      | 1682432     |
| train/                  |             |
|    approx_kl            | 0.012729063 |
|    clip_fraction        | 0.106       |
|    clip_range           | 0.2         |
|    entropy_loss         | -17.9       |
|    explained_variance   | 0.943       |
|    learning_rate        | 0.0001      |
|    loss                 | 48.2        |
|    n_updates            | 16420       |
|    policy_gradient_loss | -0.0259     |
|    std                  | 2.3         |
|    value_loss           | 157         |
-----------------------------------------
----------------------------------------
| rollout/                |            |
|    ep_len_mean          | 237        |
|    ep_rew_mean          | 49.3       |
|    success_rate         | 0          |
| time/                   |            |
|    fps                  | 1817       |
|    iterations           | 126        |
|    time_elapsed         | 70         |
|    total_timesteps      | 1683456    |
| train/                  |            |
|    approx_kl            | 0.01677266 |
|    clip_fraction        | 0.144      |
|    clip_range           | 0.2        |
|    entropy_loss         | -17.9      |
|    explained_variance   | 0.976      |
|    learning_rate        | 0.0001     |
|    loss                 | 19.8       |
|    n_updates            | 16430      |
|    policy_gradient_loss | -0.0289    |
|    std                  | 2.31       |
|    value_loss           | 277        |
----------------------------------------
-----------------------------------------
| rollout/                |             |
|    ep_len_mean          | 243         |
|    ep_rew_mean          | 52.6        |
|    success_rate         | 0           |
| time/                   |             |
|    fps                  | 1817        |
|    iterations           | 127         |
|    time_elapsed         | 71          |
|    total_timesteps      | 1684480     |
| train/                  |             |
|    approx_kl            | 0.012066954 |
|    clip_fraction        | 0.123       |
|    clip_range           | 0.2         |
|    entropy_loss         | -17.9       |
|    explained_variance   | 0.907       |
|    learning_rate        | 0.0001      |
|    loss                 | 238         |
|    n_updates            | 16440       |
|    policy_gradient_loss | -0.026      |
|    std                  | 2.3         |
|    value_loss           | 922         |
-----------------------------------------
-----------------------------------------
| rollout/                |             |
|    ep_len_mean          | 245         |
|    ep_rew_mean          | 49.9        |
|    success_rate         | 0           |
| time/                   |             |
|    fps                  | 1818        |
|    iterations           | 128         |
|    time_elapsed         | 72          |
|    total_timesteps      | 1685504     |
| train/                  |             |
|    approx_kl            | 0.019194257 |
|    clip_fraction        | 0.171       |
|    clip_range           | 0.2         |
|    entropy_loss         | -17.9       |
|    explained_variance   | 0.952       |
|    learning_rate        | 0.0001      |
|    loss                 | 11.1        |
|    n_updates            | 16450       |
|    policy_gradient_loss | -0.0332     |
|    std                  | 2.31        |
|    value_loss           | 55          |
-----------------------------------------
--------------------------------------
| rollout/                |          |
|    ep_len_mean          | 245      |
|    ep_rew_mean          | 43.4     |
|    success_rate         | 0        |
| time/                   |          |
|    fps                  | 1809     |
|    iterations           | 129      |
|    time_elapsed         | 73       |
|    total_timesteps      | 1686528  |
| train/                  |          |
|    approx_kl            | 0.016324 |
|    clip_fraction        | 0.132    |
|    clip_range           | 0.2      |
|    entropy_loss         | -17.9    |
|    explained_variance   | 0.983    |
|    learning_rate        | 0.0001   |
|    loss                 | 34.1     |
|    n_updates            | 16460    |
|    policy_gradient_loss | -0.0323  |
|    std                  | 2.31     |
|    value_loss           | 127      |
--------------------------------------
-----------------------------------------
| rollout/                |             |
|    ep_len_mean          | 242         |
|    ep_rew_mean          | 38.2        |
|    success_rate         | 0           |
| time/                   |             |
|    fps                  | 1809        |
|    iterations           | 130         |
|    time_elapsed         | 73          |
|    total_timesteps      | 1687552     |
| train/                  |             |
|    approx_kl            | 0.009455137 |
|    clip_fraction        | 0.0899      |
|    clip_range           | 0.2         |
|    entropy_loss         | -17.9       |
|    explained_variance   | 0.913       |
|    learning_rate        | 0.0001      |
|    loss                 | 515         |
|    n_updates            | 16470       |
|    policy_gradient_loss | -0.023      |
|    std                  | 2.31        |
|    value_loss           | 759         |
-----------------------------------------
-----------------------------------------
| rollout/                |             |
|    ep_len_mean          | 242         |
|    ep_rew_mean          | 40          |
|    success_rate         | 0           |
| time/                   |             |
|    fps                  | 1809        |
|    iterations           | 131         |
|    time_elapsed         | 74          |
|    total_timesteps      | 1688576     |
| train/                  |             |
|    approx_kl            | 0.010895275 |
|    clip_fraction        | 0.0842      |
|    clip_range           | 0.2         |
|    entropy_loss         | -17.9       |
|    explained_variance   | 0.932       |
|    learning_rate        | 0.0001      |
|    loss                 | 114         |
|    n_updates            | 16480       |
|    policy_gradient_loss | -0.027      |
|    std                  | 2.31        |
|    value_loss           | 300         |
-----------------------------------------
-----------------------------------------
| rollout/                |             |
|    ep_len_mean          | 242         |
|    ep_rew_mean          | 46.7        |
|    success_rate         | 0           |
| time/                   |             |
|    fps                  | 1808        |
|    iterations           | 132         |
|    time_elapsed         | 74          |
|    total_timesteps      | 1689600     |
| train/                  |             |
|    approx_kl            | 0.021708861 |
|    clip_fraction        | 0.201       |
|    clip_range           | 0.2         |
|    entropy_loss         | -17.9       |
|    explained_variance   | 0.783       |
|    learning_rate        | 0.0001      |
|    loss                 | 11.5        |
|    n_updates            | 16490       |
|    policy_gradient_loss | -0.0382     |
|    std                  | 2.31        |
|    value_loss           | 45.9        |
-----------------------------------------
-----------------------------------------
| rollout/                |             |
|    ep_len_mean          | 246         |
|    ep_rew_mean          | 50.3        |
|    success_rate         | 0           |
| time/                   |             |
|    fps                  | 1808        |
|    iterations           | 133         |
|    time_elapsed         | 75          |
|    total_timesteps      | 1690624     |
| train/                  |             |
|    approx_kl            | 0.023011964 |
|    clip_fraction        | 0.205       |
|    clip_range           | 0.2         |
|    entropy_loss         | -17.9       |
|    explained_variance   | 0.932       |
|    learning_rate        | 0.0001      |
|    loss                 | 48.6        |
|    n_updates            | 16500       |
|    policy_gradient_loss | -0.036      |
|    std                  | 2.31        |
|    value_loss           | 61.4        |
-----------------------------------------
-----------------------------------------
| rollout/                |             |
|    ep_len_mean          | 243         |
|    ep_rew_mean          | 39.4        |
|    success_rate         | 0           |
| time/                   |             |
|    fps                  | 1808        |
|    iterations           | 134         |
|    time_elapsed         | 75          |
|    total_timesteps      | 1691648     |
| train/                  |             |
|    approx_kl            | 0.024403308 |
|    clip_fraction        | 0.194       |
|    clip_range           | 0.2         |
|    entropy_loss         | -17.9       |
|    explained_variance   | 0.963       |
|    learning_rate        | 0.0001      |
|    loss                 | 35.9        |
|    n_updates            | 16510       |
|    policy_gradient_loss | -0.0369     |
|    std                  | 2.31        |
|    value_loss           | 58          |
-----------------------------------------
-----------------------------------------
| rollout/                |             |
|    ep_len_mean          | 243         |
|    ep_rew_mean          | 38.9        |
|    success_rate         | 0           |
| time/                   |             |
|    fps                  | 1808        |
|    iterations           | 135         |
|    time_elapsed         | 76          |
|    total_timesteps      | 1692672     |
| train/                  |             |
|    approx_kl            | 0.013336843 |
|    clip_fraction        | 0.171       |
|    clip_range           | 0.2         |
|    entropy_loss         | -17.9       |
|    explained_variance   | 0.963       |
|    learning_rate        | 0.0001      |
|    loss                 | 160         |
|    n_updates            | 16520       |
|    policy_gradient_loss | -0.0257     |
|    std                  | 2.31        |
|    value_loss           | 387         |
-----------------------------------------
-----------------------------------------
| rollout/                |             |
|    ep_len_mean          | 243         |
|    ep_rew_mean          | 54.7        |
|    success_rate         | 0           |
| time/                   |             |
|    fps                  | 1808        |
|    iterations           | 136         |
|    time_elapsed         | 76          |
|    total_timesteps      | 1693696     |
| train/                  |             |
|    approx_kl            | 0.013405849 |
|    clip_fraction        | 0.137       |
|    clip_range           | 0.2         |
|    entropy_loss         | -17.9       |
|    explained_variance   | 0.74        |
|    learning_rate        | 0.0001      |
|    loss                 | 59.6        |
|    n_updates            | 16530       |
|    policy_gradient_loss | -0.0262     |
|    std                  | 2.31        |
|    value_loss           | 242         |
-----------------------------------------
-----------------------------------------
| rollout/                |             |
|    ep_len_mean          | 244         |
|    ep_rew_mean          | 53.5        |
|    success_rate         | 0           |
| time/                   |             |
|    fps                  | 1808        |
|    iterations           | 137         |
|    time_elapsed         | 77          |
|    total_timesteps      | 1694720     |
| train/                  |             |
|    approx_kl            | 0.014060623 |
|    clip_fraction        | 0.118       |
|    clip_range           | 0.2         |
|    entropy_loss         | -17.9       |
|    explained_variance   | 0.903       |
|    learning_rate        | 0.0001      |
|    loss                 | 71.5        |
|    n_updates            | 16540       |
|    policy_gradient_loss | -0.0255     |
|    std                  | 2.31        |
|    value_loss           | 309         |
-----------------------------------------
-----------------------------------------
| rollout/                |             |
|    ep_len_mean          | 243         |
|    ep_rew_mean          | 64.7        |
|    success_rate         | 0           |
| time/                   |             |
|    fps                  | 1809        |
|    iterations           | 138         |
|    time_elapsed         | 78          |
|    total_timesteps      | 1695744     |
| train/                  |             |
|    approx_kl            | 0.017561011 |
|    clip_fraction        | 0.178       |
|    clip_range           | 0.2         |
|    entropy_loss         | -17.9       |
|    explained_variance   | 0.814       |
|    learning_rate        | 0.0001      |
|    loss                 | 73.1        |
|    n_updates            | 16550       |
|    policy_gradient_loss | -0.0314     |
|    std                  | 2.32        |
|    value_loss           | 238         |
-----------------------------------------
-----------------------------------------
| rollout/                |             |
|    ep_len_mean          | 245         |
|    ep_rew_mean          | 56.8        |
|    success_rate         | 0           |
| time/                   |             |
|    fps                  | 1808        |
|    iterations           | 139         |
|    time_elapsed         | 78          |
|    total_timesteps      | 1696768     |
| train/                  |             |
|    approx_kl            | 0.014042603 |
|    clip_fraction        | 0.113       |
|    clip_range           | 0.2         |
|    entropy_loss         | -17.9       |
|    explained_variance   | 0.798       |
|    learning_rate        | 0.0001      |
|    loss                 | 101         |
|    n_updates            | 16560       |
|    policy_gradient_loss | -0.0283     |
|    std                  | 2.32        |
|    value_loss           | 219         |
-----------------------------------------
-----------------------------------------
| rollout/                |             |
|    ep_len_mean          | 246         |
|    ep_rew_mean          | 54.3        |
|    success_rate         | 0           |
| time/                   |             |
|    fps                  | 1808        |
|    iterations           | 140         |
|    time_elapsed         | 79          |
|    total_timesteps      | 1697792     |
| train/                  |             |
|    approx_kl            | 0.022694964 |
|    clip_fraction        | 0.219       |
|    clip_range           | 0.2         |
|    entropy_loss         | -17.9       |
|    explained_variance   | 0.987       |
|    learning_rate        | 0.0001      |
|    loss                 | 12.8        |
|    n_updates            | 16570       |
|    policy_gradient_loss | -0.0346     |
|    std                  | 2.31        |
|    value_loss           | 125         |
-----------------------------------------
-----------------------------------------
| rollout/                |             |
|    ep_len_mean          | 246         |
|    ep_rew_mean          | 51.2        |
|    success_rate         | 0           |
| time/                   |             |
|    fps                  | 1808        |
|    iterations           | 141         |
|    time_elapsed         | 79          |
|    total_timesteps      | 1698816     |
| train/                  |             |
|    approx_kl            | 0.012411408 |
|    clip_fraction        | 0.13        |
|    clip_range           | 0.2         |
|    entropy_loss         | -17.9       |
|    explained_variance   | 0.954       |
|    learning_rate        | 0.0001      |
|    loss                 | 49.7        |
|    n_updates            | 16580       |
|    policy_gradient_loss | -0.0239     |
|    std                  | 2.32        |
|    value_loss           | 289         |
-----------------------------------------
----------------------------------------
| rollout/                |            |
|    ep_len_mean          | 238        |
|    ep_rew_mean          | 50.3       |
|    success_rate         | 0          |
| time/                   |            |
|    fps                  | 1808       |
|    iterations           | 142        |
|    time_elapsed         | 80         |
|    total_timesteps      | 1699840    |
| train/                  |            |
|    approx_kl            | 0.03171348 |
|    clip_fraction        | 0.244      |
|    clip_range           | 0.2        |
|    entropy_loss         | -17.9      |
|    explained_variance   | 0.985      |
|    learning_rate        | 0.0001     |
|    loss                 | 4.59       |
|    n_updates            | 16590      |
|    policy_gradient_loss | -0.0343    |
|    std                  | 2.31       |
|    value_loss           | 34.3       |
----------------------------------------
-----------------------------------------
| rollout/                |             |
|    ep_len_mean          | 238         |
|    ep_rew_mean          | 35.9        |
|    success_rate         | 0           |
| time/                   |             |
|    fps                  | 1808        |
|    iterations           | 143         |
|    time_elapsed         | 80          |
|    total_timesteps      | 1700864     |
| train/                  |             |
|    approx_kl            | 0.011150628 |
|    clip_fraction        | 0.215       |
|    clip_range           | 0.2         |
|    entropy_loss         | -17.9       |
|    explained_variance   | 0.882       |
|    learning_rate        | 0.0001      |
|    loss                 | 102         |
|    n_updates            | 16600       |
|    policy_gradient_loss | -0.0125     |
|    std                  | 2.31        |
|    value_loss           | 250         |
-----------------------------------------
-----------------------------------------
| rollout/                |             |
|    ep_len_mean          | 238         |
|    ep_rew_mean          | 33.2        |
|    success_rate         | 0           |
| time/                   |             |
|    fps                  | 1807        |
|    iterations           | 144         |
|    time_elapsed         | 81          |
|    total_timesteps      | 1701888     |
| train/                  |             |
|    approx_kl            | 0.015522164 |
|    clip_fraction        | 0.126       |
|    clip_range           | 0.2         |
|    entropy_loss         | -17.9       |
|    explained_variance   | 0.894       |
|    learning_rate        | 0.0001      |
|    loss                 | 34.4        |
|    n_updates            | 16610       |
|    policy_gradient_loss | -0.0312     |
|    std                  | 2.31        |
|    value_loss           | 131         |
-----------------------------------------
-----------------------------------------
| rollout/                |             |
|    ep_len_mean          | 238         |
|    ep_rew_mean          | 34.1        |
|    success_rate         | 0           |
| time/                   |             |
|    fps                  | 1807        |
|    iterations           | 145         |
|    time_elapsed         | 82          |
|    total_timesteps      | 1702912     |
| train/                  |             |
|    approx_kl            | 0.019818656 |
|    clip_fraction        | 0.165       |
|    clip_range           | 0.2         |
|    entropy_loss         | -17.9       |
|    explained_variance   | 0.941       |
|    learning_rate        | 0.0001      |
|    loss                 | 12.9        |
|    n_updates            | 16620       |
|    policy_gradient_loss | -0.0313     |
|    std                  | 2.31        |
|    value_loss           | 54.3        |
-----------------------------------------
-----------------------------------------
| rollout/                |             |
|    ep_len_mean          | 236         |
|    ep_rew_mean          | 3.63        |
|    success_rate         | 0           |
| time/                   |             |
|    fps                  | 1807        |
|    iterations           | 146         |
|    time_elapsed         | 82          |
|    total_timesteps      | 1703936     |
| train/                  |             |
|    approx_kl            | 0.015227339 |
|    clip_fraction        | 0.143       |
|    clip_range           | 0.2         |
|    entropy_loss         | -17.9       |
|    explained_variance   | 0.977       |
|    learning_rate        | 0.0001      |
|    loss                 | 171         |
|    n_updates            | 16630       |
|    policy_gradient_loss | -0.0266     |
|    std                  | 2.32        |
|    value_loss           | 378         |
-----------------------------------------
------------------------------------------
| rollout/                |              |
|    ep_len_mean          | 236          |
|    ep_rew_mean          | 12.9         |
|    success_rate         | 0            |
| time/                   |              |
|    fps                  | 1807         |
|    iterations           | 147          |
|    time_elapsed         | 83           |
|    total_timesteps      | 1704960      |
| train/                  |              |
|    approx_kl            | 0.0063152798 |
|    clip_fraction        | 0.0765       |
|    clip_range           | 0.2          |
|    entropy_loss         | -17.9        |
|    explained_variance   | 0.93         |
|    learning_rate        | 0.0001       |
|    loss                 | 795          |
|    n_updates            | 16640        |
|    policy_gradient_loss | -0.0171      |
|    std                  | 2.32         |
|    value_loss           | 1.84e+03     |
------------------------------------------
-----------------------------------------
| rollout/                |             |
|    ep_len_mean          | 232         |
|    ep_rew_mean          | 27.7        |
|    success_rate         | 0           |
| time/                   |             |
|    fps                  | 1807        |
|    iterations           | 148         |
|    time_elapsed         | 83          |
|    total_timesteps      | 1705984     |
| train/                  |             |
|    approx_kl            | 0.017489033 |
|    clip_fraction        | 0.143       |
|    clip_range           | 0.2         |
|    entropy_loss         | -17.9       |
|    explained_variance   | 0.917       |
|    learning_rate        | 0.0001      |
|    loss                 | 24.5        |
|    n_updates            | 16650       |
|    policy_gradient_loss | -0.0296     |
|    std                  | 2.32        |
|    value_loss           | 67.6        |
-----------------------------------------
-----------------------------------------
| rollout/                |             |
|    ep_len_mean          | 234         |
|    ep_rew_mean          | 32.2        |
|    success_rate         | 0           |
| time/                   |             |
|    fps                  | 1807        |
|    iterations           | 149         |
|    time_elapsed         | 84          |
|    total_timesteps      | 1707008     |
| train/                  |             |
|    approx_kl            | 0.012063174 |
|    clip_fraction        | 0.111       |
|    clip_range           | 0.2         |
|    entropy_loss         | -17.9       |
|    explained_variance   | 0.91        |
|    learning_rate        | 0.0001      |
|    loss                 | 56.3        |
|    n_updates            | 16660       |
|    policy_gradient_loss | -0.0325     |
|    std                  | 2.31        |
|    value_loss           | 181         |
-----------------------------------------
-----------------------------------------
| rollout/                |             |
|    ep_len_mean          | 236         |
|    ep_rew_mean          | 38.3        |
|    success_rate         | 0           |
| time/                   |             |
|    fps                  | 1807        |
|    iterations           | 150         |
|    time_elapsed         | 84          |
|    total_timesteps      | 1708032     |
| train/                  |             |
|    approx_kl            | 0.015214681 |
|    clip_fraction        | 0.109       |
|    clip_range           | 0.2         |
|    entropy_loss         | -17.9       |
|    explained_variance   | 0.971       |
|    learning_rate        | 0.0001      |
|    loss                 | 70.6        |
|    n_updates            | 16670       |
|    policy_gradient_loss | -0.0229     |
|    std                  | 2.31        |
|    value_loss           | 198         |
-----------------------------------------
-----------------------------------------
| rollout/                |             |
|    ep_len_mean          | 233         |
|    ep_rew_mean          | 48.5        |
|    success_rate         | 0           |
| time/                   |             |
|    fps                  | 1807        |
|    iterations           | 151         |
|    time_elapsed         | 85          |
|    total_timesteps      | 1709056     |
| train/                  |             |
|    approx_kl            | 0.014134381 |
|    clip_fraction        | 0.113       |
|    clip_range           | 0.2         |
|    entropy_loss         | -17.9       |
|    explained_variance   | 0.946       |
|    learning_rate        | 0.0001      |
|    loss                 | 56.9        |
|    n_updates            | 16680       |
|    policy_gradient_loss | -0.0283     |
|    std                  | 2.32        |
|    value_loss           | 102         |
-----------------------------------------
-----------------------------------------
| rollout/                |             |
|    ep_len_mean          | 236         |
|    ep_rew_mean          | 48.3        |
|    success_rate         | 0           |
| time/                   |             |
|    fps                  | 1807        |
|    iterations           | 152         |
|    time_elapsed         | 86          |
|    total_timesteps      | 1710080     |
| train/                  |             |
|    approx_kl            | 0.015094651 |
|    clip_fraction        | 0.154       |
|    clip_range           | 0.2         |
|    entropy_loss         | -17.9       |
|    explained_variance   | 0.926       |
|    learning_rate        | 0.0001      |
|    loss                 | 32.5        |
|    n_updates            | 16690       |
|    policy_gradient_loss | -0.032      |
|    std                  | 2.31        |
|    value_loss           | 87.7        |
-----------------------------------------
-----------------------------------------
| rollout/                |             |
|    ep_len_mean          | 238         |
|    ep_rew_mean          | 41.8        |
|    success_rate         | 0           |
| time/                   |             |
|    fps                  | 1807        |
|    iterations           | 153         |
|    time_elapsed         | 86          |
|    total_timesteps      | 1711104     |
| train/                  |             |
|    approx_kl            | 0.017427746 |
|    clip_fraction        | 0.154       |
|    clip_range           | 0.2         |
|    entropy_loss         | -17.9       |
|    explained_variance   | 0.914       |
|    learning_rate        | 0.0001      |
|    loss                 | 9.62        |
|    n_updates            | 16700       |
|    policy_gradient_loss | -0.0299     |
|    std                  | 2.31        |
|    value_loss           | 93.5        |
-----------------------------------------
----------------------------------------
| rollout/                |            |
|    ep_len_mean          | 241        |
|    ep_rew_mean          | 46         |
|    success_rate         | 0          |
| time/                   |            |
|    fps                  | 1807       |
|    iterations           | 154        |
|    time_elapsed         | 87         |
|    total_timesteps      | 1712128    |
| train/                  |            |
|    approx_kl            | 0.01244893 |
|    clip_fraction        | 0.113      |
|    clip_range           | 0.2        |
|    entropy_loss         | -17.9      |
|    explained_variance   | 0.925      |
|    learning_rate        | 0.0001     |
|    loss                 | 51.2       |
|    n_updates            | 16710      |
|    policy_gradient_loss | -0.0231    |
|    std                  | 2.31       |
|    value_loss           | 202        |
----------------------------------------
-----------------------------------------
| rollout/                |             |
|    ep_len_mean          | 240         |
|    ep_rew_mean          | 34.6        |
|    success_rate         | 0           |
| time/                   |             |
|    fps                  | 1807        |
|    iterations           | 155         |
|    time_elapsed         | 87          |
|    total_timesteps      | 1713152     |
| train/                  |             |
|    approx_kl            | 0.011571085 |
|    clip_fraction        | 0.109       |
|    clip_range           | 0.2         |
|    entropy_loss         | -17.9       |
|    explained_variance   | 0.947       |
|    learning_rate        | 0.0001      |
|    loss                 | 67          |
|    n_updates            | 16720       |
|    policy_gradient_loss | -0.0256     |
|    std                  | 2.31        |
|    value_loss           | 164         |
-----------------------------------------
-----------------------------------------
| rollout/                |             |
|    ep_len_mean          | 236         |
|    ep_rew_mean          | 30.2        |
|    success_rate         | 0           |
| time/                   |             |
|    fps                  | 1807        |
|    iterations           | 156         |
|    time_elapsed         | 88          |
|    total_timesteps      | 1714176     |
| train/                  |             |
|    approx_kl            | 0.008290721 |
|    clip_fraction        | 0.0747      |
|    clip_range           | 0.2         |
|    entropy_loss         | -17.9       |
|    explained_variance   | 0.875       |
|    learning_rate        | 0.0001      |
|    loss                 | 83.2        |
|    n_updates            | 16730       |
|    policy_gradient_loss | -0.0226     |
|    std                  | 2.32        |
|    value_loss           | 602         |
-----------------------------------------
-----------------------------------------
| rollout/                |             |
|    ep_len_mean          | 242         |
|    ep_rew_mean          | 45.7        |
|    success_rate         | 0           |
| time/                   |             |
|    fps                  | 1807        |
|    iterations           | 157         |
|    time_elapsed         | 88          |
|    total_timesteps      | 1715200     |
| train/                  |             |
|    approx_kl            | 0.011965329 |
|    clip_fraction        | 0.116       |
|    clip_range           | 0.2         |
|    entropy_loss         | -17.9       |
|    explained_variance   | 0.88        |
|    learning_rate        | 0.0001      |
|    loss                 | 173         |
|    n_updates            | 16740       |
|    policy_gradient_loss | -0.028      |
|    std                  | 2.32        |
|    value_loss           | 485         |
-----------------------------------------
-----------------------------------------
| rollout/                |             |
|    ep_len_mean          | 237         |
|    ep_rew_mean          | 40.4        |
|    success_rate         | 0           |
| time/                   |             |
|    fps                  | 1807        |
|    iterations           | 158         |
|    time_elapsed         | 89          |
|    total_timesteps      | 1716224     |
| train/                  |             |
|    approx_kl            | 0.030796554 |
|    clip_fraction        | 0.289       |
|    clip_range           | 0.2         |
|    entropy_loss         | -17.9       |
|    explained_variance   | 0.986       |
|    learning_rate        | 0.0001      |
|    loss                 | 4.37        |
|    n_updates            | 16750       |
|    policy_gradient_loss | -0.0451     |
|    std                  | 2.32        |
|    value_loss           | 21          |
-----------------------------------------
-----------------------------------------
| rollout/                |             |
|    ep_len_mean          | 240         |
|    ep_rew_mean          | 44.7        |
|    success_rate         | 0           |
| time/                   |             |
|    fps                  | 1808        |
|    iterations           | 159         |
|    time_elapsed         | 90          |
|    total_timesteps      | 1717248     |
| train/                  |             |
|    approx_kl            | 0.014512124 |
|    clip_fraction        | 0.226       |
|    clip_range           | 0.2         |
|    entropy_loss         | -17.9       |
|    explained_variance   | 0.945       |
|    learning_rate        | 0.0001      |
|    loss                 | 29.3        |
|    n_updates            | 16760       |
|    policy_gradient_loss | -0.0264     |
|    std                  | 2.32        |
|    value_loss           | 260         |
-----------------------------------------
-----------------------------------------
| rollout/                |             |
|    ep_len_mean          | 242         |
|    ep_rew_mean          | 50.2        |
|    success_rate         | 0           |
| time/                   |             |
|    fps                  | 1808        |
|    iterations           | 160         |
|    time_elapsed         | 90          |
|    total_timesteps      | 1718272     |
| train/                  |             |
|    approx_kl            | 0.017791338 |
|    clip_fraction        | 0.163       |
|    clip_range           | 0.2         |
|    entropy_loss         | -17.9       |
|    explained_variance   | 0.917       |
|    learning_rate        | 0.0001      |
|    loss                 | 93.8        |
|    n_updates            | 16770       |
|    policy_gradient_loss | -0.0293     |
|    std                  | 2.32        |
|    value_loss           | 144         |
-----------------------------------------
-----------------------------------------
| rollout/                |             |
|    ep_len_mean          | 240         |
|    ep_rew_mean          | 53.5        |
|    success_rate         | 0           |
| time/                   |             |
|    fps                  | 1808        |
|    iterations           | 161         |
|    time_elapsed         | 91          |
|    total_timesteps      | 1719296     |
| train/                  |             |
|    approx_kl            | 0.014598227 |
|    clip_fraction        | 0.141       |
|    clip_range           | 0.2         |
|    entropy_loss         | -17.9       |
|    explained_variance   | 0.871       |
|    learning_rate        | 0.0001      |
|    loss                 | 59          |
|    n_updates            | 16780       |
|    policy_gradient_loss | -0.0282     |
|    std                  | 2.33        |
|    value_loss           | 137         |
-----------------------------------------
-----------------------------------------
| rollout/                |             |
|    ep_len_mean          | 237         |
|    ep_rew_mean          | 56.3        |
|    success_rate         | 0           |
| time/                   |             |
|    fps                  | 1808        |
|    iterations           | 162         |
|    time_elapsed         | 91          |
|    total_timesteps      | 1720320     |
| train/                  |             |
|    approx_kl            | 0.014982237 |
|    clip_fraction        | 0.162       |
|    clip_range           | 0.2         |
|    entropy_loss         | -17.9       |
|    explained_variance   | 0.776       |
|    learning_rate        | 0.0001      |
|    loss                 | 94.4        |
|    n_updates            | 16790       |
|    policy_gradient_loss | -0.0299     |
|    std                  | 2.33        |
|    value_loss           | 325         |
-----------------------------------------
-----------------------------------------
| rollout/                |             |
|    ep_len_mean          | 229         |
|    ep_rew_mean          | 52          |
|    success_rate         | 0           |
| time/                   |             |
|    fps                  | 1808        |
|    iterations           | 163         |
|    time_elapsed         | 92          |
|    total_timesteps      | 1721344     |
| train/                  |             |
|    approx_kl            | 0.013315202 |
|    clip_fraction        | 0.133       |
|    clip_range           | 0.2         |
|    entropy_loss         | -17.9       |
|    explained_variance   | 0.97        |
|    learning_rate        | 0.0001      |
|    loss                 | 61.9        |
|    n_updates            | 16800       |
|    policy_gradient_loss | -0.0293     |
|    std                  | 2.33        |
|    value_loss           | 141         |
-----------------------------------------
-----------------------------------------
| rollout/                |             |
|    ep_len_mean          | 233         |
|    ep_rew_mean          | 53.8        |
|    success_rate         | 0           |
| time/                   |             |
|    fps                  | 1806        |
|    iterations           | 164         |
|    time_elapsed         | 92          |
|    total_timesteps      | 1722368     |
| train/                  |             |
|    approx_kl            | 0.013682758 |
|    clip_fraction        | 0.164       |
|    clip_range           | 0.2         |
|    entropy_loss         | -17.9       |
|    explained_variance   | 0.937       |
|    learning_rate        | 0.0001      |
|    loss                 | 32.9        |
|    n_updates            | 16810       |
|    policy_gradient_loss | -0.0306     |
|    std                  | 2.33        |
|    value_loss           | 164         |
-----------------------------------------
-----------------------------------------
| rollout/                |             |
|    ep_len_mean          | 234         |
|    ep_rew_mean          | 55.3        |
|    success_rate         | 0           |
| time/                   |             |
|    fps                  | 1805        |
|    iterations           | 165         |
|    time_elapsed         | 93          |
|    total_timesteps      | 1723392     |
| train/                  |             |
|    approx_kl            | 0.016951714 |
|    clip_fraction        | 0.159       |
|    clip_range           | 0.2         |
|    entropy_loss         | -17.9       |
|    explained_variance   | 0.926       |
|    learning_rate        | 0.0001      |
|    loss                 | 34.9        |
|    n_updates            | 16820       |
|    policy_gradient_loss | -0.0339     |
|    std                  | 2.33        |
|    value_loss           | 105         |
-----------------------------------------
---------------------------------------
| rollout/                |           |
|    ep_len_mean          | 234       |
|    ep_rew_mean          | 48.2      |
|    success_rate         | 0         |
| time/                   |           |
|    fps                  | 1806      |
|    iterations           | 166       |
|    time_elapsed         | 94        |
|    total_timesteps      | 1724416   |
| train/                  |           |
|    approx_kl            | 0.0112045 |
|    clip_fraction        | 0.09      |
|    clip_range           | 0.2       |
|    entropy_loss         | -17.9     |
|    explained_variance   | 0.938     |
|    learning_rate        | 0.0001    |
|    loss                 | 128       |
|    n_updates            | 16830     |
|    policy_gradient_loss | -0.0239   |
|    std                  | 2.33      |
|    value_loss           | 342       |
---------------------------------------
-----------------------------------------
| rollout/                |             |
|    ep_len_mean          | 231         |
|    ep_rew_mean          | 30.3        |
|    success_rate         | 0           |
| time/                   |             |
|    fps                  | 1806        |
|    iterations           | 167         |
|    time_elapsed         | 94          |
|    total_timesteps      | 1725440     |
| train/                  |             |
|    approx_kl            | 0.009092183 |
|    clip_fraction        | 0.0753      |
|    clip_range           | 0.2         |
|    entropy_loss         | -17.9       |
|    explained_variance   | 0.94        |
|    learning_rate        | 0.0001      |
|    loss                 | 183         |
|    n_updates            | 16840       |
|    policy_gradient_loss | -0.0229     |
|    std                  | 2.33        |
|    value_loss           | 471         |
-----------------------------------------
-----------------------------------------
| rollout/                |             |
|    ep_len_mean          | 233         |
|    ep_rew_mean          | 57.1        |
|    success_rate         | 0           |
| time/                   |             |
|    fps                  | 1806        |
|    iterations           | 168         |
|    time_elapsed         | 95          |
|    total_timesteps      | 1726464     |
| train/                  |             |
|    approx_kl            | 0.012942484 |
|    clip_fraction        | 0.137       |
|    clip_range           | 0.2         |
|    entropy_loss         | -17.9       |
|    explained_variance   | 0.969       |
|    learning_rate        | 0.0001      |
|    loss                 | 86.5        |
|    n_updates            | 16850       |
|    policy_gradient_loss | -0.0326     |
|    std                  | 2.33        |
|    value_loss           | 235         |
-----------------------------------------
-----------------------------------------
| rollout/                |             |
|    ep_len_mean          | 228         |
|    ep_rew_mean          | 54.2        |
|    success_rate         | 0           |
| time/                   |             |
|    fps                  | 1806        |
|    iterations           | 169         |
|    time_elapsed         | 95          |
|    total_timesteps      | 1727488     |
| train/                  |             |
|    approx_kl            | 0.011547195 |
|    clip_fraction        | 0.127       |
|    clip_range           | 0.2         |
|    entropy_loss         | -17.9       |
|    explained_variance   | 0.962       |
|    learning_rate        | 0.0001      |
|    loss                 | 65.7        |
|    n_updates            | 16860       |
|    policy_gradient_loss | -0.026      |
|    std                  | 2.33        |
|    value_loss           | 154         |
-----------------------------------------
---------------------------------------
| rollout/                |           |
|    ep_len_mean          | 226       |
|    ep_rew_mean          | 48.6      |
|    success_rate         | 0         |
| time/                   |           |
|    fps                  | 1806      |
|    iterations           | 170       |
|    time_elapsed         | 96        |
|    total_timesteps      | 1728512   |
| train/                  |           |
|    approx_kl            | 0.0107355 |
|    clip_fraction        | 0.117     |
|    clip_range           | 0.2       |
|    entropy_loss         | -17.9     |
|    explained_variance   | 0.868     |
|    learning_rate        | 0.0001    |
|    loss                 | 191       |
|    n_updates            | 16870     |
|    policy_gradient_loss | -0.0224   |
|    std                  | 2.33      |
|    value_loss           | 420       |
---------------------------------------
-----------------------------------------
| rollout/                |             |
|    ep_len_mean          | 229         |
|    ep_rew_mean          | 54.1        |
|    success_rate         | 0           |
| time/                   |             |
|    fps                  | 1806        |
|    iterations           | 171         |
|    time_elapsed         | 96          |
|    total_timesteps      | 1729536     |
| train/                  |             |
|    approx_kl            | 0.017707724 |
|    clip_fraction        | 0.153       |
|    clip_range           | 0.2         |
|    entropy_loss         | -17.9       |
|    explained_variance   | 0.964       |
|    learning_rate        | 0.0001      |
|    loss                 | 48.1        |
|    n_updates            | 16880       |
|    policy_gradient_loss | -0.0336     |
|    std                  | 2.33        |
|    value_loss           | 165         |
-----------------------------------------
-----------------------------------------
| rollout/                |             |
|    ep_len_mean          | 229         |
|    ep_rew_mean          | 55.9        |
|    success_rate         | 0           |
| time/                   |             |
|    fps                  | 1806        |
|    iterations           | 172         |
|    time_elapsed         | 97          |
|    total_timesteps      | 1730560     |
| train/                  |             |
|    approx_kl            | 0.022540325 |
|    clip_fraction        | 0.196       |
|    clip_range           | 0.2         |
|    entropy_loss         | -17.9       |
|    explained_variance   | 0.965       |
|    learning_rate        | 0.0001      |
|    loss                 | 9.93        |
|    n_updates            | 16890       |
|    policy_gradient_loss | -0.0367     |
|    std                  | 2.33        |
|    value_loss           | 59.6        |
-----------------------------------------
----------------------------------------
| rollout/                |            |
|    ep_len_mean          | 226        |
|    ep_rew_mean          | 53.1       |
|    success_rate         | 0          |
| time/                   |            |
|    fps                  | 1806       |
|    iterations           | 173        |
|    time_elapsed         | 98         |
|    total_timesteps      | 1731584    |
| train/                  |            |
|    approx_kl            | 0.03015593 |
|    clip_fraction        | 0.241      |
|    clip_range           | 0.2        |
|    entropy_loss         | -17.9      |
|    explained_variance   | 0.971      |
|    learning_rate        | 0.0001     |
|    loss                 | 6.69       |
|    n_updates            | 16900      |
|    policy_gradient_loss | -0.0316    |
|    std                  | 2.33       |
|    value_loss           | 24.5       |
----------------------------------------
----------------------------------------
| rollout/                |            |
|    ep_len_mean          | 227        |
|    ep_rew_mean          | 58         |
|    success_rate         | 0          |
| time/                   |            |
|    fps                  | 1806       |
|    iterations           | 174        |
|    time_elapsed         | 98         |
|    total_timesteps      | 1732608    |
| train/                  |            |
|    approx_kl            | 0.01999389 |
|    clip_fraction        | 0.244      |
|    clip_range           | 0.2        |
|    entropy_loss         | -17.9      |
|    explained_variance   | 0.798      |
|    learning_rate        | 0.0001     |
|    loss                 | 33.1       |
|    n_updates            | 16910      |
|    policy_gradient_loss | -0.0232    |
|    std                  | 2.32       |
|    value_loss           | 117        |
----------------------------------------
-----------------------------------------
| rollout/                |             |
|    ep_len_mean          | 227         |
|    ep_rew_mean          | 62.8        |
|    success_rate         | 0           |
| time/                   |             |
|    fps                  | 1806        |
|    iterations           | 175         |
|    time_elapsed         | 99          |
|    total_timesteps      | 1733632     |
| train/                  |             |
|    approx_kl            | 0.013808377 |
|    clip_fraction        | 0.146       |
|    clip_range           | 0.2         |
|    entropy_loss         | -17.9       |
|    explained_variance   | 0.965       |
|    learning_rate        | 0.0001      |
|    loss                 | 43.9        |
|    n_updates            | 16920       |
|    policy_gradient_loss | -0.0271     |
|    std                  | 2.32        |
|    value_loss           | 174         |
-----------------------------------------
----------------------------------------
| rollout/                |            |
|    ep_len_mean          | 223        |
|    ep_rew_mean          | 59.2       |
|    success_rate         | 0          |
| time/                   |            |
|    fps                  | 1805       |
|    iterations           | 176        |
|    time_elapsed         | 99         |
|    total_timesteps      | 1734656    |
| train/                  |            |
|    approx_kl            | 0.02188079 |
|    clip_fraction        | 0.19       |
|    clip_range           | 0.2        |
|    entropy_loss         | -17.9      |
|    explained_variance   | 0.956      |
|    learning_rate        | 0.0001     |
|    loss                 | 12.9       |
|    n_updates            | 16930      |
|    policy_gradient_loss | -0.0369    |
|    std                  | 2.33       |
|    value_loss           | 42.7       |
----------------------------------------
-----------------------------------------
| rollout/                |             |
|    ep_len_mean          | 224         |
|    ep_rew_mean          | 73.1        |
|    success_rate         | 0           |
| time/                   |             |
|    fps                  | 1804        |
|    iterations           | 177         |
|    time_elapsed         | 100         |
|    total_timesteps      | 1735680     |
| train/                  |             |
|    approx_kl            | 0.012614004 |
|    clip_fraction        | 0.147       |
|    clip_range           | 0.2         |
|    entropy_loss         | -17.9       |
|    explained_variance   | 0.869       |
|    learning_rate        | 0.0001      |
|    loss                 | 54.1        |
|    n_updates            | 16940       |
|    policy_gradient_loss | -0.0244     |
|    std                  | 2.33        |
|    value_loss           | 195         |
-----------------------------------------
-----------------------------------------
| rollout/                |             |
|    ep_len_mean          | 223         |
|    ep_rew_mean          | 59.8        |
|    success_rate         | 0           |
| time/                   |             |
|    fps                  | 1804        |
|    iterations           | 178         |
|    time_elapsed         | 100         |
|    total_timesteps      | 1736704     |
| train/                  |             |
|    approx_kl            | 0.010158255 |
|    clip_fraction        | 0.0901      |
|    clip_range           | 0.2         |
|    entropy_loss         | -17.9       |
|    explained_variance   | 0.743       |
|    learning_rate        | 0.0001      |
|    loss                 | 43          |
|    n_updates            | 16950       |
|    policy_gradient_loss | -0.0251     |
|    std                  | 2.33        |
|    value_loss           | 301         |
-----------------------------------------
-----------------------------------------
| rollout/                |             |
|    ep_len_mean          | 224         |
|    ep_rew_mean          | 57.3        |
|    success_rate         | 0           |
| time/                   |             |
|    fps                  | 1804        |
|    iterations           | 179         |
|    time_elapsed         | 101         |
|    total_timesteps      | 1737728     |
| train/                  |             |
|    approx_kl            | 0.012985955 |
|    clip_fraction        | 0.132       |
|    clip_range           | 0.2         |
|    entropy_loss         | -17.9       |
|    explained_variance   | 0.931       |
|    learning_rate        | 0.0001      |
|    loss                 | 126         |
|    n_updates            | 16960       |
|    policy_gradient_loss | -0.0292     |
|    std                  | 2.33        |
|    value_loss           | 504         |
-----------------------------------------
------------------------------------------
| rollout/                |              |
|    ep_len_mean          | 228          |
|    ep_rew_mean          | 63           |
|    success_rate         | 0            |
| time/                   |              |
|    fps                  | 1804         |
|    iterations           | 180          |
|    time_elapsed         | 102          |
|    total_timesteps      | 1738752      |
| train/                  |              |
|    approx_kl            | 0.0104322815 |
|    clip_fraction        | 0.104        |
|    clip_range           | 0.2          |
|    entropy_loss         | -17.9        |
|    explained_variance   | 0.874        |
|    learning_rate        | 0.0001       |
|    loss                 | 68           |
|    n_updates            | 16970        |
|    policy_gradient_loss | -0.0225      |
|    std                  | 2.33         |
|    value_loss           | 422          |
------------------------------------------
-----------------------------------------
| rollout/                |             |
|    ep_len_mean          | 228         |
|    ep_rew_mean          | 62.2        |
|    success_rate         | 0           |
| time/                   |             |
|    fps                  | 1804        |
|    iterations           | 181         |
|    time_elapsed         | 102         |
|    total_timesteps      | 1739776     |
| train/                  |             |
|    approx_kl            | 0.018145338 |
|    clip_fraction        | 0.169       |
|    clip_range           | 0.2         |
|    entropy_loss         | -17.9       |
|    explained_variance   | 0.975       |
|    learning_rate        | 0.0001      |
|    loss                 | 15.6        |
|    n_updates            | 16980       |
|    policy_gradient_loss | -0.03       |
|    std                  | 2.34        |
|    value_loss           | 58          |
-----------------------------------------
----------------------------------------
| rollout/                |            |
|    ep_len_mean          | 225        |
|    ep_rew_mean          | 53.4       |
|    success_rate         | 0          |
| time/                   |            |
|    fps                  | 1803       |
|    iterations           | 182        |
|    time_elapsed         | 103        |
|    total_timesteps      | 1740800    |
| train/                  |            |
|    approx_kl            | 0.02561253 |
|    clip_fraction        | 0.222      |
|    clip_range           | 0.2        |
|    entropy_loss         | -17.9      |
|    explained_variance   | 0.98       |
|    learning_rate        | 0.0001     |
|    loss                 | 6.03       |
|    n_updates            | 16990      |
|    policy_gradient_loss | -0.0296    |
|    std                  | 2.34       |
|    value_loss           | 29.1       |
----------------------------------------
------------------------------------------
| rollout/                |              |
|    ep_len_mean          | 230          |
|    ep_rew_mean          | 58           |
|    success_rate         | 0            |
| time/                   |              |
|    fps                  | 1804         |
|    iterations           | 183          |
|    time_elapsed         | 103          |
|    total_timesteps      | 1741824      |
| train/                  |              |
|    approx_kl            | 0.0155686885 |
|    clip_fraction        | 0.202        |
|    clip_range           | 0.2          |
|    entropy_loss         | -18          |
|    explained_variance   | 0.957        |
|    learning_rate        | 0.0001       |
|    loss                 | 77.8         |
|    n_updates            | 17000        |
|    policy_gradient_loss | -0.0302      |
|    std                  | 2.34         |
|    value_loss           | 124          |
------------------------------------------
-----------------------------------------
| rollout/                |             |
|    ep_len_mean          | 230         |
|    ep_rew_mean          | 61.9        |
|    success_rate         | 0           |
| time/                   |             |
|    fps                  | 1803        |
|    iterations           | 184         |
|    time_elapsed         | 104         |
|    total_timesteps      | 1742848     |
| train/                  |             |
|    approx_kl            | 0.014129005 |
|    clip_fraction        | 0.13        |
|    clip_range           | 0.2         |
|    entropy_loss         | -18         |
|    explained_variance   | 0.91        |
|    learning_rate        | 0.0001      |
|    loss                 | 20.4        |
|    n_updates            | 17010       |
|    policy_gradient_loss | -0.0318     |
|    std                  | 2.34        |
|    value_loss           | 75.7        |
-----------------------------------------
-----------------------------------------
| rollout/                |             |
|    ep_len_mean          | 232         |
|    ep_rew_mean          | 49.5        |
|    success_rate         | 0           |
| time/                   |             |
|    fps                  | 1803        |
|    iterations           | 185         |
|    time_elapsed         | 105         |
|    total_timesteps      | 1743872     |
| train/                  |             |
|    approx_kl            | 0.020149315 |
|    clip_fraction        | 0.182       |
|    clip_range           | 0.2         |
|    entropy_loss         | -18         |
|    explained_variance   | 0.869       |
|    learning_rate        | 0.0001      |
|    loss                 | 48.5        |
|    n_updates            | 17020       |
|    policy_gradient_loss | -0.0264     |
|    std                  | 2.34        |
|    value_loss           | 134         |
-----------------------------------------
-----------------------------------------
| rollout/                |             |
|    ep_len_mean          | 235         |
|    ep_rew_mean          | 56.8        |
|    success_rate         | 0           |
| time/                   |             |
|    fps                  | 1803        |
|    iterations           | 186         |
|    time_elapsed         | 105         |
|    total_timesteps      | 1744896     |
| train/                  |             |
|    approx_kl            | 0.013270781 |
|    clip_fraction        | 0.128       |
|    clip_range           | 0.2         |
|    entropy_loss         | -18         |
|    explained_variance   | 0.948       |
|    learning_rate        | 0.0001      |
|    loss                 | 205         |
|    n_updates            | 17030       |
|    policy_gradient_loss | -0.027      |
|    std                  | 2.34        |
|    value_loss           | 782         |
-----------------------------------------
-----------------------------------------
| rollout/                |             |
|    ep_len_mean          | 238         |
|    ep_rew_mean          | 69.9        |
|    success_rate         | 0           |
| time/                   |             |
|    fps                  | 1803        |
|    iterations           | 187         |
|    time_elapsed         | 106         |
|    total_timesteps      | 1745920     |
| train/                  |             |
|    approx_kl            | 0.014328018 |
|    clip_fraction        | 0.16        |
|    clip_range           | 0.2         |
|    entropy_loss         | -18         |
|    explained_variance   | 0.928       |
|    learning_rate        | 0.0001      |
|    loss                 | 12.9        |
|    n_updates            | 17040       |
|    policy_gradient_loss | -0.0291     |
|    std                  | 2.34        |
|    value_loss           | 86.6        |
-----------------------------------------
-----------------------------------------
| rollout/                |             |
|    ep_len_mean          | 234         |
|    ep_rew_mean          | 60.1        |
|    success_rate         | 0           |
| time/                   |             |
|    fps                  | 1802        |
|    iterations           | 188         |
|    time_elapsed         | 106         |
|    total_timesteps      | 1746944     |
| train/                  |             |
|    approx_kl            | 0.011774609 |
|    clip_fraction        | 0.158       |
|    clip_range           | 0.2         |
|    entropy_loss         | -18         |
|    explained_variance   | 0.839       |
|    learning_rate        | 0.0001      |
|    loss                 | 48.4        |
|    n_updates            | 17050       |
|    policy_gradient_loss | -0.0265     |
|    std                  | 2.34        |
|    value_loss           | 123         |
-----------------------------------------
-----------------------------------------
| rollout/                |             |
|    ep_len_mean          | 232         |
|    ep_rew_mean          | 73.3        |
|    success_rate         | 0           |
| time/                   |             |
|    fps                  | 1802        |
|    iterations           | 189         |
|    time_elapsed         | 107         |
|    total_timesteps      | 1747968     |
| train/                  |             |
|    approx_kl            | 0.014558833 |
|    clip_fraction        | 0.146       |
|    clip_range           | 0.2         |
|    entropy_loss         | -18         |
|    explained_variance   | 0.975       |
|    learning_rate        | 0.0001      |
|    loss                 | 31          |
|    n_updates            | 17060       |
|    policy_gradient_loss | -0.0336     |
|    std                  | 2.34        |
|    value_loss           | 316         |
-----------------------------------------
-----------------------------------------
| rollout/                |             |
|    ep_len_mean          | 235         |
|    ep_rew_mean          | 80.1        |
|    success_rate         | 0           |
| time/                   |             |
|    fps                  | 1802        |
|    iterations           | 190         |
|    time_elapsed         | 107         |
|    total_timesteps      | 1748992     |
| train/                  |             |
|    approx_kl            | 0.015304976 |
|    clip_fraction        | 0.156       |
|    clip_range           | 0.2         |
|    entropy_loss         | -18         |
|    explained_variance   | 0.833       |
|    learning_rate        | 0.0001      |
|    loss                 | 215         |
|    n_updates            | 17070       |
|    policy_gradient_loss | -0.0236     |
|    std                  | 2.34        |
|    value_loss           | 255         |
-----------------------------------------
-----------------------------------------
| rollout/                |             |
|    ep_len_mean          | 238         |
|    ep_rew_mean          | 83.5        |
|    success_rate         | 0           |
| time/                   |             |
|    fps                  | 1802        |
|    iterations           | 191         |
|    time_elapsed         | 108         |
|    total_timesteps      | 1750016     |
| train/                  |             |
|    approx_kl            | 0.020173196 |
|    clip_fraction        | 0.184       |
|    clip_range           | 0.2         |
|    entropy_loss         | -18         |
|    explained_variance   | 0.885       |
|    learning_rate        | 0.0001      |
|    loss                 | 12.4        |
|    n_updates            | 17080       |
|    policy_gradient_loss | -0.0363     |
|    std                  | 2.34        |
|    value_loss           | 45.3        |
-----------------------------------------
-----------------------------------------
| rollout/                |             |
|    ep_len_mean          | 242         |
|    ep_rew_mean          | 87.9        |
|    success_rate         | 0           |
| time/                   |             |
|    fps                  | 1801        |
|    iterations           | 192         |
|    time_elapsed         | 109         |
|    total_timesteps      | 1751040     |
| train/                  |             |
|    approx_kl            | 0.016462922 |
|    clip_fraction        | 0.153       |
|    clip_range           | 0.2         |
|    entropy_loss         | -18         |
|    explained_variance   | 0.943       |
|    learning_rate        | 0.0001      |
|    loss                 | 28.5        |
|    n_updates            | 17090       |
|    policy_gradient_loss | -0.0303     |
|    std                  | 2.35        |
|    value_loss           | 123         |
-----------------------------------------
-----------------------------------------
| rollout/                |             |
|    ep_len_mean          | 241         |
|    ep_rew_mean          | 96.9        |
|    success_rate         | 0           |
| time/                   |             |
|    fps                  | 1801        |
|    iterations           | 193         |
|    time_elapsed         | 109         |
|    total_timesteps      | 1752064     |
| train/                  |             |
|    approx_kl            | 0.013694623 |
|    clip_fraction        | 0.149       |
|    clip_range           | 0.2         |
|    entropy_loss         | -18         |
|    explained_variance   | 0.819       |
|    learning_rate        | 0.0001      |
|    loss                 | 36.9        |
|    n_updates            | 17100       |
|    policy_gradient_loss | -0.0299     |
|    std                  | 2.35        |
|    value_loss           | 119         |
-----------------------------------------
-----------------------------------------
| rollout/                |             |
|    ep_len_mean          | 243         |
|    ep_rew_mean          | 97.8        |
|    success_rate         | 0           |
| time/                   |             |
|    fps                  | 1800        |
|    iterations           | 194         |
|    time_elapsed         | 110         |
|    total_timesteps      | 1753088     |
| train/                  |             |
|    approx_kl            | 0.024408752 |
|    clip_fraction        | 0.187       |
|    clip_range           | 0.2         |
|    entropy_loss         | -18         |
|    explained_variance   | 0.915       |
|    learning_rate        | 0.0001      |
|    loss                 | 30.3        |
|    n_updates            | 17110       |
|    policy_gradient_loss | -0.0302     |
|    std                  | 2.35        |
|    value_loss           | 86.8        |
-----------------------------------------
-----------------------------------------
| rollout/                |             |
|    ep_len_mean          | 246         |
|    ep_rew_mean          | 99.6        |
|    success_rate         | 0           |
| time/                   |             |
|    fps                  | 1800        |
|    iterations           | 195         |
|    time_elapsed         | 110         |
|    total_timesteps      | 1754112     |
| train/                  |             |
|    approx_kl            | 0.013838248 |
|    clip_fraction        | 0.168       |
|    clip_range           | 0.2         |
|    entropy_loss         | -18         |
|    explained_variance   | 0.931       |
|    learning_rate        | 0.0001      |
|    loss                 | 115         |
|    n_updates            | 17120       |
|    policy_gradient_loss | -0.0241     |
|    std                  | 2.35        |
|    value_loss           | 172         |
-----------------------------------------
-----------------------------------------
| rollout/                |             |
|    ep_len_mean          | 246         |
|    ep_rew_mean          | 98.6        |
|    success_rate         | 0           |
| time/                   |             |
|    fps                  | 1800        |
|    iterations           | 196         |
|    time_elapsed         | 111         |
|    total_timesteps      | 1755136     |
| train/                  |             |
|    approx_kl            | 0.013950314 |
|    clip_fraction        | 0.137       |
|    clip_range           | 0.2         |
|    entropy_loss         | -18         |
|    explained_variance   | 0.978       |
|    learning_rate        | 0.0001      |
|    loss                 | 33.8        |
|    n_updates            | 17130       |
|    policy_gradient_loss | -0.0284     |
|    std                  | 2.35        |
|    value_loss           | 114         |
-----------------------------------------
 100% ━━━━━━━━━━━━━━━━━━━━━━ 200,704/200,000  [ 0:01:51 < 0:00:00 , 1,779 it/s ]

+ /Users/youpeixing/ws/allegro_rod_mvp/.venv/bin/python /Users/youpeixing/ws/allegro_rod_mvp/scripts/eval_policy.py /Users/youpeixing/ws/allegro_rod_mvp/checkpoints/stage2/final_model.zip --stage 2 --episodes 20 --out /Users/youpeixing/ws/allegro_rod_mvp/checkpoints/stage2/eval_metrics.json
{
  "model": "/Users/youpeixing/ws/allegro_rod_mvp/checkpoints/stage2/final_model.zip",
  "stage": 2,
  "episodes": 20,
  "axis_rotation_deg_mean": -48.05137864996122,
  "axis_rotation_deg_std": 42.45889775638058,
  "tip_error_m_mean": 0.01315212546586714,
  "tip_error_m_std": 0.025506476936876653,
  "contact_count_mean": 1.9,
  "success_rate": 0.0,
  "drop_rate": 0.05,
  "passed": false
}
{
  "model": "/Users/youpeixing/ws/allegro_rod_mvp/checkpoints/stage2/final_model.zip",
  "stage": 2,
  "episodes": 20,
  "axis_rotation_deg_mean": -48.05137864996122,
  "axis_rotation_deg_std": 42.45889775638058,
  "tip_error_m_mean": 0.01315212546586714,
  "tip_error_m_std": 0.025506476936876653,
  "contact_count_mean": 1.9,
  "success_rate": 0.0,
  "drop_rate": 0.05,
  "passed": false
}

===== STAGE 2: extend +200000 (extra_done=400000/600000, tune=2) =====
Logging to checkpoints/stage0/tb/PPO_1
---------------------------------
| rollout/           |          |
|    ep_len_mean     | 244      |
|    ep_rew_mean     | 93       |
|    success_rate    | 0        |
| time/              |          |
|    fps             | 2265     |
|    iterations      | 1        |
|    time_elapsed    | 0        |
|    total_timesteps | 1756160  |
---------------------------------
-----------------------------------------
| rollout/                |             |
|    ep_len_mean          | 243         |
|    ep_rew_mean          | 97.9        |
|    success_rate         | 0           |
| time/                   |             |
|    fps                  | 1956        |
|    iterations           | 2           |
|    time_elapsed         | 1           |
|    total_timesteps      | 1757184     |
| train/                  |             |
|    approx_kl            | 0.014286727 |
|    clip_fraction        | 0.167       |
|    clip_range           | 0.2         |
|    entropy_loss         | -18         |
|    explained_variance   | 0.866       |
|    learning_rate        | 0.0001      |
|    loss                 | 33.8        |
|    n_updates            | 17150       |
|    policy_gradient_loss | -0.0323     |
|    std                  | 2.35        |
|    value_loss           | 203         |
-----------------------------------------
-----------------------------------------
| rollout/                |             |
|    ep_len_mean          | 239         |
|    ep_rew_mean          | 94.9        |
|    success_rate         | 0           |
| time/                   |             |
|    fps                  | 1907        |
|    iterations           | 3           |
|    time_elapsed         | 1           |
|    total_timesteps      | 1758208     |
| train/                  |             |
|    approx_kl            | 0.021737311 |
|    clip_fraction        | 0.199       |
|    clip_range           | 0.2         |
|    entropy_loss         | -18         |
|    explained_variance   | 0.942       |
|    learning_rate        | 0.0001      |
|    loss                 | 12.9        |
|    n_updates            | 17160       |
|    policy_gradient_loss | -0.0312     |
|    std                  | 2.35        |
|    value_loss           | 49.4        |
-----------------------------------------
-----------------------------------------
| rollout/                |             |
|    ep_len_mean          | 241         |
|    ep_rew_mean          | 99.9        |
|    success_rate         | 0           |
| time/                   |             |
|    fps                  | 1882        |
|    iterations           | 4           |
|    time_elapsed         | 2           |
|    total_timesteps      | 1759232     |
| train/                  |             |
|    approx_kl            | 0.013000488 |
|    clip_fraction        | 0.196       |
|    clip_range           | 0.2         |
|    entropy_loss         | -18         |
|    explained_variance   | 0.814       |
|    learning_rate        | 0.0001      |
|    loss                 | 300         |
|    n_updates            | 17170       |
|    policy_gradient_loss | -0.0237     |
|    std                  | 2.36        |
|    value_loss           | 303         |
-----------------------------------------
-----------------------------------------
| rollout/                |             |
|    ep_len_mean          | 244         |
|    ep_rew_mean          | 106         |
|    success_rate         | 0           |
| time/                   |             |
|    fps                  | 1846        |
|    iterations           | 5           |
|    time_elapsed         | 2           |
|    total_timesteps      | 1760256     |
| train/                  |             |
|    approx_kl            | 0.015173432 |
|    clip_fraction        | 0.127       |
|    clip_range           | 0.2         |
|    entropy_loss         | -18         |
|    explained_variance   | 0.861       |
|    learning_rate        | 0.0001      |
|    loss                 | 100         |
|    n_updates            | 17180       |
|    policy_gradient_loss | -0.0292     |
|    std                  | 2.36        |
|    value_loss           | 388         |
-----------------------------------------
-----------------------------------------
| rollout/                |             |
|    ep_len_mean          | 239         |
|    ep_rew_mean          | 112         |
|    success_rate         | 0           |
| time/                   |             |
|    fps                  | 1841        |
|    iterations           | 6           |
|    time_elapsed         | 3           |
|    total_timesteps      | 1761280     |
| train/                  |             |
|    approx_kl            | 0.018437821 |
|    clip_fraction        | 0.201       |
|    clip_range           | 0.2         |
|    entropy_loss         | -18         |
|    explained_variance   | 0.946       |
|    learning_rate        | 0.0001      |
|    loss                 | 21.7        |
|    n_updates            | 17190       |
|    policy_gradient_loss | -0.0304     |
|    std                  | 2.36        |
|    value_loss           | 54.1        |
-----------------------------------------
----------------------------------------
| rollout/                |            |
|    ep_len_mean          | 244        |
|    ep_rew_mean          | 117        |
|    success_rate         | 0          |
| time/                   |            |
|    fps                  | 1814       |
|    iterations           | 7          |
|    time_elapsed         | 3          |
|    total_timesteps      | 1762304    |
| train/                  |            |
|    approx_kl            | 0.01004541 |
|    clip_fraction        | 0.0995     |
|    clip_range           | 0.2        |
|    entropy_loss         | -18        |
|    explained_variance   | 0.874      |
|    learning_rate        | 0.0001     |
|    loss                 | 202        |
|    n_updates            | 17200      |
|    policy_gradient_loss | -0.025     |
|    std                  | 2.36       |
|    value_loss           | 587        |
----------------------------------------
----------------------------------------
| rollout/                |            |
|    ep_len_mean          | 241        |
|    ep_rew_mean          | 112        |
|    success_rate         | 0          |
| time/                   |            |
|    fps                  | 1817       |
|    iterations           | 8          |
|    time_elapsed         | 4          |
|    total_timesteps      | 1763328    |
| train/                  |            |
|    approx_kl            | 0.01518504 |
|    clip_fraction        | 0.126      |
|    clip_range           | 0.2        |
|    entropy_loss         | -18        |
|    explained_variance   | 0.97       |
|    learning_rate        | 0.0001     |
|    loss                 | 47.1       |
|    n_updates            | 17210      |
|    policy_gradient_loss | -0.0297    |
|    std                  | 2.36       |
|    value_loss           | 184        |
----------------------------------------
-----------------------------------------
| rollout/                |             |
|    ep_len_mean          | 234         |
|    ep_rew_mean          | 101         |
|    success_rate         | 0           |
| time/                   |             |
|    fps                  | 1818        |
|    iterations           | 9           |
|    time_elapsed         | 5           |
|    total_timesteps      | 1764352     |
| train/                  |             |
|    approx_kl            | 0.015387324 |
|    clip_fraction        | 0.12        |
|    clip_range           | 0.2         |
|    entropy_loss         | -18         |
|    explained_variance   | 0.831       |
|    learning_rate        | 0.0001      |
|    loss                 | 12.9        |
|    n_updates            | 17220       |
|    policy_gradient_loss | -0.0333     |
|    std                  | 2.36        |
|    value_loss           | 74.7        |
-----------------------------------------
-----------------------------------------
| rollout/                |             |
|    ep_len_mean          | 230         |
|    ep_rew_mean          | 95.1        |
|    success_rate         | 0           |
| time/                   |             |
|    fps                  | 1817        |
|    iterations           | 10          |
|    time_elapsed         | 5           |
|    total_timesteps      | 1765376     |
| train/                  |             |
|    approx_kl            | 0.011751473 |
|    clip_fraction        | 0.102       |
|    clip_range           | 0.2         |
|    entropy_loss         | -18         |
|    explained_variance   | 0.776       |
|    learning_rate        | 0.0001      |
|    loss                 | 127         |
|    n_updates            | 17230       |
|    policy_gradient_loss | -0.0213     |
|    std                  | 2.36        |
|    value_loss           | 506         |
-----------------------------------------
-----------------------------------------
| rollout/                |             |
|    ep_len_mean          | 232         |
|    ep_rew_mean          | 91          |
|    success_rate         | 0           |
| time/                   |             |
|    fps                  | 1819        |
|    iterations           | 11          |
|    time_elapsed         | 6           |
|    total_timesteps      | 1766400     |
| train/                  |             |
|    approx_kl            | 0.015658654 |
|    clip_fraction        | 0.14        |
|    clip_range           | 0.2         |
|    entropy_loss         | -18         |
|    explained_variance   | 0.824       |
|    learning_rate        | 0.0001      |
|    loss                 | 60.5        |
|    n_updates            | 17240       |
|    policy_gradient_loss | -0.0298     |
|    std                  | 2.36        |
|    value_loss           | 182         |
-----------------------------------------
---------------------------------------
| rollout/                |           |
|    ep_len_mean          | 230       |
|    ep_rew_mean          | 101       |
|    success_rate         | 0         |
| time/                   |           |
|    fps                  | 1820      |
|    iterations           | 12        |
|    time_elapsed         | 6         |
|    total_timesteps      | 1767424   |
| train/                  |           |
|    approx_kl            | 0.0223263 |
|    clip_fraction        | 0.23      |
|    clip_range           | 0.2       |
|    entropy_loss         | -18       |
|    explained_variance   | 0.892     |
|    learning_rate        | 0.0001    |
|    loss                 | 27.1      |
|    n_updates            | 17250     |
|    policy_gradient_loss | -0.0381   |
|    std                  | 2.36      |
|    value_loss           | 58.1      |
---------------------------------------
------------------------------------------
| rollout/                |              |
|    ep_len_mean          | 233          |
|    ep_rew_mean          | 104          |
|    success_rate         | 0            |
| time/                   |              |
|    fps                  | 1822         |
|    iterations           | 13           |
|    time_elapsed         | 7            |
|    total_timesteps      | 1768448      |
| train/                  |              |
|    approx_kl            | 0.0111669395 |
|    clip_fraction        | 0.103        |
|    clip_range           | 0.2          |
|    entropy_loss         | -18          |
|    explained_variance   | 0.844        |
|    learning_rate        | 0.0001       |
|    loss                 | 68.6         |
|    n_updates            | 17260        |
|    policy_gradient_loss | -0.0258      |
|    std                  | 2.36         |
|    value_loss           | 212          |
------------------------------------------
-----------------------------------------
| rollout/                |             |
|    ep_len_mean          | 232         |
|    ep_rew_mean          | 97.9        |
|    success_rate         | 0           |
| time/                   |             |
|    fps                  | 1822        |
|    iterations           | 14          |
|    time_elapsed         | 7           |
|    total_timesteps      | 1769472     |
| train/                  |             |
|    approx_kl            | 0.021838255 |
|    clip_fraction        | 0.146       |
|    clip_range           | 0.2         |
|    entropy_loss         | -18         |
|    explained_variance   | 0.981       |
|    learning_rate        | 0.0001      |
|    loss                 | 15.3        |
|    n_updates            | 17270       |
|    policy_gradient_loss | -0.0288     |
|    std                  | 2.36        |
|    value_loss           | 60.5        |
-----------------------------------------
------------------------------------------
| rollout/                |              |
|    ep_len_mean          | 237          |
|    ep_rew_mean          | 109          |
|    success_rate         | 0            |
| time/                   |              |
|    fps                  | 1823         |
|    iterations           | 15           |
|    time_elapsed         | 8            |
|    total_timesteps      | 1770496      |
| train/                  |              |
|    approx_kl            | 0.0121990265 |
|    clip_fraction        | 0.185        |
|    clip_range           | 0.2          |
|    entropy_loss         | -18          |
|    explained_variance   | 0.838        |
|    learning_rate        | 0.0001       |
|    loss                 | 56.4         |
|    n_updates            | 17280        |
|    policy_gradient_loss | -0.0212      |
|    std                  | 2.37         |
|    value_loss           | 286          |
------------------------------------------
-----------------------------------------
| rollout/                |             |
|    ep_len_mean          | 238         |
|    ep_rew_mean          | 101         |
|    success_rate         | 0           |
| time/                   |             |
|    fps                  | 1823        |
|    iterations           | 16          |
|    time_elapsed         | 8           |
|    total_timesteps      | 1771520     |
| train/                  |             |
|    approx_kl            | 0.021076491 |
|    clip_fraction        | 0.203       |
|    clip_range           | 0.2         |
|    entropy_loss         | -18         |
|    explained_variance   | 0.98        |
|    learning_rate        | 0.0001      |
|    loss                 | 22.7        |
|    n_updates            | 17290       |
|    policy_gradient_loss | -0.0387     |
|    std                  | 2.37        |
|    value_loss           | 79.5        |
-----------------------------------------
-----------------------------------------
| rollout/                |             |
|    ep_len_mean          | 238         |
|    ep_rew_mean          | 84.7        |
|    success_rate         | 0           |
| time/                   |             |
|    fps                  | 1822        |
|    iterations           | 17          |
|    time_elapsed         | 9           |
|    total_timesteps      | 1772544     |
| train/                  |             |
|    approx_kl            | 0.010907438 |
|    clip_fraction        | 0.0978      |
|    clip_range           | 0.2         |
|    entropy_loss         | -18         |
|    explained_variance   | 0.882       |
|    learning_rate        | 0.0001      |
|    loss                 | 50.5        |
|    n_updates            | 17300       |
|    policy_gradient_loss | -0.0231     |
|    std                  | 2.37        |
|    value_loss           | 214         |
-----------------------------------------
-----------------------------------------
| rollout/                |             |
|    ep_len_mean          | 238         |
|    ep_rew_mean          | 86.3        |
|    success_rate         | 0           |
| time/                   |             |
|    fps                  | 1821        |
|    iterations           | 18          |
|    time_elapsed         | 10          |
|    total_timesteps      | 1773568     |
| train/                  |             |
|    approx_kl            | 0.009907307 |
|    clip_fraction        | 0.0964      |
|    clip_range           | 0.2         |
|    entropy_loss         | -18         |
|    explained_variance   | 0.945       |
|    learning_rate        | 0.0001      |
|    loss                 | 69.8        |
|    n_updates            | 17310       |
|    policy_gradient_loss | -0.024      |
|    std                  | 2.37        |
|    value_loss           | 367         |
-----------------------------------------
----------------------------------------
| rollout/                |            |
|    ep_len_mean          | 232        |
|    ep_rew_mean          | 75.8       |
|    success_rate         | 0          |
| time/                   |            |
|    fps                  | 1816       |
|    iterations           | 19         |
|    time_elapsed         | 10         |
|    total_timesteps      | 1774592    |
| train/                  |            |
|    approx_kl            | 0.02396743 |
|    clip_fraction        | 0.189      |
|    clip_range           | 0.2        |
|    entropy_loss         | -18        |
|    explained_variance   | 0.831      |
|    learning_rate        | 0.0001     |
|    loss                 | 19.4       |
|    n_updates            | 17320      |
|    policy_gradient_loss | -0.037     |
|    std                  | 2.36       |
|    value_loss           | 81.3       |
----------------------------------------
------------------------------------------
| rollout/                |              |
|    ep_len_mean          | 233          |
|    ep_rew_mean          | 75.2         |
|    success_rate         | 0            |
| time/                   |              |
|    fps                  | 1817         |
|    iterations           | 20           |
|    time_elapsed         | 11           |
|    total_timesteps      | 1775616      |
| train/                  |              |
|    approx_kl            | 0.0117021855 |
|    clip_fraction        | 0.11         |
|    clip_range           | 0.2          |
|    entropy_loss         | -18          |
|    explained_variance   | 0.849        |
|    learning_rate        | 0.0001       |
|    loss                 | 134          |
|    n_updates            | 17330        |
|    policy_gradient_loss | -0.0259      |
|    std                  | 2.36         |
|    value_loss           | 388          |
------------------------------------------
----------------------------------------
| rollout/                |            |
|    ep_len_mean          | 236        |
|    ep_rew_mean          | 74.7       |
|    success_rate         | 0          |
| time/                   |            |
|    fps                  | 1817       |
|    iterations           | 21         |
|    time_elapsed         | 11         |
|    total_timesteps      | 1776640    |
| train/                  |            |
|    approx_kl            | 0.01175157 |
|    clip_fraction        | 0.139      |
|    clip_range           | 0.2        |
|    entropy_loss         | -18        |
|    explained_variance   | 0.813      |
|    learning_rate        | 0.0001     |
|    loss                 | 62.7       |
|    n_updates            | 17340      |
|    policy_gradient_loss | -0.0233    |
|    std                  | 2.36       |
|    value_loss           | 424        |
----------------------------------------
-----------------------------------------
| rollout/                |             |
|    ep_len_mean          | 231         |
|    ep_rew_mean          | 56          |
|    success_rate         | 0           |
| time/                   |             |
|    fps                  | 1817        |
|    iterations           | 22          |
|    time_elapsed         | 12          |
|    total_timesteps      | 1777664     |
| train/                  |             |
|    approx_kl            | 0.030155303 |
|    clip_fraction        | 0.231       |
|    clip_range           | 0.2         |
|    entropy_loss         | -18         |
|    explained_variance   | 0.994       |
|    learning_rate        | 0.0001      |
|    loss                 | 12.8        |
|    n_updates            | 17350       |
|    policy_gradient_loss | -0.0339     |
|    std                  | 2.37        |
|    value_loss           | 60.5        |
-----------------------------------------
-----------------------------------------
| rollout/                |             |
|    ep_len_mean          | 226         |
|    ep_rew_mean          | 54.2        |
|    success_rate         | 0           |
| time/                   |             |
|    fps                  | 1817        |
|    iterations           | 23          |
|    time_elapsed         | 12          |
|    total_timesteps      | 1778688     |
| train/                  |             |
|    approx_kl            | 0.012038291 |
|    clip_fraction        | 0.16        |
|    clip_range           | 0.2         |
|    entropy_loss         | -18         |
|    explained_variance   | 0.931       |
|    learning_rate        | 0.0001      |
|    loss                 | 131         |
|    n_updates            | 17360       |
|    policy_gradient_loss | -0.025      |
|    std                  | 2.37        |
|    value_loss           | 329         |
-----------------------------------------
----------------------------------------
| rollout/                |            |
|    ep_len_mean          | 231        |
|    ep_rew_mean          | 46.2       |
|    success_rate         | 0          |
| time/                   |            |
|    fps                  | 1818       |
|    iterations           | 24         |
|    time_elapsed         | 13         |
|    total_timesteps      | 1779712    |
| train/                  |            |
|    approx_kl            | 0.01186768 |
|    clip_fraction        | 0.174      |
|    clip_range           | 0.2        |
|    entropy_loss         | -18        |
|    explained_variance   | 0.875      |
|    learning_rate        | 0.0001     |
|    loss                 | 57.9       |
|    n_updates            | 17370      |
|    policy_gradient_loss | -0.0293    |
|    std                  | 2.37       |
|    value_loss           | 200        |
----------------------------------------
-----------------------------------------
| rollout/                |             |
|    ep_len_mean          | 231         |
|    ep_rew_mean          | 44.8        |
|    success_rate         | 0           |
| time/                   |             |
|    fps                  | 1817        |
|    iterations           | 25          |
|    time_elapsed         | 14          |
|    total_timesteps      | 1780736     |
| train/                  |             |
|    approx_kl            | 0.011252018 |
|    clip_fraction        | 0.0888      |
|    clip_range           | 0.2         |
|    entropy_loss         | -18         |
|    explained_variance   | 0.801       |
|    learning_rate        | 0.0001      |
|    loss                 | 58.6        |
|    n_updates            | 17380       |
|    policy_gradient_loss | -0.0228     |
|    std                  | 2.37        |
|    value_loss           | 172         |
-----------------------------------------
-----------------------------------------
| rollout/                |             |
|    ep_len_mean          | 229         |
|    ep_rew_mean          | 26          |
|    success_rate         | 0           |
| time/                   |             |
|    fps                  | 1812        |
|    iterations           | 26          |
|    time_elapsed         | 14          |
|    total_timesteps      | 1781760     |
| train/                  |             |
|    approx_kl            | 0.022350036 |
|    clip_fraction        | 0.147       |
|    clip_range           | 0.2         |
|    entropy_loss         | -18         |
|    explained_variance   | 0.976       |
|    learning_rate        | 0.0001      |
|    loss                 | 17.4        |
|    n_updates            | 17390       |
|    policy_gradient_loss | -0.0256     |
|    std                  | 2.37        |
|    value_loss           | 55.8        |
-----------------------------------------
-----------------------------------------
| rollout/                |             |
|    ep_len_mean          | 233         |
|    ep_rew_mean          | 17.5        |
|    success_rate         | 0           |
| time/                   |             |
|    fps                  | 1810        |
|    iterations           | 27          |
|    time_elapsed         | 15          |
|    total_timesteps      | 1782784     |
| train/                  |             |
|    approx_kl            | 0.011979157 |
|    clip_fraction        | 0.173       |
|    clip_range           | 0.2         |
|    entropy_loss         | -18         |
|    explained_variance   | 0.915       |
|    learning_rate        | 0.0001      |
|    loss                 | 108         |
|    n_updates            | 17400       |
|    policy_gradient_loss | -0.0206     |
|    std                  | 2.37        |
|    value_loss           | 275         |
-----------------------------------------
-----------------------------------------
| rollout/                |             |
|    ep_len_mean          | 232         |
|    ep_rew_mean          | 9.99        |
|    success_rate         | 0           |
| time/                   |             |
|    fps                  | 1811        |
|    iterations           | 28          |
|    time_elapsed         | 15          |
|    total_timesteps      | 1783808     |
| train/                  |             |
|    approx_kl            | 0.011836011 |
|    clip_fraction        | 0.0901      |
|    clip_range           | 0.2         |
|    entropy_loss         | -18         |
|    explained_variance   | 0.853       |
|    learning_rate        | 0.0001      |
|    loss                 | 119         |
|    n_updates            | 17410       |
|    policy_gradient_loss | -0.0241     |
|    std                  | 2.37        |
|    value_loss           | 322         |
-----------------------------------------
-----------------------------------------
| rollout/                |             |
|    ep_len_mean          | 236         |
|    ep_rew_mean          | 16.1        |
|    success_rate         | 0           |
| time/                   |             |
|    fps                  | 1812        |
|    iterations           | 29          |
|    time_elapsed         | 16          |
|    total_timesteps      | 1784832     |
| train/                  |             |
|    approx_kl            | 0.010882795 |
|    clip_fraction        | 0.108       |
|    clip_range           | 0.2         |
|    entropy_loss         | -18         |
|    explained_variance   | 0.705       |
|    learning_rate        | 0.0001      |
|    loss                 | 102         |
|    n_updates            | 17420       |
|    policy_gradient_loss | -0.0253     |
|    std                  | 2.37        |
|    value_loss           | 409         |
-----------------------------------------
----------------------------------------
| rollout/                |            |
|    ep_len_mean          | 236        |
|    ep_rew_mean          | 19.5       |
|    success_rate         | 0          |
| time/                   |            |
|    fps                  | 1811       |
|    iterations           | 30         |
|    time_elapsed         | 16         |
|    total_timesteps      | 1785856    |
| train/                  |            |
|    approx_kl            | 0.01481351 |
|    clip_fraction        | 0.14       |
|    clip_range           | 0.2        |
|    entropy_loss         | -18        |
|    explained_variance   | 0.902      |
|    learning_rate        | 0.0001     |
|    loss                 | 28         |
|    n_updates            | 17430      |
|    policy_gradient_loss | -0.0291    |
|    std                  | 2.37       |
|    value_loss           | 91.9       |
----------------------------------------
-----------------------------------------
| rollout/                |             |
|    ep_len_mean          | 238         |
|    ep_rew_mean          | 24.9        |
|    success_rate         | 0           |
| time/                   |             |
|    fps                  | 1794        |
|    iterations           | 31          |
|    time_elapsed         | 17          |
|    total_timesteps      | 1786880     |
| train/                  |             |
|    approx_kl            | 0.024752825 |
|    clip_fraction        | 0.207       |
|    clip_range           | 0.2         |
|    entropy_loss         | -18         |
|    explained_variance   | 0.899       |
|    learning_rate        | 0.0001      |
|    loss                 | 9.47        |
|    n_updates            | 17440       |
|    policy_gradient_loss | -0.0273     |
|    std                  | 2.37        |
|    value_loss           | 58.1        |
-----------------------------------------
-----------------------------------------
| rollout/                |             |
|    ep_len_mean          | 234         |
|    ep_rew_mean          | 16.6        |
|    success_rate         | 0           |
| time/                   |             |
|    fps                  | 1795        |
|    iterations           | 32          |
|    time_elapsed         | 18          |
|    total_timesteps      | 1787904     |
| train/                  |             |
|    approx_kl            | 0.017879862 |
|    clip_fraction        | 0.198       |
|    clip_range           | 0.2         |
|    entropy_loss         | -18         |
|    explained_variance   | 0.946       |
|    learning_rate        | 0.0001      |
|    loss                 | 9.21        |
|    n_updates            | 17450       |
|    policy_gradient_loss | -0.0349     |
|    std                  | 2.38        |
|    value_loss           | 63.1        |
-----------------------------------------
-----------------------------------------
| rollout/                |             |
|    ep_len_mean          | 239         |
|    ep_rew_mean          | 14.7        |
|    success_rate         | 0           |
| time/                   |             |
|    fps                  | 1796        |
|    iterations           | 33          |
|    time_elapsed         | 18          |
|    total_timesteps      | 1788928     |
| train/                  |             |
|    approx_kl            | 0.008196481 |
|    clip_fraction        | 0.0874      |
|    clip_range           | 0.2         |
|    entropy_loss         | -18.1       |
|    explained_variance   | 0.889       |
|    learning_rate        | 0.0001      |
|    loss                 | 637         |
|    n_updates            | 17460       |
|    policy_gradient_loss | -0.0201     |
|    std                  | 2.38        |
|    value_loss           | 1.53e+03    |
-----------------------------------------
-----------------------------------------
| rollout/                |             |
|    ep_len_mean          | 239         |
|    ep_rew_mean          | 7.91        |
|    success_rate         | 0           |
| time/                   |             |
|    fps                  | 1796        |
|    iterations           | 34          |
|    time_elapsed         | 19          |
|    total_timesteps      | 1789952     |
| train/                  |             |
|    approx_kl            | 0.016660038 |
|    clip_fraction        | 0.158       |
|    clip_range           | 0.2         |
|    entropy_loss         | -18.1       |
|    explained_variance   | 0.988       |
|    learning_rate        | 0.0001      |
|    loss                 | 36.6        |
|    n_updates            | 17470       |
|    policy_gradient_loss | -0.0326     |
|    std                  | 2.38        |
|    value_loss           | 112         |
-----------------------------------------
-----------------------------------------
| rollout/                |             |
|    ep_len_mean          | 235         |
|    ep_rew_mean          | 8.39        |
|    success_rate         | 0           |
| time/                   |             |
|    fps                  | 1797        |
|    iterations           | 35          |
|    time_elapsed         | 19          |
|    total_timesteps      | 1790976     |
| train/                  |             |
|    approx_kl            | 0.014883437 |
|    clip_fraction        | 0.149       |
|    clip_range           | 0.2         |
|    entropy_loss         | -18.1       |
|    explained_variance   | 0.974       |
|    learning_rate        | 0.0001      |
|    loss                 | 68.5        |
|    n_updates            | 17480       |
|    policy_gradient_loss | -0.0338     |
|    std                  | 2.38        |
|    value_loss           | 189         |
-----------------------------------------
------------------------------------------
| rollout/                |              |
|    ep_len_mean          | 235          |
|    ep_rew_mean          | 7.68         |
|    success_rate         | 0            |
| time/                   |              |
|    fps                  | 1798         |
|    iterations           | 36           |
|    time_elapsed         | 20           |
|    total_timesteps      | 1792000      |
| train/                  |              |
|    approx_kl            | 0.0106075145 |
|    clip_fraction        | 0.0991       |
|    clip_range           | 0.2          |
|    entropy_loss         | -18.1        |
|    explained_variance   | 0.776        |
|    learning_rate        | 0.0001       |
|    loss                 | 139          |
|    n_updates            | 17490        |
|    policy_gradient_loss | -0.0226      |
|    std                  | 2.38         |
|    value_loss           | 481          |
------------------------------------------
-----------------------------------------
| rollout/                |             |
|    ep_len_mean          | 234         |
|    ep_rew_mean          | 6.24        |
|    success_rate         | 0           |
| time/                   |             |
|    fps                  | 1798        |
|    iterations           | 37          |
|    time_elapsed         | 21          |
|    total_timesteps      | 1793024     |
| train/                  |             |
|    approx_kl            | 0.014819443 |
|    clip_fraction        | 0.156       |
|    clip_range           | 0.2         |
|    entropy_loss         | -18.1       |
|    explained_variance   | 0.9         |
|    learning_rate        | 0.0001      |
|    loss                 | 32.7        |
|    n_updates            | 17500       |
|    policy_gradient_loss | -0.0324     |
|    std                  | 2.38        |
|    value_loss           | 120         |
-----------------------------------------
-----------------------------------------
| rollout/                |             |
|    ep_len_mean          | 234         |
|    ep_rew_mean          | 18.7        |
|    success_rate         | 0           |
| time/                   |             |
|    fps                  | 1799        |
|    iterations           | 38          |
|    time_elapsed         | 21          |
|    total_timesteps      | 1794048     |
| train/                  |             |
|    approx_kl            | 0.025999561 |
|    clip_fraction        | 0.233       |
|    clip_range           | 0.2         |
|    entropy_loss         | -18.1       |
|    explained_variance   | 0.945       |
|    learning_rate        | 0.0001      |
|    loss                 | 10.1        |
|    n_updates            | 17510       |
|    policy_gradient_loss | -0.0409     |
|    std                  | 2.38        |
|    value_loss           | 54.4        |
-----------------------------------------
-----------------------------------------
| rollout/                |             |
|    ep_len_mean          | 230         |
|    ep_rew_mean          | 31.6        |
|    success_rate         | 0           |
| time/                   |             |
|    fps                  | 1800        |
|    iterations           | 39          |
|    time_elapsed         | 22          |
|    total_timesteps      | 1795072     |
| train/                  |             |
|    approx_kl            | 0.013651334 |
|    clip_fraction        | 0.169       |
|    clip_range           | 0.2         |
|    entropy_loss         | -18.1       |
|    explained_variance   | 0.646       |
|    learning_rate        | 0.0001      |
|    loss                 | 91.6        |
|    n_updates            | 17520       |
|    policy_gradient_loss | -0.0283     |
|    std                  | 2.38        |
|    value_loss           | 208         |
-----------------------------------------
-----------------------------------------
| rollout/                |             |
|    ep_len_mean          | 228         |
|    ep_rew_mean          | 33.7        |
|    success_rate         | 0           |
| time/                   |             |
|    fps                  | 1801        |
|    iterations           | 40          |
|    time_elapsed         | 22          |
|    total_timesteps      | 1796096     |
| train/                  |             |
|    approx_kl            | 0.010550924 |
|    clip_fraction        | 0.0838      |
|    clip_range           | 0.2         |
|    entropy_loss         | -18.1       |
|    explained_variance   | 0.596       |
|    learning_rate        | 0.0001      |
|    loss                 | 125         |
|    n_updates            | 17530       |
|    policy_gradient_loss | -0.0241     |
|    std                  | 2.38        |
|    value_loss           | 434         |
-----------------------------------------
-----------------------------------------
| rollout/                |             |
|    ep_len_mean          | 230         |
|    ep_rew_mean          | 34.2        |
|    success_rate         | 0           |
| time/                   |             |
|    fps                  | 1801        |
|    iterations           | 41          |
|    time_elapsed         | 23          |
|    total_timesteps      | 1797120     |
| train/                  |             |
|    approx_kl            | 0.015125126 |
|    clip_fraction        | 0.163       |
|    clip_range           | 0.2         |
|    entropy_loss         | -18.1       |
|    explained_variance   | 0.895       |
|    learning_rate        | 0.0001      |
|    loss                 | 26.6        |
|    n_updates            | 17540       |
|    policy_gradient_loss | -0.0284     |
|    std                  | 2.39        |
|    value_loss           | 167         |
-----------------------------------------
-----------------------------------------
| rollout/                |             |
|    ep_len_mean          | 233         |
|    ep_rew_mean          | 42.3        |
|    success_rate         | 0           |
| time/                   |             |
|    fps                  | 1802        |
|    iterations           | 42          |
|    time_elapsed         | 23          |
|    total_timesteps      | 1798144     |
| train/                  |             |
|    approx_kl            | 0.047781587 |
|    clip_fraction        | 0.225       |
|    clip_range           | 0.2         |
|    entropy_loss         | -18.1       |
|    explained_variance   | 0.962       |
|    learning_rate        | 0.0001      |
|    loss                 | 4.93        |
|    n_updates            | 17550       |
|    policy_gradient_loss | -0.03       |
|    std                  | 2.39        |
|    value_loss           | 28.2        |
-----------------------------------------
-----------------------------------------
| rollout/                |             |
|    ep_len_mean          | 234         |
|    ep_rew_mean          | 44.3        |
|    success_rate         | 0           |
| time/                   |             |
|    fps                  | 1802        |
|    iterations           | 43          |
|    time_elapsed         | 24          |
|    total_timesteps      | 1799168     |
| train/                  |             |
|    approx_kl            | 0.022180444 |
|    clip_fraction        | 0.224       |
|    clip_range           | 0.2         |
|    entropy_loss         | -18.1       |
|    explained_variance   | 0.931       |
|    learning_rate        | 0.0001      |
|    loss                 | 49.3        |
|    n_updates            | 17560       |
|    policy_gradient_loss | -0.0311     |
|    std                  | 2.39        |
|    value_loss           | 97.5        |
-----------------------------------------
----------------------------------------
| rollout/                |            |
|    ep_len_mean          | 229        |
|    ep_rew_mean          | 54.8       |
|    success_rate         | 0          |
| time/                   |            |
|    fps                  | 1803       |
|    iterations           | 44         |
|    time_elapsed         | 24         |
|    total_timesteps      | 1800192    |
| train/                  |            |
|    approx_kl            | 0.01696575 |
|    clip_fraction        | 0.14       |
|    clip_range           | 0.2        |
|    entropy_loss         | -18.1      |
|    explained_variance   | 0.914      |
|    learning_rate        | 0.0001     |
|    loss                 | 28.3       |
|    n_updates            | 17570      |
|    policy_gradient_loss | -0.0341    |
|    std                  | 2.39       |
|    value_loss           | 75.9       |
----------------------------------------
------------------------------------------
| rollout/                |              |
|    ep_len_mean          | 228          |
|    ep_rew_mean          | 47.5         |
|    success_rate         | 0            |
| time/                   |              |
|    fps                  | 1803         |
|    iterations           | 45           |
|    time_elapsed         | 25           |
|    total_timesteps      | 1801216      |
| train/                  |              |
|    approx_kl            | 0.0103378305 |
|    clip_fraction        | 0.152        |
|    clip_range           | 0.2          |
|    entropy_loss         | -18.1        |
|    explained_variance   | 0.792        |
|    learning_rate        | 0.0001       |
|    loss                 | 257          |
|    n_updates            | 17580        |
|    policy_gradient_loss | -0.0266      |
|    std                  | 2.39         |
|    value_loss           | 676          |
------------------------------------------
-----------------------------------------
| rollout/                |             |
|    ep_len_mean          | 222         |
|    ep_rew_mean          | 56.1        |
|    success_rate         | 0           |
| time/                   |             |
|    fps                  | 1803        |
|    iterations           | 46          |
|    time_elapsed         | 26          |
|    total_timesteps      | 1802240     |
| train/                  |             |
|    approx_kl            | 0.014529839 |
|    clip_fraction        | 0.134       |
|    clip_range           | 0.2         |
|    entropy_loss         | -18.1       |
|    explained_variance   | 0.925       |
|    learning_rate        | 0.0001      |
|    loss                 | 31.7        |
|    n_updates            | 17590       |
|    policy_gradient_loss | -0.0329     |
|    std                  | 2.39        |
|    value_loss           | 128         |
-----------------------------------------
-----------------------------------------
| rollout/                |             |
|    ep_len_mean          | 220         |
|    ep_rew_mean          | 51.7        |
|    success_rate         | 0           |
| time/                   |             |
|    fps                  | 1803        |
|    iterations           | 47          |
|    time_elapsed         | 26          |
|    total_timesteps      | 1803264     |
| train/                  |             |
|    approx_kl            | 0.011343073 |
|    clip_fraction        | 0.148       |
|    clip_range           | 0.2         |
|    entropy_loss         | -18.1       |
|    explained_variance   | 0.669       |
|    learning_rate        | 0.0001      |
|    loss                 | 38.2        |
|    n_updates            | 17600       |
|    policy_gradient_loss | -0.0307     |
|    std                  | 2.39        |
|    value_loss           | 241         |
-----------------------------------------
-----------------------------------------
| rollout/                |             |
|    ep_len_mean          | 224         |
|    ep_rew_mean          | 70.9        |
|    success_rate         | 0           |
| time/                   |             |
|    fps                  | 1803        |
|    iterations           | 48          |
|    time_elapsed         | 27          |
|    total_timesteps      | 1804288     |
| train/                  |             |
|    approx_kl            | 0.019311517 |
|    clip_fraction        | 0.176       |
|    clip_range           | 0.2         |
|    entropy_loss         | -18         |
|    explained_variance   | 0.966       |
|    learning_rate        | 0.0001      |
|    loss                 | 34.2        |
|    n_updates            | 17610       |
|    policy_gradient_loss | -0.0363     |
|    std                  | 2.38        |
|    value_loss           | 59.6        |
-----------------------------------------
-----------------------------------------
| rollout/                |             |
|    ep_len_mean          | 217         |
|    ep_rew_mean          | 79.9        |
|    success_rate         | 0           |
| time/                   |             |
|    fps                  | 1803        |
|    iterations           | 49          |
|    time_elapsed         | 27          |
|    total_timesteps      | 1805312     |
| train/                  |             |
|    approx_kl            | 0.014271244 |
|    clip_fraction        | 0.126       |
|    clip_range           | 0.2         |
|    entropy_loss         | -18         |
|    explained_variance   | 0.971       |
|    learning_rate        | 0.0001      |
|    loss                 | 24.9        |
|    n_updates            | 17620       |
|    policy_gradient_loss | -0.0297     |
|    std                  | 2.38        |
|    value_loss           | 93.1        |
-----------------------------------------
-----------------------------------------
| rollout/                |             |
|    ep_len_mean          | 219         |
|    ep_rew_mean          | 80.1        |
|    success_rate         | 0           |
| time/                   |             |
|    fps                  | 1804        |
|    iterations           | 50          |
|    time_elapsed         | 28          |
|    total_timesteps      | 1806336     |
| train/                  |             |
|    approx_kl            | 0.021493543 |
|    clip_fraction        | 0.198       |
|    clip_range           | 0.2         |
|    entropy_loss         | -18         |
|    explained_variance   | 0.943       |
|    learning_rate        | 0.0001      |
|    loss                 | 13.8        |
|    n_updates            | 17630       |
|    policy_gradient_loss | -0.0382     |
|    std                  | 2.39        |
|    value_loss           | 81.6        |
-----------------------------------------
-----------------------------------------
| rollout/                |             |
|    ep_len_mean          | 216         |
|    ep_rew_mean          | 67.2        |
|    success_rate         | 0           |
| time/                   |             |
|    fps                  | 1804        |
|    iterations           | 51          |
|    time_elapsed         | 28          |
|    total_timesteps      | 1807360     |
| train/                  |             |
|    approx_kl            | 0.012765118 |
|    clip_fraction        | 0.124       |
|    clip_range           | 0.2         |
|    entropy_loss         | -18         |
|    explained_variance   | 0.855       |
|    learning_rate        | 0.0001      |
|    loss                 | 82.1        |
|    n_updates            | 17640       |
|    policy_gradient_loss | -0.0271     |
|    std                  | 2.39        |
|    value_loss           | 298         |
-----------------------------------------
-----------------------------------------
| rollout/                |             |
|    ep_len_mean          | 213         |
|    ep_rew_mean          | 52.6        |
|    success_rate         | 0           |
| time/                   |             |
|    fps                  | 1801        |
|    iterations           | 52          |
|    time_elapsed         | 29          |
|    total_timesteps      | 1808384     |
| train/                  |             |
|    approx_kl            | 0.012220346 |
|    clip_fraction        | 0.116       |
|    clip_range           | 0.2         |
|    entropy_loss         | -18         |
|    explained_variance   | 0.841       |
|    learning_rate        | 0.0001      |
|    loss                 | 73.3        |
|    n_updates            | 17650       |
|    policy_gradient_loss | -0.0285     |
|    std                  | 2.39        |
|    value_loss           | 197         |
-----------------------------------------
-----------------------------------------
| rollout/                |             |
|    ep_len_mean          | 217         |
|    ep_rew_mean          | 61.3        |
|    success_rate         | 0           |
| time/                   |             |
|    fps                  | 1798        |
|    iterations           | 53          |
|    time_elapsed         | 30          |
|    total_timesteps      | 1809408     |
| train/                  |             |
|    approx_kl            | 0.010434235 |
|    clip_fraction        | 0.119       |
|    clip_range           | 0.2         |
|    entropy_loss         | -18         |
|    explained_variance   | 0.878       |
|    learning_rate        | 0.0001      |
|    loss                 | 223         |
|    n_updates            | 17660       |
|    policy_gradient_loss | -0.0271     |
|    std                  | 2.39        |
|    value_loss           | 842         |
-----------------------------------------
-----------------------------------------
| rollout/                |             |
|    ep_len_mean          | 220         |
|    ep_rew_mean          | 83.4        |
|    success_rate         | 0           |
| time/                   |             |
|    fps                  | 1798        |
|    iterations           | 54          |
|    time_elapsed         | 30          |
|    total_timesteps      | 1810432     |
| train/                  |             |
|    approx_kl            | 0.015903955 |
|    clip_fraction        | 0.169       |
|    clip_range           | 0.2         |
|    entropy_loss         | -18.1       |
|    explained_variance   | 0.925       |
|    learning_rate        | 0.0001      |
|    loss                 | 40.2        |
|    n_updates            | 17670       |
|    policy_gradient_loss | -0.0265     |
|    std                  | 2.39        |
|    value_loss           | 117         |
-----------------------------------------
-----------------------------------------
| rollout/                |             |
|    ep_len_mean          | 213         |
|    ep_rew_mean          | 83.4        |
|    success_rate         | 0           |
| time/                   |             |
|    fps                  | 1798        |
|    iterations           | 55          |
|    time_elapsed         | 31          |
|    total_timesteps      | 1811456     |
| train/                  |             |
|    approx_kl            | 0.015026221 |
|    clip_fraction        | 0.145       |
|    clip_range           | 0.2         |
|    entropy_loss         | -18.1       |
|    explained_variance   | 0.793       |
|    learning_rate        | 0.0001      |
|    loss                 | 126         |
|    n_updates            | 17680       |
|    policy_gradient_loss | -0.0295     |
|    std                  | 2.39        |
|    value_loss           | 283         |
-----------------------------------------
-----------------------------------------
| rollout/                |             |
|    ep_len_mean          | 217         |
|    ep_rew_mean          | 87.2        |
|    success_rate         | 0           |
| time/                   |             |
|    fps                  | 1799        |
|    iterations           | 56          |
|    time_elapsed         | 31          |
|    total_timesteps      | 1812480     |
| train/                  |             |
|    approx_kl            | 0.010341739 |
|    clip_fraction        | 0.126       |
|    clip_range           | 0.2         |
|    entropy_loss         | -18.1       |
|    explained_variance   | 0.945       |
|    learning_rate        | 0.0001      |
|    loss                 | 45.5        |
|    n_updates            | 17690       |
|    policy_gradient_loss | -0.0288     |
|    std                  | 2.39        |
|    value_loss           | 183         |
-----------------------------------------
----------------------------------------
| rollout/                |            |
|    ep_len_mean          | 212        |
|    ep_rew_mean          | 82.4       |
|    success_rate         | 0          |
| time/                   |            |
|    fps                  | 1799       |
|    iterations           | 57         |
|    time_elapsed         | 32         |
|    total_timesteps      | 1813504    |
| train/                  |            |
|    approx_kl            | 0.02105503 |
|    clip_fraction        | 0.194      |
|    clip_range           | 0.2        |
|    entropy_loss         | -18.1      |
|    explained_variance   | 0.924      |
|    learning_rate        | 0.0001     |
|    loss                 | 15         |
|    n_updates            | 17700      |
|    policy_gradient_loss | -0.0405    |
|    std                  | 2.39       |
|    value_loss           | 69.3       |
----------------------------------------
-----------------------------------------
| rollout/                |             |
|    ep_len_mean          | 214         |
|    ep_rew_mean          | 83.4        |
|    success_rate         | 0           |
| time/                   |             |
|    fps                  | 1800        |
|    iterations           | 58          |
|    time_elapsed         | 32          |
|    total_timesteps      | 1814528     |
| train/                  |             |
|    approx_kl            | 0.011628289 |
|    clip_fraction        | 0.152       |
|    clip_range           | 0.2         |
|    entropy_loss         | -18.1       |
|    explained_variance   | 0.766       |
|    learning_rate        | 0.0001      |
|    loss                 | 53.4        |
|    n_updates            | 17710       |
|    policy_gradient_loss | -0.0272     |
|    std                  | 2.39        |
|    value_loss           | 250         |
-----------------------------------------
----------------------------------------
| rollout/                |            |
|    ep_len_mean          | 213        |
|    ep_rew_mean          | 84.3       |
|    success_rate         | 0          |
| time/                   |            |
|    fps                  | 1800       |
|    iterations           | 59         |
|    time_elapsed         | 33         |
|    total_timesteps      | 1815552    |
| train/                  |            |
|    approx_kl            | 0.01199629 |
|    clip_fraction        | 0.108      |
|    clip_range           | 0.2        |
|    entropy_loss         | -18.1      |
|    explained_variance   | 0.81       |
|    learning_rate        | 0.0001     |
|    loss                 | 73.8       |
|    n_updates            | 17720      |
|    policy_gradient_loss | -0.0276    |
|    std                  | 2.39       |
|    value_loss           | 385        |
----------------------------------------
-----------------------------------------
| rollout/                |             |
|    ep_len_mean          | 208         |
|    ep_rew_mean          | 77.6        |
|    success_rate         | 0           |
| time/                   |             |
|    fps                  | 1800        |
|    iterations           | 60          |
|    time_elapsed         | 34          |
|    total_timesteps      | 1816576     |
| train/                  |             |
|    approx_kl            | 0.014594257 |
|    clip_fraction        | 0.134       |
|    clip_range           | 0.2         |
|    entropy_loss         | -18.1       |
|    explained_variance   | 0.912       |
|    learning_rate        | 0.0001      |
|    loss                 | 43.8        |
|    n_updates            | 17730       |
|    policy_gradient_loss | -0.0265     |
|    std                  | 2.39        |
|    value_loss           | 149         |
-----------------------------------------
-----------------------------------------
| rollout/                |             |
|    ep_len_mean          | 208         |
|    ep_rew_mean          | 76.7        |
|    success_rate         | 0           |
| time/                   |             |
|    fps                  | 1801        |
|    iterations           | 61          |
|    time_elapsed         | 34          |
|    total_timesteps      | 1817600     |
| train/                  |             |
|    approx_kl            | 0.014019779 |
|    clip_fraction        | 0.132       |
|    clip_range           | 0.2         |
|    entropy_loss         | -18.1       |
|    explained_variance   | 0.866       |
|    learning_rate        | 0.0001      |
|    loss                 | 141         |
|    n_updates            | 17740       |
|    policy_gradient_loss | -0.0264     |
|    std                  | 2.39        |
|    value_loss           | 448         |
-----------------------------------------
---------------------------------------
| rollout/                |           |
|    ep_len_mean          | 200       |
|    ep_rew_mean          | 67        |
|    success_rate         | 0         |
| time/                   |           |
|    fps                  | 1801      |
|    iterations           | 62        |
|    time_elapsed         | 35        |
|    total_timesteps      | 1818624   |
| train/                  |           |
|    approx_kl            | 0.0265331 |
|    clip_fraction        | 0.19      |
|    clip_range           | 0.2       |
|    entropy_loss         | -18.1     |
|    explained_variance   | 0.958     |
|    learning_rate        | 0.0001    |
|    loss                 | 11        |
|    n_updates            | 17750     |
|    policy_gradient_loss | -0.031    |
|    std                  | 2.39      |
|    value_loss           | 64.3      |
---------------------------------------
-----------------------------------------
| rollout/                |             |
|    ep_len_mean          | 203         |
|    ep_rew_mean          | 68.1        |
|    success_rate         | 0           |
| time/                   |             |
|    fps                  | 1798        |
|    iterations           | 63          |
|    time_elapsed         | 35          |
|    total_timesteps      | 1819648     |
| train/                  |             |
|    approx_kl            | 0.016105711 |
|    clip_fraction        | 0.167       |
|    clip_range           | 0.2         |
|    entropy_loss         | -18.1       |
|    explained_variance   | 0.87        |
|    learning_rate        | 0.0001      |
|    loss                 | 37.6        |
|    n_updates            | 17760       |
|    policy_gradient_loss | -0.0342     |
|    std                  | 2.39        |
|    value_loss           | 151         |
-----------------------------------------
------------------------------------------
| rollout/                |              |
|    ep_len_mean          | 209          |
|    ep_rew_mean          | 71.7         |
|    success_rate         | 0            |
| time/                   |              |
|    fps                  | 1789         |
|    iterations           | 64           |
|    time_elapsed         | 36           |
|    total_timesteps      | 1820672      |
| train/                  |              |
|    approx_kl            | 0.0139531065 |
|    clip_fraction        | 0.133        |
|    clip_range           | 0.2          |
|    entropy_loss         | -18.1        |
|    explained_variance   | 0.898        |
|    learning_rate        | 0.0001       |
|    loss                 | 29.9         |
|    n_updates            | 17770        |
|    policy_gradient_loss | -0.0318      |
|    std                  | 2.4          |
|    value_loss           | 101          |
------------------------------------------
-----------------------------------------
| rollout/                |             |
|    ep_len_mean          | 214         |
|    ep_rew_mean          | 77.5        |
|    success_rate         | 0           |
| time/                   |             |
|    fps                  | 1788        |
|    iterations           | 65          |
|    time_elapsed         | 37          |
|    total_timesteps      | 1821696     |
| train/                  |             |
|    approx_kl            | 0.017563513 |
|    clip_fraction        | 0.171       |
|    clip_range           | 0.2         |
|    entropy_loss         | -18.1       |
|    explained_variance   | 0.981       |
|    learning_rate        | 0.0001      |
|    loss                 | 17.5        |
|    n_updates            | 17780       |
|    policy_gradient_loss | -0.0357     |
|    std                  | 2.4         |
|    value_loss           | 82.7        |
-----------------------------------------
-----------------------------------------
| rollout/                |             |
|    ep_len_mean          | 218         |
|    ep_rew_mean          | 87.5        |
|    success_rate         | 0           |
| time/                   |             |
|    fps                  | 1788        |
|    iterations           | 66          |
|    time_elapsed         | 37          |
|    total_timesteps      | 1822720     |
| train/                  |             |
|    approx_kl            | 0.022898132 |
|    clip_fraction        | 0.22        |
|    clip_range           | 0.2         |
|    entropy_loss         | -18.1       |
|    explained_variance   | 0.924       |
|    learning_rate        | 0.0001      |
|    loss                 | 23.7        |
|    n_updates            | 17790       |
|    policy_gradient_loss | -0.0362     |
|    std                  | 2.4         |
|    value_loss           | 68.8        |
-----------------------------------------
-----------------------------------------
| rollout/                |             |
|    ep_len_mean          | 216         |
|    ep_rew_mean          | 73.9        |
|    success_rate         | 0           |
| time/                   |             |
|    fps                  | 1788        |
|    iterations           | 67          |
|    time_elapsed         | 38          |
|    total_timesteps      | 1823744     |
| train/                  |             |
|    approx_kl            | 0.033209596 |
|    clip_fraction        | 0.225       |
|    clip_range           | 0.2         |
|    entropy_loss         | -18.1       |
|    explained_variance   | 0.934       |
|    learning_rate        | 0.0001      |
|    loss                 | 10.3        |
|    n_updates            | 17800       |
|    policy_gradient_loss | -0.0328     |
|    std                  | 2.4         |
|    value_loss           | 76.3        |
-----------------------------------------
----------------------------------------
| rollout/                |            |
|    ep_len_mean          | 222        |
|    ep_rew_mean          | 81.9       |
|    success_rate         | 0          |
| time/                   |            |
|    fps                  | 1788       |
|    iterations           | 68         |
|    time_elapsed         | 38         |
|    total_timesteps      | 1824768    |
| train/                  |            |
|    approx_kl            | 0.01655769 |
|    clip_fraction        | 0.189      |
|    clip_range           | 0.2        |
|    entropy_loss         | -18.1      |
|    explained_variance   | 0.985      |
|    learning_rate        | 0.0001     |
|    loss                 | 77.7       |
|    n_updates            | 17810      |
|    policy_gradient_loss | -0.0318    |
|    std                  | 2.4        |
|    value_loss           | 104        |
----------------------------------------
-----------------------------------------
| rollout/                |             |
|    ep_len_mean          | 223         |
|    ep_rew_mean          | 83.7        |
|    success_rate         | 0           |
| time/                   |             |
|    fps                  | 1789        |
|    iterations           | 69          |
|    time_elapsed         | 39          |
|    total_timesteps      | 1825792     |
| train/                  |             |
|    approx_kl            | 0.016879056 |
|    clip_fraction        | 0.19        |
|    clip_range           | 0.2         |
|    entropy_loss         | -18.1       |
|    explained_variance   | 0.688       |
|    learning_rate        | 0.0001      |
|    loss                 | 160         |
|    n_updates            | 17820       |
|    policy_gradient_loss | -0.0298     |
|    std                  | 2.4         |
|    value_loss           | 270         |
-----------------------------------------
-----------------------------------------
| rollout/                |             |
|    ep_len_mean          | 223         |
|    ep_rew_mean          | 89.2        |
|    success_rate         | 0           |
| time/                   |             |
|    fps                  | 1789        |
|    iterations           | 70          |
|    time_elapsed         | 40          |
|    total_timesteps      | 1826816     |
| train/                  |             |
|    approx_kl            | 0.021887954 |
|    clip_fraction        | 0.193       |
|    clip_range           | 0.2         |
|    entropy_loss         | -18.1       |
|    explained_variance   | 0.823       |
|    learning_rate        | 0.0001      |
|    loss                 | 36.4        |
|    n_updates            | 17830       |
|    policy_gradient_loss | -0.0318     |
|    std                  | 2.4         |
|    value_loss           | 97.1        |
-----------------------------------------
---------------------------------------
| rollout/                |           |
|    ep_len_mean          | 228       |
|    ep_rew_mean          | 88.4      |
|    success_rate         | 0         |
| time/                   |           |
|    fps                  | 1789      |
|    iterations           | 71        |
|    time_elapsed         | 40        |
|    total_timesteps      | 1827840   |
| train/                  |           |
|    approx_kl            | 0.0229082 |
|    clip_fraction        | 0.224     |
|    clip_range           | 0.2       |
|    entropy_loss         | -18.1     |
|    explained_variance   | 0.922     |
|    learning_rate        | 0.0001    |
|    loss                 | 31.4      |
|    n_updates            | 17840     |
|    policy_gradient_loss | -0.0266   |
|    std                  | 2.4       |
|    value_loss           | 103       |
---------------------------------------
-----------------------------------------
| rollout/                |             |
|    ep_len_mean          | 227         |
|    ep_rew_mean          | 86.7        |
|    success_rate         | 0           |
| time/                   |             |
|    fps                  | 1790        |
|    iterations           | 72          |
|    time_elapsed         | 41          |
|    total_timesteps      | 1828864     |
| train/                  |             |
|    approx_kl            | 0.024199625 |
|    clip_fraction        | 0.224       |
|    clip_range           | 0.2         |
|    entropy_loss         | -18.1       |
|    explained_variance   | 0.992       |
|    learning_rate        | 0.0001      |
|    loss                 | 6.95        |
|    n_updates            | 17850       |
|    policy_gradient_loss | -0.0361     |
|    std                  | 2.41        |
|    value_loss           | 39.5        |
-----------------------------------------
-----------------------------------------
| rollout/                |             |
|    ep_len_mean          | 224         |
|    ep_rew_mean          | 92.9        |
|    success_rate         | 0           |
| time/                   |             |
|    fps                  | 1790        |
|    iterations           | 73          |
|    time_elapsed         | 41          |
|    total_timesteps      | 1829888     |
| train/                  |             |
|    approx_kl            | 0.010474978 |
|    clip_fraction        | 0.182       |
|    clip_range           | 0.2         |
|    entropy_loss         | -18.1       |
|    explained_variance   | 0.76        |
|    learning_rate        | 0.0001      |
|    loss                 | 394         |
|    n_updates            | 17860       |
|    policy_gradient_loss | -0.0228     |
|    std                  | 2.41        |
|    value_loss           | 625         |
-----------------------------------------
-----------------------------------------
| rollout/                |             |
|    ep_len_mean          | 228         |
|    ep_rew_mean          | 106         |
|    success_rate         | 0           |
| time/                   |             |
|    fps                  | 1790        |
|    iterations           | 74          |
|    time_elapsed         | 42          |
|    total_timesteps      | 1830912     |
| train/                  |             |
|    approx_kl            | 0.009902339 |
|    clip_fraction        | 0.0809      |
|    clip_range           | 0.2         |
|    entropy_loss         | -18.1       |
|    explained_variance   | 0.877       |
|    learning_rate        | 0.0001      |
|    loss                 | 229         |
|    n_updates            | 17870       |
|    policy_gradient_loss | -0.0248     |
|    std                  | 2.41        |
|    value_loss           | 574         |
-----------------------------------------
----------------------------------------
| rollout/                |            |
|    ep_len_mean          | 230        |
|    ep_rew_mean          | 105        |
|    success_rate         | 0          |
| time/                   |            |
|    fps                  | 1789       |
|    iterations           | 75         |
|    time_elapsed         | 42         |
|    total_timesteps      | 1831936    |
| train/                  |            |
|    approx_kl            | 0.01899825 |
|    clip_fraction        | 0.19       |
|    clip_range           | 0.2        |
|    entropy_loss         | -18.1      |
|    explained_variance   | 0.967      |
|    learning_rate        | 0.0001     |
|    loss                 | 36.9       |
|    n_updates            | 17880      |
|    policy_gradient_loss | -0.0377    |
|    std                  | 2.41       |
|    value_loss           | 105        |
----------------------------------------
-----------------------------------------
| rollout/                |             |
|    ep_len_mean          | 231         |
|    ep_rew_mean          | 109         |
|    success_rate         | 0           |
| time/                   |             |
|    fps                  | 1789        |
|    iterations           | 76          |
|    time_elapsed         | 43          |
|    total_timesteps      | 1832960     |
| train/                  |             |
|    approx_kl            | 0.016792327 |
|    clip_fraction        | 0.154       |
|    clip_range           | 0.2         |
|    entropy_loss         | -18.1       |
|    explained_variance   | 0.956       |
|    learning_rate        | 0.0001      |
|    loss                 | 62.9        |
|    n_updates            | 17890       |
|    policy_gradient_loss | -0.0337     |
|    std                  | 2.41        |
|    value_loss           | 186         |
-----------------------------------------
-----------------------------------------
| rollout/                |             |
|    ep_len_mean          | 228         |
|    ep_rew_mean          | 97.6        |
|    success_rate         | 0           |
| time/                   |             |
|    fps                  | 1789        |
|    iterations           | 77          |
|    time_elapsed         | 44          |
|    total_timesteps      | 1833984     |
| train/                  |             |
|    approx_kl            | 0.026545813 |
|    clip_fraction        | 0.207       |
|    clip_range           | 0.2         |
|    entropy_loss         | -18.1       |
|    explained_variance   | 0.979       |
|    learning_rate        | 0.0001      |
|    loss                 | 4.86        |
|    n_updates            | 17900       |
|    policy_gradient_loss | -0.0382     |
|    std                  | 2.42        |
|    value_loss           | 22.5        |
-----------------------------------------
-----------------------------------------
| rollout/                |             |
|    ep_len_mean          | 231         |
|    ep_rew_mean          | 100         |
|    success_rate         | 0           |
| time/                   |             |
|    fps                  | 1788        |
|    iterations           | 78          |
|    time_elapsed         | 44          |
|    total_timesteps      | 1835008     |
| train/                  |             |
|    approx_kl            | 0.012398796 |
|    clip_fraction        | 0.181       |
|    clip_range           | 0.2         |
|    entropy_loss         | -18.1       |
|    explained_variance   | 0.735       |
|    learning_rate        | 0.0001      |
|    loss                 | 124         |
|    n_updates            | 17910       |
|    policy_gradient_loss | -0.0186     |
|    std                  | 2.42        |
|    value_loss           | 468         |
-----------------------------------------
-----------------------------------------
| rollout/                |             |
|    ep_len_mean          | 228         |
|    ep_rew_mean          | 90.2        |
|    success_rate         | 0           |
| time/                   |             |
|    fps                  | 1787        |
|    iterations           | 79          |
|    time_elapsed         | 45          |
|    total_timesteps      | 1836032     |
| train/                  |             |
|    approx_kl            | 0.011955658 |
|    clip_fraction        | 0.144       |
|    clip_range           | 0.2         |
|    entropy_loss         | -18.1       |
|    explained_variance   | 0.951       |
|    learning_rate        | 0.0001      |
|    loss                 | 67.1        |
|    n_updates            | 17920       |
|    policy_gradient_loss | -0.0297     |
|    std                  | 2.42        |
|    value_loss           | 197         |
-----------------------------------------
-----------------------------------------
| rollout/                |             |
|    ep_len_mean          | 227         |
|    ep_rew_mean          | 91.4        |
|    success_rate         | 0           |
| time/                   |             |
|    fps                  | 1787        |
|    iterations           | 80          |
|    time_elapsed         | 45          |
|    total_timesteps      | 1837056     |
| train/                  |             |
|    approx_kl            | 0.015198245 |
|    clip_fraction        | 0.137       |
|    clip_range           | 0.2         |
|    entropy_loss         | -18.1       |
|    explained_variance   | 0.765       |
|    learning_rate        | 0.0001      |
|    loss                 | 68.4        |
|    n_updates            | 17930       |
|    policy_gradient_loss | -0.0348     |
|    std                  | 2.42        |
|    value_loss           | 148         |
-----------------------------------------
-----------------------------------------
| rollout/                |             |
|    ep_len_mean          | 227         |
|    ep_rew_mean          | 81.9        |
|    success_rate         | 0           |
| time/                   |             |
|    fps                  | 1788        |
|    iterations           | 81          |
|    time_elapsed         | 46          |
|    total_timesteps      | 1838080     |
| train/                  |             |
|    approx_kl            | 0.013609948 |
|    clip_fraction        | 0.117       |
|    clip_range           | 0.2         |
|    entropy_loss         | -18.1       |
|    explained_variance   | 0.805       |
|    learning_rate        | 0.0001      |
|    loss                 | 49.1        |
|    n_updates            | 17940       |
|    policy_gradient_loss | -0.0262     |
|    std                  | 2.42        |
|    value_loss           | 196         |
-----------------------------------------
-----------------------------------------
| rollout/                |             |
|    ep_len_mean          | 228         |
|    ep_rew_mean          | 83.5        |
|    success_rate         | 0           |
| time/                   |             |
|    fps                  | 1788        |
|    iterations           | 82          |
|    time_elapsed         | 46          |
|    total_timesteps      | 1839104     |
| train/                  |             |
|    approx_kl            | 0.015883563 |
|    clip_fraction        | 0.117       |
|    clip_range           | 0.2         |
|    entropy_loss         | -18.1       |
|    explained_variance   | 0.959       |
|    learning_rate        | 0.0001      |
|    loss                 | 50.5        |
|    n_updates            | 17950       |
|    policy_gradient_loss | -0.0302     |
|    std                  | 2.42        |
|    value_loss           | 160         |
-----------------------------------------
-----------------------------------------
| rollout/                |             |
|    ep_len_mean          | 228         |
|    ep_rew_mean          | 85.8        |
|    success_rate         | 0           |
| time/                   |             |
|    fps                  | 1787        |
|    iterations           | 83          |
|    time_elapsed         | 47          |
|    total_timesteps      | 1840128     |
| train/                  |             |
|    approx_kl            | 0.016461909 |
|    clip_fraction        | 0.157       |
|    clip_range           | 0.2         |
|    entropy_loss         | -18.1       |
|    explained_variance   | 0.905       |
|    learning_rate        | 0.0001      |
|    loss                 | 65.9        |
|    n_updates            | 17960       |
|    policy_gradient_loss | -0.032      |
|    std                  | 2.42        |
|    value_loss           | 142         |
-----------------------------------------
-----------------------------------------
| rollout/                |             |
|    ep_len_mean          | 226         |
|    ep_rew_mean          | 79.9        |
|    success_rate         | 0           |
| time/                   |             |
|    fps                  | 1787        |
|    iterations           | 84          |
|    time_elapsed         | 48          |
|    total_timesteps      | 1841152     |
| train/                  |             |
|    approx_kl            | 0.014859084 |
|    clip_fraction        | 0.113       |
|    clip_range           | 0.2         |
|    entropy_loss         | -18.1       |
|    explained_variance   | 0.945       |
|    learning_rate        | 0.0001      |
|    loss                 | 75.7        |
|    n_updates            | 17970       |
|    policy_gradient_loss | -0.03       |
|    std                  | 2.42        |
|    value_loss           | 164         |
-----------------------------------------
-----------------------------------------
| rollout/                |             |
|    ep_len_mean          | 224         |
|    ep_rew_mean          | 71.9        |
|    success_rate         | 0           |
| time/                   |             |
|    fps                  | 1786        |
|    iterations           | 85          |
|    time_elapsed         | 48          |
|    total_timesteps      | 1842176     |
| train/                  |             |
|    approx_kl            | 0.017140223 |
|    clip_fraction        | 0.157       |
|    clip_range           | 0.2         |
|    entropy_loss         | -18.1       |
|    explained_variance   | 0.964       |
|    learning_rate        | 0.0001      |
|    loss                 | 10.2        |
|    n_updates            | 17980       |
|    policy_gradient_loss | -0.0276     |
|    std                  | 2.42        |
|    value_loss           | 176         |
-----------------------------------------
-----------------------------------------
| rollout/                |             |
|    ep_len_mean          | 218         |
|    ep_rew_mean          | 63.9        |
|    success_rate         | 0           |
| time/                   |             |
|    fps                  | 1786        |
|    iterations           | 86          |
|    time_elapsed         | 49          |
|    total_timesteps      | 1843200     |
| train/                  |             |
|    approx_kl            | 0.010196559 |
|    clip_fraction        | 0.0836      |
|    clip_range           | 0.2         |
|    entropy_loss         | -18.1       |
|    explained_variance   | 0.913       |
|    learning_rate        | 0.0001      |
|    loss                 | 145         |
|    n_updates            | 17990       |
|    policy_gradient_loss | -0.0218     |
|    std                  | 2.42        |
|    value_loss           | 721         |
-----------------------------------------
-----------------------------------------
| rollout/                |             |
|    ep_len_mean          | 215         |
|    ep_rew_mean          | 53.6        |
|    success_rate         | 0           |
| time/                   |             |
|    fps                  | 1787        |
|    iterations           | 87          |
|    time_elapsed         | 49          |
|    total_timesteps      | 1844224     |
| train/                  |             |
|    approx_kl            | 0.016718622 |
|    clip_fraction        | 0.149       |
|    clip_range           | 0.2         |
|    entropy_loss         | -18.1       |
|    explained_variance   | 0.971       |
|    learning_rate        | 0.0001      |
|    loss                 | 78.5        |
|    n_updates            | 18000       |
|    policy_gradient_loss | -0.0397     |
|    std                  | 2.42        |
|    value_loss           | 158         |
-----------------------------------------
-----------------------------------------
| rollout/                |             |
|    ep_len_mean          | 213         |
|    ep_rew_mean          | 61.3        |
|    success_rate         | 0           |
| time/                   |             |
|    fps                  | 1787        |
|    iterations           | 88          |
|    time_elapsed         | 50          |
|    total_timesteps      | 1845248     |
| train/                  |             |
|    approx_kl            | 0.011800161 |
|    clip_fraction        | 0.114       |
|    clip_range           | 0.2         |
|    entropy_loss         | -18.1       |
|    explained_variance   | 0.741       |
|    learning_rate        | 0.0001      |
|    loss                 | 180         |
|    n_updates            | 18010       |
|    policy_gradient_loss | -0.0273     |
|    std                  | 2.43        |
|    value_loss           | 661         |
-----------------------------------------
-----------------------------------------
| rollout/                |             |
|    ep_len_mean          | 206         |
|    ep_rew_mean          | 48.1        |
|    success_rate         | 0           |
| time/                   |             |
|    fps                  | 1787        |
|    iterations           | 89          |
|    time_elapsed         | 50          |
|    total_timesteps      | 1846272     |
| train/                  |             |
|    approx_kl            | 0.015866905 |
|    clip_fraction        | 0.147       |
|    clip_range           | 0.2         |
|    entropy_loss         | -18.1       |
|    explained_variance   | 0.856       |
|    learning_rate        | 0.0001      |
|    loss                 | 64.9        |
|    n_updates            | 18020       |
|    policy_gradient_loss | -0.0298     |
|    std                  | 2.43        |
|    value_loss           | 264         |
-----------------------------------------
-----------------------------------------
| rollout/                |             |
|    ep_len_mean          | 204         |
|    ep_rew_mean          | 41.7        |
|    success_rate         | 0           |
| time/                   |             |
|    fps                  | 1788        |
|    iterations           | 90          |
|    time_elapsed         | 51          |
|    total_timesteps      | 1847296     |
| train/                  |             |
|    approx_kl            | 0.012945906 |
|    clip_fraction        | 0.111       |
|    clip_range           | 0.2         |
|    entropy_loss         | -18.1       |
|    explained_variance   | 0.735       |
|    learning_rate        | 0.0001      |
|    loss                 | 96.8        |
|    n_updates            | 18030       |
|    policy_gradient_loss | -0.0296     |
|    std                  | 2.43        |
|    value_loss           | 363         |
-----------------------------------------
-----------------------------------------
| rollout/                |             |
|    ep_len_mean          | 198         |
|    ep_rew_mean          | 37          |
|    success_rate         | 0           |
| time/                   |             |
|    fps                  | 1788        |
|    iterations           | 91          |
|    time_elapsed         | 52          |
|    total_timesteps      | 1848320     |
| train/                  |             |
|    approx_kl            | 0.018470522 |
|    clip_fraction        | 0.187       |
|    clip_range           | 0.2         |
|    entropy_loss         | -18.1       |
|    explained_variance   | 0.717       |
|    learning_rate        | 0.0001      |
|    loss                 | 41.8        |
|    n_updates            | 18040       |
|    policy_gradient_loss | -0.0349     |
|    std                  | 2.43        |
|    value_loss           | 173         |
-----------------------------------------
-----------------------------------------
| rollout/                |             |
|    ep_len_mean          | 198         |
|    ep_rew_mean          | 37.8        |
|    success_rate         | 0           |
| time/                   |             |
|    fps                  | 1789        |
|    iterations           | 92          |
|    time_elapsed         | 52          |
|    total_timesteps      | 1849344     |
| train/                  |             |
|    approx_kl            | 0.013630918 |
|    clip_fraction        | 0.132       |
|    clip_range           | 0.2         |
|    entropy_loss         | -18.1       |
|    explained_variance   | 0.871       |
|    learning_rate        | 0.0001      |
|    loss                 | 98.9        |
|    n_updates            | 18050       |
|    policy_gradient_loss | -0.0299     |
|    std                  | 2.43        |
|    value_loss           | 296         |
-----------------------------------------
-----------------------------------------
| rollout/                |             |
|    ep_len_mean          | 201         |
|    ep_rew_mean          | 26          |
|    success_rate         | 0           |
| time/                   |             |
|    fps                  | 1789        |
|    iterations           | 93          |
|    time_elapsed         | 53          |
|    total_timesteps      | 1850368     |
| train/                  |             |
|    approx_kl            | 0.013079004 |
|    clip_fraction        | 0.124       |
|    clip_range           | 0.2         |
|    entropy_loss         | -18.1       |
|    explained_variance   | 0.957       |
|    learning_rate        | 0.0001      |
|    loss                 | 67.1        |
|    n_updates            | 18060       |
|    policy_gradient_loss | -0.0318     |
|    std                  | 2.43        |
|    value_loss           | 277         |
-----------------------------------------
-----------------------------------------
| rollout/                |             |
|    ep_len_mean          | 200         |
|    ep_rew_mean          | 23.1        |
|    success_rate         | 0           |
| time/                   |             |
|    fps                  | 1789        |
|    iterations           | 94          |
|    time_elapsed         | 53          |
|    total_timesteps      | 1851392     |
| train/                  |             |
|    approx_kl            | 0.008883681 |
|    clip_fraction        | 0.0805      |
|    clip_range           | 0.2         |
|    entropy_loss         | -18.1       |
|    explained_variance   | 0.89        |
|    learning_rate        | 0.0001      |
|    loss                 | 338         |
|    n_updates            | 18070       |
|    policy_gradient_loss | -0.0215     |
|    std                  | 2.43        |
|    value_loss           | 956         |
-----------------------------------------
----------------------------------------
| rollout/                |            |
|    ep_len_mean          | 198        |
|    ep_rew_mean          | 9.28       |
|    success_rate         | 0          |
| time/                   |            |
|    fps                  | 1787       |
|    iterations           | 95         |
|    time_elapsed         | 54         |
|    total_timesteps      | 1852416    |
| train/                  |            |
|    approx_kl            | 0.01414199 |
|    clip_fraction        | 0.138      |
|    clip_range           | 0.2        |
|    entropy_loss         | -18.1      |
|    explained_variance   | 0.85       |
|    learning_rate        | 0.0001     |
|    loss                 | 71.1       |
|    n_updates            | 18080      |
|    policy_gradient_loss | -0.0341    |
|    std                  | 2.43       |
|    value_loss           | 200        |
----------------------------------------
-----------------------------------------
| rollout/                |             |
|    ep_len_mean          | 198         |
|    ep_rew_mean          | 5.57        |
|    success_rate         | 0           |
| time/                   |             |
|    fps                  | 1786        |
|    iterations           | 96          |
|    time_elapsed         | 55          |
|    total_timesteps      | 1853440     |
| train/                  |             |
|    approx_kl            | 0.015877675 |
|    clip_fraction        | 0.139       |
|    clip_range           | 0.2         |
|    entropy_loss         | -18.1       |
|    explained_variance   | 0.961       |
|    learning_rate        | 0.0001      |
|    loss                 | 57.7        |
|    n_updates            | 18090       |
|    policy_gradient_loss | -0.03       |
|    std                  | 2.43        |
|    value_loss           | 143         |
-----------------------------------------
-----------------------------------------
| rollout/                |             |
|    ep_len_mean          | 199         |
|    ep_rew_mean          | 20          |
|    success_rate         | 0           |
| time/                   |             |
|    fps                  | 1786        |
|    iterations           | 97          |
|    time_elapsed         | 55          |
|    total_timesteps      | 1854464     |
| train/                  |             |
|    approx_kl            | 0.019662851 |
|    clip_fraction        | 0.173       |
|    clip_range           | 0.2         |
|    entropy_loss         | -18.1       |
|    explained_variance   | 0.987       |
|    learning_rate        | 0.0001      |
|    loss                 | 16.1        |
|    n_updates            | 18100       |
|    policy_gradient_loss | -0.0321     |
|    std                  | 2.43        |
|    value_loss           | 59.1        |
-----------------------------------------
-----------------------------------------
| rollout/                |             |
|    ep_len_mean          | 200         |
|    ep_rew_mean          | 24.1        |
|    success_rate         | 0           |
| time/                   |             |
|    fps                  | 1786        |
|    iterations           | 98          |
|    time_elapsed         | 56          |
|    total_timesteps      | 1855488     |
| train/                  |             |
|    approx_kl            | 0.011130139 |
|    clip_fraction        | 0.146       |
|    clip_range           | 0.2         |
|    entropy_loss         | -18.1       |
|    explained_variance   | 0.769       |
|    learning_rate        | 0.0001      |
|    loss                 | 83.3        |
|    n_updates            | 18110       |
|    policy_gradient_loss | -0.0243     |
|    std                  | 2.43        |
|    value_loss           | 314         |
-----------------------------------------
------------------------------------------
| rollout/                |              |
|    ep_len_mean          | 201          |
|    ep_rew_mean          | 29.1         |
|    success_rate         | 0            |
| time/                   |              |
|    fps                  | 1786         |
|    iterations           | 99           |
|    time_elapsed         | 56           |
|    total_timesteps      | 1856512      |
| train/                  |              |
|    approx_kl            | 0.0115963435 |
|    clip_fraction        | 0.102        |
|    clip_range           | 0.2          |
|    entropy_loss         | -18.1        |
|    explained_variance   | 0.947        |
|    learning_rate        | 0.0001       |
|    loss                 | 42           |
|    n_updates            | 18120        |
|    policy_gradient_loss | -0.0269      |
|    std                  | 2.43         |
|    value_loss           | 207          |
------------------------------------------
-----------------------------------------
| rollout/                |             |
|    ep_len_mean          | 202         |
|    ep_rew_mean          | 18.6        |
|    success_rate         | 0           |
| time/                   |             |
|    fps                  | 1786        |
|    iterations           | 100         |
|    time_elapsed         | 57          |
|    total_timesteps      | 1857536     |
| train/                  |             |
|    approx_kl            | 0.021641698 |
|    clip_fraction        | 0.161       |
|    clip_range           | 0.2         |
|    entropy_loss         | -18.1       |
|    explained_variance   | 0.951       |
|    learning_rate        | 0.0001      |
|    loss                 | 37          |
|    n_updates            | 18130       |
|    policy_gradient_loss | -0.0311     |
|    std                  | 2.43        |
|    value_loss           | 105         |
-----------------------------------------
------------------------------------------
| rollout/                |              |
|    ep_len_mean          | 203          |
|    ep_rew_mean          | 23.5         |
|    success_rate         | 0            |
| time/                   |              |
|    fps                  | 1787         |
|    iterations           | 101          |
|    time_elapsed         | 57           |
|    total_timesteps      | 1858560      |
| train/                  |              |
|    approx_kl            | 0.0133141205 |
|    clip_fraction        | 0.157        |
|    clip_range           | 0.2          |
|    entropy_loss         | -18.1        |
|    explained_variance   | 0.79         |
|    learning_rate        | 0.0001       |
|    loss                 | 91           |
|    n_updates            | 18140        |
|    policy_gradient_loss | -0.0283      |
|    std                  | 2.44         |
|    value_loss           | 232          |
------------------------------------------
-----------------------------------------
| rollout/                |             |
|    ep_len_mean          | 207         |
|    ep_rew_mean          | 28.6        |
|    success_rate         | 0           |
| time/                   |             |
|    fps                  | 1787        |
|    iterations           | 102         |
|    time_elapsed         | 58          |
|    total_timesteps      | 1859584     |
| train/                  |             |
|    approx_kl            | 0.013766341 |
|    clip_fraction        | 0.142       |
|    clip_range           | 0.2         |
|    entropy_loss         | -18.1       |
|    explained_variance   | 0.953       |
|    learning_rate        | 0.0001      |
|    loss                 | 56.3        |
|    n_updates            | 18150       |
|    policy_gradient_loss | -0.0329     |
|    std                  | 2.44        |
|    value_loss           | 202         |
-----------------------------------------
----------------------------------------
| rollout/                |            |
|    ep_len_mean          | 207        |
|    ep_rew_mean          | 25.4       |
|    success_rate         | 0          |
| time/                   |            |
|    fps                  | 1787       |
|    iterations           | 103        |
|    time_elapsed         | 59         |
|    total_timesteps      | 1860608    |
| train/                  |            |
|    approx_kl            | 0.02582606 |
|    clip_fraction        | 0.243      |
|    clip_range           | 0.2        |
|    entropy_loss         | -18.1      |
|    explained_variance   | 0.937      |
|    learning_rate        | 0.0001     |
|    loss                 | 10.4       |
|    n_updates            | 18160      |
|    policy_gradient_loss | -0.0315    |
|    std                  | 2.44       |
|    value_loss           | 46.1       |
----------------------------------------
-----------------------------------------
| rollout/                |             |
|    ep_len_mean          | 208         |
|    ep_rew_mean          | 32.2        |
|    success_rate         | 0           |
| time/                   |             |
|    fps                  | 1786        |
|    iterations           | 104         |
|    time_elapsed         | 59          |
|    total_timesteps      | 1861632     |
| train/                  |             |
|    approx_kl            | 0.016414296 |
|    clip_fraction        | 0.171       |
|    clip_range           | 0.2         |
|    entropy_loss         | -18.2       |
|    explained_variance   | 0.919       |
|    learning_rate        | 0.0001      |
|    loss                 | 154         |
|    n_updates            | 18170       |
|    policy_gradient_loss | -0.0326     |
|    std                  | 2.45        |
|    value_loss           | 191         |
-----------------------------------------
-----------------------------------------
| rollout/                |             |
|    ep_len_mean          | 216         |
|    ep_rew_mean          | 44.5        |
|    success_rate         | 0           |
| time/                   |             |
|    fps                  | 1786        |
|    iterations           | 105         |
|    time_elapsed         | 60          |
|    total_timesteps      | 1862656     |
| train/                  |             |
|    approx_kl            | 0.014604244 |
|    clip_fraction        | 0.158       |
|    clip_range           | 0.2         |
|    entropy_loss         | -18.2       |
|    explained_variance   | 0.948       |
|    learning_rate        | 0.0001      |
|    loss                 | 119         |
|    n_updates            | 18180       |
|    policy_gradient_loss | -0.0327     |
|    std                  | 2.45        |
|    value_loss           | 245         |
-----------------------------------------
----------------------------------------
| rollout/                |            |
|    ep_len_mean          | 213        |
|    ep_rew_mean          | 55         |
|    success_rate         | 0          |
| time/                   |            |
|    fps                  | 1784       |
|    iterations           | 106        |
|    time_elapsed         | 60         |
|    total_timesteps      | 1863680    |
| train/                  |            |
|    approx_kl            | 0.04304112 |
|    clip_fraction        | 0.252      |
|    clip_range           | 0.2        |
|    entropy_loss         | -18.2      |
|    explained_variance   | 0.948      |
|    learning_rate        | 0.0001     |
|    loss                 | 7.33       |
|    n_updates            | 18190      |
|    policy_gradient_loss | -0.0315    |
|    std                  | 2.45       |
|    value_loss           | 45.4       |
----------------------------------------
------------------------------------------
| rollout/                |              |
|    ep_len_mean          | 210          |
|    ep_rew_mean          | 58.7         |
|    success_rate         | 0            |
| time/                   |              |
|    fps                  | 1783         |
|    iterations           | 107          |
|    time_elapsed         | 61           |
|    total_timesteps      | 1864704      |
| train/                  |              |
|    approx_kl            | 0.0119248275 |
|    clip_fraction        | 0.22         |
|    clip_range           | 0.2          |
|    entropy_loss         | -18.2        |
|    explained_variance   | 0.689        |
|    learning_rate        | 0.0001       |
|    loss                 | 183          |
|    n_updates            | 18200        |
|    policy_gradient_loss | -0.0167      |
|    std                  | 2.45         |
|    value_loss           | 570          |
------------------------------------------
------------------------------------------
| rollout/                |              |
|    ep_len_mean          | 214          |
|    ep_rew_mean          | 63.9         |
|    success_rate         | 0            |
| time/                   |              |
|    fps                  | 1783         |
|    iterations           | 108          |
|    time_elapsed         | 62           |
|    total_timesteps      | 1865728      |
| train/                  |              |
|    approx_kl            | 0.0114463065 |
|    clip_fraction        | 0.102        |
|    clip_range           | 0.2          |
|    entropy_loss         | -18.2        |
|    explained_variance   | 0.818        |
|    learning_rate        | 0.0001       |
|    loss                 | 79.1         |
|    n_updates            | 18210        |
|    policy_gradient_loss | -0.0261      |
|    std                  | 2.45         |
|    value_loss           | 340          |
------------------------------------------
----------------------------------------
| rollout/                |            |
|    ep_len_mean          | 214        |
|    ep_rew_mean          | 54.4       |
|    success_rate         | 0          |
| time/                   |            |
|    fps                  | 1777       |
|    iterations           | 109        |
|    time_elapsed         | 62         |
|    total_timesteps      | 1866752    |
| train/                  |            |
|    approx_kl            | 0.02247899 |
|    clip_fraction        | 0.185      |
|    clip_range           | 0.2        |
|    entropy_loss         | -18.2      |
|    explained_variance   | 0.987      |
|    learning_rate        | 0.0001     |
|    loss                 | 11.8       |
|    n_updates            | 18220      |
|    policy_gradient_loss | -0.0402    |
|    std                  | 2.46       |
|    value_loss           | 46.6       |
----------------------------------------
-----------------------------------------
| rollout/                |             |
|    ep_len_mean          | 218         |
|    ep_rew_mean          | 49          |
|    success_rate         | 0           |
| time/                   |             |
|    fps                  | 1774        |
|    iterations           | 110         |
|    time_elapsed         | 63          |
|    total_timesteps      | 1867776     |
| train/                  |             |
|    approx_kl            | 0.018757954 |
|    clip_fraction        | 0.23        |
|    clip_range           | 0.2         |
|    entropy_loss         | -18.2       |
|    explained_variance   | 0.94        |
|    learning_rate        | 0.0001      |
|    loss                 | 26.3        |
|    n_updates            | 18230       |
|    policy_gradient_loss | -0.0366     |
|    std                  | 2.46        |
|    value_loss           | 139         |
-----------------------------------------
-----------------------------------------
| rollout/                |             |
|    ep_len_mean          | 222         |
|    ep_rew_mean          | 58.7        |
|    success_rate         | 0           |
| time/                   |             |
|    fps                  | 1774        |
|    iterations           | 111         |
|    time_elapsed         | 64          |
|    total_timesteps      | 1868800     |
| train/                  |             |
|    approx_kl            | 0.013386199 |
|    clip_fraction        | 0.126       |
|    clip_range           | 0.2         |
|    entropy_loss         | -18.2       |
|    explained_variance   | 0.967       |
|    learning_rate        | 0.0001      |
|    loss                 | 129         |
|    n_updates            | 18240       |
|    policy_gradient_loss | -0.0294     |
|    std                  | 2.46        |
|    value_loss           | 177         |
-----------------------------------------
----------------------------------------
| rollout/                |            |
|    ep_len_mean          | 223        |
|    ep_rew_mean          | 65.7       |
|    success_rate         | 0          |
| time/                   |            |
|    fps                  | 1774       |
|    iterations           | 112        |
|    time_elapsed         | 64         |
|    total_timesteps      | 1869824    |
| train/                  |            |
|    approx_kl            | 0.01547923 |
|    clip_fraction        | 0.147      |
|    clip_range           | 0.2        |
|    entropy_loss         | -18.2      |
|    explained_variance   | 0.811      |
|    learning_rate        | 0.0001     |
|    loss                 | 94.1       |
|    n_updates            | 18250      |
|    policy_gradient_loss | -0.0257    |
|    std                  | 2.46       |
|    value_loss           | 245        |
----------------------------------------
----------------------------------------
| rollout/                |            |
|    ep_len_mean          | 225        |
|    ep_rew_mean          | 68         |
|    success_rate         | 0          |
| time/                   |            |
|    fps                  | 1770       |
|    iterations           | 113        |
|    time_elapsed         | 65         |
|    total_timesteps      | 1870848    |
| train/                  |            |
|    approx_kl            | 0.02214501 |
|    clip_fraction        | 0.231      |
|    clip_range           | 0.2        |
|    entropy_loss         | -18.2      |
|    explained_variance   | 0.841      |
|    learning_rate        | 0.0001     |
|    loss                 | 135        |
|    n_updates            | 18260      |
|    policy_gradient_loss | -0.0356    |
|    std                  | 2.46       |
|    value_loss           | 274        |
----------------------------------------
----------------------------------------
| rollout/                |            |
|    ep_len_mean          | 225        |
|    ep_rew_mean          | 62.2       |
|    success_rate         | 0          |
| time/                   |            |
|    fps                  | 1769       |
|    iterations           | 114        |
|    time_elapsed         | 65         |
|    total_timesteps      | 1871872    |
| train/                  |            |
|    approx_kl            | 0.01756395 |
|    clip_fraction        | 0.187      |
|    clip_range           | 0.2        |
|    entropy_loss         | -18.2      |
|    explained_variance   | 0.95       |
|    learning_rate        | 0.0001     |
|    loss                 | 28         |
|    n_updates            | 18270      |
|    policy_gradient_loss | -0.0317    |
|    std                  | 2.46       |
|    value_loss           | 74.4       |
----------------------------------------
-----------------------------------------
| rollout/                |             |
|    ep_len_mean          | 230         |
|    ep_rew_mean          | 77.5        |
|    success_rate         | 0           |
| time/                   |             |
|    fps                  | 1762        |
|    iterations           | 115         |
|    time_elapsed         | 66          |
|    total_timesteps      | 1872896     |
| train/                  |             |
|    approx_kl            | 0.012942698 |
|    clip_fraction        | 0.128       |
|    clip_range           | 0.2         |
|    entropy_loss         | -18.2       |
|    explained_variance   | 0.963       |
|    learning_rate        | 0.0001      |
|    loss                 | 47.6        |
|    n_updates            | 18280       |
|    policy_gradient_loss | -0.0287     |
|    std                  | 2.47        |
|    value_loss           | 205         |
-----------------------------------------
-----------------------------------------
| rollout/                |             |
|    ep_len_mean          | 225         |
|    ep_rew_mean          | 74.9        |
|    success_rate         | 0           |
| time/                   |             |
|    fps                  | 1761        |
|    iterations           | 116         |
|    time_elapsed         | 67          |
|    total_timesteps      | 1873920     |
| train/                  |             |
|    approx_kl            | 0.025842141 |
|    clip_fraction        | 0.227       |
|    clip_range           | 0.2         |
|    entropy_loss         | -18.2       |
|    explained_variance   | 0.956       |
|    learning_rate        | 0.0001      |
|    loss                 | 28.4        |
|    n_updates            | 18290       |
|    policy_gradient_loss | -0.0285     |
|    std                  | 2.47        |
|    value_loss           | 76.3        |
-----------------------------------------
-----------------------------------------
| rollout/                |             |
|    ep_len_mean          | 228         |
|    ep_rew_mean          | 76.5        |
|    success_rate         | 0           |
| time/                   |             |
|    fps                  | 1757        |
|    iterations           | 117         |
|    time_elapsed         | 68          |
|    total_timesteps      | 1874944     |
| train/                  |             |
|    approx_kl            | 0.011164196 |
|    clip_fraction        | 0.134       |
|    clip_range           | 0.2         |
|    entropy_loss         | -18.2       |
|    explained_variance   | 0.824       |
|    learning_rate        | 0.0001      |
|    loss                 | 328         |
|    n_updates            | 18300       |
|    policy_gradient_loss | -0.0228     |
|    std                  | 2.47        |
|    value_loss           | 903         |
-----------------------------------------
----------------------------------------
| rollout/                |            |
|    ep_len_mean          | 228        |
|    ep_rew_mean          | 52.8       |
|    success_rate         | 0          |
| time/                   |            |
|    fps                  | 1753       |
|    iterations           | 118        |
|    time_elapsed         | 68         |
|    total_timesteps      | 1875968    |
| train/                  |            |
|    approx_kl            | 0.00972877 |
|    clip_fraction        | 0.0827     |
|    clip_range           | 0.2        |
|    entropy_loss         | -18.2      |
|    explained_variance   | 0.931      |
|    learning_rate        | 0.0001     |
|    loss                 | 77.5       |
|    n_updates            | 18310      |
|    policy_gradient_loss | -0.0253    |
|    std                  | 2.47       |
|    value_loss           | 373        |
----------------------------------------
-----------------------------------------
| rollout/                |             |
|    ep_len_mean          | 226         |
|    ep_rew_mean          | 45.2        |
|    success_rate         | 0           |
| time/                   |             |
|    fps                  | 1752        |
|    iterations           | 119         |
|    time_elapsed         | 69          |
|    total_timesteps      | 1876992     |
| train/                  |             |
|    approx_kl            | 0.011543664 |
|    clip_fraction        | 0.0795      |
|    clip_range           | 0.2         |
|    entropy_loss         | -18.2       |
|    explained_variance   | 0.945       |
|    learning_rate        | 0.0001      |
|    loss                 | 70.4        |
|    n_updates            | 18320       |
|    policy_gradient_loss | -0.0258     |
|    std                  | 2.47        |
|    value_loss           | 467         |
-----------------------------------------
-----------------------------------------
| rollout/                |             |
|    ep_len_mean          | 231         |
|    ep_rew_mean          | 50.9        |
|    success_rate         | 0           |
| time/                   |             |
|    fps                  | 1747        |
|    iterations           | 120         |
|    time_elapsed         | 70          |
|    total_timesteps      | 1878016     |
| train/                  |             |
|    approx_kl            | 0.014161667 |
|    clip_fraction        | 0.125       |
|    clip_range           | 0.2         |
|    entropy_loss         | -18.2       |
|    explained_variance   | 0.758       |
|    learning_rate        | 0.0001      |
|    loss                 | 93.1        |
|    n_updates            | 18330       |
|    policy_gradient_loss | -0.0277     |
|    std                  | 2.47        |
|    value_loss           | 449         |
-----------------------------------------
-----------------------------------------
| rollout/                |             |
|    ep_len_mean          | 229         |
|    ep_rew_mean          | 48.9        |
|    success_rate         | 0           |
| time/                   |             |
|    fps                  | 1743        |
|    iterations           | 121         |
|    time_elapsed         | 71          |
|    total_timesteps      | 1879040     |
| train/                  |             |
|    approx_kl            | 0.024135087 |
|    clip_fraction        | 0.159       |
|    clip_range           | 0.2         |
|    entropy_loss         | -18.2       |
|    explained_variance   | 0.951       |
|    learning_rate        | 0.0001      |
|    loss                 | 21.6        |
|    n_updates            | 18340       |
|    policy_gradient_loss | -0.0308     |
|    std                  | 2.47        |
|    value_loss           | 80          |
-----------------------------------------
-----------------------------------------
| rollout/                |             |
|    ep_len_mean          | 228         |
|    ep_rew_mean          | 49.7        |
|    success_rate         | 0           |
| time/                   |             |
|    fps                  | 1742        |
|    iterations           | 122         |
|    time_elapsed         | 71          |
|    total_timesteps      | 1880064     |
| train/                  |             |
|    approx_kl            | 0.016585328 |
|    clip_fraction        | 0.144       |
|    clip_range           | 0.2         |
|    entropy_loss         | -18.2       |
|    explained_variance   | 0.948       |
|    learning_rate        | 0.0001      |
|    loss                 | 18.4        |
|    n_updates            | 18350       |
|    policy_gradient_loss | -0.0313     |
|    std                  | 2.47        |
|    value_loss           | 66.7        |
-----------------------------------------
-----------------------------------------
| rollout/                |             |
|    ep_len_mean          | 227         |
|    ep_rew_mean          | 49.4        |
|    success_rate         | 0           |
| time/                   |             |
|    fps                  | 1743        |
|    iterations           | 123         |
|    time_elapsed         | 72          |
|    total_timesteps      | 1881088     |
| train/                  |             |
|    approx_kl            | 0.012142464 |
|    clip_fraction        | 0.131       |
|    clip_range           | 0.2         |
|    entropy_loss         | -18.2       |
|    explained_variance   | 0.814       |
|    learning_rate        | 0.0001      |
|    loss                 | 38          |
|    n_updates            | 18360       |
|    policy_gradient_loss | -0.0225     |
|    std                  | 2.47        |
|    value_loss           | 378         |
-----------------------------------------
-----------------------------------------
| rollout/                |             |
|    ep_len_mean          | 222         |
|    ep_rew_mean          | 43.8        |
|    success_rate         | 0           |
| time/                   |             |
|    fps                  | 1743        |
|    iterations           | 124         |
|    time_elapsed         | 72          |
|    total_timesteps      | 1882112     |
| train/                  |             |
|    approx_kl            | 0.012215771 |
|    clip_fraction        | 0.129       |
|    clip_range           | 0.2         |
|    entropy_loss         | -18.2       |
|    explained_variance   | 0.876       |
|    learning_rate        | 0.0001      |
|    loss                 | 68.9        |
|    n_updates            | 18370       |
|    policy_gradient_loss | -0.0292     |
|    std                  | 2.47        |
|    value_loss           | 302         |
-----------------------------------------
-----------------------------------------
| rollout/                |             |
|    ep_len_mean          | 222         |
|    ep_rew_mean          | 39.9        |
|    success_rate         | 0           |
| time/                   |             |
|    fps                  | 1744        |
|    iterations           | 125         |
|    time_elapsed         | 73          |
|    total_timesteps      | 1883136     |
| train/                  |             |
|    approx_kl            | 0.012914616 |
|    clip_fraction        | 0.14        |
|    clip_range           | 0.2         |
|    entropy_loss         | -18.2       |
|    explained_variance   | 0.752       |
|    learning_rate        | 0.0001      |
|    loss                 | 188         |
|    n_updates            | 18380       |
|    policy_gradient_loss | -0.03       |
|    std                  | 2.47        |
|    value_loss           | 443         |
-----------------------------------------
-----------------------------------------
| rollout/                |             |
|    ep_len_mean          | 222         |
|    ep_rew_mean          | 39.3        |
|    success_rate         | 0           |
| time/                   |             |
|    fps                  | 1744        |
|    iterations           | 126         |
|    time_elapsed         | 73          |
|    total_timesteps      | 1884160     |
| train/                  |             |
|    approx_kl            | 0.015349326 |
|    clip_fraction        | 0.133       |
|    clip_range           | 0.2         |
|    entropy_loss         | -18.2       |
|    explained_variance   | 0.922       |
|    learning_rate        | 0.0001      |
|    loss                 | 78.9        |
|    n_updates            | 18390       |
|    policy_gradient_loss | -0.0255     |
|    std                  | 2.47        |
|    value_loss           | 296         |
-----------------------------------------
-----------------------------------------
| rollout/                |             |
|    ep_len_mean          | 221         |
|    ep_rew_mean          | 16.7        |
|    success_rate         | 0           |
| time/                   |             |
|    fps                  | 1745        |
|    iterations           | 127         |
|    time_elapsed         | 74          |
|    total_timesteps      | 1885184     |
| train/                  |             |
|    approx_kl            | 0.018655028 |
|    clip_fraction        | 0.163       |
|    clip_range           | 0.2         |
|    entropy_loss         | -18.2       |
|    explained_variance   | 0.973       |
|    learning_rate        | 0.0001      |
|    loss                 | 19.1        |
|    n_updates            | 18400       |
|    policy_gradient_loss | -0.0369     |
|    std                  | 2.47        |
|    value_loss           | 138         |
-----------------------------------------
-----------------------------------------
| rollout/                |             |
|    ep_len_mean          | 224         |
|    ep_rew_mean          | 13.5        |
|    success_rate         | 0           |
| time/                   |             |
|    fps                  | 1745        |
|    iterations           | 128         |
|    time_elapsed         | 75          |
|    total_timesteps      | 1886208     |
| train/                  |             |
|    approx_kl            | 0.017525988 |
|    clip_fraction        | 0.158       |
|    clip_range           | 0.2         |
|    entropy_loss         | -18.2       |
|    explained_variance   | 0.98        |
|    learning_rate        | 0.0001      |
|    loss                 | 19.4        |
|    n_updates            | 18410       |
|    policy_gradient_loss | -0.0359     |
|    std                  | 2.47        |
|    value_loss           | 106         |
-----------------------------------------
-----------------------------------------
| rollout/                |             |
|    ep_len_mean          | 227         |
|    ep_rew_mean          | 23.1        |
|    success_rate         | 0           |
| time/                   |             |
|    fps                  | 1745        |
|    iterations           | 129         |
|    time_elapsed         | 75          |
|    total_timesteps      | 1887232     |
| train/                  |             |
|    approx_kl            | 0.011227497 |
|    clip_fraction        | 0.11        |
|    clip_range           | 0.2         |
|    entropy_loss         | -18.2       |
|    explained_variance   | 0.977       |
|    learning_rate        | 0.0001      |
|    loss                 | 54.3        |
|    n_updates            | 18420       |
|    policy_gradient_loss | -0.0254     |
|    std                  | 2.47        |
|    value_loss           | 279         |
-----------------------------------------
-----------------------------------------
| rollout/                |             |
|    ep_len_mean          | 229         |
|    ep_rew_mean          | 24.3        |
|    success_rate         | 0           |
| time/                   |             |
|    fps                  | 1745        |
|    iterations           | 130         |
|    time_elapsed         | 76          |
|    total_timesteps      | 1888256     |
| train/                  |             |
|    approx_kl            | 0.019516358 |
|    clip_fraction        | 0.143       |
|    clip_range           | 0.2         |
|    entropy_loss         | -18.2       |
|    explained_variance   | 0.924       |
|    learning_rate        | 0.0001      |
|    loss                 | 18.1        |
|    n_updates            | 18430       |
|    policy_gradient_loss | -0.0325     |
|    std                  | 2.47        |
|    value_loss           | 71.9        |
-----------------------------------------
----------------------------------------
| rollout/                |            |
|    ep_len_mean          | 232        |
|    ep_rew_mean          | 34         |
|    success_rate         | 0          |
| time/                   |            |
|    fps                  | 1743       |
|    iterations           | 131        |
|    time_elapsed         | 76         |
|    total_timesteps      | 1889280    |
| train/                  |            |
|    approx_kl            | 0.02195539 |
|    clip_fraction        | 0.221      |
|    clip_range           | 0.2        |
|    entropy_loss         | -18.2      |
|    explained_variance   | 0.916      |
|    learning_rate        | 0.0001     |
|    loss                 | 13.1       |
|    n_updates            | 18440      |
|    policy_gradient_loss | -0.0283    |
|    std                  | 2.47       |
|    value_loss           | 46.3       |
----------------------------------------
-----------------------------------------
| rollout/                |             |
|    ep_len_mean          | 230         |
|    ep_rew_mean          | 37.8        |
|    success_rate         | 0           |
| time/                   |             |
|    fps                  | 1735        |
|    iterations           | 132         |
|    time_elapsed         | 77          |
|    total_timesteps      | 1890304     |
| train/                  |             |
|    approx_kl            | 0.017352335 |
|    clip_fraction        | 0.216       |
|    clip_range           | 0.2         |
|    entropy_loss         | -18.2       |
|    explained_variance   | 0.842       |
|    learning_rate        | 0.0001      |
|    loss                 | 171         |
|    n_updates            | 18450       |
|    policy_gradient_loss | -0.0252     |
|    std                  | 2.47        |
|    value_loss           | 433         |
-----------------------------------------
-----------------------------------------
| rollout/                |             |
|    ep_len_mean          | 230         |
|    ep_rew_mean          | 39          |
|    success_rate         | 0           |
| time/                   |             |
|    fps                  | 1734        |
|    iterations           | 133         |
|    time_elapsed         | 78          |
|    total_timesteps      | 1891328     |
| train/                  |             |
|    approx_kl            | 0.013482027 |
|    clip_fraction        | 0.164       |
|    clip_range           | 0.2         |
|    entropy_loss         | -18.2       |
|    explained_variance   | 0.927       |
|    learning_rate        | 0.0001      |
|    loss                 | 227         |
|    n_updates            | 18460       |
|    policy_gradient_loss | -0.0313     |
|    std                  | 2.47        |
|    value_loss           | 544         |
-----------------------------------------
-----------------------------------------
| rollout/                |             |
|    ep_len_mean          | 234         |
|    ep_rew_mean          | 34.9        |
|    success_rate         | 0           |
| time/                   |             |
|    fps                  | 1734        |
|    iterations           | 134         |
|    time_elapsed         | 79          |
|    total_timesteps      | 1892352     |
| train/                  |             |
|    approx_kl            | 0.050566986 |
|    clip_fraction        | 0.31        |
|    clip_range           | 0.2         |
|    entropy_loss         | -18.2       |
|    explained_variance   | 0.884       |
|    learning_rate        | 0.0001      |
|    loss                 | 5.3         |
|    n_updates            | 18470       |
|    policy_gradient_loss | -0.0493     |
|    std                  | 2.47        |
|    value_loss           | 16.4        |
-----------------------------------------
-----------------------------------------
| rollout/                |             |
|    ep_len_mean          | 232         |
|    ep_rew_mean          | 24.3        |
|    success_rate         | 0           |
| time/                   |             |
|    fps                  | 1733        |
|    iterations           | 135         |
|    time_elapsed         | 79          |
|    total_timesteps      | 1893376     |
| train/                  |             |
|    approx_kl            | 0.014769717 |
|    clip_fraction        | 0.284       |
|    clip_range           | 0.2         |
|    entropy_loss         | -18.2       |
|    explained_variance   | 0.967       |
|    learning_rate        | 0.0001      |
|    loss                 | 46.3        |
|    n_updates            | 18480       |
|    policy_gradient_loss | -0.0212     |
|    std                  | 2.47        |
|    value_loss           | 188         |
-----------------------------------------
-----------------------------------------
| rollout/                |             |
|    ep_len_mean          | 232         |
|    ep_rew_mean          | 34.4        |
|    success_rate         | 0           |
| time/                   |             |
|    fps                  | 1732        |
|    iterations           | 136         |
|    time_elapsed         | 80          |
|    total_timesteps      | 1894400     |
| train/                  |             |
|    approx_kl            | 0.011712221 |
|    clip_fraction        | 0.131       |
|    clip_range           | 0.2         |
|    entropy_loss         | -18.2       |
|    explained_variance   | 0.979       |
|    learning_rate        | 0.0001      |
|    loss                 | 48.2        |
|    n_updates            | 18490       |
|    policy_gradient_loss | -0.0321     |
|    std                  | 2.47        |
|    value_loss           | 198         |
-----------------------------------------
-----------------------------------------
| rollout/                |             |
|    ep_len_mean          | 229         |
|    ep_rew_mean          | 22.4        |
|    success_rate         | 0           |
| time/                   |             |
|    fps                  | 1730        |
|    iterations           | 137         |
|    time_elapsed         | 81          |
|    total_timesteps      | 1895424     |
| train/                  |             |
|    approx_kl            | 0.019485604 |
|    clip_fraction        | 0.176       |
|    clip_range           | 0.2         |
|    entropy_loss         | -18.2       |
|    explained_variance   | 0.951       |
|    learning_rate        | 0.0001      |
|    loss                 | 9.69        |
|    n_updates            | 18500       |
|    policy_gradient_loss | -0.0375     |
|    std                  | 2.47        |
|    value_loss           | 57.8        |
-----------------------------------------
----------------------------------------
| rollout/                |            |
|    ep_len_mean          | 221        |
|    ep_rew_mean          | 12         |
|    success_rate         | 0          |
| time/                   |            |
|    fps                  | 1730       |
|    iterations           | 138        |
|    time_elapsed         | 81         |
|    total_timesteps      | 1896448    |
| train/                  |            |
|    approx_kl            | 0.01191424 |
|    clip_fraction        | 0.129      |
|    clip_range           | 0.2        |
|    entropy_loss         | -18.2      |
|    explained_variance   | 0.904      |
|    learning_rate        | 0.0001     |
|    loss                 | 32         |
|    n_updates            | 18510      |
|    policy_gradient_loss | -0.0302    |
|    std                  | 2.47       |
|    value_loss           | 203        |
----------------------------------------
-----------------------------------------
| rollout/                |             |
|    ep_len_mean          | 219         |
|    ep_rew_mean          | 19          |
|    success_rate         | 0           |
| time/                   |             |
|    fps                  | 1728        |
|    iterations           | 139         |
|    time_elapsed         | 82          |
|    total_timesteps      | 1897472     |
| train/                  |             |
|    approx_kl            | 0.008003578 |
|    clip_fraction        | 0.0559      |
|    clip_range           | 0.2         |
|    entropy_loss         | -18.2       |
|    explained_variance   | 0.761       |
|    learning_rate        | 0.0001      |
|    loss                 | 575         |
|    n_updates            | 18520       |
|    policy_gradient_loss | -0.0189     |
|    std                  | 2.47        |
|    value_loss           | 1.46e+03    |
-----------------------------------------
-----------------------------------------
| rollout/                |             |
|    ep_len_mean          | 220         |
|    ep_rew_mean          | 24.7        |
|    success_rate         | 0           |
| time/                   |             |
|    fps                  | 1728        |
|    iterations           | 140         |
|    time_elapsed         | 82          |
|    total_timesteps      | 1898496     |
| train/                  |             |
|    approx_kl            | 0.013143526 |
|    clip_fraction        | 0.0937      |
|    clip_range           | 0.2         |
|    entropy_loss         | -18.2       |
|    explained_variance   | 0.897       |
|    learning_rate        | 0.0001      |
|    loss                 | 46.3        |
|    n_updates            | 18530       |
|    policy_gradient_loss | -0.0271     |
|    std                  | 2.47        |
|    value_loss           | 157         |
-----------------------------------------
-----------------------------------------
| rollout/                |             |
|    ep_len_mean          | 224         |
|    ep_rew_mean          | 25.5        |
|    success_rate         | 0           |
| time/                   |             |
|    fps                  | 1728        |
|    iterations           | 141         |
|    time_elapsed         | 83          |
|    total_timesteps      | 1899520     |
| train/                  |             |
|    approx_kl            | 0.013821508 |
|    clip_fraction        | 0.19        |
|    clip_range           | 0.2         |
|    entropy_loss         | -18.2       |
|    explained_variance   | 0.934       |
|    learning_rate        | 0.0001      |
|    loss                 | 54.3        |
|    n_updates            | 18540       |
|    policy_gradient_loss | -0.03       |
|    std                  | 2.47        |
|    value_loss           | 144         |
-----------------------------------------
---------------------------------------
| rollout/                |           |
|    ep_len_mean          | 219       |
|    ep_rew_mean          | 2.14      |
|    success_rate         | 0         |
| time/                   |           |
|    fps                  | 1727      |
|    iterations           | 142       |
|    time_elapsed         | 84        |
|    total_timesteps      | 1900544   |
| train/                  |           |
|    approx_kl            | 0.0112546 |
|    clip_fraction        | 0.148     |
|    clip_range           | 0.2       |
|    entropy_loss         | -18.2     |
|    explained_variance   | 0.905     |
|    learning_rate        | 0.0001    |
|    loss                 | 317       |
|    n_updates            | 18550     |
|    policy_gradient_loss | -0.0294   |
|    std                  | 2.47      |
|    value_loss           | 497       |
---------------------------------------
------------------------------------------
| rollout/                |              |
|    ep_len_mean          | 219          |
|    ep_rew_mean          | 4.18         |
|    success_rate         | 0            |
| time/                   |              |
|    fps                  | 1726         |
|    iterations           | 143          |
|    time_elapsed         | 84           |
|    total_timesteps      | 1901568      |
| train/                  |              |
|    approx_kl            | 0.0109905265 |
|    clip_fraction        | 0.0984       |
|    clip_range           | 0.2          |
|    entropy_loss         | -18.2        |
|    explained_variance   | 0.954        |
|    learning_rate        | 0.0001       |
|    loss                 | 173          |
|    n_updates            | 18560        |
|    policy_gradient_loss | -0.028       |
|    std                  | 2.47         |
|    value_loss           | 528          |
------------------------------------------
-----------------------------------------
| rollout/                |             |
|    ep_len_mean          | 224         |
|    ep_rew_mean          | 17.4        |
|    success_rate         | 0           |
| time/                   |             |
|    fps                  | 1726        |
|    iterations           | 144         |
|    time_elapsed         | 85          |
|    total_timesteps      | 1902592     |
| train/                  |             |
|    approx_kl            | 0.017381981 |
|    clip_fraction        | 0.153       |
|    clip_range           | 0.2         |
|    entropy_loss         | -18.2       |
|    explained_variance   | 0.776       |
|    learning_rate        | 0.0001      |
|    loss                 | 78.1        |
|    n_updates            | 18570       |
|    policy_gradient_loss | -0.0306     |
|    std                  | 2.47        |
|    value_loss           | 172         |
-----------------------------------------
-----------------------------------------
| rollout/                |             |
|    ep_len_mean          | 222         |
|    ep_rew_mean          | 20.5        |
|    success_rate         | 0           |
| time/                   |             |
|    fps                  | 1727        |
|    iterations           | 145         |
|    time_elapsed         | 85          |
|    total_timesteps      | 1903616     |
| train/                  |             |
|    approx_kl            | 0.016159076 |
|    clip_fraction        | 0.138       |
|    clip_range           | 0.2         |
|    entropy_loss         | -18.2       |
|    explained_variance   | 0.884       |
|    learning_rate        | 0.0001      |
|    loss                 | 34          |
|    n_updates            | 18580       |
|    policy_gradient_loss | -0.0294     |
|    std                  | 2.47        |
|    value_loss           | 93.9        |
-----------------------------------------
-----------------------------------------
| rollout/                |             |
|    ep_len_mean          | 228         |
|    ep_rew_mean          | 23.1        |
|    success_rate         | 0           |
| time/                   |             |
|    fps                  | 1727        |
|    iterations           | 146         |
|    time_elapsed         | 86          |
|    total_timesteps      | 1904640     |
| train/                  |             |
|    approx_kl            | 0.015336398 |
|    clip_fraction        | 0.179       |
|    clip_range           | 0.2         |
|    entropy_loss         | -18.2       |
|    explained_variance   | 0.918       |
|    learning_rate        | 0.0001      |
|    loss                 | 48.8        |
|    n_updates            | 18590       |
|    policy_gradient_loss | -0.0291     |
|    std                  | 2.47        |
|    value_loss           | 289         |
-----------------------------------------
-----------------------------------------
| rollout/                |             |
|    ep_len_mean          | 230         |
|    ep_rew_mean          | 35.6        |
|    success_rate         | 0           |
| time/                   |             |
|    fps                  | 1727        |
|    iterations           | 147         |
|    time_elapsed         | 87          |
|    total_timesteps      | 1905664     |
| train/                  |             |
|    approx_kl            | 0.020810787 |
|    clip_fraction        | 0.207       |
|    clip_range           | 0.2         |
|    entropy_loss         | -18.2       |
|    explained_variance   | 0.891       |
|    learning_rate        | 0.0001      |
|    loss                 | 15.2        |
|    n_updates            | 18600       |
|    policy_gradient_loss | -0.0381     |
|    std                  | 2.47        |
|    value_loss           | 51.4        |
-----------------------------------------
----------------------------------------
| rollout/                |            |
|    ep_len_mean          | 232        |
|    ep_rew_mean          | 23.2       |
|    success_rate         | 0          |
| time/                   |            |
|    fps                  | 1727       |
|    iterations           | 148        |
|    time_elapsed         | 87         |
|    total_timesteps      | 1906688    |
| train/                  |            |
|    approx_kl            | 0.03660548 |
|    clip_fraction        | 0.26       |
|    clip_range           | 0.2        |
|    entropy_loss         | -18.2      |
|    explained_variance   | 0.924      |
|    learning_rate        | 0.0001     |
|    loss                 | 5.48       |
|    n_updates            | 18610      |
|    policy_gradient_loss | -0.0356    |
|    std                  | 2.47       |
|    value_loss           | 21.1       |
----------------------------------------
-----------------------------------------
| rollout/                |             |
|    ep_len_mean          | 234         |
|    ep_rew_mean          | 34.3        |
|    success_rate         | 0           |
| time/                   |             |
|    fps                  | 1726        |
|    iterations           | 149         |
|    time_elapsed         | 88          |
|    total_timesteps      | 1907712     |
| train/                  |             |
|    approx_kl            | 0.010098422 |
|    clip_fraction        | 0.22        |
|    clip_range           | 0.2         |
|    entropy_loss         | -18.2       |
|    explained_variance   | 0.962       |
|    learning_rate        | 0.0001      |
|    loss                 | 40.8        |
|    n_updates            | 18620       |
|    policy_gradient_loss | -0.011      |
|    std                  | 2.47        |
|    value_loss           | 399         |
-----------------------------------------
-----------------------------------------
| rollout/                |             |
|    ep_len_mean          | 228         |
|    ep_rew_mean          | 39.1        |
|    success_rate         | 0           |
| time/                   |             |
|    fps                  | 1726        |
|    iterations           | 150         |
|    time_elapsed         | 88          |
|    total_timesteps      | 1908736     |
| train/                  |             |
|    approx_kl            | 0.017249383 |
|    clip_fraction        | 0.177       |
|    clip_range           | 0.2         |
|    entropy_loss         | -18.2       |
|    explained_variance   | 0.934       |
|    learning_rate        | 0.0001      |
|    loss                 | 47.6        |
|    n_updates            | 18630       |
|    policy_gradient_loss | -0.0337     |
|    std                  | 2.47        |
|    value_loss           | 99.9        |
-----------------------------------------
------------------------------------------
| rollout/                |              |
|    ep_len_mean          | 227          |
|    ep_rew_mean          | 38.2         |
|    success_rate         | 0            |
| time/                   |              |
|    fps                  | 1726         |
|    iterations           | 151          |
|    time_elapsed         | 89           |
|    total_timesteps      | 1909760      |
| train/                  |              |
|    approx_kl            | 0.0142945405 |
|    clip_fraction        | 0.144        |
|    clip_range           | 0.2          |
|    entropy_loss         | -18.2        |
|    explained_variance   | 0.887        |
|    learning_rate        | 0.0001       |
|    loss                 | 24.8         |
|    n_updates            | 18640        |
|    policy_gradient_loss | -0.0246      |
|    std                  | 2.48         |
|    value_loss           | 342          |
------------------------------------------
-----------------------------------------
| rollout/                |             |
|    ep_len_mean          | 226         |
|    ep_rew_mean          | 31          |
|    success_rate         | 0           |
| time/                   |             |
|    fps                  | 1726        |
|    iterations           | 152         |
|    time_elapsed         | 90          |
|    total_timesteps      | 1910784     |
| train/                  |             |
|    approx_kl            | 0.019707188 |
|    clip_fraction        | 0.182       |
|    clip_range           | 0.2         |
|    entropy_loss         | -18.2       |
|    explained_variance   | 0.711       |
|    learning_rate        | 0.0001      |
|    loss                 | 7.25        |
|    n_updates            | 18650       |
|    policy_gradient_loss | -0.0333     |
|    std                  | 2.48        |
|    value_loss           | 87.5        |
-----------------------------------------
----------------------------------------
| rollout/                |            |
|    ep_len_mean          | 226        |
|    ep_rew_mean          | 31.3       |
|    success_rate         | 0          |
| time/                   |            |
|    fps                  | 1726       |
|    iterations           | 153        |
|    time_elapsed         | 90         |
|    total_timesteps      | 1911808    |
| train/                  |            |
|    approx_kl            | 0.01288138 |
|    clip_fraction        | 0.126      |
|    clip_range           | 0.2        |
|    entropy_loss         | -18.2      |
|    explained_variance   | 0.897      |
|    learning_rate        | 0.0001     |
|    loss                 | 47.1       |
|    n_updates            | 18660      |
|    policy_gradient_loss | -0.0248    |
|    std                  | 2.48       |
|    value_loss           | 228        |
----------------------------------------
-----------------------------------------
| rollout/                |             |
|    ep_len_mean          | 227         |
|    ep_rew_mean          | 37.5        |
|    success_rate         | 0           |
| time/                   |             |
|    fps                  | 1724        |
|    iterations           | 154         |
|    time_elapsed         | 91          |
|    total_timesteps      | 1912832     |
| train/                  |             |
|    approx_kl            | 0.012601617 |
|    clip_fraction        | 0.137       |
|    clip_range           | 0.2         |
|    entropy_loss         | -18.2       |
|    explained_variance   | 0.643       |
|    learning_rate        | 0.0001      |
|    loss                 | 30          |
|    n_updates            | 18670       |
|    policy_gradient_loss | -0.0275     |
|    std                  | 2.48        |
|    value_loss           | 158         |
-----------------------------------------
-----------------------------------------
| rollout/                |             |
|    ep_len_mean          | 226         |
|    ep_rew_mean          | 16.3        |
|    success_rate         | 0           |
| time/                   |             |
|    fps                  | 1724        |
|    iterations           | 155         |
|    time_elapsed         | 92          |
|    total_timesteps      | 1913856     |
| train/                  |             |
|    approx_kl            | 0.013939082 |
|    clip_fraction        | 0.176       |
|    clip_range           | 0.2         |
|    entropy_loss         | -18.2       |
|    explained_variance   | 0.935       |
|    learning_rate        | 0.0001      |
|    loss                 | 72.4        |
|    n_updates            | 18680       |
|    policy_gradient_loss | -0.0338     |
|    std                  | 2.48        |
|    value_loss           | 250         |
-----------------------------------------
-----------------------------------------
| rollout/                |             |
|    ep_len_mean          | 224         |
|    ep_rew_mean          | 22.7        |
|    success_rate         | 0           |
| time/                   |             |
|    fps                  | 1723        |
|    iterations           | 156         |
|    time_elapsed         | 92          |
|    total_timesteps      | 1914880     |
| train/                  |             |
|    approx_kl            | 0.011601872 |
|    clip_fraction        | 0.11        |
|    clip_range           | 0.2         |
|    entropy_loss         | -18.2       |
|    explained_variance   | 0.935       |
|    learning_rate        | 0.0001      |
|    loss                 | 92.4        |
|    n_updates            | 18690       |
|    policy_gradient_loss | -0.0252     |
|    std                  | 2.48        |
|    value_loss           | 628         |
-----------------------------------------
-----------------------------------------
| rollout/                |             |
|    ep_len_mean          | 223         |
|    ep_rew_mean          | 30.3        |
|    success_rate         | 0           |
| time/                   |             |
|    fps                  | 1724        |
|    iterations           | 157         |
|    time_elapsed         | 93          |
|    total_timesteps      | 1915904     |
| train/                  |             |
|    approx_kl            | 0.011980746 |
|    clip_fraction        | 0.112       |
|    clip_range           | 0.2         |
|    entropy_loss         | -18.2       |
|    explained_variance   | 0.383       |
|    learning_rate        | 0.0001      |
|    loss                 | 111         |
|    n_updates            | 18700       |
|    policy_gradient_loss | -0.0286     |
|    std                  | 2.48        |
|    value_loss           | 267         |
-----------------------------------------
-----------------------------------------
| rollout/                |             |
|    ep_len_mean          | 222         |
|    ep_rew_mean          | 33          |
|    success_rate         | 0           |
| time/                   |             |
|    fps                  | 1724        |
|    iterations           | 158         |
|    time_elapsed         | 93          |
|    total_timesteps      | 1916928     |
| train/                  |             |
|    approx_kl            | 0.021683749 |
|    clip_fraction        | 0.174       |
|    clip_range           | 0.2         |
|    entropy_loss         | -18.2       |
|    explained_variance   | 0.943       |
|    learning_rate        | 0.0001      |
|    loss                 | 10.7        |
|    n_updates            | 18710       |
|    policy_gradient_loss | -0.034      |
|    std                  | 2.48        |
|    value_loss           | 56.6        |
-----------------------------------------
-----------------------------------------
| rollout/                |             |
|    ep_len_mean          | 224         |
|    ep_rew_mean          | 39.8        |
|    success_rate         | 0           |
| time/                   |             |
|    fps                  | 1723        |
|    iterations           | 159         |
|    time_elapsed         | 94          |
|    total_timesteps      | 1917952     |
| train/                  |             |
|    approx_kl            | 0.010136709 |
|    clip_fraction        | 0.126       |
|    clip_range           | 0.2         |
|    entropy_loss         | -18.2       |
|    explained_variance   | 0.799       |
|    learning_rate        | 0.0001      |
|    loss                 | 261         |
|    n_updates            | 18720       |
|    policy_gradient_loss | -0.0238     |
|    std                  | 2.48        |
|    value_loss           | 670         |
-----------------------------------------
-----------------------------------------
| rollout/                |             |
|    ep_len_mean          | 230         |
|    ep_rew_mean          | 42.5        |
|    success_rate         | 0           |
| time/                   |             |
|    fps                  | 1723        |
|    iterations           | 160         |
|    time_elapsed         | 95          |
|    total_timesteps      | 1918976     |
| train/                  |             |
|    approx_kl            | 0.013004294 |
|    clip_fraction        | 0.12        |
|    clip_range           | 0.2         |
|    entropy_loss         | -18.2       |
|    explained_variance   | 0.864       |
|    learning_rate        | 0.0001      |
|    loss                 | 123         |
|    n_updates            | 18730       |
|    policy_gradient_loss | -0.0287     |
|    std                  | 2.49        |
|    value_loss           | 263         |
-----------------------------------------
-----------------------------------------
| rollout/                |             |
|    ep_len_mean          | 230         |
|    ep_rew_mean          | 69.9        |
|    success_rate         | 0           |
| time/                   |             |
|    fps                  | 1723        |
|    iterations           | 161         |
|    time_elapsed         | 95          |
|    total_timesteps      | 1920000     |
| train/                  |             |
|    approx_kl            | 0.013944769 |
|    clip_fraction        | 0.112       |
|    clip_range           | 0.2         |
|    entropy_loss         | -18.2       |
|    explained_variance   | 0.722       |
|    learning_rate        | 0.0001      |
|    loss                 | 78.6        |
|    n_updates            | 18740       |
|    policy_gradient_loss | -0.0263     |
|    std                  | 2.48        |
|    value_loss           | 239         |
-----------------------------------------
-----------------------------------------
| rollout/                |             |
|    ep_len_mean          | 230         |
|    ep_rew_mean          | 71.7        |
|    success_rate         | 0           |
| time/                   |             |
|    fps                  | 1722        |
|    iterations           | 162         |
|    time_elapsed         | 96          |
|    total_timesteps      | 1921024     |
| train/                  |             |
|    approx_kl            | 0.012260096 |
|    clip_fraction        | 0.117       |
|    clip_range           | 0.2         |
|    entropy_loss         | -18.2       |
|    explained_variance   | 0.886       |
|    learning_rate        | 0.0001      |
|    loss                 | 98.1        |
|    n_updates            | 18750       |
|    policy_gradient_loss | -0.0263     |
|    std                  | 2.48        |
|    value_loss           | 300         |
-----------------------------------------
----------------------------------------
| rollout/                |            |
|    ep_len_mean          | 226        |
|    ep_rew_mean          | 68.5       |
|    success_rate         | 0          |
| time/                   |            |
|    fps                  | 1722       |
|    iterations           | 163        |
|    time_elapsed         | 96         |
|    total_timesteps      | 1922048    |
| train/                  |            |
|    approx_kl            | 0.01516047 |
|    clip_fraction        | 0.149      |
|    clip_range           | 0.2        |
|    entropy_loss         | -18.2      |
|    explained_variance   | 0.984      |
|    learning_rate        | 0.0001     |
|    loss                 | 30.7       |
|    n_updates            | 18760      |
|    policy_gradient_loss | -0.0356    |
|    std                  | 2.49       |
|    value_loss           | 80.7       |
----------------------------------------
------------------------------------------
| rollout/                |              |
|    ep_len_mean          | 229          |
|    ep_rew_mean          | 91.1         |
|    success_rate         | 0            |
| time/                   |              |
|    fps                  | 1721         |
|    iterations           | 164          |
|    time_elapsed         | 97           |
|    total_timesteps      | 1923072      |
| train/                  |              |
|    approx_kl            | 0.0109965075 |
|    clip_fraction        | 0.153        |
|    clip_range           | 0.2          |
|    entropy_loss         | -18.2        |
|    explained_variance   | 0.764        |
|    learning_rate        | 0.0001       |
|    loss                 | 155          |
|    n_updates            | 18770        |
|    policy_gradient_loss | -0.0266      |
|    std                  | 2.49         |
|    value_loss           | 610          |
------------------------------------------
-----------------------------------------
| rollout/                |             |
|    ep_len_mean          | 228         |
|    ep_rew_mean          | 75          |
|    success_rate         | 0           |
| time/                   |             |
|    fps                  | 1720        |
|    iterations           | 165         |
|    time_elapsed         | 98          |
|    total_timesteps      | 1924096     |
| train/                  |             |
|    approx_kl            | 0.017850503 |
|    clip_fraction        | 0.182       |
|    clip_range           | 0.2         |
|    entropy_loss         | -18.2       |
|    explained_variance   | 0.884       |
|    learning_rate        | 0.0001      |
|    loss                 | 23.7        |
|    n_updates            | 18780       |
|    policy_gradient_loss | -0.0357     |
|    std                  | 2.49        |
|    value_loss           | 73.4        |
-----------------------------------------
-----------------------------------------
| rollout/                |             |
|    ep_len_mean          | 222         |
|    ep_rew_mean          | 45.2        |
|    success_rate         | 0           |
| time/                   |             |
|    fps                  | 1719        |
|    iterations           | 166         |
|    time_elapsed         | 98          |
|    total_timesteps      | 1925120     |
| train/                  |             |
|    approx_kl            | 0.010145242 |
|    clip_fraction        | 0.115       |
|    clip_range           | 0.2         |
|    entropy_loss         | -18.2       |
|    explained_variance   | 0.919       |
|    learning_rate        | 0.0001      |
|    loss                 | 71.3        |
|    n_updates            | 18790       |
|    policy_gradient_loss | -0.0259     |
|    std                  | 2.49        |
|    value_loss           | 451         |
-----------------------------------------
-----------------------------------------
| rollout/                |             |
|    ep_len_mean          | 217         |
|    ep_rew_mean          | 36.5        |
|    success_rate         | 0           |
| time/                   |             |
|    fps                  | 1719        |
|    iterations           | 167         |
|    time_elapsed         | 99          |
|    total_timesteps      | 1926144     |
| train/                  |             |
|    approx_kl            | 0.010554427 |
|    clip_fraction        | 0.0772      |
|    clip_range           | 0.2         |
|    entropy_loss         | -18.3       |
|    explained_variance   | 0.931       |
|    learning_rate        | 0.0001      |
|    loss                 | 109         |
|    n_updates            | 18800       |
|    policy_gradient_loss | -0.0221     |
|    std                  | 2.49        |
|    value_loss           | 496         |
-----------------------------------------
-----------------------------------------
| rollout/                |             |
|    ep_len_mean          | 212         |
|    ep_rew_mean          | 31.9        |
|    success_rate         | 0           |
| time/                   |             |
|    fps                  | 1718        |
|    iterations           | 168         |
|    time_elapsed         | 100         |
|    total_timesteps      | 1927168     |
| train/                  |             |
|    approx_kl            | 0.010574122 |
|    clip_fraction        | 0.0922      |
|    clip_range           | 0.2         |
|    entropy_loss         | -18.3       |
|    explained_variance   | 0.861       |
|    learning_rate        | 0.0001      |
|    loss                 | 249         |
|    n_updates            | 18810       |
|    policy_gradient_loss | -0.0278     |
|    std                  | 2.49        |
|    value_loss           | 496         |
-----------------------------------------
-----------------------------------------
| rollout/                |             |
|    ep_len_mean          | 216         |
|    ep_rew_mean          | 43.8        |
|    success_rate         | 0           |
| time/                   |             |
|    fps                  | 1717        |
|    iterations           | 169         |
|    time_elapsed         | 100         |
|    total_timesteps      | 1928192     |
| train/                  |             |
|    approx_kl            | 0.015365116 |
|    clip_fraction        | 0.157       |
|    clip_range           | 0.2         |
|    entropy_loss         | -18.3       |
|    explained_variance   | 0.791       |
|    learning_rate        | 0.0001      |
|    loss                 | 70.3        |
|    n_updates            | 18820       |
|    policy_gradient_loss | -0.0296     |
|    std                  | 2.49        |
|    value_loss           | 303         |
-----------------------------------------
-----------------------------------------
| rollout/                |             |
|    ep_len_mean          | 209         |
|    ep_rew_mean          | 27.1        |
|    success_rate         | 0           |
| time/                   |             |
|    fps                  | 1715        |
|    iterations           | 170         |
|    time_elapsed         | 101         |
|    total_timesteps      | 1929216     |
| train/                  |             |
|    approx_kl            | 0.018710282 |
|    clip_fraction        | 0.177       |
|    clip_range           | 0.2         |
|    entropy_loss         | -18.2       |
|    explained_variance   | 0.99        |
|    learning_rate        | 0.0001      |
|    loss                 | 22          |
|    n_updates            | 18830       |
|    policy_gradient_loss | -0.0388     |
|    std                  | 2.49        |
|    value_loss           | 97.3        |
-----------------------------------------
-----------------------------------------
| rollout/                |             |
|    ep_len_mean          | 209         |
|    ep_rew_mean          | 26.6        |
|    success_rate         | 0           |
| time/                   |             |
|    fps                  | 1714        |
|    iterations           | 171         |
|    time_elapsed         | 102         |
|    total_timesteps      | 1930240     |
| train/                  |             |
|    approx_kl            | 0.010330663 |
|    clip_fraction        | 0.0828      |
|    clip_range           | 0.2         |
|    entropy_loss         | -18.2       |
|    explained_variance   | 0.964       |
|    learning_rate        | 0.0001      |
|    loss                 | 191         |
|    n_updates            | 18840       |
|    policy_gradient_loss | -0.024      |
|    std                  | 2.49        |
|    value_loss           | 497         |
-----------------------------------------
-----------------------------------------
| rollout/                |             |
|    ep_len_mean          | 211         |
|    ep_rew_mean          | 22          |
|    success_rate         | 0           |
| time/                   |             |
|    fps                  | 1712        |
|    iterations           | 172         |
|    time_elapsed         | 102         |
|    total_timesteps      | 1931264     |
| train/                  |             |
|    approx_kl            | 0.013358736 |
|    clip_fraction        | 0.108       |
|    clip_range           | 0.2         |
|    entropy_loss         | -18.3       |
|    explained_variance   | 0.956       |
|    learning_rate        | 0.0001      |
|    loss                 | 39.2        |
|    n_updates            | 18850       |
|    policy_gradient_loss | -0.0296     |
|    std                  | 2.5         |
|    value_loss           | 211         |
-----------------------------------------
------------------------------------------
| rollout/                |              |
|    ep_len_mean          | 210          |
|    ep_rew_mean          | 7.83         |
|    success_rate         | 0            |
| time/                   |              |
|    fps                  | 1711         |
|    iterations           | 173          |
|    time_elapsed         | 103          |
|    total_timesteps      | 1932288      |
| train/                  |              |
|    approx_kl            | 0.0137690995 |
|    clip_fraction        | 0.132        |
|    clip_range           | 0.2          |
|    entropy_loss         | -18.3        |
|    explained_variance   | 0.916        |
|    learning_rate        | 0.0001       |
|    loss                 | 74.7         |
|    n_updates            | 18860        |
|    policy_gradient_loss | -0.0306      |
|    std                  | 2.5          |
|    value_loss           | 354          |
------------------------------------------
-----------------------------------------
| rollout/                |             |
|    ep_len_mean          | 212         |
|    ep_rew_mean          | 10.8        |
|    success_rate         | 0           |
| time/                   |             |
|    fps                  | 1711        |
|    iterations           | 174         |
|    time_elapsed         | 104         |
|    total_timesteps      | 1933312     |
| train/                  |             |
|    approx_kl            | 0.011227725 |
|    clip_fraction        | 0.0938      |
|    clip_range           | 0.2         |
|    entropy_loss         | -18.3       |
|    explained_variance   | 0.94        |
|    learning_rate        | 0.0001      |
|    loss                 | 101         |
|    n_updates            | 18870       |
|    policy_gradient_loss | -0.0236     |
|    std                  | 2.5         |
|    value_loss           | 779         |
-----------------------------------------
-----------------------------------------
| rollout/                |             |
|    ep_len_mean          | 215         |
|    ep_rew_mean          | 15          |
|    success_rate         | 0           |
| time/                   |             |
|    fps                  | 1710        |
|    iterations           | 175         |
|    time_elapsed         | 104         |
|    total_timesteps      | 1934336     |
| train/                  |             |
|    approx_kl            | 0.025074154 |
|    clip_fraction        | 0.19        |
|    clip_range           | 0.2         |
|    entropy_loss         | -18.3       |
|    explained_variance   | 0.94        |
|    learning_rate        | 0.0001      |
|    loss                 | 8.96        |
|    n_updates            | 18880       |
|    policy_gradient_loss | -0.0273     |
|    std                  | 2.5         |
|    value_loss           | 53.7        |
-----------------------------------------
----------------------------------------
| rollout/                |            |
|    ep_len_mean          | 217        |
|    ep_rew_mean          | 28.3       |
|    success_rate         | 0          |
| time/                   |            |
|    fps                  | 1710       |
|    iterations           | 176        |
|    time_elapsed         | 105        |
|    total_timesteps      | 1935360    |
| train/                  |            |
|    approx_kl            | 0.02580684 |
|    clip_fraction        | 0.233      |
|    clip_range           | 0.2        |
|    entropy_loss         | -18.3      |
|    explained_variance   | 0.889      |
|    learning_rate        | 0.0001     |
|    loss                 | 12.6       |
|    n_updates            | 18890      |
|    policy_gradient_loss | -0.0283    |
|    std                  | 2.5        |
|    value_loss           | 60.1       |
----------------------------------------
-----------------------------------------
| rollout/                |             |
|    ep_len_mean          | 218         |
|    ep_rew_mean          | 30          |
|    success_rate         | 0           |
| time/                   |             |
|    fps                  | 1708        |
|    iterations           | 177         |
|    time_elapsed         | 106         |
|    total_timesteps      | 1936384     |
| train/                  |             |
|    approx_kl            | 0.016584802 |
|    clip_fraction        | 0.215       |
|    clip_range           | 0.2         |
|    entropy_loss         | -18.3       |
|    explained_variance   | 0.982       |
|    learning_rate        | 0.0001      |
|    loss                 | 59.7        |
|    n_updates            | 18900       |
|    policy_gradient_loss | -0.0291     |
|    std                  | 2.5         |
|    value_loss           | 195         |
-----------------------------------------
----------------------------------------
| rollout/                |            |
|    ep_len_mean          | 218        |
|    ep_rew_mean          | 25         |
|    success_rate         | 0          |
| time/                   |            |
|    fps                  | 1708       |
|    iterations           | 178        |
|    time_elapsed         | 106        |
|    total_timesteps      | 1937408    |
| train/                  |            |
|    approx_kl            | 0.01767902 |
|    clip_fraction        | 0.174      |
|    clip_range           | 0.2        |
|    entropy_loss         | -18.3      |
|    explained_variance   | 0.769      |
|    learning_rate        | 0.0001     |
|    loss                 | 52.6       |
|    n_updates            | 18910      |
|    policy_gradient_loss | -0.0324    |
|    std                  | 2.5        |
|    value_loss           | 127        |
----------------------------------------
-----------------------------------------
| rollout/                |             |
|    ep_len_mean          | 223         |
|    ep_rew_mean          | 29.1        |
|    success_rate         | 0           |
| time/                   |             |
|    fps                  | 1708        |
|    iterations           | 179         |
|    time_elapsed         | 107         |
|    total_timesteps      | 1938432     |
| train/                  |             |
|    approx_kl            | 0.014086375 |
|    clip_fraction        | 0.17        |
|    clip_range           | 0.2         |
|    entropy_loss         | -18.3       |
|    explained_variance   | 0.932       |
|    learning_rate        | 0.0001      |
|    loss                 | 39.9        |
|    n_updates            | 18920       |
|    policy_gradient_loss | -0.0278     |
|    std                  | 2.5         |
|    value_loss           | 294         |
-----------------------------------------
----------------------------------------
| rollout/                |            |
|    ep_len_mean          | 217        |
|    ep_rew_mean          | 34         |
|    success_rate         | 0          |
| time/                   |            |
|    fps                  | 1707       |
|    iterations           | 180        |
|    time_elapsed         | 107        |
|    total_timesteps      | 1939456    |
| train/                  |            |
|    approx_kl            | 0.02869163 |
|    clip_fraction        | 0.254      |
|    clip_range           | 0.2        |
|    entropy_loss         | -18.3      |
|    explained_variance   | 0.905      |
|    learning_rate        | 0.0001     |
|    loss                 | 9.91       |
|    n_updates            | 18930      |
|    policy_gradient_loss | -0.0387    |
|    std                  | 2.5        |
|    value_loss           | 39.5       |
----------------------------------------
----------------------------------------
| rollout/                |            |
|    ep_len_mean          | 215        |
|    ep_rew_mean          | 25.9       |
|    success_rate         | 0          |
| time/                   |            |
|    fps                  | 1707       |
|    iterations           | 181        |
|    time_elapsed         | 108        |
|    total_timesteps      | 1940480    |
| train/                  |            |
|    approx_kl            | 0.02263967 |
|    clip_fraction        | 0.233      |
|    clip_range           | 0.2        |
|    entropy_loss         | -18.3      |
|    explained_variance   | 0.97       |
|    learning_rate        | 0.0001     |
|    loss                 | 16.2       |
|    n_updates            | 18940      |
|    policy_gradient_loss | -0.0298    |
|    std                  | 2.51       |
|    value_loss           | 121        |
----------------------------------------
-----------------------------------------
| rollout/                |             |
|    ep_len_mean          | 220         |
|    ep_rew_mean          | 21.5        |
|    success_rate         | 0           |
| time/                   |             |
|    fps                  | 1706        |
|    iterations           | 182         |
|    time_elapsed         | 109         |
|    total_timesteps      | 1941504     |
| train/                  |             |
|    approx_kl            | 0.014371323 |
|    clip_fraction        | 0.196       |
|    clip_range           | 0.2         |
|    entropy_loss         | -18.3       |
|    explained_variance   | 0.948       |
|    learning_rate        | 0.0001      |
|    loss                 | 110         |
|    n_updates            | 18950       |
|    policy_gradient_loss | -0.0254     |
|    std                  | 2.5         |
|    value_loss           | 297         |
-----------------------------------------
-----------------------------------------
| rollout/                |             |
|    ep_len_mean          | 219         |
|    ep_rew_mean          | 22.1        |
|    success_rate         | 0           |
| time/                   |             |
|    fps                  | 1705        |
|    iterations           | 183         |
|    time_elapsed         | 109         |
|    total_timesteps      | 1942528     |
| train/                  |             |
|    approx_kl            | 0.012866998 |
|    clip_fraction        | 0.0958      |
|    clip_range           | 0.2         |
|    entropy_loss         | -18.3       |
|    explained_variance   | 0.977       |
|    learning_rate        | 0.0001      |
|    loss                 | 54.5        |
|    n_updates            | 18960       |
|    policy_gradient_loss | -0.0266     |
|    std                  | 2.5         |
|    value_loss           | 176         |
-----------------------------------------
-----------------------------------------
| rollout/                |             |
|    ep_len_mean          | 222         |
|    ep_rew_mean          | 24.3        |
|    success_rate         | 0           |
| time/                   |             |
|    fps                  | 1705        |
|    iterations           | 184         |
|    time_elapsed         | 110         |
|    total_timesteps      | 1943552     |
| train/                  |             |
|    approx_kl            | 0.014151387 |
|    clip_fraction        | 0.129       |
|    clip_range           | 0.2         |
|    entropy_loss         | -18.3       |
|    explained_variance   | 0.924       |
|    learning_rate        | 0.0001      |
|    loss                 | 31.4        |
|    n_updates            | 18970       |
|    policy_gradient_loss | -0.0293     |
|    std                  | 2.51        |
|    value_loss           | 211         |
-----------------------------------------
-----------------------------------------
| rollout/                |             |
|    ep_len_mean          | 221         |
|    ep_rew_mean          | 27.9        |
|    success_rate         | 0           |
| time/                   |             |
|    fps                  | 1703        |
|    iterations           | 185         |
|    time_elapsed         | 111         |
|    total_timesteps      | 1944576     |
| train/                  |             |
|    approx_kl            | 0.012079603 |
|    clip_fraction        | 0.127       |
|    clip_range           | 0.2         |
|    entropy_loss         | -18.3       |
|    explained_variance   | 0.759       |
|    learning_rate        | 0.0001      |
|    loss                 | 65.6        |
|    n_updates            | 18980       |
|    policy_gradient_loss | -0.0289     |
|    std                  | 2.51        |
|    value_loss           | 332         |
-----------------------------------------
-----------------------------------------
| rollout/                |             |
|    ep_len_mean          | 224         |
|    ep_rew_mean          | 27.2        |
|    success_rate         | 0           |
| time/                   |             |
|    fps                  | 1703        |
|    iterations           | 186         |
|    time_elapsed         | 111         |
|    total_timesteps      | 1945600     |
| train/                  |             |
|    approx_kl            | 0.014234295 |
|    clip_fraction        | 0.129       |
|    clip_range           | 0.2         |
|    entropy_loss         | -18.3       |
|    explained_variance   | 0.789       |
|    learning_rate        | 0.0001      |
|    loss                 | 51.7        |
|    n_updates            | 18990       |
|    policy_gradient_loss | -0.0296     |
|    std                  | 2.51        |
|    value_loss           | 257         |
-----------------------------------------
-----------------------------------------
| rollout/                |             |
|    ep_len_mean          | 222         |
|    ep_rew_mean          | 62.9        |
|    success_rate         | 0           |
| time/                   |             |
|    fps                  | 1703        |
|    iterations           | 187         |
|    time_elapsed         | 112         |
|    total_timesteps      | 1946624     |
| train/                  |             |
|    approx_kl            | 0.022306353 |
|    clip_fraction        | 0.225       |
|    clip_range           | 0.2         |
|    entropy_loss         | -18.3       |
|    explained_variance   | 0.919       |
|    learning_rate        | 0.0001      |
|    loss                 | 29          |
|    n_updates            | 19000       |
|    policy_gradient_loss | -0.0381     |
|    std                  | 2.51        |
|    value_loss           | 68.6        |
-----------------------------------------
-----------------------------------------
| rollout/                |             |
|    ep_len_mean          | 226         |
|    ep_rew_mean          | 69.1        |
|    success_rate         | 0           |
| time/                   |             |
|    fps                  | 1703        |
|    iterations           | 188         |
|    time_elapsed         | 113         |
|    total_timesteps      | 1947648     |
| train/                  |             |
|    approx_kl            | 0.012368493 |
|    clip_fraction        | 0.126       |
|    clip_range           | 0.2         |
|    entropy_loss         | -18.3       |
|    explained_variance   | 0.783       |
|    learning_rate        | 0.0001      |
|    loss                 | 105         |
|    n_updates            | 19010       |
|    policy_gradient_loss | -0.0238     |
|    std                  | 2.51        |
|    value_loss           | 304         |
-----------------------------------------
-----------------------------------------
| rollout/                |             |
|    ep_len_mean          | 231         |
|    ep_rew_mean          | 79.3        |
|    success_rate         | 0           |
| time/                   |             |
|    fps                  | 1702        |
|    iterations           | 189         |
|    time_elapsed         | 113         |
|    total_timesteps      | 1948672     |
| train/                  |             |
|    approx_kl            | 0.011804825 |
|    clip_fraction        | 0.15        |
|    clip_range           | 0.2         |
|    entropy_loss         | -18.3       |
|    explained_variance   | 0.672       |
|    learning_rate        | 0.0001      |
|    loss                 | 40.7        |
|    n_updates            | 19020       |
|    policy_gradient_loss | -0.0309     |
|    std                  | 2.51        |
|    value_loss           | 152         |
-----------------------------------------
-----------------------------------------
| rollout/                |             |
|    ep_len_mean          | 234         |
|    ep_rew_mean          | 86.1        |
|    success_rate         | 0           |
| time/                   |             |
|    fps                  | 1701        |
|    iterations           | 190         |
|    time_elapsed         | 114         |
|    total_timesteps      | 1949696     |
| train/                  |             |
|    approx_kl            | 0.013611822 |
|    clip_fraction        | 0.12        |
|    clip_range           | 0.2         |
|    entropy_loss         | -18.3       |
|    explained_variance   | 0.898       |
|    learning_rate        | 0.0001      |
|    loss                 | 30.4        |
|    n_updates            | 19030       |
|    policy_gradient_loss | -0.0283     |
|    std                  | 2.51        |
|    value_loss           | 186         |
-----------------------------------------
-----------------------------------------
| rollout/                |             |
|    ep_len_mean          | 237         |
|    ep_rew_mean          | 84.3        |
|    success_rate         | 0           |
| time/                   |             |
|    fps                  | 1701        |
|    iterations           | 191         |
|    time_elapsed         | 114         |
|    total_timesteps      | 1950720     |
| train/                  |             |
|    approx_kl            | 0.021592133 |
|    clip_fraction        | 0.213       |
|    clip_range           | 0.2         |
|    entropy_loss         | -18.3       |
|    explained_variance   | 0.943       |
|    learning_rate        | 0.0001      |
|    loss                 | 20.3        |
|    n_updates            | 19040       |
|    policy_gradient_loss | -0.039      |
|    std                  | 2.51        |
|    value_loss           | 59.7        |
-----------------------------------------
-----------------------------------------
| rollout/                |             |
|    ep_len_mean          | 237         |
|    ep_rew_mean          | 87.4        |
|    success_rate         | 0           |
| time/                   |             |
|    fps                  | 1701        |
|    iterations           | 192         |
|    time_elapsed         | 115         |
|    total_timesteps      | 1951744     |
| train/                  |             |
|    approx_kl            | 0.017572053 |
|    clip_fraction        | 0.192       |
|    clip_range           | 0.2         |
|    entropy_loss         | -18.3       |
|    explained_variance   | 0.884       |
|    learning_rate        | 0.0001      |
|    loss                 | 29.3        |
|    n_updates            | 19050       |
|    policy_gradient_loss | -0.0313     |
|    std                  | 2.51        |
|    value_loss           | 143         |
-----------------------------------------
-----------------------------------------
| rollout/                |             |
|    ep_len_mean          | 239         |
|    ep_rew_mean          | 85.6        |
|    success_rate         | 0           |
| time/                   |             |
|    fps                  | 1699        |
|    iterations           | 193         |
|    time_elapsed         | 116         |
|    total_timesteps      | 1952768     |
| train/                  |             |
|    approx_kl            | 0.017563542 |
|    clip_fraction        | 0.151       |
|    clip_range           | 0.2         |
|    entropy_loss         | -18.3       |
|    explained_variance   | 0.925       |
|    learning_rate        | 0.0001      |
|    loss                 | 17.6        |
|    n_updates            | 19060       |
|    policy_gradient_loss | -0.0299     |
|    std                  | 2.51        |
|    value_loss           | 80.8        |
-----------------------------------------
-----------------------------------------
| rollout/                |             |
|    ep_len_mean          | 239         |
|    ep_rew_mean          | 100         |
|    success_rate         | 0           |
| time/                   |             |
|    fps                  | 1698        |
|    iterations           | 194         |
|    time_elapsed         | 116         |
|    total_timesteps      | 1953792     |
| train/                  |             |
|    approx_kl            | 0.022674773 |
|    clip_fraction        | 0.154       |
|    clip_range           | 0.2         |
|    entropy_loss         | -18.3       |
|    explained_variance   | 0.971       |
|    learning_rate        | 0.0001      |
|    loss                 | 26.7        |
|    n_updates            | 19070       |
|    policy_gradient_loss | -0.0275     |
|    std                  | 2.51        |
|    value_loss           | 108         |
-----------------------------------------
----------------------------------------
| rollout/                |            |
|    ep_len_mean          | 243        |
|    ep_rew_mean          | 102        |
|    success_rate         | 0          |
| time/                   |            |
|    fps                  | 1695       |
|    iterations           | 195        |
|    time_elapsed         | 117        |
|    total_timesteps      | 1954816    |
| train/                  |            |
|    approx_kl            | 0.01100198 |
|    clip_fraction        | 0.139      |
|    clip_range           | 0.2        |
|    entropy_loss         | -18.3      |
|    explained_variance   | 0.818      |
|    learning_rate        | 0.0001     |
|    loss                 | 204        |
|    n_updates            | 19080      |
|    policy_gradient_loss | -0.0285    |
|    std                  | 2.51       |
|    value_loss           | 443        |
----------------------------------------
-----------------------------------------
| rollout/                |             |
|    ep_len_mean          | 240         |
|    ep_rew_mean          | 109         |
|    success_rate         | 0           |
| time/                   |             |
|    fps                  | 1694        |
|    iterations           | 196         |
|    time_elapsed         | 118         |
|    total_timesteps      | 1955840     |
| train/                  |             |
|    approx_kl            | 0.017430615 |
|    clip_fraction        | 0.156       |
|    clip_range           | 0.2         |
|    entropy_loss         | -18.3       |
|    explained_variance   | 0.948       |
|    learning_rate        | 0.0001      |
|    loss                 | 23          |
|    n_updates            | 19090       |
|    policy_gradient_loss | -0.0293     |
|    std                  | 2.51        |
|    value_loss           | 118         |
-----------------------------------------
 100% ━━━━━━━━━━━━━━━━━━━━━━ 200,704/200,000  [ 0:01:58 < 0:00:00 , 1,593 it/s ]

+ /Users/youpeixing/ws/allegro_rod_mvp/.venv/bin/python /Users/youpeixing/ws/allegro_rod_mvp/scripts/eval_policy.py /Users/youpeixing/ws/allegro_rod_mvp/checkpoints/stage2/final_model.zip --stage 2 --episodes 20 --out /Users/youpeixing/ws/allegro_rod_mvp/checkpoints/stage2/eval_metrics.json
{
  "model": "/Users/youpeixing/ws/allegro_rod_mvp/checkpoints/stage2/final_model.zip",
  "stage": 2,
  "episodes": 20,
  "axis_rotation_deg_mean": -106.39495528780317,
  "axis_rotation_deg_std": 57.33628933086045,
  "tip_error_m_mean": 0.0170059599840998,
  "tip_error_m_std": 0.02772993886238433,
  "contact_count_mean": 1.9,
  "success_rate": 0.0,
  "drop_rate": 0.05,
  "passed": false
}
{
  "model": "/Users/youpeixing/ws/allegro_rod_mvp/checkpoints/stage2/final_model.zip",
  "stage": 2,
  "episodes": 20,
  "axis_rotation_deg_mean": -106.39495528780317,
  "axis_rotation_deg_std": 57.33628933086045,
  "tip_error_m_mean": 0.0170059599840998,
  "tip_error_m_std": 0.02772993886238433,
  "contact_count_mean": 1.9,
  "success_rate": 0.0,
  "drop_rate": 0.05,
  "passed": false
}
WARNING: stage 2 did not pass gate within budget.

Wrote /Users/youpeixing/ws/allegro_rod_mvp/checkpoints/curriculum_summary.json
{
  "stages": {
    "0": {
      "model": "/Users/youpeixing/ws/allegro_rod_mvp/checkpoints/stage0/final_model.zip",
      "extra_steps": 100000,
      "metrics": {
        "model": "/Users/youpeixing/ws/allegro_rod_mvp/checkpoints/stage0/final_model.zip",
        "stage": 0,
        "episodes": 20,
        "axis_rotation_deg_mean": 527.6399818769764,
        "axis_rotation_deg_std": 124.06987959410131,
        "tip_error_m_mean": 0.0005819712457708281,
        "tip_error_m_std": 0.00022832037545179686,
        "contact_count_mean": 0.75,
        "success_rate": 0.95,
        "drop_rate": 0.05,
        "passed": true,
        "eval_exit": 0
      },
      "passed": true
    },
    "1": {
      "model": "/Users/youpeixing/ws/allegro_rod_mvp/checkpoints/stage1/final_model.zip",
      "extra_steps": 450000,
      "metrics": {
        "model": "/Users/youpeixing/ws/allegro_rod_mvp/checkpoints/stage1/final_model.zip",
        "stage": 1,
        "episodes": 20,
        "axis_rotation_deg_mean": -38.64814074881913,
        "axis_rotation_deg_std": 33.539558744004125,
        "tip_error_m_mean": 0.0172230275484941,
        "tip_error_m_std": 0.01193957097911886,
        "contact_count_mean": 0.85,
        "success_rate": 0.0,
        "drop_rate": 0.6,
        "passed": false,
        "eval_exit": 1
      },
      "passed": false
    },
    "2": {
      "model": "/Users/youpeixing/ws/allegro_rod_mvp/checkpoints/stage2/final_model.zip",
      "extra_steps": 600000,
      "metrics": {
        "model": "/Users/youpeixing/ws/allegro_rod_mvp/checkpoints/stage2/final_model.zip",
        "stage": 2,
        "episodes": 20,
        "axis_rotation_deg_mean": -106.39495528780317,
        "axis_rotation_deg_std": 57.33628933086045,
        "tip_error_m_mean": 0.0170059599840998,
        "tip_error_m_std": 0.02772993886238433,
        "contact_count_mean": 1.9,
        "success_rate": 0.0,
        "drop_rate": 0.05,
        "passed": false,
        "eval_exit": 1
      },
      "passed": false
    }
  }
}
