Logging to checkpoints/stage0/tb/PPO_1
WARNING: Nan, Inf or huge value in QACC at DOF 12. The simulation is unstable. Time = 0.0320.

WARNING: Nan, Inf or huge value in QACC at DOF 12. The simulation is unstable. Time = 0.0320.

WARNING: Nan, Inf or huge value in QACC at DOF 12. The simulation is unstable. Time = 0.0300.

WARNING: Nan, Inf or huge value in QACC at DOF 12. The simulation is unstable. Time = 0.0340.

WARNING: Nan, Inf or huge value in QACC at DOF 12. The simulation is unstable. Time = 0.0320.

WARNING: Nan, Inf or huge value in QACC at DOF 12. The simulation is unstable. Time = 0.0320.

WARNING: Nan, Inf or huge value in QACC at DOF 12. The simulation is unstable. Time = 0.0300.

---------------------------------
| rollout/           |          |
|    ep_len_mean     | 1.13     |
|    ep_rew_mean     | -15.5    |
|    success_rate    | 0        |
| time/              |          |
|    fps             | 1032     |
|    iterations      | 1        |
|    time_elapsed    | 0        |
|    total_timesteps | 251904   |
---------------------------------
WARNING: Nan, Inf or huge value in QACC at DOF 12. The simulation is unstable. Time = 0.0300.

WARNING: Nan, Inf or huge value in QACC at DOF 12. The simulation is unstable. Time = 0.0320.

WARNING: Nan, Inf or huge value in QACC at DOF 12. The simulation is unstable. Time = 0.0300.

WARNING: Nan, Inf or huge value in QACC at DOF 12. The simulation is unstable. Time = 0.0320.

WARNING: Nan, Inf or huge value in QACC at DOF 12. The simulation is unstable. Time = 0.0300.

WARNING: Nan, Inf or huge value in QACC at DOF 12. The simulation is unstable. Time = 0.0300.

WARNING: Nan, Inf or huge value in QACC at DOF 12. The simulation is unstable. Time = 0.0300.

WARNING: Nan, Inf or huge value in QACC at DOF 12. The simulation is unstable. Time = 0.0340.

WARNING: Nan, Inf or huge value in QACC at DOF 12. The simulation is unstable. Time = 0.0320.

-----------------------------------------
| rollout/                |             |
|    ep_len_mean          | 4.66        |
|    ep_rew_mean          | -31.8       |
|    success_rate         | 0.01        |
| time/                   |             |
|    fps                  | 902         |
|    iterations           | 2           |
|    time_elapsed         | 2           |
|    total_timesteps      | 252928      |
| train/                  |             |
|    approx_kl            | 0.027992032 |
|    clip_fraction        | 0.361       |
|    clip_range           | 0.2         |
|    entropy_loss         | -13.8       |
|    explained_variance   | 0.0572      |
|    learning_rate        | 0.0003      |
|    loss                 | 92.4        |
|    n_updates            | 2460        |
|    policy_gradient_loss | 0.0158      |
|    std                  | 1.17        |
|    value_loss           | 1.62e+03    |
-----------------------------------------
WARNING: Nan, Inf or huge value in QACC at DOF 12. The simulation is unstable. Time = 0.0320.

WARNING: Nan, Inf or huge value in QACC at DOF 12. The simulation is unstable. Time = 0.0340.

WARNING: Nan, Inf or huge value in QACC at DOF 12. The simulation is unstable. Time = 0.0320.

WARNING: Nan, Inf or huge value in QACC at DOF 12. The simulation is unstable. Time = 0.0300.

WARNING: Nan, Inf or huge value in QACC at DOF 12. The simulation is unstable. Time = 0.0320.

WARNING: Nan, Inf or huge value in QACC at DOF 12. The simulation is unstable. Time = 0.0300.

WARNING: Nan, Inf or huge value in QACC at DOF 12. The simulation is unstable. Time = 0.0340.

WARNING: Nan, Inf or huge value in QACC at DOF 12. The simulation is unstable. Time = 0.0320.

WARNING: Nan, Inf or huge value in QACC at DOF 12. The simulation is unstable. Time = 0.0320.

WARNING: Nan, Inf or huge value in QACC at DOF 12. The simulation is unstable. Time = 0.0340.

WARNING: Nan, Inf or huge value in QACC at DOF 12. The simulation is unstable. Time = 0.0320.

-----------------------------------------
| rollout/                |             |
|    ep_len_mean          | 2.4         |
|    ep_rew_mean          | -25.3       |
|    success_rate         | 0           |
| time/                   |             |
|    fps                  | 870         |
|    iterations           | 3           |
|    time_elapsed         | 3           |
|    total_timesteps      | 253952      |
| train/                  |             |
|    approx_kl            | 0.004888187 |
|    clip_fraction        | 0.053       |
|    clip_range           | 0.2         |
|    entropy_loss         | -13.8       |
|    explained_variance   | 0.481       |
|    learning_rate        | 0.0003      |
|    loss                 | 972         |
|    n_updates            | 2470        |
|    policy_gradient_loss | -0.0121     |
|    std                  | 1.17        |
|    value_loss           | 2.03e+03    |
-----------------------------------------
WARNING: Nan, Inf or huge value in QACC at DOF 12. The simulation is unstable. Time = 0.0300.

WARNING: Nan, Inf or huge value in QACC at DOF 12. The simulation is unstable. Time = 0.0320.

WARNING: Nan, Inf or huge value in QACC at DOF 12. The simulation is unstable. Time = 0.0320.

WARNING: Nan, Inf or huge value in QACC at DOF 12. The simulation is unstable. Time = 0.0320.

WARNING: Nan, Inf or huge value in QACC at DOF 12. The simulation is unstable. Time = 0.0340.

WARNING: Nan, Inf or huge value in QACC at DOF 12. The simulation is unstable. Time = 0.0340.

WARNING: Nan, Inf or huge value in QACC at DOF 12. The simulation is unstable. Time = 0.0320.

WARNING: Nan, Inf or huge value in QACC at DOF 12. The simulation is unstable. Time = 0.0320.

WARNING: Nan, Inf or huge value in QACC at DOF 12. The simulation is unstable. Time = 0.0340.

WARNING: Nan, Inf or huge value in QACC at DOF 12. The simulation is unstable. Time = 0.0320.

WARNING: Nan, Inf or huge value in QACC at DOF 12. The simulation is unstable. Time = 0.0320.

------------------------------------------
| rollout/                |              |
|    ep_len_mean          | 1.16         |
|    ep_rew_mean          | -16.6        |
|    success_rate         | 0            |
| time/                   |              |
|    fps                  | 855          |
|    iterations           | 4            |
|    time_elapsed         | 4            |
|    total_timesteps      | 254976       |
| train/                  |              |
|    approx_kl            | 0.0067391237 |
|    clip_fraction        | 0.0695       |
|    clip_range           | 0.2          |
|    entropy_loss         | -13.8        |
|    explained_variance   | 0.595        |
|    learning_rate        | 0.0003       |
|    loss                 | 710          |
|    n_updates            | 2480         |
|    policy_gradient_loss | -0.0197      |
|    std                  | 1.17         |
|    value_loss           | 1.22e+03     |
------------------------------------------
WARNING: Nan, Inf or huge value in QACC at DOF 12. The simulation is unstable. Time = 0.0320.

WARNING: Nan, Inf or huge value in QACC at DOF 12. The simulation is unstable. Time = 0.0300.

WARNING: Nan, Inf or huge value in QACC at DOF 12. The simulation is unstable. Time = 0.0320.

WARNING: Nan, Inf or huge value in QACC at DOF 12. The simulation is unstable. Time = 0.0320.

WARNING: Nan, Inf or huge value in QACC at DOF 12. The simulation is unstable. Time = 0.0340.

WARNING: Nan, Inf or huge value in QACC at DOF 12. The simulation is unstable. Time = 0.0300.

WARNING: Nan, Inf or huge value in QACC at DOF 12. The simulation is unstable. Time = 0.0300.

WARNING: Nan, Inf or huge value in QACC at DOF 12. The simulation is unstable. Time = 0.0260.

WARNING: Nan, Inf or huge value in QACC at DOF 12. The simulation is unstable. Time = 0.0320.

WARNING: Nan, Inf or huge value in QACC at DOF 12. The simulation is unstable. Time = 0.0320.

WARNING: Nan, Inf or huge value in QACC at DOF 12. The simulation is unstable. Time = 0.0340.

------------------------------------------
| rollout/                |              |
|    ep_len_mean          | 1.26         |
|    ep_rew_mean          | -16.8        |
|    success_rate         | 0            |
| time/                   |              |
|    fps                  | 866          |
|    iterations           | 5            |
|    time_elapsed         | 5            |
|    total_timesteps      | 256000       |
| train/                  |              |
|    approx_kl            | 0.0081696175 |
|    clip_fraction        | 0.0492       |
|    clip_range           | 0.2          |
|    entropy_loss         | -13.8        |
|    explained_variance   | 0.626        |
|    learning_rate        | 0.0003       |
|    loss                 | 302          |
|    n_updates            | 2490         |
|    policy_gradient_loss | -0.0192      |
|    std                  | 1.17         |
|    value_loss           | 1.04e+03     |
------------------------------------------
WARNING: Nan, Inf or huge value in QACC at DOF 12. The simulation is unstable. Time = 0.0340.

WARNING: Nan, Inf or huge value in QACC at DOF 12. The simulation is unstable. Time = 0.0320.

WARNING: Nan, Inf or huge value in QACC at DOF 12. The simulation is unstable. Time = 0.0300.

WARNING: Nan, Inf or huge value in QACC at DOF 12. The simulation is unstable. Time = 0.0320.

WARNING: Nan, Inf or huge value in QACC at DOF 12. The simulation is unstable. Time = 0.0320.

WARNING: Nan, Inf or huge value in QACC at DOF 12. The simulation is unstable. Time = 0.0320.

WARNING: Nan, Inf or huge value in QACC at DOF 12. The simulation is unstable. Time = 0.0320.

WARNING: Nan, Inf or huge value in QACC at DOF 12. The simulation is unstable. Time = 0.0340.

WARNING: Nan, Inf or huge value in QACC at DOF 12. The simulation is unstable. Time = 0.0320.

WARNING: Nan, Inf or huge value in QACC at DOF 12. The simulation is unstable. Time = 0.0340.

WARNING: Nan, Inf or huge value in QACC at DOF 12. The simulation is unstable. Time = 0.0320.

------------------------------------------
| rollout/                |              |
|    ep_len_mean          | 1.57         |
|    ep_rew_mean          | -17.8        |
|    success_rate         | 0            |
| time/                   |              |
|    fps                  | 872          |
|    iterations           | 6            |
|    time_elapsed         | 7            |
|    total_timesteps      | 257024       |
| train/                  |              |
|    approx_kl            | 0.0048539108 |
|    clip_fraction        | 0.0261       |
|    clip_range           | 0.2          |
|    entropy_loss         | -13.8        |
|    explained_variance   | 0.576        |
|    learning_rate        | 0.0003       |
|    loss                 | 899          |
|    n_updates            | 2500         |
|    policy_gradient_loss | -0.0186      |
|    std                  | 1.17         |
|    value_loss           | 2e+03        |
------------------------------------------
WARNING: Nan, Inf or huge value in QACC at DOF 12. The simulation is unstable. Time = 0.0300.

WARNING: Nan, Inf or huge value in QACC at DOF 12. The simulation is unstable. Time = 0.0320.

WARNING: Nan, Inf or huge value in QACC at DOF 12. The simulation is unstable. Time = 0.0340.

WARNING: Nan, Inf or huge value in QACC at DOF 12. The simulation is unstable. Time = 0.0320.

WARNING: Nan, Inf or huge value in QACC at DOF 12. The simulation is unstable. Time = 0.0340.

WARNING: Nan, Inf or huge value in QACC at DOF 12. The simulation is unstable. Time = 0.0300.

------------------------------------------
| rollout/                |              |
|    ep_len_mean          | 4.18         |
|    ep_rew_mean          | -23.9        |
|    success_rate         | 0.01         |
| time/                   |              |
|    fps                  | 881          |
|    iterations           | 7            |
|    time_elapsed         | 8            |
|    total_timesteps      | 258048       |
| train/                  |              |
|    approx_kl            | 0.0073250444 |
|    clip_fraction        | 0.0593       |
|    clip_range           | 0.2          |
|    entropy_loss         | -13.8        |
|    explained_variance   | 0.663        |
|    learning_rate        | 0.0003       |
|    loss                 | 706          |
|    n_updates            | 2510         |
|    policy_gradient_loss | -0.0203      |
|    std                  | 1.17         |
|    value_loss           | 1.3e+03      |
------------------------------------------
WARNING: Nan, Inf or huge value in QACC at DOF 12. The simulation is unstable. Time = 0.0280.

WARNING: Nan, Inf or huge value in QACC at DOF 12. The simulation is unstable. Time = 0.0320.

WARNING: Nan, Inf or huge value in QACC at DOF 12. The simulation is unstable. Time = 0.0340.

WARNING: Nan, Inf or huge value in QACC at DOF 12. The simulation is unstable. Time = 0.0320.

WARNING: Nan, Inf or huge value in QACC at DOF 12. The simulation is unstable. Time = 0.0300.

WARNING: Nan, Inf or huge value in QACC at DOF 12. The simulation is unstable. Time = 0.0340.

WARNING: Nan, Inf or huge value in QACC at DOF 12. The simulation is unstable. Time = 0.0320.

WARNING: Nan, Inf or huge value in QACC at DOF 12. The simulation is unstable. Time = 0.0280.

WARNING: Nan, Inf or huge value in QACC at DOF 12. The simulation is unstable. Time = 0.0340.

WARNING: Nan, Inf or huge value in QACC at DOF 12. The simulation is unstable. Time = 0.0320.

WARNING: Nan, Inf or huge value in QACC at DOF 12. The simulation is unstable. Time = 0.0340.

WARNING: Nan, Inf or huge value in QACC at DOF 12. The simulation is unstable. Time = 0.0300.

WARNING: Nan, Inf or huge value in QACC at DOF 12. The simulation is unstable. Time = 0.0320.

WARNING: Nan, Inf or huge value in QACC at DOF 12. The simulation is unstable. Time = 0.0320.

WARNING: Nan, Inf or huge value in QACC at DOF 12. The simulation is unstable. Time = 0.0300.

WARNING: Nan, Inf or huge value in QACC at DOF 12. The simulation is unstable. Time = 0.0340.

WARNING: Nan, Inf or huge value in QACC at DOF 12. The simulation is unstable. Time = 0.0280.

WARNING: Nan, Inf or huge value in QACC at DOF 12. The simulation is unstable. Time = 0.0320.

WARNING: Nan, Inf or huge value in QACC at DOF 12. The simulation is unstable. Time = 0.0300.

-----------------------------------------
| rollout/                |             |
|    ep_len_mean          | 1.36        |
|    ep_rew_mean          | -18.5       |
|    success_rate         | 0           |
| time/                   |             |
|    fps                  | 858         |
|    iterations           | 8           |
|    time_elapsed         | 9           |
|    total_timesteps      | 259072      |
| train/                  |             |
|    approx_kl            | 0.007785041 |
|    clip_fraction        | 0.0581      |
|    clip_range           | 0.2         |
|    entropy_loss         | -13.8       |
|    explained_variance   | 0.713       |
|    learning_rate        | 0.0003      |
|    loss                 | 335         |
|    n_updates            | 2520        |
|    policy_gradient_loss | -0.0226     |
|    std                  | 1.17        |
|    value_loss           | 1.07e+03    |
-----------------------------------------
WARNING: Nan, Inf or huge value in QACC at DOF 12. The simulation is unstable. Time = 0.0300.

WARNING: Nan, Inf or huge value in QACC at DOF 12. The simulation is unstable. Time = 0.0340.

WARNING: Nan, Inf or huge value in QACC at DOF 12. The simulation is unstable. Time = 0.0320.

WARNING: Nan, Inf or huge value in QACC at DOF 12. The simulation is unstable. Time = 0.0280.

WARNING: Nan, Inf or huge value in QACC at DOF 12. The simulation is unstable. Time = 0.0320.

WARNING: Nan, Inf or huge value in QACC at DOF 12. The simulation is unstable. Time = 0.0300.

WARNING: Nan, Inf or huge value in QACC at DOF 12. The simulation is unstable. Time = 0.0320.

WARNING: Nan, Inf or huge value in QACC at DOF 12. The simulation is unstable. Time = 0.0280.

WARNING: Nan, Inf or huge value in QACC at DOF 12. The simulation is unstable. Time = 0.0300.

WARNING: Nan, Inf or huge value in QACC at DOF 12. The simulation is unstable. Time = 0.0320.

WARNING: Nan, Inf or huge value in QACC at DOF 12. The simulation is unstable. Time = 0.0300.

WARNING: Nan, Inf or huge value in QACC at DOF 12. The simulation is unstable. Time = 0.0340.

WARNING: Nan, Inf or huge value in QACC at DOF 12. The simulation is unstable. Time = 0.0320.

WARNING: Nan, Inf or huge value in QACC at DOF 12. The simulation is unstable. Time = 0.0300.

WARNING: Nan, Inf or huge value in QACC at DOF 12. The simulation is unstable. Time = 0.0300.

WARNING: Nan, Inf or huge value in QACC at DOF 12. The simulation is unstable. Time = 0.0280.

WARNING: Nan, Inf or huge value in QACC at DOF 12. The simulation is unstable. Time = 0.0320.

WARNING: Nan, Inf or huge value in QACC at DOF 12. The simulation is unstable. Time = 0.0340.

WARNING: Nan, Inf or huge value in QACC at DOF 12. The simulation is unstable. Time = 0.0300.

WARNING: Nan, Inf or huge value in QACC at DOF 12. The simulation is unstable. Time = 0.0320.

WARNING: Nan, Inf or huge value in QACC at DOF 12. The simulation is unstable. Time = 0.0320.

WARNING: Nan, Inf or huge value in QACC at DOF 12. The simulation is unstable. Time = 0.0320.

WARNING: Nan, Inf or huge value in QACC at DOF 12. The simulation is unstable. Time = 0.0320.

-----------------------------------------
| rollout/                |             |
|    ep_len_mean          | 2.01        |
|    ep_rew_mean          | -24.6       |
|    success_rate         | 0           |
| time/                   |             |
|    fps                  | 853         |
|    iterations           | 9           |
|    time_elapsed         | 10          |
|    total_timesteps      | 260096      |
| train/                  |             |
|    approx_kl            | 0.025817007 |
|    clip_fraction        | 0.156       |
|    clip_range           | 0.2         |
|    entropy_loss         | -13.8       |
|    explained_variance   | 0.733       |
|    learning_rate        | 0.0003      |
|    loss                 | 672         |
|    n_updates            | 2530        |
|    policy_gradient_loss | -0.0288     |
|    std                  | 1.17        |
|    value_loss           | 1.36e+03    |
-----------------------------------------
WARNING: Nan, Inf or huge value in QACC at DOF 12. The simulation is unstable. Time = 0.0320.

WARNING: Nan, Inf or huge value in QACC at DOF 12. The simulation is unstable. Time = 0.0320.

WARNING: Nan, Inf or huge value in QACC at DOF 12. The simulation is unstable. Time = 0.0320.

WARNING: Nan, Inf or huge value in QACC at DOF 12. The simulation is unstable. Time = 0.0320.

WARNING: Nan, Inf or huge value in QACC at DOF 12. The simulation is unstable. Time = 0.0280.

WARNING: Nan, Inf or huge value in QACC at DOF 12. The simulation is unstable. Time = 0.0320.

WARNING: Nan, Inf or huge value in QACC at DOF 12. The simulation is unstable. Time = 0.0300.

WARNING: Nan, Inf or huge value in QACC at DOF 12. The simulation is unstable. Time = 0.0320.

WARNING: Nan, Inf or huge value in QACC at DOF 12. The simulation is unstable. Time = 0.0300.

WARNING: Nan, Inf or huge value in QACC at DOF 12. The simulation is unstable. Time = 0.0300.

-----------------------------------------
| rollout/                |             |
|    ep_len_mean          | 4.14        |
|    ep_rew_mean          | -24.6       |
|    success_rate         | 0.01        |
| time/                   |             |
|    fps                  | 850         |
|    iterations           | 10          |
|    time_elapsed         | 12          |
|    total_timesteps      | 261120      |
| train/                  |             |
|    approx_kl            | 0.008291703 |
|    clip_fraction        | 0.095       |
|    clip_range           | 0.2         |
|    entropy_loss         | -13.8       |
|    explained_variance   | 0.674       |
|    learning_rate        | 0.0003      |
|    loss                 | 807         |
|    n_updates            | 2540        |
|    policy_gradient_loss | -0.0312     |
|    std                  | 1.17        |
|    value_loss           | 1.6e+03     |
-----------------------------------------
WARNING: Nan, Inf or huge value in QACC at DOF 12. The simulation is unstable. Time = 0.0320.

WARNING: Nan, Inf or huge value in QACC at DOF 12. The simulation is unstable. Time = 0.0300.

WARNING: Nan, Inf or huge value in QACC at DOF 12. The simulation is unstable. Time = 0.0320.

WARNING: Nan, Inf or huge value in QACC at DOF 12. The simulation is unstable. Time = 0.0340.

WARNING: Nan, Inf or huge value in QACC at DOF 12. The simulation is unstable. Time = 0.0320.

WARNING: Nan, Inf or huge value in QACC at DOF 12. The simulation is unstable. Time = 0.0320.

WARNING: Nan, Inf or huge value in QACC at DOF 12. The simulation is unstable. Time = 0.0320.

WARNING: Nan, Inf or huge value in QACC at DOF 12. The simulation is unstable. Time = 0.0300.

WARNING: Nan, Inf or huge value in QACC at DOF 12. The simulation is unstable. Time = 0.0320.

WARNING: Nan, Inf or huge value in QACC at DOF 12. The simulation is unstable. Time = 0.0280.

WARNING: Nan, Inf or huge value in QACC at DOF 12. The simulation is unstable. Time = 0.0340.

WARNING: Nan, Inf or huge value in QACC at DOF 12. The simulation is unstable. Time = 0.0320.

-----------------------------------------
| rollout/                |             |
|    ep_len_mean          | 2.04        |
|    ep_rew_mean          | -25.2       |
|    success_rate         | 0           |
| time/                   |             |
|    fps                  | 851         |
|    iterations           | 11          |
|    time_elapsed         | 13          |
|    total_timesteps      | 262144      |
| train/                  |             |
|    approx_kl            | 0.008164881 |
|    clip_fraction        | 0.0561      |
|    clip_range           | 0.2         |
|    entropy_loss         | -13.8       |
|    explained_variance   | 0.641       |
|    learning_rate        | 0.0003      |
|    loss                 | 673         |
|    n_updates            | 2550        |
|    policy_gradient_loss | -0.0242     |
|    std                  | 1.17        |
|    value_loss           | 1.76e+03    |
-----------------------------------------
WARNING: Nan, Inf or huge value in QACC at DOF 12. The simulation is unstable. Time = 0.0300.

WARNING: Nan, Inf or huge value in QACC at DOF 12. The simulation is unstable. Time = 0.0320.

WARNING: Nan, Inf or huge value in QACC at DOF 12. The simulation is unstable. Time = 0.0320.

WARNING: Nan, Inf or huge value in QACC at DOF 12. The simulation is unstable. Time = 0.0340.

WARNING: Nan, Inf or huge value in QACC at DOF 12. The simulation is unstable. Time = 0.0300.

WARNING: Nan, Inf or huge value in QACC at DOF 12. The simulation is unstable. Time = 0.0300.

WARNING: Nan, Inf or huge value in QACC at DOF 12. The simulation is unstable. Time = 0.0320.

WARNING: Nan, Inf or huge value in QACC at DOF 12. The simulation is unstable. Time = 0.0300.

WARNING: Nan, Inf or huge value in QACC at DOF 12. The simulation is unstable. Time = 0.0340.

WARNING: Nan, Inf or huge value in QACC at DOF 12. The simulation is unstable. Time = 0.0340.

WARNING: Nan, Inf or huge value in QACC at DOF 12. The simulation is unstable. Time = 0.0320.

WARNING: Nan, Inf or huge value in QACC at DOF 12. The simulation is unstable. Time = 0.0320.

WARNING: Nan, Inf or huge value in QACC at DOF 12. The simulation is unstable. Time = 0.0320.

-----------------------------------------
| rollout/                |             |
|    ep_len_mean          | 4.97        |
|    ep_rew_mean          | -32.9       |
|    success_rate         | 0.01        |
| time/                   |             |
|    fps                  | 846         |
|    iterations           | 12          |
|    time_elapsed         | 14          |
|    total_timesteps      | 263168      |
| train/                  |             |
|    approx_kl            | 0.006556034 |
|    clip_fraction        | 0.0407      |
|    clip_range           | 0.2         |
|    entropy_loss         | -13.8       |
|    explained_variance   | 0.672       |
|    learning_rate        | 0.0003      |
|    loss                 | 620         |
|    n_updates            | 2560        |
|    policy_gradient_loss | -0.0217     |
|    std                  | 1.17        |
|    value_loss           | 1.49e+03    |
-----------------------------------------
WARNING: Nan, Inf or huge value in QACC at DOF 12. The simulation is unstable. Time = 0.0320.

WARNING: Nan, Inf or huge value in QACC at DOF 12. The simulation is unstable. Time = 0.0320.

WARNING: Nan, Inf or huge value in QACC at DOF 12. The simulation is unstable. Time = 0.0320.

WARNING: Nan, Inf or huge value in QACC at DOF 12. The simulation is unstable. Time = 0.0320.

WARNING: Nan, Inf or huge value in QACC at DOF 12. The simulation is unstable. Time = 0.0300.

WARNING: Nan, Inf or huge value in QACC at DOF 12. The simulation is unstable. Time = 0.0320.

WARNING: Nan, Inf or huge value in QACC at DOF 12. The simulation is unstable. Time = 0.0300.

WARNING: Nan, Inf or huge value in QACC at DOF 12. The simulation is unstable. Time = 0.0300.

WARNING: Nan, Inf or huge value in QACC at DOF 12. The simulation is unstable. Time = 0.0300.

WARNING: Nan, Inf or huge value in QACC at DOF 12. The simulation is unstable. Time = 0.0320.

WARNING: Nan, Inf or huge value in QACC at DOF 12. The simulation is unstable. Time = 0.0320.

WARNING: Nan, Inf or huge value in QACC at DOF 12. The simulation is unstable. Time = 0.0300.

WARNING: Nan, Inf or huge value in QACC at DOF 12. The simulation is unstable. Time = 0.0320.

WARNING: Nan, Inf or huge value in QACC at DOF 12. The simulation is unstable. Time = 0.0300.

WARNING: Nan, Inf or huge value in QACC at DOF 12. The simulation is unstable. Time = 0.0300.

WARNING: Nan, Inf or huge value in QACC at DOF 12. The simulation is unstable. Time = 0.0300.

WARNING: Nan, Inf or huge value in QACC at DOF 12. The simulation is unstable. Time = 0.0320.

WARNING: Nan, Inf or huge value in QACC at DOF 12. The simulation is unstable. Time = 0.0320.

WARNING: Nan, Inf or huge value in QACC at DOF 12. The simulation is unstable. Time = 0.0320.

WARNING: Nan, Inf or huge value in QACC at DOF 12. The simulation is unstable. Time = 0.0300.

WARNING: Nan, Inf or huge value in QACC at DOF 12. The simulation is unstable. Time = 0.0320.

WARNING: Nan, Inf or huge value in QACC at DOF 12. The simulation is unstable. Time = 0.0320.

WARNING: Nan, Inf or huge value in QACC at DOF 12. The simulation is unstable. Time = 0.0340.

WARNING: Nan, Inf or huge value in QACC at DOF 12. The simulation is unstable. Time = 0.0320.

-----------------------------------------
| rollout/                |             |
|    ep_len_mean          | 1.21        |
|    ep_rew_mean          | -16.4       |
|    success_rate         | 0           |
| time/                   |             |
|    fps                  | 836         |
|    iterations           | 13          |
|    time_elapsed         | 15          |
|    total_timesteps      | 264192      |
| train/                  |             |
|    approx_kl            | 0.006777485 |
|    clip_fraction        | 0.0426      |
|    clip_range           | 0.2         |
|    entropy_loss         | -13.8       |
|    explained_variance   | 0.732       |
|    learning_rate        | 0.0003      |
|    loss                 | 594         |
|    n_updates            | 2570        |
|    policy_gradient_loss | -0.0199     |
|    std                  | 1.17        |
|    value_loss           | 1.27e+03    |
-----------------------------------------
WARNING: Nan, Inf or huge value in QACC at DOF 12. The simulation is unstable. Time = 0.0320.

WARNING: Nan, Inf or huge value in QACC at DOF 12. The simulation is unstable. Time = 0.0320.

WARNING: Nan, Inf or huge value in QACC at DOF 12. The simulation is unstable. Time = 0.0320.

WARNING: Nan, Inf or huge value in QACC at DOF 12. The simulation is unstable. Time = 0.0300.

WARNING: Nan, Inf or huge value in QACC at DOF 12. The simulation is unstable. Time = 0.0320.

WARNING: Nan, Inf or huge value in QACC at DOF 12. The simulation is unstable. Time = 0.0320.

WARNING: Nan, Inf or huge value in QACC at DOF 12. The simulation is unstable. Time = 0.0320.

WARNING: Nan, Inf or huge value in QACC at DOF 12. The simulation is unstable. Time = 0.0320.

WARNING: Nan, Inf or huge value in QACC at DOF 12. The simulation is unstable. Time = 0.0300.

WARNING: Nan, Inf or huge value in QACC at DOF 12. The simulation is unstable. Time = 0.0320.

WARNING: Nan, Inf or huge value in QACC at DOF 12. The simulation is unstable. Time = 0.0300.

WARNING: Nan, Inf or huge value in QACC at DOF 12. The simulation is unstable. Time = 0.0260.

WARNING: Nan, Inf or huge value in QACC at DOF 12. The simulation is unstable. Time = 0.0320.

WARNING: Nan, Inf or huge value in QACC at DOF 12. The simulation is unstable. Time = 0.0340.

----------------------------------------
| rollout/                |            |
|    ep_len_mean          | 1.2        |
|    ep_rew_mean          | -16.5      |
|    success_rate         | 0          |
| time/                   |            |
|    fps                  | 831        |
|    iterations           | 14         |
|    time_elapsed         | 17         |
|    total_timesteps      | 265216     |
| train/                  |            |
|    approx_kl            | 0.00676398 |
|    clip_fraction        | 0.046      |
|    clip_range           | 0.2        |
|    entropy_loss         | -13.8      |
|    explained_variance   | 0.735      |
|    learning_rate        | 0.0003     |
|    loss                 | 524        |
|    n_updates            | 2580       |
|    policy_gradient_loss | -0.0217    |
|    std                  | 1.17       |
|    value_loss           | 1.15e+03   |
----------------------------------------
WARNING: Nan, Inf or huge value in QACC at DOF 12. The simulation is unstable. Time = 0.0340.

WARNING: Nan, Inf or huge value in QACC at DOF 12. The simulation is unstable. Time = 0.0320.

WARNING: Nan, Inf or huge value in QACC at DOF 12. The simulation is unstable. Time = 0.0320.

WARNING: Nan, Inf or huge value in QACC at DOF 12. The simulation is unstable. Time = 0.0320.

WARNING: Nan, Inf or huge value in QACC at DOF 12. The simulation is unstable. Time = 0.0340.

WARNING: Nan, Inf or huge value in QACC at DOF 12. The simulation is unstable. Time = 0.0320.

WARNING: Nan, Inf or huge value in QACC at DOF 12. The simulation is unstable. Time = 0.0340.

WARNING: Nan, Inf or huge value in QACC at DOF 12. The simulation is unstable. Time = 0.0340.

WARNING: Nan, Inf or huge value in QACC at DOF 12. The simulation is unstable. Time = 0.0320.

WARNING: Nan, Inf or huge value in QACC at DOF 12. The simulation is unstable. Time = 0.0300.

WARNING: Nan, Inf or huge value in QACC at DOF 12. The simulation is unstable. Time = 0.0300.

WARNING: Nan, Inf or huge value in QACC at DOF 12. The simulation is unstable. Time = 0.0340.

WARNING: Nan, Inf or huge value in QACC at DOF 12. The simulation is unstable. Time = 0.0320.

WARNING: Nan, Inf or huge value in QACC at DOF 12. The simulation is unstable. Time = 0.0340.

WARNING: Nan, Inf or huge value in QACC at DOF 12. The simulation is unstable. Time = 0.0280.

WARNING: Nan, Inf or huge value in QACC at DOF 12. The simulation is unstable. Time = 0.0280.

WARNING: Nan, Inf or huge value in QACC at DOF 12. The simulation is unstable. Time = 0.0280.

WARNING: Nan, Inf or huge value in QACC at DOF 12. The simulation is unstable. Time = 0.0300.

WARNING: Nan, Inf or huge value in QACC at DOF 12. The simulation is unstable. Time = 0.0320.

WARNING: Nan, Inf or huge value in QACC at DOF 12. The simulation is unstable. Time = 0.0300.

WARNING: Nan, Inf or huge value in QACC at DOF 12. The simulation is unstable. Time = 0.0300.

WARNING: Nan, Inf or huge value in QACC at DOF 12. The simulation is unstable. Time = 0.0300.

WARNING: Nan, Inf or huge value in QACC at DOF 12. The simulation is unstable. Time = 0.0300.

-----------------------------------------
| rollout/                |             |
|    ep_len_mean          | 2.54        |
|    ep_rew_mean          | -30         |
|    success_rate         | 0           |
| time/                   |             |
|    fps                  | 824         |
|    iterations           | 15          |
|    time_elapsed         | 18          |
|    total_timesteps      | 266240      |
| train/                  |             |
|    approx_kl            | 0.007026046 |
|    clip_fraction        | 0.0366      |
|    clip_range           | 0.2         |
|    entropy_loss         | -13.8       |
|    explained_variance   | 0.771       |
|    learning_rate        | 0.0003      |
|    loss                 | 386         |
|    n_updates            | 2590        |
|    policy_gradient_loss | -0.0206     |
|    std                  | 1.17        |
|    value_loss           | 917         |
-----------------------------------------
WARNING: Nan, Inf or huge value in QACC at DOF 12. The simulation is unstable. Time = 0.0320.

WARNING: Nan, Inf or huge value in QACC at DOF 12. The simulation is unstable. Time = 0.0320.

WARNING: Nan, Inf or huge value in QACC at DOF 12. The simulation is unstable. Time = 0.0320.

WARNING: Nan, Inf or huge value in QACC at DOF 12. The simulation is unstable. Time = 0.0260.

WARNING: Nan, Inf or huge value in QACC at DOF 12. The simulation is unstable. Time = 0.0340.

WARNING: Nan, Inf or huge value in QACC at DOF 12. The simulation is unstable. Time = 0.0320.

WARNING: Nan, Inf or huge value in QACC at DOF 12. The simulation is unstable. Time = 0.0320.

WARNING: Nan, Inf or huge value in QACC at DOF 12. The simulation is unstable. Time = 0.0300.

WARNING: Nan, Inf or huge value in QACC at DOF 12. The simulation is unstable. Time = 0.0320.

WARNING: Nan, Inf or huge value in QACC at DOF 12. The simulation is unstable. Time = 0.0300.

WARNING: Nan, Inf or huge value in QACC at DOF 12. The simulation is unstable. Time = 0.0340.

WARNING: Nan, Inf or huge value in QACC at DOF 12. The simulation is unstable. Time = 0.0320.

WARNING: Nan, Inf or huge value in QACC at DOF 12. The simulation is unstable. Time = 0.0320.

WARNING: Nan, Inf or huge value in QACC at DOF 12. The simulation is unstable. Time = 0.0320.

WARNING: Nan, Inf or huge value in QACC at DOF 12. The simulation is unstable. Time = 0.0340.

WARNING: Nan, Inf or huge value in QACC at DOF 12. The simulation is unstable. Time = 0.0340.

WARNING: Nan, Inf or huge value in QACC at DOF 12. The simulation is unstable. Time = 0.0340.

WARNING: Nan, Inf or huge value in QACC at DOF 12. The simulation is unstable. Time = 0.0340.

WARNING: Nan, Inf or huge value in QACC at DOF 12. The simulation is unstable. Time = 0.0280.

WARNING: Nan, Inf or huge value in QACC at DOF 12. The simulation is unstable. Time = 0.0320.

WARNING: Nan, Inf or huge value in QACC at DOF 12. The simulation is unstable. Time = 0.0320.

WARNING: Nan, Inf or huge value in QACC at DOF 12. The simulation is unstable. Time = 0.0320.

WARNING: Nan, Inf or huge value in QACC at DOF 12. The simulation is unstable. Time = 0.0320.

WARNING: Nan, Inf or huge value in QACC at DOF 12. The simulation is unstable. Time = 0.0320.

WARNING: Nan, Inf or huge value in QACC at DOF 12. The simulation is unstable. Time = 0.0320.

WARNING: Nan, Inf or huge value in QACC at DOF 12. The simulation is unstable. Time = 0.0320.

WARNING: Nan, Inf or huge value in QACC at DOF 12. The simulation is unstable. Time = 0.0340.

------------------------------------------
| rollout/                |              |
|    ep_len_mean          | 1.54         |
|    ep_rew_mean          | -18.2        |
|    success_rate         | 0            |
| time/                   |              |
|    fps                  | 812          |
|    iterations           | 16           |
|    time_elapsed         | 20           |
|    total_timesteps      | 267264       |
| train/                  |              |
|    approx_kl            | 0.0057347743 |
|    clip_fraction        | 0.0458       |
|    clip_range           | 0.2          |
|    entropy_loss         | -13.8        |
|    explained_variance   | 0.753        |
|    learning_rate        | 0.0003       |
|    loss                 | 542          |
|    n_updates            | 2600         |
|    policy_gradient_loss | -0.0212      |
|    std                  | 1.17         |
|    value_loss           | 1.06e+03     |
------------------------------------------
WARNING: Nan, Inf or huge value in QACC at DOF 12. The simulation is unstable. Time = 0.0320.

WARNING: Nan, Inf or huge value in QACC at DOF 12. The simulation is unstable. Time = 0.0320.

WARNING: Nan, Inf or huge value in QACC at DOF 12. The simulation is unstable. Time = 0.0320.

WARNING: Nan, Inf or huge value in QACC at DOF 12. The simulation is unstable. Time = 0.0320.

WARNING: Nan, Inf or huge value in QACC at DOF 12. The simulation is unstable. Time = 0.0340.

WARNING: Nan, Inf or huge value in QACC at DOF 12. The simulation is unstable. Time = 0.0300.

WARNING: Nan, Inf or huge value in QACC at DOF 12. The simulation is unstable. Time = 0.0300.

WARNING: Nan, Inf or huge value in QACC at DOF 12. The simulation is unstable. Time = 0.0320.

WARNING: Nan, Inf or huge value in QACC at DOF 12. The simulation is unstable. Time = 0.0320.

WARNING: Nan, Inf or huge value in QACC at DOF 12. The simulation is unstable. Time = 0.0320.

WARNING: Nan, Inf or huge value in QACC at DOF 12. The simulation is unstable. Time = 0.0280.

WARNING: Nan, Inf or huge value in QACC at DOF 12. The simulation is unstable. Time = 0.0260.

WARNING: Nan, Inf or huge value in QACC at DOF 12. The simulation is unstable. Time = 0.0340.

WARNING: Nan, Inf or huge value in QACC at DOF 12. The simulation is unstable. Time = 0.0300.

WARNING: Nan, Inf or huge value in QACC at DOF 12. The simulation is unstable. Time = 0.0340.

WARNING: Nan, Inf or huge value in QACC at DOF 12. The simulation is unstable. Time = 0.0320.

WARNING: Nan, Inf or huge value in QACC at DOF 12. The simulation is unstable. Time = 0.0300.

WARNING: Nan, Inf or huge value in QACC at DOF 12. The simulation is unstable. Time = 0.0340.

WARNING: Nan, Inf or huge value in QACC at DOF 12. The simulation is unstable. Time = 0.0300.

WARNING: Nan, Inf or huge value in QACC at DOF 12. The simulation is unstable. Time = 0.0320.

-----------------------------------------
| rollout/                |             |
|    ep_len_mean          | 1.57        |
|    ep_rew_mean          | -19.3       |
|    success_rate         | 0           |
| time/                   |             |
|    fps                  | 800         |
|    iterations           | 17          |
|    time_elapsed         | 21          |
|    total_timesteps      | 268288      |
| train/                  |             |
|    approx_kl            | 0.008232709 |
|    clip_fraction        | 0.0729      |
|    clip_range           | 0.2         |
|    entropy_loss         | -13.8       |
|    explained_variance   | 0.715       |
|    learning_rate        | 0.0003      |
|    loss                 | 403         |
|    n_updates            | 2610        |
|    policy_gradient_loss | -0.0255     |
|    std                  | 1.17        |
|    value_loss           | 734         |
-----------------------------------------
WARNING: Nan, Inf or huge value in QACC at DOF 12. The simulation is unstable. Time = 0.0340.

WARNING: Nan, Inf or huge value in QACC at DOF 12. The simulation is unstable. Time = 0.0320.

WARNING: Nan, Inf or huge value in QACC at DOF 12. The simulation is unstable. Time = 0.0320.

WARNING: Nan, Inf or huge value in QACC at DOF 12. The simulation is unstable. Time = 0.0320.

WARNING: Nan, Inf or huge value in QACC at DOF 12. The simulation is unstable. Time = 0.0320.

WARNING: Nan, Inf or huge value in QACC at DOF 12. The simulation is unstable. Time = 0.0320.

WARNING: Nan, Inf or huge value in QACC at DOF 12. The simulation is unstable. Time = 0.0340.

WARNING: Nan, Inf or huge value in QACC at DOF 12. The simulation is unstable. Time = 0.0320.

WARNING: Nan, Inf or huge value in QACC at DOF 12. The simulation is unstable. Time = 0.0320.

WARNING: Nan, Inf or huge value in QACC at DOF 12. The simulation is unstable. Time = 0.0300.

WARNING: Nan, Inf or huge value in QACC at DOF 12. The simulation is unstable. Time = 0.0280.

WARNING: Nan, Inf or huge value in QACC at DOF 12. The simulation is unstable. Time = 0.0320.

WARNING: Nan, Inf or huge value in QACC at DOF 12. The simulation is unstable. Time = 0.0320.

WARNING: Nan, Inf or huge value in QACC at DOF 12. The simulation is unstable. Time = 0.0320.

WARNING: Nan, Inf or huge value in QACC at DOF 12. The simulation is unstable. Time = 0.0300.

WARNING: Nan, Inf or huge value in QACC at DOF 12. The simulation is unstable. Time = 0.0340.

WARNING: Nan, Inf or huge value in QACC at DOF 12. The simulation is unstable. Time = 0.0340.

WARNING: Nan, Inf or huge value in QACC at DOF 12. The simulation is unstable. Time = 0.0300.

WARNING: Nan, Inf or huge value in QACC at DOF 12. The simulation is unstable. Time = 0.0320.

WARNING: Nan, Inf or huge value in QACC at DOF 12. The simulation is unstable. Time = 0.0300.

WARNING: Nan, Inf or huge value in QACC at DOF 12. The simulation is unstable. Time = 0.0300.

WARNING: Nan, Inf or huge value in QACC at DOF 12. The simulation is unstable. Time = 0.0320.

WARNING: Nan, Inf or huge value in QACC at DOF 12. The simulation is unstable. Time = 0.0320.

-----------------------------------------
| rollout/                |             |
|    ep_len_mean          | 1.69        |
|    ep_rew_mean          | -19.6       |
|    success_rate         | 0           |
| time/                   |             |
|    fps                  | 791         |
|    iterations           | 18          |
|    time_elapsed         | 23          |
|    total_timesteps      | 269312      |
| train/                  |             |
|    approx_kl            | 0.008217246 |
|    clip_fraction        | 0.0531      |
|    clip_range           | 0.2         |
|    entropy_loss         | -13.8       |
|    explained_variance   | 0.766       |
|    learning_rate        | 0.0003      |
|    loss                 | 409         |
|    n_updates            | 2620        |
|    policy_gradient_loss | -0.0238     |
|    std                  | 1.17        |
|    value_loss           | 629         |
-----------------------------------------
WARNING: Nan, Inf or huge value in QACC at DOF 12. The simulation is unstable. Time = 0.0320.

WARNING: Nan, Inf or huge value in QACC at DOF 12. The simulation is unstable. Time = 0.0340.

WARNING: Nan, Inf or huge value in QACC at DOF 12. The simulation is unstable. Time = 0.0340.

WARNING: Nan, Inf or huge value in QACC at DOF 12. The simulation is unstable. Time = 0.0280.

WARNING: Nan, Inf or huge value in QACC at DOF 12. The simulation is unstable. Time = 0.0320.

WARNING: Nan, Inf or huge value in QACC at DOF 12. The simulation is unstable. Time = 0.0320.

WARNING: Nan, Inf or huge value in QACC at DOF 12. The simulation is unstable. Time = 0.0320.

WARNING: Nan, Inf or huge value in QACC at DOF 12. The simulation is unstable. Time = 0.0340.

WARNING: Nan, Inf or huge value in QACC at DOF 12. The simulation is unstable. Time = 0.0300.

WARNING: Nan, Inf or huge value in QACC at DOF 12. The simulation is unstable. Time = 0.0300.

WARNING: Nan, Inf or huge value in QACC at DOF 12. The simulation is unstable. Time = 0.0300.

WARNING: Nan, Inf or huge value in QACC at DOF 12. The simulation is unstable. Time = 0.0340.

WARNING: Nan, Inf or huge value in QACC at DOF 12. The simulation is unstable. Time = 0.0340.

WARNING: Nan, Inf or huge value in QACC at DOF 12. The simulation is unstable. Time = 0.0340.

WARNING: Nan, Inf or huge value in QACC at DOF 12. The simulation is unstable. Time = 0.0320.

WARNING: Nan, Inf or huge value in QACC at DOF 12. The simulation is unstable. Time = 0.0320.

WARNING: Nan, Inf or huge value in QACC at DOF 12. The simulation is unstable. Time = 0.0320.

WARNING: Nan, Inf or huge value in QACC at DOF 12. The simulation is unstable. Time = 0.0320.

WARNING: Nan, Inf or huge value in QACC at DOF 12. The simulation is unstable. Time = 0.0320.

WARNING: Nan, Inf or huge value in QACC at DOF 12. The simulation is unstable. Time = 0.0300.

WARNING: Nan, Inf or huge value in QACC at DOF 12. The simulation is unstable. Time = 0.0340.

WARNING: Nan, Inf or huge value in QACC at DOF 12. The simulation is unstable. Time = 0.0320.

WARNING: Nan, Inf or huge value in QACC at DOF 12. The simulation is unstable. Time = 0.0320.

WARNING: Nan, Inf or huge value in QACC at DOF 12. The simulation is unstable. Time = 0.0320.

-----------------------------------------
| rollout/                |             |
|    ep_len_mean          | 1.32        |
|    ep_rew_mean          | -17.2       |
|    success_rate         | 0           |
| time/                   |             |
|    fps                  | 782         |
|    iterations           | 19          |
|    time_elapsed         | 24          |
|    total_timesteps      | 270336      |
| train/                  |             |
|    approx_kl            | 0.006695579 |
|    clip_fraction        | 0.048       |
|    clip_range           | 0.2         |
|    entropy_loss         | -13.8       |
|    explained_variance   | 0.827       |
|    learning_rate        | 0.0003      |
|    loss                 | 290         |
|    n_updates            | 2630        |
|    policy_gradient_loss | -0.0265     |
|    std                  | 1.17        |
|    value_loss           | 440         |
-----------------------------------------
WARNING: Nan, Inf or huge value in QACC at DOF 12. The simulation is unstable. Time = 0.0340.

WARNING: Nan, Inf or huge value in QACC at DOF 12. The simulation is unstable. Time = 0.0340.

WARNING: Nan, Inf or huge value in QACC at DOF 12. The simulation is unstable. Time = 0.0340.

WARNING: Nan, Inf or huge value in QACC at DOF 12. The simulation is unstable. Time = 0.0340.

WARNING: Nan, Inf or huge value in QACC at DOF 12. The simulation is unstable. Time = 0.0320.

WARNING: Nan, Inf or huge value in QACC at DOF 12. The simulation is unstable. Time = 0.0340.

WARNING: Nan, Inf or huge value in QACC at DOF 12. The simulation is unstable. Time = 0.0320.

WARNING: Nan, Inf or huge value in QACC at DOF 12. The simulation is unstable. Time = 0.0320.

WARNING: Nan, Inf or huge value in QACC at DOF 12. The simulation is unstable. Time = 0.0300.

WARNING: Nan, Inf or huge value in QACC at DOF 12. The simulation is unstable. Time = 0.0340.

WARNING: Nan, Inf or huge value in QACC at DOF 12. The simulation is unstable. Time = 0.0320.

WARNING: Nan, Inf or huge value in QACC at DOF 12. The simulation is unstable. Time = 0.0320.

WARNING: Nan, Inf or huge value in QACC at DOF 12. The simulation is unstable. Time = 0.0320.

WARNING: Nan, Inf or huge value in QACC at DOF 12. The simulation is unstable. Time = 0.0320.

WARNING: Nan, Inf or huge value in QACC at DOF 12. The simulation is unstable. Time = 0.0320.

WARNING: Nan, Inf or huge value in QACC at DOF 12. The simulation is unstable. Time = 0.0300.

WARNING: Nan, Inf or huge value in QACC at DOF 12. The simulation is unstable. Time = 0.0320.

WARNING: Nan, Inf or huge value in QACC at DOF 12. The simulation is unstable. Time = 0.0280.

WARNING: Nan, Inf or huge value in QACC at DOF 12. The simulation is unstable. Time = 0.0340.

WARNING: Nan, Inf or huge value in QACC at DOF 12. The simulation is unstable. Time = 0.0320.

WARNING: Nan, Inf or huge value in QACC at DOF 12. The simulation is unstable. Time = 0.0320.

WARNING: Nan, Inf or huge value in QACC at DOF 12. The simulation is unstable. Time = 0.0320.

WARNING: Nan, Inf or huge value in QACC at DOF 12. The simulation is unstable. Time = 0.0320.

WARNING: Nan, Inf or huge value in QACC at DOF 12. The simulation is unstable. Time = 0.0340.

-----------------------------------------
| rollout/                |             |
|    ep_len_mean          | 1.46        |
|    ep_rew_mean          | -17.5       |
|    success_rate         | 0           |
| time/                   |             |
|    fps                  | 774         |
|    iterations           | 20          |
|    time_elapsed         | 26          |
|    total_timesteps      | 271360      |
| train/                  |             |
|    approx_kl            | 0.010979457 |
|    clip_fraction        | 0.0621      |
|    clip_range           | 0.2         |
|    entropy_loss         | -13.8       |
|    explained_variance   | 0.777       |
|    learning_rate        | 0.0003      |
|    loss                 | 260         |
|    n_updates            | 2640        |
|    policy_gradient_loss | -0.0261     |
|    std                  | 1.17        |
|    value_loss           | 573         |
-----------------------------------------
WARNING: Nan, Inf or huge value in QACC at DOF 12. The simulation is unstable. Time = 0.0340.

WARNING: Nan, Inf or huge value in QACC at DOF 12. The simulation is unstable. Time = 0.0320.

WARNING: Nan, Inf or huge value in QACC at DOF 12. The simulation is unstable. Time = 0.0320.

WARNING: Nan, Inf or huge value in QACC at DOF 12. The simulation is unstable. Time = 0.0320.

WARNING: Nan, Inf or huge value in QACC at DOF 12. The simulation is unstable. Time = 0.0320.

WARNING: Nan, Inf or huge value in QACC at DOF 12. The simulation is unstable. Time = 0.0320.

WARNING: Nan, Inf or huge value in QACC at DOF 12. The simulation is unstable. Time = 0.0320.

WARNING: Nan, Inf or huge value in QACC at DOF 12. The simulation is unstable. Time = 0.0320.

WARNING: Nan, Inf or huge value in QACC at DOF 12. The simulation is unstable. Time = 0.0300.

WARNING: Nan, Inf or huge value in QACC at DOF 12. The simulation is unstable. Time = 0.0300.

WARNING: Nan, Inf or huge value in QACC at DOF 12. The simulation is unstable. Time = 0.0300.

WARNING: Nan, Inf or huge value in QACC at DOF 12. The simulation is unstable. Time = 0.0320.

WARNING: Nan, Inf or huge value in QACC at DOF 12. The simulation is unstable. Time = 0.0300.

WARNING: Nan, Inf or huge value in QACC at DOF 12. The simulation is unstable. Time = 0.0340.

WARNING: Nan, Inf or huge value in QACC at DOF 12. The simulation is unstable. Time = 0.0320.

WARNING: Nan, Inf or huge value in QACC at DOF 12. The simulation is unstable. Time = 0.0300.

WARNING: Nan, Inf or huge value in QACC at DOF 12. The simulation is unstable. Time = 0.0320.

WARNING: Nan, Inf or huge value in QACC at DOF 12. The simulation is unstable. Time = 0.0300.

------------------------------------------
| rollout/                |              |
|    ep_len_mean          | 4.48         |
|    ep_rew_mean          | -27.7        |
|    success_rate         | 0.01         |
| time/                   |              |
|    fps                  | 774          |
|    iterations           | 21           |
|    time_elapsed         | 27           |
|    total_timesteps      | 272384       |
| train/                  |              |
|    approx_kl            | 0.0070755817 |
|    clip_fraction        | 0.0513       |
|    clip_range           | 0.2          |
|    entropy_loss         | -13.8        |
|    explained_variance   | 0.814        |
|    learning_rate        | 0.0003       |
|    loss                 | 205          |
|    n_updates            | 2650         |
|    policy_gradient_loss | -0.0267      |
|    std                  | 1.17         |
|    value_loss           | 354          |
------------------------------------------
WARNING: Nan, Inf or huge value in QACC at DOF 12. The simulation is unstable. Time = 0.0320.

WARNING: Nan, Inf or huge value in QACC at DOF 12. The simulation is unstable. Time = 0.0340.

WARNING: Nan, Inf or huge value in QACC at DOF 12. The simulation is unstable. Time = 0.0300.

WARNING: Nan, Inf or huge value in QACC at DOF 12. The simulation is unstable. Time = 0.0300.

WARNING: Nan, Inf or huge value in QACC at DOF 12. The simulation is unstable. Time = 0.0320.

WARNING: Nan, Inf or huge value in QACC at DOF 12. The simulation is unstable. Time = 0.0320.

WARNING: Nan, Inf or huge value in QACC at DOF 12. The simulation is unstable. Time = 0.0320.

WARNING: Nan, Inf or huge value in QACC at DOF 12. The simulation is unstable. Time = 0.0320.

WARNING: Nan, Inf or huge value in QACC at DOF 12. The simulation is unstable. Time = 0.0320.

WARNING: Nan, Inf or huge value in QACC at DOF 12. The simulation is unstable. Time = 0.0340.

WARNING: Nan, Inf or huge value in QACC at DOF 12. The simulation is unstable. Time = 0.0320.

WARNING: Nan, Inf or huge value in QACC at DOF 12. The simulation is unstable. Time = 0.0340.

WARNING: Nan, Inf or huge value in QACC at DOF 12. The simulation is unstable. Time = 0.0340.

WARNING: Nan, Inf or huge value in QACC at DOF 12. The simulation is unstable. Time = 0.0320.

WARNING: Nan, Inf or huge value in QACC at DOF 12. The simulation is unstable. Time = 0.0340.

-----------------------------------------
| rollout/                |             |
|    ep_len_mean          | 1.57        |
|    ep_rew_mean          | -18.7       |
|    success_rate         | 0           |
| time/                   |             |
|    fps                  | 772         |
|    iterations           | 22          |
|    time_elapsed         | 29          |
|    total_timesteps      | 273408      |
| train/                  |             |
|    approx_kl            | 0.008645741 |
|    clip_fraction        | 0.0529      |
|    clip_range           | 0.2         |
|    entropy_loss         | -13.8       |
|    explained_variance   | 0.686       |
|    learning_rate        | 0.0003      |
|    loss                 | 316         |
|    n_updates            | 2660        |
|    policy_gradient_loss | -0.0228     |
|    std                  | 1.17        |
|    value_loss           | 770         |
-----------------------------------------
WARNING: Nan, Inf or huge value in QACC at DOF 12. The simulation is unstable. Time = 0.0320.

WARNING: Nan, Inf or huge value in QACC at DOF 12. The simulation is unstable. Time = 0.0320.

WARNING: Nan, Inf or huge value in QACC at DOF 12. The simulation is unstable. Time = 0.0300.

WARNING: Nan, Inf or huge value in QACC at DOF 12. The simulation is unstable. Time = 0.0300.

WARNING: Nan, Inf or huge value in QACC at DOF 12. The simulation is unstable. Time = 0.0320.

WARNING: Nan, Inf or huge value in QACC at DOF 12. The simulation is unstable. Time = 0.0300.

WARNING: Nan, Inf or huge value in QACC at DOF 12. The simulation is unstable. Time = 0.0320.

WARNING: Nan, Inf or huge value in QACC at DOF 12. The simulation is unstable. Time = 0.0340.

WARNING: Nan, Inf or huge value in QACC at DOF 12. The simulation is unstable. Time = 0.0340.

WARNING: Nan, Inf or huge value in QACC at DOF 12. The simulation is unstable. Time = 0.0340.

WARNING: Nan, Inf or huge value in QACC at DOF 12. The simulation is unstable. Time = 0.0340.

WARNING: Nan, Inf or huge value in QACC at DOF 12. The simulation is unstable. Time = 0.0320.

WARNING: Nan, Inf or huge value in QACC at DOF 12. The simulation is unstable. Time = 0.0300.

WARNING: Nan, Inf or huge value in QACC at DOF 12. The simulation is unstable. Time = 0.0320.

WARNING: Nan, Inf or huge value in QACC at DOF 12. The simulation is unstable. Time = 0.0300.

WARNING: Nan, Inf or huge value in QACC at DOF 12. The simulation is unstable. Time = 0.0320.

WARNING: Nan, Inf or huge value in QACC at DOF 12. The simulation is unstable. Time = 0.0260.

WARNING: Nan, Inf or huge value in QACC at DOF 12. The simulation is unstable. Time = 0.0300.

WARNING: Nan, Inf or huge value in QACC at DOF 12. The simulation is unstable. Time = 0.0340.

WARNING: Nan, Inf or huge value in QACC at DOF 12. The simulation is unstable. Time = 0.0320.

WARNING: Nan, Inf or huge value in QACC at DOF 12. The simulation is unstable. Time = 0.0300.

-----------------------------------------
| rollout/                |             |
|    ep_len_mean          | 1.68        |
|    ep_rew_mean          | -19.8       |
|    success_rate         | 0           |
| time/                   |             |
|    fps                  | 766         |
|    iterations           | 23          |
|    time_elapsed         | 30          |
|    total_timesteps      | 274432      |
| train/                  |             |
|    approx_kl            | 0.007344757 |
|    clip_fraction        | 0.0621      |
|    clip_range           | 0.2         |
|    entropy_loss         | -13.8       |
|    explained_variance   | 0.618       |
|    learning_rate        | 0.0003      |
|    loss                 | 158         |
|    n_updates            | 2670        |
|    policy_gradient_loss | -0.0251     |
|    std                  | 1.17        |
|    value_loss           | 957         |
-----------------------------------------
WARNING: Nan, Inf or huge value in QACC at DOF 12. The simulation is unstable. Time = 0.0340.

WARNING: Nan, Inf or huge value in QACC at DOF 12. The simulation is unstable. Time = 0.0300.

WARNING: Nan, Inf or huge value in QACC at DOF 12. The simulation is unstable. Time = 0.0300.

WARNING: Nan, Inf or huge value in QACC at DOF 12. The simulation is unstable. Time = 0.0320.

WARNING: Nan, Inf or huge value in QACC at DOF 12. The simulation is unstable. Time = 0.0280.

WARNING: Nan, Inf or huge value in QACC at DOF 12. The simulation is unstable. Time = 0.0320.

WARNING: Nan, Inf or huge value in QACC at DOF 12. The simulation is unstable. Time = 0.0320.

WARNING: Nan, Inf or huge value in QACC at DOF 12. The simulation is unstable. Time = 0.0320.

WARNING: Nan, Inf or huge value in QACC at DOF 12. The simulation is unstable. Time = 0.0320.

WARNING: Nan, Inf or huge value in QACC at DOF 12. The simulation is unstable. Time = 0.0300.

WARNING: Nan, Inf or huge value in QACC at DOF 12. The simulation is unstable. Time = 0.0300.

WARNING: Nan, Inf or huge value in QACC at DOF 12. The simulation is unstable. Time = 0.0300.

WARNING: Nan, Inf or huge value in QACC at DOF 12. The simulation is unstable. Time = 0.0340.

WARNING: Nan, Inf or huge value in QACC at DOF 12. The simulation is unstable. Time = 0.0340.

WARNING: Nan, Inf or huge value in QACC at DOF 12. The simulation is unstable. Time = 0.0300.

WARNING: Nan, Inf or huge value in QACC at DOF 12. The simulation is unstable. Time = 0.0320.

WARNING: Nan, Inf or huge value in QACC at DOF 12. The simulation is unstable. Time = 0.0320.

WARNING: Nan, Inf or huge value in QACC at DOF 12. The simulation is unstable. Time = 0.0340.

WARNING: Nan, Inf or huge value in QACC at DOF 12. The simulation is unstable. Time = 0.0340.

WARNING: Nan, Inf or huge value in QACC at DOF 12. The simulation is unstable. Time = 0.0320.

-----------------------------------------
| rollout/                |             |
|    ep_len_mean          | 1.78        |
|    ep_rew_mean          | -21.1       |
|    success_rate         | 0           |
| time/                   |             |
|    fps                  | 760         |
|    iterations           | 24          |
|    time_elapsed         | 32          |
|    total_timesteps      | 275456      |
| train/                  |             |
|    approx_kl            | 0.011967644 |
|    clip_fraction        | 0.109       |
|    clip_range           | 0.2         |
|    entropy_loss         | -13.8       |
|    explained_variance   | 0.819       |
|    learning_rate        | 0.0003      |
|    loss                 | 113         |
|    n_updates            | 2680        |
|    policy_gradient_loss | -0.0321     |
|    std                  | 1.17        |
|    value_loss           | 308         |
-----------------------------------------
WARNING: Nan, Inf or huge value in QACC at DOF 12. The simulation is unstable. Time = 0.0320.

WARNING: Nan, Inf or huge value in QACC at DOF 12. The simulation is unstable. Time = 0.0320.

WARNING: Nan, Inf or huge value in QACC at DOF 12. The simulation is unstable. Time = 0.0300.

WARNING: Nan, Inf or huge value in QACC at DOF 12. The simulation is unstable. Time = 0.0320.

WARNING: Nan, Inf or huge value in QACC at DOF 12. The simulation is unstable. Time = 0.0320.

WARNING: Nan, Inf or huge value in QACC at DOF 12. The simulation is unstable. Time = 0.0340.

WARNING: Nan, Inf or huge value in QACC at DOF 12. The simulation is unstable. Time = 0.0300.

WARNING: Nan, Inf or huge value in QACC at DOF 12. The simulation is unstable. Time = 0.0280.

WARNING: Nan, Inf or huge value in QACC at DOF 12. The simulation is unstable. Time = 0.0320.

WARNING: Nan, Inf or huge value in QACC at DOF 12. The simulation is unstable. Time = 0.0320.

WARNING: Nan, Inf or huge value in QACC at DOF 12. The simulation is unstable. Time = 0.0340.

WARNING: Nan, Inf or huge value in QACC at DOF 12. The simulation is unstable. Time = 0.0300.

WARNING: Nan, Inf or huge value in QACC at DOF 12. The simulation is unstable. Time = 0.0320.

WARNING: Nan, Inf or huge value in QACC at DOF 12. The simulation is unstable. Time = 0.0300.

WARNING: Nan, Inf or huge value in QACC at DOF 12. The simulation is unstable. Time = 0.0320.

WARNING: Nan, Inf or huge value in QACC at DOF 12. The simulation is unstable. Time = 0.0320.

WARNING: Nan, Inf or huge value in QACC at DOF 12. The simulation is unstable. Time = 0.0300.

WARNING: Nan, Inf or huge value in QACC at DOF 12. The simulation is unstable. Time = 0.0300.

WARNING: Nan, Inf or huge value in QACC at DOF 12. The simulation is unstable. Time = 0.0320.

WARNING: Nan, Inf or huge value in QACC at DOF 12. The simulation is unstable. Time = 0.0300.

WARNING: Nan, Inf or huge value in QACC at DOF 12. The simulation is unstable. Time = 0.0320.

WARNING: Nan, Inf or huge value in QACC at DOF 12. The simulation is unstable. Time = 0.0340.

WARNING: Nan, Inf or huge value in QACC at DOF 12. The simulation is unstable. Time = 0.0320.

WARNING: Nan, Inf or huge value in QACC at DOF 12. The simulation is unstable. Time = 0.0340.

-----------------------------------------
| rollout/                |             |
|    ep_len_mean          | 1.47        |
|    ep_rew_mean          | -18.5       |
|    success_rate         | 0           |
| time/                   |             |
|    fps                  | 757         |
|    iterations           | 25          |
|    time_elapsed         | 33          |
|    total_timesteps      | 276480      |
| train/                  |             |
|    approx_kl            | 0.009300615 |
|    clip_fraction        | 0.0588      |
|    clip_range           | 0.2         |
|    entropy_loss         | -13.8       |
|    explained_variance   | 0.778       |
|    learning_rate        | 0.0003      |
|    loss                 | 154         |
|    n_updates            | 2690        |
|    policy_gradient_loss | -0.0287     |
|    std                  | 1.17        |
|    value_loss           | 416         |
-----------------------------------------
WARNING: Nan, Inf or huge value in QACC at DOF 12. The simulation is unstable. Time = 0.0320.

WARNING: Nan, Inf or huge value in QACC at DOF 12. The simulation is unstable. Time = 0.0320.

WARNING: Nan, Inf or huge value in QACC at DOF 12. The simulation is unstable. Time = 0.0320.

WARNING: Nan, Inf or huge value in QACC at DOF 12. The simulation is unstable. Time = 0.0320.

WARNING: Nan, Inf or huge value in QACC at DOF 12. The simulation is unstable. Time = 0.0300.

WARNING: Nan, Inf or huge value in QACC at DOF 12. The simulation is unstable. Time = 0.0280.

WARNING: Nan, Inf or huge value in QACC at DOF 12. The simulation is unstable. Time = 0.0300.

WARNING: Nan, Inf or huge value in QACC at DOF 12. The simulation is unstable. Time = 0.0340.

WARNING: Nan, Inf or huge value in QACC at DOF 12. The simulation is unstable. Time = 0.0320.

WARNING: Nan, Inf or huge value in QACC at DOF 12. The simulation is unstable. Time = 0.0300.

WARNING: Nan, Inf or huge value in QACC at DOF 12. The simulation is unstable. Time = 0.0300.

WARNING: Nan, Inf or huge value in QACC at DOF 12. The simulation is unstable. Time = 0.0320.

WARNING: Nan, Inf or huge value in QACC at DOF 12. The simulation is unstable. Time = 0.0340.

WARNING: Nan, Inf or huge value in QACC at DOF 12. The simulation is unstable. Time = 0.0340.

WARNING: Nan, Inf or huge value in QACC at DOF 12. The simulation is unstable. Time = 0.0320.

WARNING: Nan, Inf or huge value in QACC at DOF 12. The simulation is unstable. Time = 0.0320.

WARNING: Nan, Inf or huge value in QACC at DOF 12. The simulation is unstable. Time = 0.0340.

WARNING: Nan, Inf or huge value in QACC at DOF 12. The simulation is unstable. Time = 0.0300.

WARNING: Nan, Inf or huge value in QACC at DOF 12. The simulation is unstable. Time = 0.0320.

WARNING: Nan, Inf or huge value in QACC at DOF 12. The simulation is unstable. Time = 0.0320.

WARNING: Nan, Inf or huge value in QACC at DOF 12. The simulation is unstable. Time = 0.0300.

WARNING: Nan, Inf or huge value in QACC at DOF 12. The simulation is unstable. Time = 0.0320.

WARNING: Nan, Inf or huge value in QACC at DOF 12. The simulation is unstable. Time = 0.0320.

-----------------------------------------
| rollout/                |             |
|    ep_len_mean          | 1.48        |
|    ep_rew_mean          | -19.6       |
|    success_rate         | 0           |
| time/                   |             |
|    fps                  | 752         |
|    iterations           | 26          |
|    time_elapsed         | 35          |
|    total_timesteps      | 277504      |
| train/                  |             |
|    approx_kl            | 0.012692592 |
|    clip_fraction        | 0.144       |
|    clip_range           | 0.2         |
|    entropy_loss         | -13.8       |
|    explained_variance   | 0.866       |
|    learning_rate        | 0.0003      |
|    loss                 | 99.7        |
|    n_updates            | 2700        |
|    policy_gradient_loss | -0.034      |
|    std                  | 1.17        |
|    value_loss           | 235         |
-----------------------------------------
WARNING: Nan, Inf or huge value in QACC at DOF 12. The simulation is unstable. Time = 0.0340.

WARNING: Nan, Inf or huge value in QACC at DOF 12. The simulation is unstable. Time = 0.0320.

WARNING: Nan, Inf or huge value in QACC at DOF 12. The simulation is unstable. Time = 0.0340.

WARNING: Nan, Inf or huge value in QACC at DOF 12. The simulation is unstable. Time = 0.0320.

WARNING: Nan, Inf or huge value in QACC at DOF 12. The simulation is unstable. Time = 0.0320.

WARNING: Nan, Inf or huge value in QACC at DOF 12. The simulation is unstable. Time = 0.0320.

WARNING: Nan, Inf or huge value in QACC at DOF 12. The simulation is unstable. Time = 0.0300.

WARNING: Nan, Inf or huge value in QACC at DOF 12. The simulation is unstable. Time = 0.0300.

WARNING: Nan, Inf or huge value in QACC at DOF 12. The simulation is unstable. Time = 0.0320.

WARNING: Nan, Inf or huge value in QACC at DOF 12. The simulation is unstable. Time = 0.0340.

WARNING: Nan, Inf or huge value in QACC at DOF 12. The simulation is unstable. Time = 0.0280.

WARNING: Nan, Inf or huge value in QACC at DOF 12. The simulation is unstable. Time = 0.0320.

WARNING: Nan, Inf or huge value in QACC at DOF 12. The simulation is unstable. Time = 0.0320.

WARNING: Nan, Inf or huge value in QACC at DOF 12. The simulation is unstable. Time = 0.0300.

WARNING: Nan, Inf or huge value in QACC at DOF 12. The simulation is unstable. Time = 0.0340.

WARNING: Nan, Inf or huge value in QACC at DOF 12. The simulation is unstable. Time = 0.0280.

WARNING: Nan, Inf or huge value in QACC at DOF 12. The simulation is unstable. Time = 0.0320.

WARNING: Nan, Inf or huge value in QACC at DOF 12. The simulation is unstable. Time = 0.0300.

-----------------------------------------
| rollout/                |             |
|    ep_len_mean          | 1.62        |
|    ep_rew_mean          | -19.5       |
|    success_rate         | 0           |
| time/                   |             |
|    fps                  | 746         |
|    iterations           | 27          |
|    time_elapsed         | 37          |
|    total_timesteps      | 278528      |
| train/                  |             |
|    approx_kl            | 0.011032655 |
|    clip_fraction        | 0.127       |
|    clip_range           | 0.2         |
|    entropy_loss         | -13.8       |
|    explained_variance   | 0.79        |
|    learning_rate        | 0.0003      |
|    loss                 | 104         |
|    n_updates            | 2710        |
|    policy_gradient_loss | -0.0317     |
|    std                  | 1.17        |
|    value_loss           | 284         |
-----------------------------------------
WARNING: Nan, Inf or huge value in QACC at DOF 12. The simulation is unstable. Time = 0.0320.

WARNING: Nan, Inf or huge value in QACC at DOF 12. The simulation is unstable. Time = 0.0300.

WARNING: Nan, Inf or huge value in QACC at DOF 12. The simulation is unstable. Time = 0.0320.

WARNING: Nan, Inf or huge value in QACC at DOF 12. The simulation is unstable. Time = 0.0300.

WARNING: Nan, Inf or huge value in QACC at DOF 12. The simulation is unstable. Time = 0.0320.

WARNING: Nan, Inf or huge value in QACC at DOF 12. The simulation is unstable. Time = 0.0300.

WARNING: Nan, Inf or huge value in QACC at DOF 12. The simulation is unstable. Time = 0.0320.

WARNING: Nan, Inf or huge value in QACC at DOF 12. The simulation is unstable. Time = 0.0320.

WARNING: Nan, Inf or huge value in QACC at DOF 12. The simulation is unstable. Time = 0.0340.

WARNING: Nan, Inf or huge value in QACC at DOF 12. The simulation is unstable. Time = 0.0320.

WARNING: Nan, Inf or huge value in QACC at DOF 12. The simulation is unstable. Time = 0.0320.

WARNING: Nan, Inf or huge value in QACC at DOF 12. The simulation is unstable. Time = 0.0300.

WARNING: Nan, Inf or huge value in QACC at DOF 12. The simulation is unstable. Time = 0.0340.

WARNING: Nan, Inf or huge value in QACC at DOF 12. The simulation is unstable. Time = 0.0340.

WARNING: Nan, Inf or huge value in QACC at DOF 12. The simulation is unstable. Time = 0.0300.

WARNING: Nan, Inf or huge value in QACC at DOF 12. The simulation is unstable. Time = 0.0320.

WARNING: Nan, Inf or huge value in QACC at DOF 12. The simulation is unstable. Time = 0.0320.

WARNING: Nan, Inf or huge value in QACC at DOF 12. The simulation is unstable. Time = 0.0340.

WARNING: Nan, Inf or huge value in QACC at DOF 12. The simulation is unstable. Time = 0.0320.

WARNING: Nan, Inf or huge value in QACC at DOF 12. The simulation is unstable. Time = 0.0320.

WARNING: Nan, Inf or huge value in QACC at DOF 12. The simulation is unstable. Time = 0.0320.

WARNING: Nan, Inf or huge value in QACC at DOF 12. The simulation is unstable. Time = 0.0280.

----------------------------------------
| rollout/                |            |
|    ep_len_mean          | 1.04       |
|    ep_rew_mean          | -15        |
|    success_rate         | 0          |
| time/                   |            |
|    fps                  | 738        |
|    iterations           | 28         |
|    time_elapsed         | 38         |
|    total_timesteps      | 279552     |
| train/                  |            |
|    approx_kl            | 0.01326704 |
|    clip_fraction        | 0.139      |
|    clip_range           | 0.2        |
|    entropy_loss         | -13.8      |
|    explained_variance   | 0.81       |
|    learning_rate        | 0.0003     |
|    loss                 | 116        |
|    n_updates            | 2720       |
|    policy_gradient_loss | -0.0338    |
|    std                  | 1.17       |
|    value_loss           | 187        |
----------------------------------------
WARNING: Nan, Inf or huge value in QACC at DOF 12. The simulation is unstable. Time = 0.0320.

WARNING: Nan, Inf or huge value in QACC at DOF 12. The simulation is unstable. Time = 0.0340.

WARNING: Nan, Inf or huge value in QACC at DOF 12. The simulation is unstable. Time = 0.0340.

WARNING: Nan, Inf or huge value in QACC at DOF 12. The simulation is unstable. Time = 0.0320.

WARNING: Nan, Inf or huge value in QACC at DOF 12. The simulation is unstable. Time = 0.0320.

WARNING: Nan, Inf or huge value in QACC at DOF 12. The simulation is unstable. Time = 0.0340.

WARNING: Nan, Inf or huge value in QACC at DOF 12. The simulation is unstable. Time = 0.0320.

WARNING: Nan, Inf or huge value in QACC at DOF 12. The simulation is unstable. Time = 0.0320.

WARNING: Nan, Inf or huge value in QACC at DOF 12. The simulation is unstable. Time = 0.0340.

WARNING: Nan, Inf or huge value in QACC at DOF 12. The simulation is unstable. Time = 0.0320.

WARNING: Nan, Inf or huge value in QACC at DOF 12. The simulation is unstable. Time = 0.0320.

WARNING: Nan, Inf or huge value in QACC at DOF 12. The simulation is unstable. Time = 0.0320.

WARNING: Nan, Inf or huge value in QACC at DOF 12. The simulation is unstable. Time = 0.0320.

WARNING: Nan, Inf or huge value in QACC at DOF 12. The simulation is unstable. Time = 0.0340.

WARNING: Nan, Inf or huge value in QACC at DOF 12. The simulation is unstable. Time = 0.0320.

WARNING: Nan, Inf or huge value in QACC at DOF 12. The simulation is unstable. Time = 0.0320.

WARNING: Nan, Inf or huge value in QACC at DOF 12. The simulation is unstable. Time = 0.0320.

WARNING: Nan, Inf or huge value in QACC at DOF 12. The simulation is unstable. Time = 0.0300.

WARNING: Nan, Inf or huge value in QACC at DOF 12. The simulation is unstable. Time = 0.0340.

WARNING: Nan, Inf or huge value in QACC at DOF 12. The simulation is unstable. Time = 0.0340.

WARNING: Nan, Inf or huge value in QACC at DOF 12. The simulation is unstable. Time = 0.0320.

WARNING: Nan, Inf or huge value in QACC at DOF 12. The simulation is unstable. Time = 0.0340.

WARNING: Nan, Inf or huge value in QACC at DOF 12. The simulation is unstable. Time = 0.0320.

WARNING: Nan, Inf or huge value in QACC at DOF 12. The simulation is unstable. Time = 0.0320.

WARNING: Nan, Inf or huge value in QACC at DOF 12. The simulation is unstable. Time = 0.0320.

WARNING: Nan, Inf or huge value in QACC at DOF 12. The simulation is unstable. Time = 0.0340.

WARNING: Nan, Inf or huge value in QACC at DOF 12. The simulation is unstable. Time = 0.0300.

-----------------------------------------
| rollout/                |             |
|    ep_len_mean          | 2.08        |
|    ep_rew_mean          | -22.3       |
|    success_rate         | 0           |
| time/                   |             |
|    fps                  | 735         |
|    iterations           | 29          |
|    time_elapsed         | 40          |
|    total_timesteps      | 280576      |
| train/                  |             |
|    approx_kl            | 0.009449963 |
|    clip_fraction        | 0.0693      |
|    clip_range           | 0.2         |
|    entropy_loss         | -13.8       |
|    explained_variance   | 0.72        |
|    learning_rate        | 0.0003      |
|    loss                 | 171         |
|    n_updates            | 2730        |
|    policy_gradient_loss | -0.0304     |
|    std                  | 1.17        |
|    value_loss           | 413         |
-----------------------------------------
WARNING: Nan, Inf or huge value in QACC at DOF 12. The simulation is unstable. Time = 0.0320.

WARNING: Nan, Inf or huge value in QACC at DOF 12. The simulation is unstable. Time = 0.0340.

WARNING: Nan, Inf or huge value in QACC at DOF 12. The simulation is unstable. Time = 0.0280.

WARNING: Nan, Inf or huge value in QACC at DOF 12. The simulation is unstable. Time = 0.0320.

WARNING: Nan, Inf or huge value in QACC at DOF 12. The simulation is unstable. Time = 0.0300.

WARNING: Nan, Inf or huge value in QACC at DOF 12. The simulation is unstable. Time = 0.0300.

WARNING: Nan, Inf or huge value in QACC at DOF 12. The simulation is unstable. Time = 0.0320.

WARNING: Nan, Inf or huge value in QACC at DOF 12. The simulation is unstable. Time = 0.0320.

WARNING: Nan, Inf or huge value in QACC at DOF 12. The simulation is unstable. Time = 0.0300.

WARNING: Nan, Inf or huge value in QACC at DOF 12. The simulation is unstable. Time = 0.0300.

WARNING: Nan, Inf or huge value in QACC at DOF 12. The simulation is unstable. Time = 0.0280.

WARNING: Nan, Inf or huge value in QACC at DOF 12. The simulation is unstable. Time = 0.0340.

WARNING: Nan, Inf or huge value in QACC at DOF 12. The simulation is unstable. Time = 0.0320.

WARNING: Nan, Inf or huge value in QACC at DOF 12. The simulation is unstable. Time = 0.0300.

WARNING: Nan, Inf or huge value in QACC at DOF 12. The simulation is unstable. Time = 0.0340.

WARNING: Nan, Inf or huge value in QACC at DOF 12. The simulation is unstable. Time = 0.0320.

WARNING: Nan, Inf or huge value in QACC at DOF 12. The simulation is unstable. Time = 0.0300.

WARNING: Nan, Inf or huge value in QACC at DOF 12. The simulation is unstable. Time = 0.0300.

WARNING: Nan, Inf or huge value in QACC at DOF 12. The simulation is unstable. Time = 0.0340.

WARNING: Nan, Inf or huge value in QACC at DOF 12. The simulation is unstable. Time = 0.0300.

WARNING: Nan, Inf or huge value in QACC at DOF 12. The simulation is unstable. Time = 0.0340.

WARNING: Nan, Inf or huge value in QACC at DOF 12. The simulation is unstable. Time = 0.0300.

WARNING: Nan, Inf or huge value in QACC at DOF 12. The simulation is unstable. Time = 0.0320.

-----------------------------------------
| rollout/                |             |
|    ep_len_mean          | 1.82        |
|    ep_rew_mean          | -20.2       |
|    success_rate         | 0           |
| time/                   |             |
|    fps                  | 731         |
|    iterations           | 30          |
|    time_elapsed         | 42          |
|    total_timesteps      | 281600      |
| train/                  |             |
|    approx_kl            | 0.009856407 |
|    clip_fraction        | 0.087       |
|    clip_range           | 0.2         |
|    entropy_loss         | -13.8       |
|    explained_variance   | 0.669       |
|    learning_rate        | 0.0003      |
|    loss                 | 214         |
|    n_updates            | 2740        |
|    policy_gradient_loss | -0.0322     |
|    std                  | 1.17        |
|    value_loss           | 523         |
-----------------------------------------
WARNING: Nan, Inf or huge value in QACC at DOF 12. The simulation is unstable. Time = 0.0320.

WARNING: Nan, Inf or huge value in QACC at DOF 12. The simulation is unstable. Time = 0.0320.

WARNING: Nan, Inf or huge value in QACC at DOF 12. The simulation is unstable. Time = 0.0320.

WARNING: Nan, Inf or huge value in QACC at DOF 12. The simulation is unstable. Time = 0.0300.

WARNING: Nan, Inf or huge value in QACC at DOF 12. The simulation is unstable. Time = 0.0320.

WARNING: Nan, Inf or huge value in QACC at DOF 12. The simulation is unstable. Time = 0.0340.

WARNING: Nan, Inf or huge value in QACC at DOF 12. The simulation is unstable. Time = 0.0320.

WARNING: Nan, Inf or huge value in QACC at DOF 12. The simulation is unstable. Time = 0.0320.

WARNING: Nan, Inf or huge value in QACC at DOF 12. The simulation is unstable. Time = 0.0320.

WARNING: Nan, Inf or huge value in QACC at DOF 12. The simulation is unstable. Time = 0.0300.

WARNING: Nan, Inf or huge value in QACC at DOF 12. The simulation is unstable. Time = 0.0320.

WARNING: Nan, Inf or huge value in QACC at DOF 12. The simulation is unstable. Time = 0.0300.

WARNING: Nan, Inf or huge value in QACC at DOF 12. The simulation is unstable. Time = 0.0340.

WARNING: Nan, Inf or huge value in QACC at DOF 12. The simulation is unstable. Time = 0.0320.

WARNING: Nan, Inf or huge value in QACC at DOF 12. The simulation is unstable. Time = 0.0340.

WARNING: Nan, Inf or huge value in QACC at DOF 12. The simulation is unstable. Time = 0.0300.

WARNING: Nan, Inf or huge value in QACC at DOF 12. The simulation is unstable. Time = 0.0320.

WARNING: Nan, Inf or huge value in QACC at DOF 12. The simulation is unstable. Time = 0.0320.

WARNING: Nan, Inf or huge value in QACC at DOF 12. The simulation is unstable. Time = 0.0320.

WARNING: Nan, Inf or huge value in QACC at DOF 12. The simulation is unstable. Time = 0.0340.

WARNING: Nan, Inf or huge value in QACC at DOF 12. The simulation is unstable. Time = 0.0320.

WARNING: Nan, Inf or huge value in QACC at DOF 12. The simulation is unstable. Time = 0.0300.

WARNING: Nan, Inf or huge value in QACC at DOF 12. The simulation is unstable. Time = 0.0340.

WARNING: Nan, Inf or huge value in QACC at DOF 12. The simulation is unstable. Time = 0.0320.

------------------------------------------
| rollout/                |              |
|    ep_len_mean          | 1.31         |
|    ep_rew_mean          | -17.9        |
|    success_rate         | 0            |
| time/                   |              |
|    fps                  | 727          |
|    iterations           | 31           |
|    time_elapsed         | 43           |
|    total_timesteps      | 282624       |
| train/                  |              |
|    approx_kl            | 0.0075870873 |
|    clip_fraction        | 0.0656       |
|    clip_range           | 0.2          |
|    entropy_loss         | -13.8        |
|    explained_variance   | 0.835        |
|    learning_rate        | 0.0003       |
|    loss                 | 94           |
|    n_updates            | 2750         |
|    policy_gradient_loss | -0.0327      |
|    std                  | 1.17         |
|    value_loss           | 193          |
------------------------------------------
WARNING: Nan, Inf or huge value in QACC at DOF 12. The simulation is unstable. Time = 0.0300.

WARNING: Nan, Inf or huge value in QACC at DOF 12. The simulation is unstable. Time = 0.0300.

WARNING: Nan, Inf or huge value in QACC at DOF 12. The simulation is unstable. Time = 0.0320.

WARNING: Nan, Inf or huge value in QACC at DOF 12. The simulation is unstable. Time = 0.0320.

WARNING: Nan, Inf or huge value in QACC at DOF 12. The simulation is unstable. Time = 0.0300.

WARNING: Nan, Inf or huge value in QACC at DOF 12. The simulation is unstable. Time = 0.0320.

WARNING: Nan, Inf or huge value in QACC at DOF 12. The simulation is unstable. Time = 0.0300.

WARNING: Nan, Inf or huge value in QACC at DOF 12. The simulation is unstable. Time = 0.0300.

WARNING: Nan, Inf or huge value in QACC at DOF 12. The simulation is unstable. Time = 0.0340.

WARNING: Nan, Inf or huge value in QACC at DOF 12. The simulation is unstable. Time = 0.0340.

WARNING: Nan, Inf or huge value in QACC at DOF 12. The simulation is unstable. Time = 0.0300.

WARNING: Nan, Inf or huge value in QACC at DOF 12. The simulation is unstable. Time = 0.0320.

WARNING: Nan, Inf or huge value in QACC at DOF 12. The simulation is unstable. Time = 0.0340.

WARNING: Nan, Inf or huge value in QACC at DOF 12. The simulation is unstable. Time = 0.0320.

WARNING: Nan, Inf or huge value in QACC at DOF 12. The simulation is unstable. Time = 0.0320.

WARNING: Nan, Inf or huge value in QACC at DOF 12. The simulation is unstable. Time = 0.0300.

WARNING: Nan, Inf or huge value in QACC at DOF 12. The simulation is unstable. Time = 0.0300.

WARNING: Nan, Inf or huge value in QACC at DOF 12. The simulation is unstable. Time = 0.0340.

WARNING: Nan, Inf or huge value in QACC at DOF 12. The simulation is unstable. Time = 0.0300.

WARNING: Nan, Inf or huge value in QACC at DOF 12. The simulation is unstable. Time = 0.0300.

WARNING: Nan, Inf or huge value in QACC at DOF 12. The simulation is unstable. Time = 0.0300.

WARNING: Nan, Inf or huge value in QACC at DOF 12. The simulation is unstable. Time = 0.0340.

WARNING: Nan, Inf or huge value in QACC at DOF 12. The simulation is unstable. Time = 0.0300.

WARNING: Nan, Inf or huge value in QACC at DOF 12. The simulation is unstable. Time = 0.0300.

WARNING: Nan, Inf or huge value in QACC at DOF 12. The simulation is unstable. Time = 0.0300.

WARNING: Nan, Inf or huge value in QACC at DOF 12. The simulation is unstable. Time = 0.0300.

-----------------------------------------
| rollout/                |             |
|    ep_len_mean          | 1.28        |
|    ep_rew_mean          | -16.1       |
|    success_rate         | 0           |
| time/                   |             |
|    fps                  | 726         |
|    iterations           | 32          |
|    time_elapsed         | 45          |
|    total_timesteps      | 283648      |
| train/                  |             |
|    approx_kl            | 0.010446243 |
|    clip_fraction        | 0.107       |
|    clip_range           | 0.2         |
|    entropy_loss         | -13.8       |
|    explained_variance   | 0.805       |
|    learning_rate        | 0.0003      |
|    loss                 | 118         |
|    n_updates            | 2760        |
|    policy_gradient_loss | -0.0373     |
|    std                  | 1.17        |
|    value_loss           | 238         |
-----------------------------------------
WARNING: Nan, Inf or huge value in QACC at DOF 12. The simulation is unstable. Time = 0.0320.

WARNING: Nan, Inf or huge value in QACC at DOF 12. The simulation is unstable. Time = 0.0300.

WARNING: Nan, Inf or huge value in QACC at DOF 12. The simulation is unstable. Time = 0.0320.

WARNING: Nan, Inf or huge value in QACC at DOF 12. The simulation is unstable. Time = 0.0300.

WARNING: Nan, Inf or huge value in QACC at DOF 12. The simulation is unstable. Time = 0.0300.

WARNING: Nan, Inf or huge value in QACC at DOF 12. The simulation is unstable. Time = 0.0340.

WARNING: Nan, Inf or huge value in QACC at DOF 12. The simulation is unstable. Time = 0.0300.

WARNING: Nan, Inf or huge value in QACC at DOF 12. The simulation is unstable. Time = 0.0280.

WARNING: Nan, Inf or huge value in QACC at DOF 12. The simulation is unstable. Time = 0.0300.

WARNING: Nan, Inf or huge value in QACC at DOF 12. The simulation is unstable. Time = 0.0340.

WARNING: Nan, Inf or huge value in QACC at DOF 12. The simulation is unstable. Time = 0.0320.

WARNING: Nan, Inf or huge value in QACC at DOF 12. The simulation is unstable. Time = 0.0320.

WARNING: Nan, Inf or huge value in QACC at DOF 12. The simulation is unstable. Time = 0.0300.

WARNING: Nan, Inf or huge value in QACC at DOF 12. The simulation is unstable. Time = 0.0320.

WARNING: Nan, Inf or huge value in QACC at DOF 12. The simulation is unstable. Time = 0.0300.

WARNING: Nan, Inf or huge value in QACC at DOF 12. The simulation is unstable. Time = 0.0300.

WARNING: Nan, Inf or huge value in QACC at DOF 12. The simulation is unstable. Time = 0.0320.

WARNING: Nan, Inf or huge value in QACC at DOF 12. The simulation is unstable. Time = 0.0300.

WARNING: Nan, Inf or huge value in QACC at DOF 12. The simulation is unstable. Time = 0.0300.

WARNING: Nan, Inf or huge value in QACC at DOF 12. The simulation is unstable. Time = 0.0320.

WARNING: Nan, Inf or huge value in QACC at DOF 12. The simulation is unstable. Time = 0.0300.

WARNING: Nan, Inf or huge value in QACC at DOF 12. The simulation is unstable. Time = 0.0320.

WARNING: Nan, Inf or huge value in QACC at DOF 12. The simulation is unstable. Time = 0.0320.

WARNING: Nan, Inf or huge value in QACC at DOF 12. The simulation is unstable. Time = 0.0320.

WARNING: Nan, Inf or huge value in QACC at DOF 12. The simulation is unstable. Time = 0.0300.

WARNING: Nan, Inf or huge value in QACC at DOF 12. The simulation is unstable. Time = 0.0300.

WARNING: Nan, Inf or huge value in QACC at DOF 12. The simulation is unstable. Time = 0.0300.

WARNING: Nan, Inf or huge value in QACC at DOF 12. The simulation is unstable. Time = 0.0320.

WARNING: Nan, Inf or huge value in QACC at DOF 12. The simulation is unstable. Time = 0.0340.

WARNING: Nan, Inf or huge value in QACC at DOF 12. The simulation is unstable. Time = 0.0340.

WARNING: Nan, Inf or huge value in QACC at DOF 12. The simulation is unstable. Time = 0.0320.

WARNING: Nan, Inf or huge value in QACC at DOF 12. The simulation is unstable. Time = 0.0300.

-----------------------------------------
| rollout/                |             |
|    ep_len_mean          | 1.31        |
|    ep_rew_mean          | -16.9       |
|    success_rate         | 0           |
| time/                   |             |
|    fps                  | 725         |
|    iterations           | 33          |
|    time_elapsed         | 46          |
|    total_timesteps      | 284672      |
| train/                  |             |
|    approx_kl            | 0.011335613 |
|    clip_fraction        | 0.0915      |
|    clip_range           | 0.2         |
|    entropy_loss         | -13.8       |
|    explained_variance   | 0.74        |
|    learning_rate        | 0.0003      |
|    loss                 | 155         |
|    n_updates            | 2770        |
|    policy_gradient_loss | -0.0349     |
|    std                  | 1.17        |
|    value_loss           | 376         |
-----------------------------------------
WARNING: Nan, Inf or huge value in QACC at DOF 12. The simulation is unstable. Time = 0.0300.

WARNING: Nan, Inf or huge value in QACC at DOF 12. The simulation is unstable. Time = 0.0340.

WARNING: Nan, Inf or huge value in QACC at DOF 12. The simulation is unstable. Time = 0.0340.

WARNING: Nan, Inf or huge value in QACC at DOF 12. The simulation is unstable. Time = 0.0320.

WARNING: Nan, Inf or huge value in QACC at DOF 12. The simulation is unstable. Time = 0.0320.

WARNING: Nan, Inf or huge value in QACC at DOF 12. The simulation is unstable. Time = 0.0280.

WARNING: Nan, Inf or huge value in QACC at DOF 12. The simulation is unstable. Time = 0.0320.

WARNING: Nan, Inf or huge value in QACC at DOF 12. The simulation is unstable. Time = 0.0280.

WARNING: Nan, Inf or huge value in QACC at DOF 12. The simulation is unstable. Time = 0.0340.

WARNING: Nan, Inf or huge value in QACC at DOF 12. The simulation is unstable. Time = 0.0300.

WARNING: Nan, Inf or huge value in QACC at DOF 12. The simulation is unstable. Time = 0.0300.

WARNING: Nan, Inf or huge value in QACC at DOF 12. The simulation is unstable. Time = 0.0320.

WARNING: Nan, Inf or huge value in QACC at DOF 12. The simulation is unstable. Time = 0.0320.

WARNING: Nan, Inf or huge value in QACC at DOF 12. The simulation is unstable. Time = 0.0280.

WARNING: Nan, Inf or huge value in QACC at DOF 12. The simulation is unstable. Time = 0.0320.

WARNING: Nan, Inf or huge value in QACC at DOF 12. The simulation is unstable. Time = 0.0300.

WARNING: Nan, Inf or huge value in QACC at DOF 12. The simulation is unstable. Time = 0.0300.

WARNING: Nan, Inf or huge value in QACC at DOF 12. The simulation is unstable. Time = 0.0320.

WARNING: Nan, Inf or huge value in QACC at DOF 12. The simulation is unstable. Time = 0.0320.

WARNING: Nan, Inf or huge value in QACC at DOF 12. The simulation is unstable. Time = 0.0300.

WARNING: Nan, Inf or huge value in QACC at DOF 12. The simulation is unstable. Time = 0.0320.

WARNING: Nan, Inf or huge value in QACC at DOF 12. The simulation is unstable. Time = 0.0300.

WARNING: Nan, Inf or huge value in QACC at DOF 12. The simulation is unstable. Time = 0.0340.

WARNING: Nan, Inf or huge value in QACC at DOF 12. The simulation is unstable. Time = 0.0280.

WARNING: Nan, Inf or huge value in QACC at DOF 12. The simulation is unstable. Time = 0.0320.

WARNING: Nan, Inf or huge value in QACC at DOF 12. The simulation is unstable. Time = 0.0320.

-----------------------------------------
| rollout/                |             |
|    ep_len_mean          | 1.56        |
|    ep_rew_mean          | -18.3       |
|    success_rate         | 0           |
| time/                   |             |
|    fps                  | 723         |
|    iterations           | 34          |
|    time_elapsed         | 48          |
|    total_timesteps      | 285696      |
| train/                  |             |
|    approx_kl            | 0.013237104 |
|    clip_fraction        | 0.144       |
|    clip_range           | 0.2         |
|    entropy_loss         | -13.8       |
|    explained_variance   | 0.759       |
|    learning_rate        | 0.0003      |
|    loss                 | 145         |
|    n_updates            | 2780        |
|    policy_gradient_loss | -0.034      |
|    std                  | 1.17        |
|    value_loss           | 350         |
-----------------------------------------
WARNING: Nan, Inf or huge value in QACC at DOF 12. The simulation is unstable. Time = 0.0300.

WARNING: Nan, Inf or huge value in QACC at DOF 12. The simulation is unstable. Time = 0.0320.

WARNING: Nan, Inf or huge value in QACC at DOF 12. The simulation is unstable. Time = 0.0340.

WARNING: Nan, Inf or huge value in QACC at DOF 12. The simulation is unstable. Time = 0.0340.

WARNING: Nan, Inf or huge value in QACC at DOF 12. The simulation is unstable. Time = 0.0320.

WARNING: Nan, Inf or huge value in QACC at DOF 12. The simulation is unstable. Time = 0.0320.

WARNING: Nan, Inf or huge value in QACC at DOF 12. The simulation is unstable. Time = 0.0300.

WARNING: Nan, Inf or huge value in QACC at DOF 12. The simulation is unstable. Time = 0.0320.

WARNING: Nan, Inf or huge value in QACC at DOF 12. The simulation is unstable. Time = 0.0300.

WARNING: Nan, Inf or huge value in QACC at DOF 12. The simulation is unstable. Time = 0.0340.

WARNING: Nan, Inf or huge value in QACC at DOF 12. The simulation is unstable. Time = 0.0320.

WARNING: Nan, Inf or huge value in QACC at DOF 12. The simulation is unstable. Time = 0.0340.

WARNING: Nan, Inf or huge value in QACC at DOF 12. The simulation is unstable. Time = 0.0340.

WARNING: Nan, Inf or huge value in QACC at DOF 12. The simulation is unstable. Time = 0.0340.

WARNING: Nan, Inf or huge value in QACC at DOF 12. The simulation is unstable. Time = 0.0320.

WARNING: Nan, Inf or huge value in QACC at DOF 12. The simulation is unstable. Time = 0.0300.

WARNING: Nan, Inf or huge value in QACC at DOF 12. The simulation is unstable. Time = 0.0320.

WARNING: Nan, Inf or huge value in QACC at DOF 12. The simulation is unstable. Time = 0.0320.

WARNING: Nan, Inf or huge value in QACC at DOF 12. The simulation is unstable. Time = 0.0300.

WARNING: Nan, Inf or huge value in QACC at DOF 12. The simulation is unstable. Time = 0.0300.

WARNING: Nan, Inf or huge value in QACC at DOF 12. The simulation is unstable. Time = 0.0340.

WARNING: Nan, Inf or huge value in QACC at DOF 12. The simulation is unstable. Time = 0.0320.

-----------------------------------------
| rollout/                |             |
|    ep_len_mean          | 1.87        |
|    ep_rew_mean          | -20.8       |
|    success_rate         | 0           |
| time/                   |             |
|    fps                  | 721         |
|    iterations           | 35          |
|    time_elapsed         | 49          |
|    total_timesteps      | 286720      |
| train/                  |             |
|    approx_kl            | 0.008939302 |
|    clip_fraction        | 0.104       |
|    clip_range           | 0.2         |
|    entropy_loss         | -13.8       |
|    explained_variance   | 0.794       |
|    learning_rate        | 0.0003      |
|    loss                 | 118         |
|    n_updates            | 2790        |
|    policy_gradient_loss | -0.0345     |
|    std                  | 1.17        |
|    value_loss           | 243         |
-----------------------------------------
WARNING: Nan, Inf or huge value in QACC at DOF 12. The simulation is unstable. Time = 0.0340.

WARNING: Nan, Inf or huge value in QACC at DOF 12. The simulation is unstable. Time = 0.0320.

WARNING: Nan, Inf or huge value in QACC at DOF 12. The simulation is unstable. Time = 0.0320.

WARNING: Nan, Inf or huge value in QACC at DOF 12. The simulation is unstable. Time = 0.0320.

WARNING: Nan, Inf or huge value in QACC at DOF 12. The simulation is unstable. Time = 0.0280.

WARNING: Nan, Inf or huge value in QACC at DOF 12. The simulation is unstable. Time = 0.0280.

WARNING: Nan, Inf or huge value in QACC at DOF 12. The simulation is unstable. Time = 0.0300.

WARNING: Nan, Inf or huge value in QACC at DOF 12. The simulation is unstable. Time = 0.0340.

WARNING: Nan, Inf or huge value in QACC at DOF 12. The simulation is unstable. Time = 0.0340.

WARNING: Nan, Inf or huge value in QACC at DOF 12. The simulation is unstable. Time = 0.0340.

WARNING: Nan, Inf or huge value in QACC at DOF 12. The simulation is unstable. Time = 0.0320.

WARNING: Nan, Inf or huge value in QACC at DOF 12. The simulation is unstable. Time = 0.0320.

WARNING: Nan, Inf or huge value in QACC at DOF 12. The simulation is unstable. Time = 0.0320.

WARNING: Nan, Inf or huge value in QACC at DOF 12. The simulation is unstable. Time = 0.0300.

WARNING: Nan, Inf or huge value in QACC at DOF 12. The simulation is unstable. Time = 0.0300.

WARNING: Nan, Inf or huge value in QACC at DOF 12. The simulation is unstable. Time = 0.0320.

WARNING: Nan, Inf or huge value in QACC at DOF 12. The simulation is unstable. Time = 0.0320.

WARNING: Nan, Inf or huge value in QACC at DOF 12. The simulation is unstable. Time = 0.0320.

WARNING: Nan, Inf or huge value in QACC at DOF 12. The simulation is unstable. Time = 0.0300.

WARNING: Nan, Inf or huge value in QACC at DOF 12. The simulation is unstable. Time = 0.0320.

WARNING: Nan, Inf or huge value in QACC at DOF 12. The simulation is unstable. Time = 0.0340.

WARNING: Nan, Inf or huge value in QACC at DOF 12. The simulation is unstable. Time = 0.0320.

WARNING: Nan, Inf or huge value in QACC at DOF 12. The simulation is unstable. Time = 0.0320.

WARNING: Nan, Inf or huge value in QACC at DOF 12. The simulation is unstable. Time = 0.0320.

WARNING: Nan, Inf or huge value in QACC at DOF 12. The simulation is unstable. Time = 0.0320.

WARNING: Nan, Inf or huge value in QACC at DOF 12. The simulation is unstable. Time = 0.0300.

WARNING: Nan, Inf or huge value in QACC at DOF 12. The simulation is unstable. Time = 0.0300.

WARNING: Nan, Inf or huge value in QACC at DOF 12. The simulation is unstable. Time = 0.0340.

WARNING: Nan, Inf or huge value in QACC at DOF 12. The simulation is unstable. Time = 0.0340.

WARNING: Nan, Inf or huge value in QACC at DOF 12. The simulation is unstable. Time = 0.0300.

-----------------------------------------
| rollout/                |             |
|    ep_len_mean          | 1.54        |
|    ep_rew_mean          | -18         |
|    success_rate         | 0           |
| time/                   |             |
|    fps                  | 720         |
|    iterations           | 36          |
|    time_elapsed         | 51          |
|    total_timesteps      | 287744      |
| train/                  |             |
|    approx_kl            | 0.013038794 |
|    clip_fraction        | 0.123       |
|    clip_range           | 0.2         |
|    entropy_loss         | -13.8       |
|    explained_variance   | 0.789       |
|    learning_rate        | 0.0003      |
|    loss                 | 64.9        |
|    n_updates            | 2800        |
|    policy_gradient_loss | -0.0364     |
|    std                  | 1.17        |
|    value_loss           | 202         |
-----------------------------------------
WARNING: Nan, Inf or huge value in QACC at DOF 12. The simulation is unstable. Time = 0.0320.

WARNING: Nan, Inf or huge value in QACC at DOF 12. The simulation is unstable. Time = 0.0340.

WARNING: Nan, Inf or huge value in QACC at DOF 12. The simulation is unstable. Time = 0.0300.

WARNING: Nan, Inf or huge value in QACC at DOF 12. The simulation is unstable. Time = 0.0320.

WARNING: Nan, Inf or huge value in QACC at DOF 12. The simulation is unstable. Time = 0.0320.

WARNING: Nan, Inf or huge value in QACC at DOF 12. The simulation is unstable. Time = 0.0280.

WARNING: Nan, Inf or huge value in QACC at DOF 12. The simulation is unstable. Time = 0.0320.

WARNING: Nan, Inf or huge value in QACC at DOF 12. The simulation is unstable. Time = 0.0320.

WARNING: Nan, Inf or huge value in QACC at DOF 12. The simulation is unstable. Time = 0.0300.

WARNING: Nan, Inf or huge value in QACC at DOF 12. The simulation is unstable. Time = 0.0300.

WARNING: Nan, Inf or huge value in QACC at DOF 12. The simulation is unstable. Time = 0.0340.

WARNING: Nan, Inf or huge value in QACC at DOF 12. The simulation is unstable. Time = 0.0320.

WARNING: Nan, Inf or huge value in QACC at DOF 12. The simulation is unstable. Time = 0.0320.

WARNING: Nan, Inf or huge value in QACC at DOF 12. The simulation is unstable. Time = 0.0320.

WARNING: Nan, Inf or huge value in QACC at DOF 12. The simulation is unstable. Time = 0.0320.

WARNING: Nan, Inf or huge value in QACC at DOF 12. The simulation is unstable. Time = 0.0320.

WARNING: Nan, Inf or huge value in QACC at DOF 12. The simulation is unstable. Time = 0.0320.

WARNING: Nan, Inf or huge value in QACC at DOF 12. The simulation is unstable. Time = 0.0320.

WARNING: Nan, Inf or huge value in QACC at DOF 12. The simulation is unstable. Time = 0.0300.

WARNING: Nan, Inf or huge value in QACC at DOF 12. The simulation is unstable. Time = 0.0300.

WARNING: Nan, Inf or huge value in QACC at DOF 12. The simulation is unstable. Time = 0.0320.

WARNING: Nan, Inf or huge value in QACC at DOF 12. The simulation is unstable. Time = 0.0300.

WARNING: Nan, Inf or huge value in QACC at DOF 12. The simulation is unstable. Time = 0.0320.

WARNING: Nan, Inf or huge value in QACC at DOF 12. The simulation is unstable. Time = 0.0320.

WARNING: Nan, Inf or huge value in QACC at DOF 12. The simulation is unstable. Time = 0.0340.

WARNING: Nan, Inf or huge value in QACC at DOF 12. The simulation is unstable. Time = 0.0320.

WARNING: Nan, Inf or huge value in QACC at DOF 12. The simulation is unstable. Time = 0.0300.

-----------------------------------------
| rollout/                |             |
|    ep_len_mean          | 1.77        |
|    ep_rew_mean          | -20.4       |
|    success_rate         | 0           |
| time/                   |             |
|    fps                  | 712         |
|    iterations           | 37          |
|    time_elapsed         | 53          |
|    total_timesteps      | 288768      |
| train/                  |             |
|    approx_kl            | 0.014759174 |
|    clip_fraction        | 0.139       |
|    clip_range           | 0.2         |
|    entropy_loss         | -13.8       |
|    explained_variance   | 0.767       |
|    learning_rate        | 0.0003      |
|    loss                 | 43.3        |
|    n_updates            | 2810        |
|    policy_gradient_loss | -0.036      |
|    std                  | 1.18        |
|    value_loss           | 132         |
-----------------------------------------
WARNING: Nan, Inf or huge value in QACC at DOF 12. The simulation is unstable. Time = 0.0320.

WARNING: Nan, Inf or huge value in QACC at DOF 12. The simulation is unstable. Time = 0.0320.

WARNING: Nan, Inf or huge value in QACC at DOF 12. The simulation is unstable. Time = 0.0300.

WARNING: Nan, Inf or huge value in QACC at DOF 12. The simulation is unstable. Time = 0.0280.

WARNING: Nan, Inf or huge value in QACC at DOF 12. The simulation is unstable. Time = 0.0260.

WARNING: Nan, Inf or huge value in QACC at DOF 12. The simulation is unstable. Time = 0.0300.

WARNING: Nan, Inf or huge value in QACC at DOF 12. The simulation is unstable. Time = 0.0320.

WARNING: Nan, Inf or huge value in QACC at DOF 12. The simulation is unstable. Time = 0.0300.

WARNING: Nan, Inf or huge value in QACC at DOF 12. The simulation is unstable. Time = 0.0280.

WARNING: Nan, Inf or huge value in QACC at DOF 12. The simulation is unstable. Time = 0.0300.

WARNING: Nan, Inf or huge value in QACC at DOF 12. The simulation is unstable. Time = 0.0320.

WARNING: Nan, Inf or huge value in QACC at DOF 12. The simulation is unstable. Time = 0.0300.

WARNING: Nan, Inf or huge value in QACC at DOF 12. The simulation is unstable. Time = 0.0300.

WARNING: Nan, Inf or huge value in QACC at DOF 12. The simulation is unstable. Time = 0.0320.

WARNING: Nan, Inf or huge value in QACC at DOF 12. The simulation is unstable. Time = 0.0320.

WARNING: Nan, Inf or huge value in QACC at DOF 12. The simulation is unstable. Time = 0.0320.

WARNING: Nan, Inf or huge value in QACC at DOF 12. The simulation is unstable. Time = 0.0260.

WARNING: Nan, Inf or huge value in QACC at DOF 12. The simulation is unstable. Time = 0.0260.

WARNING: Nan, Inf or huge value in QACC at DOF 12. The simulation is unstable. Time = 0.0300.

WARNING: Nan, Inf or huge value in QACC at DOF 12. The simulation is unstable. Time = 0.0340.

WARNING: Nan, Inf or huge value in QACC at DOF 12. The simulation is unstable. Time = 0.0320.

WARNING: Nan, Inf or huge value in QACC at DOF 12. The simulation is unstable. Time = 0.0300.

WARNING: Nan, Inf or huge value in QACC at DOF 12. The simulation is unstable. Time = 0.0340.

WARNING: Nan, Inf or huge value in QACC at DOF 12. The simulation is unstable. Time = 0.0320.

-----------------------------------------
| rollout/                |             |
|    ep_len_mean          | 1.21        |
|    ep_rew_mean          | -15.9       |
|    success_rate         | 0           |
| time/                   |             |
|    fps                  | 706         |
|    iterations           | 38          |
|    time_elapsed         | 55          |
|    total_timesteps      | 289792      |
| train/                  |             |
|    approx_kl            | 0.012603024 |
|    clip_fraction        | 0.123       |
|    clip_range           | 0.2         |
|    entropy_loss         | -13.8       |
|    explained_variance   | 0.788       |
|    learning_rate        | 0.0003      |
|    loss                 | 118         |
|    n_updates            | 2820        |
|    policy_gradient_loss | -0.0356     |
|    std                  | 1.18        |
|    value_loss           | 220         |
-----------------------------------------
WARNING: Nan, Inf or huge value in QACC at DOF 12. The simulation is unstable. Time = 0.0320.

WARNING: Nan, Inf or huge value in QACC at DOF 12. The simulation is unstable. Time = 0.0320.

WARNING: Nan, Inf or huge value in QACC at DOF 12. The simulation is unstable. Time = 0.0340.

WARNING: Nan, Inf or huge value in QACC at DOF 12. The simulation is unstable. Time = 0.0300.

WARNING: Nan, Inf or huge value in QACC at DOF 12. The simulation is unstable. Time = 0.0320.

WARNING: Nan, Inf or huge value in QACC at DOF 12. The simulation is unstable. Time = 0.0320.

WARNING: Nan, Inf or huge value in QACC at DOF 12. The simulation is unstable. Time = 0.0320.

WARNING: Nan, Inf or huge value in QACC at DOF 12. The simulation is unstable. Time = 0.0320.

WARNING: Nan, Inf or huge value in QACC at DOF 12. The simulation is unstable. Time = 0.0320.

WARNING: Nan, Inf or huge value in QACC at DOF 12. The simulation is unstable. Time = 0.0320.

WARNING: Nan, Inf or huge value in QACC at DOF 12. The simulation is unstable. Time = 0.0340.

WARNING: Nan, Inf or huge value in QACC at DOF 12. The simulation is unstable. Time = 0.0320.

WARNING: Nan, Inf or huge value in QACC at DOF 12. The simulation is unstable. Time = 0.0320.

WARNING: Nan, Inf or huge value in QACC at DOF 12. The simulation is unstable. Time = 0.0320.

WARNING: Nan, Inf or huge value in QACC at DOF 12. The simulation is unstable. Time = 0.0300.

WARNING: Nan, Inf or huge value in QACC at DOF 12. The simulation is unstable. Time = 0.0340.

WARNING: Nan, Inf or huge value in QACC at DOF 12. The simulation is unstable. Time = 0.0320.

WARNING: Nan, Inf or huge value in QACC at DOF 12. The simulation is unstable. Time = 0.0320.

WARNING: Nan, Inf or huge value in QACC at DOF 12. The simulation is unstable. Time = 0.0340.

WARNING: Nan, Inf or huge value in QACC at DOF 12. The simulation is unstable. Time = 0.0320.

WARNING: Nan, Inf or huge value in QACC at DOF 12. The simulation is unstable. Time = 0.0300.

WARNING: Nan, Inf or huge value in QACC at DOF 12. The simulation is unstable. Time = 0.0320.

WARNING: Nan, Inf or huge value in QACC at DOF 12. The simulation is unstable. Time = 0.0320.

WARNING: Nan, Inf or huge value in QACC at DOF 12. The simulation is unstable. Time = 0.0320.

WARNING: Nan, Inf or huge value in QACC at DOF 12. The simulation is unstable. Time = 0.0260.

WARNING: Nan, Inf or huge value in QACC at DOF 12. The simulation is unstable. Time = 0.0340.

WARNING: Nan, Inf or huge value in QACC at DOF 12. The simulation is unstable. Time = 0.0320.

WARNING: Nan, Inf or huge value in QACC at DOF 12. The simulation is unstable. Time = 0.0340.

WARNING: Nan, Inf or huge value in QACC at DOF 12. The simulation is unstable. Time = 0.0320.

WARNING: Nan, Inf or huge value in QACC at DOF 12. The simulation is unstable. Time = 0.0300.

-----------------------------------------
| rollout/                |             |
|    ep_len_mean          | 2.16        |
|    ep_rew_mean          | -24.3       |
|    success_rate         | 0           |
| time/                   |             |
|    fps                  | 707         |
|    iterations           | 39          |
|    time_elapsed         | 56          |
|    total_timesteps      | 290816      |
| train/                  |             |
|    approx_kl            | 0.010054032 |
|    clip_fraction        | 0.0888      |
|    clip_range           | 0.2         |
|    entropy_loss         | -13.8       |
|    explained_variance   | 0.707       |
|    learning_rate        | 0.0003      |
|    loss                 | 142         |
|    n_updates            | 2830        |
|    policy_gradient_loss | -0.0342     |
|    std                  | 1.18        |
|    value_loss           | 305         |
-----------------------------------------
WARNING: Nan, Inf or huge value in QACC at DOF 12. The simulation is unstable. Time = 0.0280.

WARNING: Nan, Inf or huge value in QACC at DOF 12. The simulation is unstable. Time = 0.0300.

WARNING: Nan, Inf or huge value in QACC at DOF 12. The simulation is unstable. Time = 0.0320.

WARNING: Nan, Inf or huge value in QACC at DOF 12. The simulation is unstable. Time = 0.0340.

WARNING: Nan, Inf or huge value in QACC at DOF 12. The simulation is unstable. Time = 0.0320.

WARNING: Nan, Inf or huge value in QACC at DOF 12. The simulation is unstable. Time = 0.0340.

WARNING: Nan, Inf or huge value in QACC at DOF 12. The simulation is unstable. Time = 0.0300.

WARNING: Nan, Inf or huge value in QACC at DOF 12. The simulation is unstable. Time = 0.0300.

WARNING: Nan, Inf or huge value in QACC at DOF 12. The simulation is unstable. Time = 0.0320.

WARNING: Nan, Inf or huge value in QACC at DOF 12. The simulation is unstable. Time = 0.0300.

WARNING: Nan, Inf or huge value in QACC at DOF 12. The simulation is unstable. Time = 0.0300.

WARNING: Nan, Inf or huge value in QACC at DOF 12. The simulation is unstable. Time = 0.0320.

WARNING: Nan, Inf or huge value in QACC at DOF 12. The simulation is unstable. Time = 0.0320.

WARNING: Nan, Inf or huge value in QACC at DOF 12. The simulation is unstable. Time = 0.0300.

WARNING: Nan, Inf or huge value in QACC at DOF 12. The simulation is unstable. Time = 0.0340.

WARNING: Nan, Inf or huge value in QACC at DOF 12. The simulation is unstable. Time = 0.0300.

WARNING: Nan, Inf or huge value in QACC at DOF 12. The simulation is unstable. Time = 0.0300.

WARNING: Nan, Inf or huge value in QACC at DOF 12. The simulation is unstable. Time = 0.0320.

WARNING: Nan, Inf or huge value in QACC at DOF 12. The simulation is unstable. Time = 0.0300.

WARNING: Nan, Inf or huge value in QACC at DOF 12. The simulation is unstable. Time = 0.0320.

WARNING: Nan, Inf or huge value in QACC at DOF 12. The simulation is unstable. Time = 0.0320.

WARNING: Nan, Inf or huge value in QACC at DOF 12. The simulation is unstable. Time = 0.0300.

WARNING: Nan, Inf or huge value in QACC at DOF 12. The simulation is unstable. Time = 0.0320.

WARNING: Nan, Inf or huge value in QACC at DOF 12. The simulation is unstable. Time = 0.0320.

WARNING: Nan, Inf or huge value in QACC at DOF 12. The simulation is unstable. Time = 0.0280.

WARNING: Nan, Inf or huge value in QACC at DOF 12. The simulation is unstable. Time = 0.0300.

-----------------------------------------
| rollout/                |             |
|    ep_len_mean          | 1.29        |
|    ep_rew_mean          | -16.5       |
|    success_rate         | 0           |
| time/                   |             |
|    fps                  | 705         |
|    iterations           | 40          |
|    time_elapsed         | 58          |
|    total_timesteps      | 291840      |
| train/                  |             |
|    approx_kl            | 0.016008442 |
|    clip_fraction        | 0.123       |
|    clip_range           | 0.2         |
|    entropy_loss         | -13.8       |
|    explained_variance   | 0.708       |
|    learning_rate        | 0.0003      |
|    loss                 | 236         |
|    n_updates            | 2840        |
|    policy_gradient_loss | -0.0354     |
|    std                  | 1.18        |
|    value_loss           | 439         |
-----------------------------------------
WARNING: Nan, Inf or huge value in QACC at DOF 12. The simulation is unstable. Time = 0.0300.

WARNING: Nan, Inf or huge value in QACC at DOF 12. The simulation is unstable. Time = 0.0320.

WARNING: Nan, Inf or huge value in QACC at DOF 12. The simulation is unstable. Time = 0.0320.

WARNING: Nan, Inf or huge value in QACC at DOF 12. The simulation is unstable. Time = 0.0340.

WARNING: Nan, Inf or huge value in QACC at DOF 12. The simulation is unstable. Time = 0.0340.

WARNING: Nan, Inf or huge value in QACC at DOF 12. The simulation is unstable. Time = 0.0320.

WARNING: Nan, Inf or huge value in QACC at DOF 12. The simulation is unstable. Time = 0.0320.

WARNING: Nan, Inf or huge value in QACC at DOF 12. The simulation is unstable. Time = 0.0300.

WARNING: Nan, Inf or huge value in QACC at DOF 12. The simulation is unstable. Time = 0.0300.

WARNING: Nan, Inf or huge value in QACC at DOF 12. The simulation is unstable. Time = 0.0320.

WARNING: Nan, Inf or huge value in QACC at DOF 12. The simulation is unstable. Time = 0.0300.

WARNING: Nan, Inf or huge value in QACC at DOF 12. The simulation is unstable. Time = 0.0320.

WARNING: Nan, Inf or huge value in QACC at DOF 12. The simulation is unstable. Time = 0.0320.

WARNING: Nan, Inf or huge value in QACC at DOF 12. The simulation is unstable. Time = 0.0300.

WARNING: Nan, Inf or huge value in QACC at DOF 12. The simulation is unstable. Time = 0.0320.

WARNING: Nan, Inf or huge value in QACC at DOF 12. The simulation is unstable. Time = 0.0300.

WARNING: Nan, Inf or huge value in QACC at DOF 12. The simulation is unstable. Time = 0.0300.

WARNING: Nan, Inf or huge value in QACC at DOF 12. The simulation is unstable. Time = 0.0340.

WARNING: Nan, Inf or huge value in QACC at DOF 12. The simulation is unstable. Time = 0.0320.

WARNING: Nan, Inf or huge value in QACC at DOF 12. The simulation is unstable. Time = 0.0320.

WARNING: Nan, Inf or huge value in QACC at DOF 12. The simulation is unstable. Time = 0.0300.

WARNING: Nan, Inf or huge value in QACC at DOF 12. The simulation is unstable. Time = 0.0320.

WARNING: Nan, Inf or huge value in QACC at DOF 12. The simulation is unstable. Time = 0.0340.

WARNING: Nan, Inf or huge value in QACC at DOF 12. The simulation is unstable. Time = 0.0320.

WARNING: Nan, Inf or huge value in QACC at DOF 12. The simulation is unstable. Time = 0.0340.

WARNING: Nan, Inf or huge value in QACC at DOF 12. The simulation is unstable. Time = 0.0320.

WARNING: Nan, Inf or huge value in QACC at DOF 12. The simulation is unstable. Time = 0.0300.

WARNING: Nan, Inf or huge value in QACC at DOF 12. The simulation is unstable. Time = 0.0320.

WARNING: Nan, Inf or huge value in QACC at DOF 12. The simulation is unstable. Time = 0.0320.

WARNING: Nan, Inf or huge value in QACC at DOF 12. The simulation is unstable. Time = 0.0320.

WARNING: Nan, Inf or huge value in QACC at DOF 12. The simulation is unstable. Time = 0.0320.

-----------------------------------------
| rollout/                |             |
|    ep_len_mean          | 1.69        |
|    ep_rew_mean          | -18.8       |
|    success_rate         | 0           |
| time/                   |             |
|    fps                  | 705         |
|    iterations           | 41          |
|    time_elapsed         | 59          |
|    total_timesteps      | 292864      |
| train/                  |             |
|    approx_kl            | 0.026599959 |
|    clip_fraction        | 0.186       |
|    clip_range           | 0.2         |
|    entropy_loss         | -13.8       |
|    explained_variance   | 0.798       |
|    learning_rate        | 0.0003      |
|    loss                 | 72.4        |
|    n_updates            | 2850        |
|    policy_gradient_loss | -0.0379     |
|    std                  | 1.18        |
|    value_loss           | 119         |
-----------------------------------------
WARNING: Nan, Inf or huge value in QACC at DOF 12. The simulation is unstable. Time = 0.0300.

WARNING: Nan, Inf or huge value in QACC at DOF 12. The simulation is unstable. Time = 0.0340.

WARNING: Nan, Inf or huge value in QACC at DOF 12. The simulation is unstable. Time = 0.0320.

WARNING: Nan, Inf or huge value in QACC at DOF 12. The simulation is unstable. Time = 0.0300.

WARNING: Nan, Inf or huge value in QACC at DOF 12. The simulation is unstable. Time = 0.0320.

WARNING: Nan, Inf or huge value in QACC at DOF 12. The simulation is unstable. Time = 0.0320.

WARNING: Nan, Inf or huge value in QACC at DOF 12. The simulation is unstable. Time = 0.0300.

WARNING: Nan, Inf or huge value in QACC at DOF 12. The simulation is unstable. Time = 0.0340.

WARNING: Nan, Inf or huge value in QACC at DOF 12. The simulation is unstable. Time = 0.0300.

WARNING: Nan, Inf or huge value in QACC at DOF 12. The simulation is unstable. Time = 0.0340.

WARNING: Nan, Inf or huge value in QACC at DOF 12. The simulation is unstable. Time = 0.0320.

WARNING: Nan, Inf or huge value in QACC at DOF 12. The simulation is unstable. Time = 0.0320.

WARNING: Nan, Inf or huge value in QACC at DOF 12. The simulation is unstable. Time = 0.0320.

WARNING: Nan, Inf or huge value in QACC at DOF 12. The simulation is unstable. Time = 0.0340.

WARNING: Nan, Inf or huge value in QACC at DOF 12. The simulation is unstable. Time = 0.0300.

WARNING: Nan, Inf or huge value in QACC at DOF 12. The simulation is unstable. Time = 0.0300.

WARNING: Nan, Inf or huge value in QACC at DOF 12. The simulation is unstable. Time = 0.0300.

WARNING: Nan, Inf or huge value in QACC at DOF 12. The simulation is unstable. Time = 0.0300.

WARNING: Nan, Inf or huge value in QACC at DOF 12. The simulation is unstable. Time = 0.0320.

WARNING: Nan, Inf or huge value in QACC at DOF 12. The simulation is unstable. Time = 0.0300.

WARNING: Nan, Inf or huge value in QACC at DOF 12. The simulation is unstable. Time = 0.0320.

WARNING: Nan, Inf or huge value in QACC at DOF 12. The simulation is unstable. Time = 0.0320.

WARNING: Nan, Inf or huge value in QACC at DOF 12. The simulation is unstable. Time = 0.0280.

WARNING: Nan, Inf or huge value in QACC at DOF 12. The simulation is unstable. Time = 0.0320.

WARNING: Nan, Inf or huge value in QACC at DOF 12. The simulation is unstable. Time = 0.0320.

WARNING: Nan, Inf or huge value in QACC at DOF 12. The simulation is unstable. Time = 0.0320.

WARNING: Nan, Inf or huge value in QACC at DOF 12. The simulation is unstable. Time = 0.0300.

WARNING: Nan, Inf or huge value in QACC at DOF 12. The simulation is unstable. Time = 0.0300.

WARNING: Nan, Inf or huge value in QACC at DOF 12. The simulation is unstable. Time = 0.0320.

WARNING: Nan, Inf or huge value in QACC at DOF 12. The simulation is unstable. Time = 0.0320.

-----------------------------------------
| rollout/                |             |
|    ep_len_mean          | 1.64        |
|    ep_rew_mean          | -19.9       |
|    success_rate         | 0           |
| time/                   |             |
|    fps                  | 705         |
|    iterations           | 42          |
|    time_elapsed         | 60          |
|    total_timesteps      | 293888      |
| train/                  |             |
|    approx_kl            | 0.021790778 |
|    clip_fraction        | 0.219       |
|    clip_range           | 0.2         |
|    entropy_loss         | -13.8       |
|    explained_variance   | 0.799       |
|    learning_rate        | 0.0003      |
|    loss                 | 15.6        |
|    n_updates            | 2860        |
|    policy_gradient_loss | -0.0379     |
|    std                  | 1.18        |
|    value_loss           | 104         |
-----------------------------------------
WARNING: Nan, Inf or huge value in QACC at DOF 12. The simulation is unstable. Time = 0.0320.

WARNING: Nan, Inf or huge value in QACC at DOF 12. The simulation is unstable. Time = 0.0280.

WARNING: Nan, Inf or huge value in QACC at DOF 12. The simulation is unstable. Time = 0.0340.

WARNING: Nan, Inf or huge value in QACC at DOF 12. The simulation is unstable. Time = 0.0320.

WARNING: Nan, Inf or huge value in QACC at DOF 12. The simulation is unstable. Time = 0.0320.

WARNING: Nan, Inf or huge value in QACC at DOF 12. The simulation is unstable. Time = 0.0320.

WARNING: Nan, Inf or huge value in QACC at DOF 12. The simulation is unstable. Time = 0.0340.

WARNING: Nan, Inf or huge value in QACC at DOF 12. The simulation is unstable. Time = 0.0320.

WARNING: Nan, Inf or huge value in QACC at DOF 12. The simulation is unstable. Time = 0.0320.

WARNING: Nan, Inf or huge value in QACC at DOF 12. The simulation is unstable. Time = 0.0320.

WARNING: Nan, Inf or huge value in QACC at DOF 12. The simulation is unstable. Time = 0.0320.

WARNING: Nan, Inf or huge value in QACC at DOF 12. The simulation is unstable. Time = 0.0300.

WARNING: Nan, Inf or huge value in QACC at DOF 12. The simulation is unstable. Time = 0.0320.

WARNING: Nan, Inf or huge value in QACC at DOF 12. The simulation is unstable. Time = 0.0300.

WARNING: Nan, Inf or huge value in QACC at DOF 12. The simulation is unstable. Time = 0.0300.

WARNING: Nan, Inf or huge value in QACC at DOF 12. The simulation is unstable. Time = 0.0300.

WARNING: Nan, Inf or huge value in QACC at DOF 12. The simulation is unstable. Time = 0.0320.

WARNING: Nan, Inf or huge value in QACC at DOF 12. The simulation is unstable. Time = 0.0320.

WARNING: Nan, Inf or huge value in QACC at DOF 12. The simulation is unstable. Time = 0.0320.

WARNING: Nan, Inf or huge value in QACC at DOF 12. The simulation is unstable. Time = 0.0320.

WARNING: Nan, Inf or huge value in QACC at DOF 12. The simulation is unstable. Time = 0.0280.

WARNING: Nan, Inf or huge value in QACC at DOF 12. The simulation is unstable. Time = 0.0340.

WARNING: Nan, Inf or huge value in QACC at DOF 12. The simulation is unstable. Time = 0.0300.

WARNING: Nan, Inf or huge value in QACC at DOF 12. The simulation is unstable. Time = 0.0340.

WARNING: Nan, Inf or huge value in QACC at DOF 12. The simulation is unstable. Time = 0.0300.

WARNING: Nan, Inf or huge value in QACC at DOF 12. The simulation is unstable. Time = 0.0340.

WARNING: Nan, Inf or huge value in QACC at DOF 12. The simulation is unstable. Time = 0.0320.

-----------------------------------------
| rollout/                |             |
|    ep_len_mean          | 1.27        |
|    ep_rew_mean          | -16.1       |
|    success_rate         | 0           |
| time/                   |             |
|    fps                  | 705         |
|    iterations           | 43          |
|    time_elapsed         | 62          |
|    total_timesteps      | 294912      |
| train/                  |             |
|    approx_kl            | 0.015252319 |
|    clip_fraction        | 0.16        |
|    clip_range           | 0.2         |
|    entropy_loss         | -13.8       |
|    explained_variance   | 0.734       |
|    learning_rate        | 0.0003      |
|    loss                 | 80          |
|    n_updates            | 2870        |
|    policy_gradient_loss | -0.0327     |
|    std                  | 1.18        |
|    value_loss           | 209         |
-----------------------------------------
WARNING: Nan, Inf or huge value in QACC at DOF 12. The simulation is unstable. Time = 0.0320.

WARNING: Nan, Inf or huge value in QACC at DOF 12. The simulation is unstable. Time = 0.0340.

WARNING: Nan, Inf or huge value in QACC at DOF 12. The simulation is unstable. Time = 0.0320.

WARNING: Nan, Inf or huge value in QACC at DOF 12. The simulation is unstable. Time = 0.0320.

WARNING: Nan, Inf or huge value in QACC at DOF 12. The simulation is unstable. Time = 0.0320.

WARNING: Nan, Inf or huge value in QACC at DOF 12. The simulation is unstable. Time = 0.0300.

WARNING: Nan, Inf or huge value in QACC at DOF 12. The simulation is unstable. Time = 0.0320.

WARNING: Nan, Inf or huge value in QACC at DOF 12. The simulation is unstable. Time = 0.0320.

WARNING: Nan, Inf or huge value in QACC at DOF 12. The simulation is unstable. Time = 0.0320.

WARNING: Nan, Inf or huge value in QACC at DOF 12. The simulation is unstable. Time = 0.0320.

WARNING: Nan, Inf or huge value in QACC at DOF 12. The simulation is unstable. Time = 0.0300.

WARNING: Nan, Inf or huge value in QACC at DOF 12. The simulation is unstable. Time = 0.0300.

WARNING: Nan, Inf or huge value in QACC at DOF 12. The simulation is unstable. Time = 0.0320.

WARNING: Nan, Inf or huge value in QACC at DOF 12. The simulation is unstable. Time = 0.0300.

WARNING: Nan, Inf or huge value in QACC at DOF 12. The simulation is unstable. Time = 0.0300.

WARNING: Nan, Inf or huge value in QACC at DOF 12. The simulation is unstable. Time = 0.0340.

WARNING: Nan, Inf or huge value in QACC at DOF 12. The simulation is unstable. Time = 0.0300.

WARNING: Nan, Inf or huge value in QACC at DOF 12. The simulation is unstable. Time = 0.0300.

WARNING: Nan, Inf or huge value in QACC at DOF 12. The simulation is unstable. Time = 0.0300.

WARNING: Nan, Inf or huge value in QACC at DOF 12. The simulation is unstable. Time = 0.0300.

WARNING: Nan, Inf or huge value in QACC at DOF 12. The simulation is unstable. Time = 0.0320.

WARNING: Nan, Inf or huge value in QACC at DOF 12. The simulation is unstable. Time = 0.0320.

WARNING: Nan, Inf or huge value in QACC at DOF 12. The simulation is unstable. Time = 0.0340.

WARNING: Nan, Inf or huge value in QACC at DOF 12. The simulation is unstable. Time = 0.0320.

WARNING: Nan, Inf or huge value in QACC at DOF 12. The simulation is unstable. Time = 0.0340.

WARNING: Nan, Inf or huge value in QACC at DOF 12. The simulation is unstable. Time = 0.0300.

WARNING: Nan, Inf or huge value in QACC at DOF 12. The simulation is unstable. Time = 0.0280.

WARNING: Nan, Inf or huge value in QACC at DOF 12. The simulation is unstable. Time = 0.0320.

WARNING: Nan, Inf or huge value in QACC at DOF 12. The simulation is unstable. Time = 0.0300.

----------------------------------------
| rollout/                |            |
|    ep_len_mean          | 1.3        |
|    ep_rew_mean          | -16.5      |
|    success_rate         | 0          |
| time/                   |            |
|    fps                  | 705        |
|    iterations           | 44         |
|    time_elapsed         | 63         |
|    total_timesteps      | 295936     |
| train/                  |            |
|    approx_kl            | 0.02255908 |
|    clip_fraction        | 0.194      |
|    clip_range           | 0.2        |
|    entropy_loss         | -13.8      |
|    explained_variance   | 0.798      |
|    learning_rate        | 0.0003     |
|    loss                 | 72.9       |
|    n_updates            | 2880       |
|    policy_gradient_loss | -0.0327    |
|    std                  | 1.18       |
|    value_loss           | 118        |
----------------------------------------
WARNING: Nan, Inf or huge value in QACC at DOF 12. The simulation is unstable. Time = 0.0300.

WARNING: Nan, Inf or huge value in QACC at DOF 12. The simulation is unstable. Time = 0.0320.

WARNING: Nan, Inf or huge value in QACC at DOF 12. The simulation is unstable. Time = 0.0320.

WARNING: Nan, Inf or huge value in QACC at DOF 12. The simulation is unstable. Time = 0.0340.

WARNING: Nan, Inf or huge value in QACC at DOF 12. The simulation is unstable. Time = 0.0320.

WARNING: Nan, Inf or huge value in QACC at DOF 12. The simulation is unstable. Time = 0.0320.

WARNING: Nan, Inf or huge value in QACC at DOF 12. The simulation is unstable. Time = 0.0340.

WARNING: Nan, Inf or huge value in QACC at DOF 12. The simulation is unstable. Time = 0.0340.

WARNING: Nan, Inf or huge value in QACC at DOF 12. The simulation is unstable. Time = 0.0340.

WARNING: Nan, Inf or huge value in QACC at DOF 12. The simulation is unstable. Time = 0.0340.

WARNING: Nan, Inf or huge value in QACC at DOF 12. The simulation is unstable. Time = 0.0300.

WARNING: Nan, Inf or huge value in QACC at DOF 12. The simulation is unstable. Time = 0.0320.

WARNING: Nan, Inf or huge value in QACC at DOF 12. The simulation is unstable. Time = 0.0340.

WARNING: Nan, Inf or huge value in QACC at DOF 12. The simulation is unstable. Time = 0.0300.

WARNING: Nan, Inf or huge value in QACC at DOF 12. The simulation is unstable. Time = 0.0320.

WARNING: Nan, Inf or huge value in QACC at DOF 12. The simulation is unstable. Time = 0.0340.

WARNING: Nan, Inf or huge value in QACC at DOF 12. The simulation is unstable. Time = 0.0280.

WARNING: Nan, Inf or huge value in QACC at DOF 12. The simulation is unstable. Time = 0.0320.

WARNING: Nan, Inf or huge value in QACC at DOF 12. The simulation is unstable. Time = 0.0340.

WARNING: Nan, Inf or huge value in QACC at DOF 12. The simulation is unstable. Time = 0.0300.

WARNING: Nan, Inf or huge value in QACC at DOF 12. The simulation is unstable. Time = 0.0300.

WARNING: Nan, Inf or huge value in QACC at DOF 12. The simulation is unstable. Time = 0.0320.

----------------------------------------
| rollout/                |            |
|    ep_len_mean          | 1.13       |
|    ep_rew_mean          | -15.4      |
|    success_rate         | 0          |
| time/                   |            |
|    fps                  | 706        |
|    iterations           | 45         |
|    time_elapsed         | 65         |
|    total_timesteps      | 296960     |
| train/                  |            |
|    approx_kl            | 0.03826935 |
|    clip_fraction        | 0.266      |
|    clip_range           | 0.2        |
|    entropy_loss         | -13.8      |
|    explained_variance   | 0.745      |
|    learning_rate        | 0.0003     |
|    loss                 | 39.9       |
|    n_updates            | 2890       |
|    policy_gradient_loss | -0.0302    |
|    std                  | 1.18       |
|    value_loss           | 113        |
----------------------------------------
WARNING: Nan, Inf or huge value in QACC at DOF 12. The simulation is unstable. Time = 0.0320.

WARNING: Nan, Inf or huge value in QACC at DOF 12. The simulation is unstable. Time = 0.0320.

WARNING: Nan, Inf or huge value in QACC at DOF 12. The simulation is unstable. Time = 0.0320.

WARNING: Nan, Inf or huge value in QACC at DOF 12. The simulation is unstable. Time = 0.0320.

WARNING: Nan, Inf or huge value in QACC at DOF 12. The simulation is unstable. Time = 0.0320.

WARNING: Nan, Inf or huge value in QACC at DOF 12. The simulation is unstable. Time = 0.0320.

WARNING: Nan, Inf or huge value in QACC at DOF 12. The simulation is unstable. Time = 0.0320.

WARNING: Nan, Inf or huge value in QACC at DOF 12. The simulation is unstable. Time = 0.0320.

WARNING: Nan, Inf or huge value in QACC at DOF 12. The simulation is unstable. Time = 0.0340.

WARNING: Nan, Inf or huge value in QACC at DOF 12. The simulation is unstable. Time = 0.0320.

WARNING: Nan, Inf or huge value in QACC at DOF 12. The simulation is unstable. Time = 0.0300.

WARNING: Nan, Inf or huge value in QACC at DOF 12. The simulation is unstable. Time = 0.0340.

WARNING: Nan, Inf or huge value in QACC at DOF 12. The simulation is unstable. Time = 0.0320.

WARNING: Nan, Inf or huge value in QACC at DOF 12. The simulation is unstable. Time = 0.0340.

WARNING: Nan, Inf or huge value in QACC at DOF 12. The simulation is unstable. Time = 0.0280.

WARNING: Nan, Inf or huge value in QACC at DOF 12. The simulation is unstable. Time = 0.0340.

WARNING: Nan, Inf or huge value in QACC at DOF 12. The simulation is unstable. Time = 0.0320.

WARNING: Nan, Inf or huge value in QACC at DOF 12. The simulation is unstable. Time = 0.0300.

WARNING: Nan, Inf or huge value in QACC at DOF 12. The simulation is unstable. Time = 0.0320.

WARNING: Nan, Inf or huge value in QACC at DOF 12. The simulation is unstable. Time = 0.0340.

WARNING: Nan, Inf or huge value in QACC at DOF 12. The simulation is unstable. Time = 0.0320.

WARNING: Nan, Inf or huge value in QACC at DOF 12. The simulation is unstable. Time = 0.0340.

WARNING: Nan, Inf or huge value in QACC at DOF 12. The simulation is unstable. Time = 0.0320.

WARNING: Nan, Inf or huge value in QACC at DOF 12. The simulation is unstable. Time = 0.0340.

WARNING: Nan, Inf or huge value in QACC at DOF 12. The simulation is unstable. Time = 0.0320.

WARNING: Nan, Inf or huge value in QACC at DOF 12. The simulation is unstable. Time = 0.0340.

WARNING: Nan, Inf or huge value in QACC at DOF 12. The simulation is unstable. Time = 0.0340.

WARNING: Nan, Inf or huge value in QACC at DOF 12. The simulation is unstable. Time = 0.0320.

-----------------------------------------
| rollout/                |             |
|    ep_len_mean          | 1.37        |
|    ep_rew_mean          | -16.5       |
|    success_rate         | 0           |
| time/                   |             |
|    fps                  | 705         |
|    iterations           | 46          |
|    time_elapsed         | 66          |
|    total_timesteps      | 297984      |
| train/                  |             |
|    approx_kl            | 0.016873732 |
|    clip_fraction        | 0.161       |
|    clip_range           | 0.2         |
|    entropy_loss         | -13.8       |
|    explained_variance   | 0.726       |
|    learning_rate        | 0.0003      |
|    loss                 | 24.6        |
|    n_updates            | 2900        |
|    policy_gradient_loss | -0.0338     |
|    std                  | 1.18        |
|    value_loss           | 161         |
-----------------------------------------
WARNING: Nan, Inf or huge value in QACC at DOF 12. The simulation is unstable. Time = 0.0300.

WARNING: Nan, Inf or huge value in QACC at DOF 12. The simulation is unstable. Time = 0.0300.

WARNING: Nan, Inf or huge value in QACC at DOF 12. The simulation is unstable. Time = 0.0320.

WARNING: Nan, Inf or huge value in QACC at DOF 12. The simulation is unstable. Time = 0.0320.

WARNING: Nan, Inf or huge value in QACC at DOF 12. The simulation is unstable. Time = 0.0320.

WARNING: Nan, Inf or huge value in QACC at DOF 12. The simulation is unstable. Time = 0.0300.

WARNING: Nan, Inf or huge value in QACC at DOF 12. The simulation is unstable. Time = 0.0320.

WARNING: Nan, Inf or huge value in QACC at DOF 12. The simulation is unstable. Time = 0.0320.

WARNING: Nan, Inf or huge value in QACC at DOF 12. The simulation is unstable. Time = 0.0320.

WARNING: Nan, Inf or huge value in QACC at DOF 12. The simulation is unstable. Time = 0.0320.

WARNING: Nan, Inf or huge value in QACC at DOF 12. The simulation is unstable. Time = 0.0320.

WARNING: Nan, Inf or huge value in QACC at DOF 12. The simulation is unstable. Time = 0.0340.

WARNING: Nan, Inf or huge value in QACC at DOF 12. The simulation is unstable. Time = 0.0320.

WARNING: Nan, Inf or huge value in QACC at DOF 12. The simulation is unstable. Time = 0.0280.

WARNING: Nan, Inf or huge value in QACC at DOF 12. The simulation is unstable. Time = 0.0300.

WARNING: Nan, Inf or huge value in QACC at DOF 12. The simulation is unstable. Time = 0.0320.

WARNING: Nan, Inf or huge value in QACC at DOF 12. The simulation is unstable. Time = 0.0300.

WARNING: Nan, Inf or huge value in QACC at DOF 12. The simulation is unstable. Time = 0.0320.

WARNING: Nan, Inf or huge value in QACC at DOF 12. The simulation is unstable. Time = 0.0320.

WARNING: Nan, Inf or huge value in QACC at DOF 12. The simulation is unstable. Time = 0.0320.

WARNING: Nan, Inf or huge value in QACC at DOF 12. The simulation is unstable. Time = 0.0300.

WARNING: Nan, Inf or huge value in QACC at DOF 12. The simulation is unstable. Time = 0.0340.

WARNING: Nan, Inf or huge value in QACC at DOF 12. The simulation is unstable. Time = 0.0340.

WARNING: Nan, Inf or huge value in QACC at DOF 12. The simulation is unstable. Time = 0.0320.

WARNING: Nan, Inf or huge value in QACC at DOF 12. The simulation is unstable. Time = 0.0320.

WARNING: Nan, Inf or huge value in QACC at DOF 12. The simulation is unstable. Time = 0.0300.

WARNING: Nan, Inf or huge value in QACC at DOF 12. The simulation is unstable. Time = 0.0300.

WARNING: Nan, Inf or huge value in QACC at DOF 12. The simulation is unstable. Time = 0.0340.

----------------------------------------
| rollout/                |            |
|    ep_len_mean          | 1.44       |
|    ep_rew_mean          | -17.5      |
|    success_rate         | 0          |
| time/                   |            |
|    fps                  | 706        |
|    iterations           | 47         |
|    time_elapsed         | 68         |
|    total_timesteps      | 299008     |
| train/                  |            |
|    approx_kl            | 0.02696994 |
|    clip_fraction        | 0.253      |
|    clip_range           | 0.2        |
|    entropy_loss         | -13.8      |
|    explained_variance   | 0.823      |
|    learning_rate        | 0.0003     |
|    loss                 | 15.8       |
|    n_updates            | 2910       |
|    policy_gradient_loss | -0.0306    |
|    std                  | 1.18       |
|    value_loss           | 71.6       |
----------------------------------------
WARNING: Nan, Inf or huge value in QACC at DOF 12. The simulation is unstable. Time = 0.0320.

WARNING: Nan, Inf or huge value in QACC at DOF 12. The simulation is unstable. Time = 0.0320.

WARNING: Nan, Inf or huge value in QACC at DOF 12. The simulation is unstable. Time = 0.0300.

WARNING: Nan, Inf or huge value in QACC at DOF 12. The simulation is unstable. Time = 0.0320.

WARNING: Nan, Inf or huge value in QACC at DOF 12. The simulation is unstable. Time = 0.0320.

WARNING: Nan, Inf or huge value in QACC at DOF 12. The simulation is unstable. Time = 0.0300.

WARNING: Nan, Inf or huge value in QACC at DOF 12. The simulation is unstable. Time = 0.0320.

WARNING: Nan, Inf or huge value in QACC at DOF 12. The simulation is unstable. Time = 0.0280.

WARNING: Nan, Inf or huge value in QACC at DOF 12. The simulation is unstable. Time = 0.0320.

WARNING: Nan, Inf or huge value in QACC at DOF 12. The simulation is unstable. Time = 0.0340.

WARNING: Nan, Inf or huge value in QACC at DOF 12. The simulation is unstable. Time = 0.0340.

WARNING: Nan, Inf or huge value in QACC at DOF 12. The simulation is unstable. Time = 0.0320.

WARNING: Nan, Inf or huge value in QACC at DOF 12. The simulation is unstable. Time = 0.0300.

WARNING: Nan, Inf or huge value in QACC at DOF 12. The simulation is unstable. Time = 0.0320.

WARNING: Nan, Inf or huge value in QACC at DOF 12. The simulation is unstable. Time = 0.0280.

WARNING: Nan, Inf or huge value in QACC at DOF 12. The simulation is unstable. Time = 0.0320.

WARNING: Nan, Inf or huge value in QACC at DOF 12. The simulation is unstable. Time = 0.0300.

WARNING: Nan, Inf or huge value in QACC at DOF 12. The simulation is unstable. Time = 0.0320.

WARNING: Nan, Inf or huge value in QACC at DOF 12. The simulation is unstable. Time = 0.0320.

WARNING: Nan, Inf or huge value in QACC at DOF 12. The simulation is unstable. Time = 0.0300.

WARNING: Nan, Inf or huge value in QACC at DOF 12. The simulation is unstable. Time = 0.0320.

WARNING: Nan, Inf or huge value in QACC at DOF 12. The simulation is unstable. Time = 0.0340.

WARNING: Nan, Inf or huge value in QACC at DOF 12. The simulation is unstable. Time = 0.0320.

WARNING: Nan, Inf or huge value in QACC at DOF 12. The simulation is unstable. Time = 0.0320.

-----------------------------------------
| rollout/                |             |
|    ep_len_mean          | 1.37        |
|    ep_rew_mean          | -16.7       |
|    success_rate         | 0           |
| time/                   |             |
|    fps                  | 705         |
|    iterations           | 48          |
|    time_elapsed         | 69          |
|    total_timesteps      | 300032      |
| train/                  |             |
|    approx_kl            | 0.019899312 |
|    clip_fraction        | 0.244       |
|    clip_range           | 0.2         |
|    entropy_loss         | -13.8       |
|    explained_variance   | 0.797       |
|    learning_rate        | 0.0003      |
|    loss                 | 21.4        |
|    n_updates            | 2920        |
|    policy_gradient_loss | -0.0302     |
|    std                  | 1.18        |
|    value_loss           | 114         |
-----------------------------------------
WARNING: Nan, Inf or huge value in QACC at DOF 12. The simulation is unstable. Time = 0.0320.

WARNING: Nan, Inf or huge value in QACC at DOF 12. The simulation is unstable. Time = 0.0300.

WARNING: Nan, Inf or huge value in QACC at DOF 12. The simulation is unstable. Time = 0.0340.

WARNING: Nan, Inf or huge value in QACC at DOF 12. The simulation is unstable. Time = 0.0320.

WARNING: Nan, Inf or huge value in QACC at DOF 12. The simulation is unstable. Time = 0.0320.

WARNING: Nan, Inf or huge value in QACC at DOF 12. The simulation is unstable. Time = 0.0320.

WARNING: Nan, Inf or huge value in QACC at DOF 12. The simulation is unstable. Time = 0.0320.

WARNING: Nan, Inf or huge value in QACC at DOF 12. The simulation is unstable. Time = 0.0340.

WARNING: Nan, Inf or huge value in QACC at DOF 12. The simulation is unstable. Time = 0.0320.

WARNING: Nan, Inf or huge value in QACC at DOF 12. The simulation is unstable. Time = 0.0340.

WARNING: Nan, Inf or huge value in QACC at DOF 12. The simulation is unstable. Time = 0.0300.

WARNING: Nan, Inf or huge value in QACC at DOF 12. The simulation is unstable. Time = 0.0300.

WARNING: Nan, Inf or huge value in QACC at DOF 12. The simulation is unstable. Time = 0.0320.

WARNING: Nan, Inf or huge value in QACC at DOF 12. The simulation is unstable. Time = 0.0340.

WARNING: Nan, Inf or huge value in QACC at DOF 12. The simulation is unstable. Time = 0.0340.

WARNING: Nan, Inf or huge value in QACC at DOF 12. The simulation is unstable. Time = 0.0300.

WARNING: Nan, Inf or huge value in QACC at DOF 12. The simulation is unstable. Time = 0.0300.

WARNING: Nan, Inf or huge value in QACC at DOF 12. The simulation is unstable. Time = 0.0300.

WARNING: Nan, Inf or huge value in QACC at DOF 12. The simulation is unstable. Time = 0.0340.

WARNING: Nan, Inf or huge value in QACC at DOF 12. The simulation is unstable. Time = 0.0320.

WARNING: Nan, Inf or huge value in QACC at DOF 12. The simulation is unstable. Time = 0.0320.

-----------------------------------------
| rollout/                |             |
|    ep_len_mean          | 1.44        |
|    ep_rew_mean          | -17.4       |
|    success_rate         | 0           |
| time/                   |             |
|    fps                  | 705         |
|    iterations           | 49          |
|    time_elapsed         | 71          |
|    total_timesteps      | 301056      |
| train/                  |             |
|    approx_kl            | 0.026892383 |
|    clip_fraction        | 0.197       |
|    clip_range           | 0.2         |
|    entropy_loss         | -13.8       |
|    explained_variance   | 0.75        |
|    learning_rate        | 0.0003      |
|    loss                 | 34.8        |
|    n_updates            | 2930        |
|    policy_gradient_loss | -0.0316     |
|    std                  | 1.18        |
|    value_loss           | 96.2        |
-----------------------------------------
WARNING: Nan, Inf or huge value in QACC at DOF 12. The simulation is unstable. Time = 0.0320.

WARNING: Nan, Inf or huge value in QACC at DOF 12. The simulation is unstable. Time = 0.0320.

WARNING: Nan, Inf or huge value in QACC at DOF 12. The simulation is unstable. Time = 0.0300.

WARNING: Nan, Inf or huge value in QACC at DOF 12. The simulation is unstable. Time = 0.0320.

WARNING: Nan, Inf or huge value in QACC at DOF 12. The simulation is unstable. Time = 0.0340.

WARNING: Nan, Inf or huge value in QACC at DOF 12. The simulation is unstable. Time = 0.0280.

WARNING: Nan, Inf or huge value in QACC at DOF 12. The simulation is unstable. Time = 0.0300.

WARNING: Nan, Inf or huge value in QACC at DOF 12. The simulation is unstable. Time = 0.0300.

WARNING: Nan, Inf or huge value in QACC at DOF 12. The simulation is unstable. Time = 0.0320.

WARNING: Nan, Inf or huge value in QACC at DOF 12. The simulation is unstable. Time = 0.0320.

WARNING: Nan, Inf or huge value in QACC at DOF 12. The simulation is unstable. Time = 0.0320.

WARNING: Nan, Inf or huge value in QACC at DOF 12. The simulation is unstable. Time = 0.0300.

WARNING: Nan, Inf or huge value in QACC at DOF 12. The simulation is unstable. Time = 0.0320.

WARNING: Nan, Inf or huge value in QACC at DOF 12. The simulation is unstable. Time = 0.0340.

WARNING: Nan, Inf or huge value in QACC at DOF 12. The simulation is unstable. Time = 0.0300.

WARNING: Nan, Inf or huge value in QACC at DOF 12. The simulation is unstable. Time = 0.0320.

WARNING: Nan, Inf or huge value in QACC at DOF 12. The simulation is unstable. Time = 0.0300.

WARNING: Nan, Inf or huge value in QACC at DOF 12. The simulation is unstable. Time = 0.0320.

WARNING: Nan, Inf or huge value in QACC at DOF 12. The simulation is unstable. Time = 0.0300.

WARNING: Nan, Inf or huge value in QACC at DOF 12. The simulation is unstable. Time = 0.0300.

WARNING: Nan, Inf or huge value in QACC at DOF 12. The simulation is unstable. Time = 0.0320.

WARNING: Nan, Inf or huge value in QACC at DOF 12. The simulation is unstable. Time = 0.0320.

-----------------------------------------
| rollout/                |             |
|    ep_len_mean          | 1.44        |
|    ep_rew_mean          | -16.6       |
|    success_rate         | 0           |
| time/                   |             |
|    fps                  | 705         |
|    iterations           | 50          |
|    time_elapsed         | 72          |
|    total_timesteps      | 302080      |
| train/                  |             |
|    approx_kl            | 0.053154156 |
|    clip_fraction        | 0.339       |
|    clip_range           | 0.2         |
|    entropy_loss         | -13.9       |
|    explained_variance   | 0.911       |
|    learning_rate        | 0.0003      |
|    loss                 | 15          |
|    n_updates            | 2940        |
|    policy_gradient_loss | -0.0437     |
|    std                  | 1.18        |
|    value_loss           | 24.4        |
-----------------------------------------
WARNING: Nan, Inf or huge value in QACC at DOF 12. The simulation is unstable. Time = 0.0340.

WARNING: Nan, Inf or huge value in QACC at DOF 12. The simulation is unstable. Time = 0.0300.

WARNING: Nan, Inf or huge value in QACC at DOF 12. The simulation is unstable. Time = 0.0300.

WARNING: Nan, Inf or huge value in QACC at DOF 12. The simulation is unstable. Time = 0.0300.

WARNING: Nan, Inf or huge value in QACC at DOF 12. The simulation is unstable. Time = 0.0340.

WARNING: Nan, Inf or huge value in QACC at DOF 12. The simulation is unstable. Time = 0.0300.

WARNING: Nan, Inf or huge value in QACC at DOF 12. The simulation is unstable. Time = 0.0320.

WARNING: Nan, Inf or huge value in QACC at DOF 12. The simulation is unstable. Time = 0.0340.

WARNING: Nan, Inf or huge value in QACC at DOF 12. The simulation is unstable. Time = 0.0340.

WARNING: Nan, Inf or huge value in QACC at DOF 12. The simulation is unstable. Time = 0.0320.

WARNING: Nan, Inf or huge value in QACC at DOF 12. The simulation is unstable. Time = 0.0320.

WARNING: Nan, Inf or huge value in QACC at DOF 12. The simulation is unstable. Time = 0.0320.

WARNING: Nan, Inf or huge value in QACC at DOF 12. The simulation is unstable. Time = 0.0320.

WARNING: Nan, Inf or huge value in QACC at DOF 12. The simulation is unstable. Time = 0.0320.

WARNING: Nan, Inf or huge value in QACC at DOF 12. The simulation is unstable. Time = 0.0300.

WARNING: Nan, Inf or huge value in QACC at DOF 12. The simulation is unstable. Time = 0.0300.

WARNING: Nan, Inf or huge value in QACC at DOF 12. The simulation is unstable. Time = 0.0300.

WARNING: Nan, Inf or huge value in QACC at DOF 12. The simulation is unstable. Time = 0.0300.

WARNING: Nan, Inf or huge value in QACC at DOF 12. The simulation is unstable. Time = 0.0340.

WARNING: Nan, Inf or huge value in QACC at DOF 12. The simulation is unstable. Time = 0.0320.

WARNING: Nan, Inf or huge value in QACC at DOF 12. The simulation is unstable. Time = 0.0320.

WARNING: Nan, Inf or huge value in QACC at DOF 12. The simulation is unstable. Time = 0.0320.

WARNING: Nan, Inf or huge value in QACC at DOF 12. The simulation is unstable. Time = 0.0300.

WARNING: Nan, Inf or huge value in QACC at DOF 12. The simulation is unstable. Time = 0.0300.

-----------------------------------------
| rollout/                |             |
|    ep_len_mean          | 1.51        |
|    ep_rew_mean          | -18         |
|    success_rate         | 0           |
| time/                   |             |
|    fps                  | 705         |
|    iterations           | 51          |
|    time_elapsed         | 74          |
|    total_timesteps      | 303104      |
| train/                  |             |
|    approx_kl            | 0.021720136 |
|    clip_fraction        | 0.18        |
|    clip_range           | 0.2         |
|    entropy_loss         | -13.9       |
|    explained_variance   | 0.778       |
|    learning_rate        | 0.0003      |
|    loss                 | 68.4        |
|    n_updates            | 2950        |
|    policy_gradient_loss | -0.0307     |
|    std                  | 1.18        |
|    value_loss           | 92.8        |
-----------------------------------------
WARNING: Nan, Inf or huge value in QACC at DOF 12. The simulation is unstable. Time = 0.0300.

WARNING: Nan, Inf or huge value in QACC at DOF 12. The simulation is unstable. Time = 0.0340.

WARNING: Nan, Inf or huge value in QACC at DOF 12. The simulation is unstable. Time = 0.0320.

WARNING: Nan, Inf or huge value in QACC at DOF 12. The simulation is unstable. Time = 0.0300.

WARNING: Nan, Inf or huge value in QACC at DOF 12. The simulation is unstable. Time = 0.0320.

WARNING: Nan, Inf or huge value in QACC at DOF 12. The simulation is unstable. Time = 0.0300.

WARNING: Nan, Inf or huge value in QACC at DOF 12. The simulation is unstable. Time = 0.0300.

WARNING: Nan, Inf or huge value in QACC at DOF 12. The simulation is unstable. Time = 0.0320.

WARNING: Nan, Inf or huge value in QACC at DOF 12. The simulation is unstable. Time = 0.0300.

WARNING: Nan, Inf or huge value in QACC at DOF 12. The simulation is unstable. Time = 0.0300.

WARNING: Nan, Inf or huge value in QACC at DOF 12. The simulation is unstable. Time = 0.0300.

WARNING: Nan, Inf or huge value in QACC at DOF 12. The simulation is unstable. Time = 0.0300.

WARNING: Nan, Inf or huge value in QACC at DOF 12. The simulation is unstable. Time = 0.0300.

WARNING: Nan, Inf or huge value in QACC at DOF 12. The simulation is unstable. Time = 0.0320.

WARNING: Nan, Inf or huge value in QACC at DOF 12. The simulation is unstable. Time = 0.0320.

WARNING: Nan, Inf or huge value in QACC at DOF 12. The simulation is unstable. Time = 0.0300.

WARNING: Nan, Inf or huge value in QACC at DOF 12. The simulation is unstable. Time = 0.0300.

WARNING: Nan, Inf or huge value in QACC at DOF 12. The simulation is unstable. Time = 0.0300.

WARNING: Nan, Inf or huge value in QACC at DOF 12. The simulation is unstable. Time = 0.0320.

WARNING: Nan, Inf or huge value in QACC at DOF 12. The simulation is unstable. Time = 0.0320.

WARNING: Nan, Inf or huge value in QACC at DOF 12. The simulation is unstable. Time = 0.0340.

WARNING: Nan, Inf or huge value in QACC at DOF 12. The simulation is unstable. Time = 0.0300.

WARNING: Nan, Inf or huge value in QACC at DOF 12. The simulation is unstable. Time = 0.0300.

WARNING: Nan, Inf or huge value in QACC at DOF 12. The simulation is unstable. Time = 0.0340.

WARNING: Nan, Inf or huge value in QACC at DOF 12. The simulation is unstable. Time = 0.0320.

WARNING: Nan, Inf or huge value in QACC at DOF 12. The simulation is unstable. Time = 0.0320.

WARNING: Nan, Inf or huge value in QACC at DOF 12. The simulation is unstable. Time = 0.0340.

WARNING: Nan, Inf or huge value in QACC at DOF 12. The simulation is unstable. Time = 0.0340.

WARNING: Nan, Inf or huge value in QACC at DOF 12. The simulation is unstable. Time = 0.0340.

WARNING: Nan, Inf or huge value in QACC at DOF 12. The simulation is unstable. Time = 0.0300.

WARNING: Nan, Inf or huge value in QACC at DOF 12. The simulation is unstable. Time = 0.0320.

WARNING: Nan, Inf or huge value in QACC at DOF 12. The simulation is unstable. Time = 0.0320.

----------------------------------------
| rollout/                |            |
|    ep_len_mean          | 1.42       |
|    ep_rew_mean          | -16.7      |
|    success_rate         | 0          |
| time/                   |            |
|    fps                  | 705        |
|    iterations           | 52         |
|    time_elapsed         | 75         |
|    total_timesteps      | 304128     |
| train/                  |            |
|    approx_kl            | 0.04424613 |
|    clip_fraction        | 0.277      |
|    clip_range           | 0.2        |
|    entropy_loss         | -13.9      |
|    explained_variance   | 0.895      |
|    learning_rate        | 0.0003     |
|    loss                 | 20.9       |
|    n_updates            | 2960       |
|    policy_gradient_loss | -0.041     |
|    std                  | 1.18       |
|    value_loss           | 31.1       |
----------------------------------------
WARNING: Nan, Inf or huge value in QACC at DOF 12. The simulation is unstable. Time = 0.0300.

WARNING: Nan, Inf or huge value in QACC at DOF 12. The simulation is unstable. Time = 0.0320.

WARNING: Nan, Inf or huge value in QACC at DOF 12. The simulation is unstable. Time = 0.0320.

WARNING: Nan, Inf or huge value in QACC at DOF 12. The simulation is unstable. Time = 0.0320.

WARNING: Nan, Inf or huge value in QACC at DOF 12. The simulation is unstable. Time = 0.0320.

WARNING: Nan, Inf or huge value in QACC at DOF 12. The simulation is unstable. Time = 0.0320.

WARNING: Nan, Inf or huge value in QACC at DOF 12. The simulation is unstable. Time = 0.0320.

WARNING: Nan, Inf or huge value in QACC at DOF 12. The simulation is unstable. Time = 0.0340.

WARNING: Nan, Inf or huge value in QACC at DOF 12. The simulation is unstable. Time = 0.0320.

WARNING: Nan, Inf or huge value in QACC at DOF 12. The simulation is unstable. Time = 0.0300.

WARNING: Nan, Inf or huge value in QACC at DOF 12. The simulation is unstable. Time = 0.0300.

WARNING: Nan, Inf or huge value in QACC at DOF 12. The simulation is unstable. Time = 0.0320.

WARNING: Nan, Inf or huge value in QACC at DOF 12. The simulation is unstable. Time = 0.0340.

WARNING: Nan, Inf or huge value in QACC at DOF 12. The simulation is unstable. Time = 0.0320.

WARNING: Nan, Inf or huge value in QACC at DOF 12. The simulation is unstable. Time = 0.0320.

WARNING: Nan, Inf or huge value in QACC at DOF 12. The simulation is unstable. Time = 0.0320.

WARNING: Nan, Inf or huge value in QACC at DOF 12. The simulation is unstable. Time = 0.0300.

WARNING: Nan, Inf or huge value in QACC at DOF 12. The simulation is unstable. Time = 0.0320.

WARNING: Nan, Inf or huge value in QACC at DOF 12. The simulation is unstable. Time = 0.0320.

WARNING: Nan, Inf or huge value in QACC at DOF 12. The simulation is unstable. Time = 0.0320.

WARNING: Nan, Inf or huge value in QACC at DOF 12. The simulation is unstable. Time = 0.0320.

WARNING: Nan, Inf or huge value in QACC at DOF 12. The simulation is unstable. Time = 0.0320.

WARNING: Nan, Inf or huge value in QACC at DOF 12. The simulation is unstable. Time = 0.0320.

WARNING: Nan, Inf or huge value in QACC at DOF 12. The simulation is unstable. Time = 0.0280.

WARNING: Nan, Inf or huge value in QACC at DOF 12. The simulation is unstable. Time = 0.0300.

WARNING: Nan, Inf or huge value in QACC at DOF 12. The simulation is unstable. Time = 0.0280.

WARNING: Nan, Inf or huge value in QACC at DOF 12. The simulation is unstable. Time = 0.0340.

WARNING: Nan, Inf or huge value in QACC at DOF 12. The simulation is unstable. Time = 0.0340.

WARNING: Nan, Inf or huge value in QACC at DOF 12. The simulation is unstable. Time = 0.0300.

WARNING: Nan, Inf or huge value in QACC at DOF 12. The simulation is unstable. Time = 0.0320.

----------------------------------------
| rollout/                |            |
|    ep_len_mean          | 1.49       |
|    ep_rew_mean          | -16.7      |
|    success_rate         | 0          |
| time/                   |            |
|    fps                  | 706        |
|    iterations           | 53         |
|    time_elapsed         | 76         |
|    total_timesteps      | 305152     |
| train/                  |            |
|    approx_kl            | 0.05289577 |
|    clip_fraction        | 0.316      |
|    clip_range           | 0.2        |
|    entropy_loss         | -13.9      |
|    explained_variance   | 0.853      |
|    learning_rate        | 0.0003     |
|    loss                 | 10.9       |
|    n_updates            | 2970       |
|    policy_gradient_loss | -0.0284    |
|    std                  | 1.18       |
|    value_loss           | 55.5       |
----------------------------------------
WARNING: Nan, Inf or huge value in QACC at DOF 12. The simulation is unstable. Time = 0.0300.

WARNING: Nan, Inf or huge value in QACC at DOF 12. The simulation is unstable. Time = 0.0340.

WARNING: Nan, Inf or huge value in QACC at DOF 12. The simulation is unstable. Time = 0.0300.

WARNING: Nan, Inf or huge value in QACC at DOF 12. The simulation is unstable. Time = 0.0340.

WARNING: Nan, Inf or huge value in QACC at DOF 12. The simulation is unstable. Time = 0.0320.

WARNING: Nan, Inf or huge value in QACC at DOF 12. The simulation is unstable. Time = 0.0320.

WARNING: Nan, Inf or huge value in QACC at DOF 12. The simulation is unstable. Time = 0.0340.

WARNING: Nan, Inf or huge value in QACC at DOF 12. The simulation is unstable. Time = 0.0320.

WARNING: Nan, Inf or huge value in QACC at DOF 12. The simulation is unstable. Time = 0.0320.

WARNING: Nan, Inf or huge value in QACC at DOF 12. The simulation is unstable. Time = 0.0300.

WARNING: Nan, Inf or huge value in QACC at DOF 12. The simulation is unstable. Time = 0.0320.

WARNING: Nan, Inf or huge value in QACC at DOF 12. The simulation is unstable. Time = 0.0300.

WARNING: Nan, Inf or huge value in QACC at DOF 12. The simulation is unstable. Time = 0.0320.

WARNING: Nan, Inf or huge value in QACC at DOF 12. The simulation is unstable. Time = 0.0320.

WARNING: Nan, Inf or huge value in QACC at DOF 12. The simulation is unstable. Time = 0.0320.

WARNING: Nan, Inf or huge value in QACC at DOF 12. The simulation is unstable. Time = 0.0320.

WARNING: Nan, Inf or huge value in QACC at DOF 12. The simulation is unstable. Time = 0.0320.

WARNING: Nan, Inf or huge value in QACC at DOF 12. The simulation is unstable. Time = 0.0320.

WARNING: Nan, Inf or huge value in QACC at DOF 12. The simulation is unstable. Time = 0.0320.

WARNING: Nan, Inf or huge value in QACC at DOF 12. The simulation is unstable. Time = 0.0320.

WARNING: Nan, Inf or huge value in QACC at DOF 12. The simulation is unstable. Time = 0.0280.

WARNING: Nan, Inf or huge value in QACC at DOF 12. The simulation is unstable. Time = 0.0320.

WARNING: Nan, Inf or huge value in QACC at DOF 12. The simulation is unstable. Time = 0.0300.

WARNING: Nan, Inf or huge value in QACC at DOF 12. The simulation is unstable. Time = 0.0340.

WARNING: Nan, Inf or huge value in QACC at DOF 12. The simulation is unstable. Time = 0.0320.

----------------------------------------
| rollout/                |            |
|    ep_len_mean          | 1.32       |
|    ep_rew_mean          | -16.3      |
|    success_rate         | 0          |
| time/                   |            |
|    fps                  | 705        |
|    iterations           | 54         |
|    time_elapsed         | 78         |
|    total_timesteps      | 306176     |
| train/                  |            |
|    approx_kl            | 0.11405904 |
|    clip_fraction        | 0.414      |
|    clip_range           | 0.2        |
|    entropy_loss         | -13.9      |
|    explained_variance   | 0.928      |
|    learning_rate        | 0.0003     |
|    loss                 | 9.58       |
|    n_updates            | 2980       |
|    policy_gradient_loss | -0.0235    |
|    std                  | 1.18       |
|    value_loss           | 15.1       |
----------------------------------------
WARNING: Nan, Inf or huge value in QACC at DOF 12. The simulation is unstable. Time = 0.0320.

WARNING: Nan, Inf or huge value in QACC at DOF 12. The simulation is unstable. Time = 0.0320.

WARNING: Nan, Inf or huge value in QACC at DOF 12. The simulation is unstable. Time = 0.0300.

WARNING: Nan, Inf or huge value in QACC at DOF 12. The simulation is unstable. Time = 0.0300.

WARNING: Nan, Inf or huge value in QACC at DOF 12. The simulation is unstable. Time = 0.0340.

WARNING: Nan, Inf or huge value in QACC at DOF 12. The simulation is unstable. Time = 0.0320.

WARNING: Nan, Inf or huge value in QACC at DOF 12. The simulation is unstable. Time = 0.0320.

WARNING: Nan, Inf or huge value in QACC at DOF 12. The simulation is unstable. Time = 0.0300.

WARNING: Nan, Inf or huge value in QACC at DOF 12. The simulation is unstable. Time = 0.0320.

WARNING: Nan, Inf or huge value in QACC at DOF 12. The simulation is unstable. Time = 0.0320.

WARNING: Nan, Inf or huge value in QACC at DOF 12. The simulation is unstable. Time = 0.0320.

WARNING: Nan, Inf or huge value in QACC at DOF 12. The simulation is unstable. Time = 0.0300.

WARNING: Nan, Inf or huge value in QACC at DOF 12. The simulation is unstable. Time = 0.0320.

WARNING: Nan, Inf or huge value in QACC at DOF 12. The simulation is unstable. Time = 0.0320.

WARNING: Nan, Inf or huge value in QACC at DOF 12. The simulation is unstable. Time = 0.0320.

WARNING: Nan, Inf or huge value in QACC at DOF 12. The simulation is unstable. Time = 0.0320.

WARNING: Nan, Inf or huge value in QACC at DOF 12. The simulation is unstable. Time = 0.0320.

WARNING: Nan, Inf or huge value in QACC at DOF 12. The simulation is unstable. Time = 0.0300.

WARNING: Nan, Inf or huge value in QACC at DOF 12. The simulation is unstable. Time = 0.0320.

WARNING: Nan, Inf or huge value in QACC at DOF 12. The simulation is unstable. Time = 0.0320.

WARNING: Nan, Inf or huge value in QACC at DOF 12. The simulation is unstable. Time = 0.0320.

WARNING: Nan, Inf or huge value in QACC at DOF 12. The simulation is unstable. Time = 0.0300.

WARNING: Nan, Inf or huge value in QACC at DOF 12. The simulation is unstable. Time = 0.0320.

WARNING: Nan, Inf or huge value in QACC at DOF 12. The simulation is unstable. Time = 0.0300.

WARNING: Nan, Inf or huge value in QACC at DOF 12. The simulation is unstable. Time = 0.0300.

WARNING: Nan, Inf or huge value in QACC at DOF 12. The simulation is unstable. Time = 0.0340.

WARNING: Nan, Inf or huge value in QACC at DOF 12. The simulation is unstable. Time = 0.0300.

WARNING: Nan, Inf or huge value in QACC at DOF 12. The simulation is unstable. Time = 0.0320.

WARNING: Nan, Inf or huge value in QACC at DOF 12. The simulation is unstable. Time = 0.0300.

WARNING: Nan, Inf or huge value in QACC at DOF 12. The simulation is unstable. Time = 0.0320.

WARNING: Nan, Inf or huge value in QACC at DOF 12. The simulation is unstable. Time = 0.0320.

WARNING: Nan, Inf or huge value in QACC at DOF 12. The simulation is unstable. Time = 0.0320.

---------------------------------------
| rollout/                |           |
|    ep_len_mean          | 1.29      |
|    ep_rew_mean          | -16       |
|    success_rate         | 0         |
| time/                   |           |
|    fps                  | 705       |
|    iterations           | 55        |
|    time_elapsed         | 79        |
|    total_timesteps      | 307200    |
| train/                  |           |
|    approx_kl            | 0.1302745 |
|    clip_fraction        | 0.503     |
|    clip_range           | 0.2       |
|    entropy_loss         | -13.9     |
|    explained_variance   | 0.946     |
|    learning_rate        | 0.0003    |
|    loss                 | 6.73      |
|    n_updates            | 2990      |
|    policy_gradient_loss | -0.0267   |
|    std                  | 1.19      |
|    value_loss           | 10.9      |
---------------------------------------
WARNING: Nan, Inf or huge value in QACC at DOF 12. The simulation is unstable. Time = 0.0320.

WARNING: Nan, Inf or huge value in QACC at DOF 12. The simulation is unstable. Time = 0.0320.

WARNING: Nan, Inf or huge value in QACC at DOF 12. The simulation is unstable. Time = 0.0300.

WARNING: Nan, Inf or huge value in QACC at DOF 12. The simulation is unstable. Time = 0.0300.

WARNING: Nan, Inf or huge value in QACC at DOF 12. The simulation is unstable. Time = 0.0320.

WARNING: Nan, Inf or huge value in QACC at DOF 12. The simulation is unstable. Time = 0.0320.

WARNING: Nan, Inf or huge value in QACC at DOF 12. The simulation is unstable. Time = 0.0280.

WARNING: Nan, Inf or huge value in QACC at DOF 12. The simulation is unstable. Time = 0.0320.

WARNING: Nan, Inf or huge value in QACC at DOF 12. The simulation is unstable. Time = 0.0320.

WARNING: Nan, Inf or huge value in QACC at DOF 12. The simulation is unstable. Time = 0.0320.

WARNING: Nan, Inf or huge value in QACC at DOF 12. The simulation is unstable. Time = 0.0320.

WARNING: Nan, Inf or huge value in QACC at DOF 12. The simulation is unstable. Time = 0.0300.

WARNING: Nan, Inf or huge value in QACC at DOF 12. The simulation is unstable. Time = 0.0320.

WARNING: Nan, Inf or huge value in QACC at DOF 12. The simulation is unstable. Time = 0.0320.

WARNING: Nan, Inf or huge value in QACC at DOF 12. The simulation is unstable. Time = 0.0320.

WARNING: Nan, Inf or huge value in QACC at DOF 12. The simulation is unstable. Time = 0.0320.

WARNING: Nan, Inf or huge value in QACC at DOF 12. The simulation is unstable. Time = 0.0300.

WARNING: Nan, Inf or huge value in QACC at DOF 12. The simulation is unstable. Time = 0.0280.

WARNING: Nan, Inf or huge value in QACC at DOF 12. The simulation is unstable. Time = 0.0340.

WARNING: Nan, Inf or huge value in QACC at DOF 12. The simulation is unstable. Time = 0.0300.

WARNING: Nan, Inf or huge value in QACC at DOF 12. The simulation is unstable. Time = 0.0300.

WARNING: Nan, Inf or huge value in QACC at DOF 12. The simulation is unstable. Time = 0.0320.

WARNING: Nan, Inf or huge value in QACC at DOF 12. The simulation is unstable. Time = 0.0340.

WARNING: Nan, Inf or huge value in QACC at DOF 12. The simulation is unstable. Time = 0.0300.

WARNING: Nan, Inf or huge value in QACC at DOF 12. The simulation is unstable. Time = 0.0320.

WARNING: Nan, Inf or huge value in QACC at DOF 12. The simulation is unstable. Time = 0.0320.

WARNING: Nan, Inf or huge value in QACC at DOF 12. The simulation is unstable. Time = 0.0300.

WARNING: Nan, Inf or huge value in QACC at DOF 12. The simulation is unstable. Time = 0.0340.

WARNING: Nan, Inf or huge value in QACC at DOF 12. The simulation is unstable. Time = 0.0320.

----------------------------------------
| rollout/                |            |
|    ep_len_mean          | 1.6        |
|    ep_rew_mean          | -17.8      |
|    success_rate         | 0          |
| time/                   |            |
|    fps                  | 705        |
|    iterations           | 56         |
|    time_elapsed         | 81         |
|    total_timesteps      | 308224     |
| train/                  |            |
|    approx_kl            | 0.12098861 |
|    clip_fraction        | 0.546      |
|    clip_range           | 0.2        |
|    entropy_loss         | -14        |
|    explained_variance   | 0.94       |
|    learning_rate        | 0.0003     |
|    loss                 | 4.94       |
|    n_updates            | 3000       |
|    policy_gradient_loss | 0.00563    |
|    std                  | 1.2        |
|    value_loss           | 12         |
----------------------------------------
WARNING: Nan, Inf or huge value in QACC at DOF 12. The simulation is unstable. Time = 0.0300.

WARNING: Nan, Inf or huge value in QACC at DOF 12. The simulation is unstable. Time = 0.0320.

WARNING: Nan, Inf or huge value in QACC at DOF 12. The simulation is unstable. Time = 0.0320.

WARNING: Nan, Inf or huge value in QACC at DOF 12. The simulation is unstable. Time = 0.0320.

WARNING: Nan, Inf or huge value in QACC at DOF 12. The simulation is unstable. Time = 0.0320.

WARNING: Nan, Inf or huge value in QACC at DOF 12. The simulation is unstable. Time = 0.0320.

WARNING: Nan, Inf or huge value in QACC at DOF 12. The simulation is unstable. Time = 0.0320.

WARNING: Nan, Inf or huge value in QACC at DOF 12. The simulation is unstable. Time = 0.0340.

WARNING: Nan, Inf or huge value in QACC at DOF 12. The simulation is unstable. Time = 0.0320.

WARNING: Nan, Inf or huge value in QACC at DOF 12. The simulation is unstable. Time = 0.0320.

WARNING: Nan, Inf or huge value in QACC at DOF 12. The simulation is unstable. Time = 0.0300.

WARNING: Nan, Inf or huge value in QACC at DOF 12. The simulation is unstable. Time = 0.0300.

WARNING: Nan, Inf or huge value in QACC at DOF 12. The simulation is unstable. Time = 0.0320.

WARNING: Nan, Inf or huge value in QACC at DOF 12. The simulation is unstable. Time = 0.0340.

WARNING: Nan, Inf or huge value in QACC at DOF 12. The simulation is unstable. Time = 0.0320.

WARNING: Nan, Inf or huge value in QACC at DOF 12. The simulation is unstable. Time = 0.0300.

WARNING: Nan, Inf or huge value in QACC at DOF 12. The simulation is unstable. Time = 0.0300.

WARNING: Nan, Inf or huge value in QACC at DOF 12. The simulation is unstable. Time = 0.0340.

WARNING: Nan, Inf or huge value in QACC at DOF 12. The simulation is unstable. Time = 0.0320.

WARNING: Nan, Inf or huge value in QACC at DOF 12. The simulation is unstable. Time = 0.0300.

WARNING: Nan, Inf or huge value in QACC at DOF 12. The simulation is unstable. Time = 0.0320.

WARNING: Nan, Inf or huge value in QACC at DOF 12. The simulation is unstable. Time = 0.0320.

----------------------------------------
| rollout/                |            |
|    ep_len_mean          | 1.28       |
|    ep_rew_mean          | -15.4      |
|    success_rate         | 0          |
| time/                   |            |
|    fps                  | 704        |
|    iterations           | 57         |
|    time_elapsed         | 82         |
|    total_timesteps      | 309248     |
| train/                  |            |
|    approx_kl            | 0.09957153 |
|    clip_fraction        | 0.33       |
|    clip_range           | 0.2        |
|    entropy_loss         | -14        |
|    explained_variance   | 0.948      |
|    learning_rate        | 0.0003     |
|    loss                 | 2.21       |
|    n_updates            | 3010       |
|    policy_gradient_loss | -0.0421    |
|    std                  | 1.2        |
|    value_loss           | 8.77       |
----------------------------------------
WARNING: Nan, Inf or huge value in QACC at DOF 12. The simulation is unstable. Time = 0.0320.

WARNING: Nan, Inf or huge value in QACC at DOF 12. The simulation is unstable. Time = 0.0320.

WARNING: Nan, Inf or huge value in QACC at DOF 12. The simulation is unstable. Time = 0.0320.

WARNING: Nan, Inf or huge value in QACC at DOF 12. The simulation is unstable. Time = 0.0320.

WARNING: Nan, Inf or huge value in QACC at DOF 12. The simulation is unstable. Time = 0.0320.

WARNING: Nan, Inf or huge value in QACC at DOF 12. The simulation is unstable. Time = 0.0320.

WARNING: Nan, Inf or huge value in QACC at DOF 12. The simulation is unstable. Time = 0.0320.

WARNING: Nan, Inf or huge value in QACC at DOF 12. The simulation is unstable. Time = 0.0340.

WARNING: Nan, Inf or huge value in QACC at DOF 12. The simulation is unstable. Time = 0.0340.

WARNING: Nan, Inf or huge value in QACC at DOF 12. The simulation is unstable. Time = 0.0320.

WARNING: Nan, Inf or huge value in QACC at DOF 12. The simulation is unstable. Time = 0.0320.

WARNING: Nan, Inf or huge value in QACC at DOF 12. The simulation is unstable. Time = 0.0320.

WARNING: Nan, Inf or huge value in QACC at DOF 12. The simulation is unstable. Time = 0.0320.

WARNING: Nan, Inf or huge value in QACC at DOF 12. The simulation is unstable. Time = 0.0300.

WARNING: Nan, Inf or huge value in QACC at DOF 12. The simulation is unstable. Time = 0.0280.

WARNING: Nan, Inf or huge value in QACC at DOF 12. The simulation is unstable. Time = 0.0320.

WARNING: Nan, Inf or huge value in QACC at DOF 12. The simulation is unstable. Time = 0.0320.

WARNING: Nan, Inf or huge value in QACC at DOF 12. The simulation is unstable. Time = 0.0340.

WARNING: Nan, Inf or huge value in QACC at DOF 12. The simulation is unstable. Time = 0.0280.

WARNING: Nan, Inf or huge value in QACC at DOF 12. The simulation is unstable. Time = 0.0320.

WARNING: Nan, Inf or huge value in QACC at DOF 12. The simulation is unstable. Time = 0.0300.

--------------------------------------
| rollout/                |          |
|    ep_len_mean          | 1.63     |
|    ep_rew_mean          | -17.9    |
|    success_rate         | 0        |
| time/                   |          |
|    fps                  | 704      |
|    iterations           | 58       |
|    time_elapsed         | 84       |
|    total_timesteps      | 310272   |
| train/                  |          |
|    approx_kl            | 0.055804 |
|    clip_fraction        | 0.422    |
|    clip_range           | 0.2      |
|    entropy_loss         | -14      |
|    explained_variance   | 0.77     |
|    learning_rate        | 0.0003   |
|    loss                 | 22.9     |
|    n_updates            | 3020     |
|    policy_gradient_loss | -0.0232  |
|    std                  | 1.2      |
|    value_loss           | 65.4     |
--------------------------------------
WARNING: Nan, Inf or huge value in QACC at DOF 12. The simulation is unstable. Time = 0.0300.

WARNING: Nan, Inf or huge value in QACC at DOF 12. The simulation is unstable. Time = 0.0340.

WARNING: Nan, Inf or huge value in QACC at DOF 12. The simulation is unstable. Time = 0.0320.

WARNING: Nan, Inf or huge value in QACC at DOF 12. The simulation is unstable. Time = 0.0340.

WARNING: Nan, Inf or huge value in QACC at DOF 12. The simulation is unstable. Time = 0.0320.

WARNING: Nan, Inf or huge value in QACC at DOF 12. The simulation is unstable. Time = 0.0320.

WARNING: Nan, Inf or huge value in QACC at DOF 12. The simulation is unstable. Time = 0.0320.

WARNING: Nan, Inf or huge value in QACC at DOF 12. The simulation is unstable. Time = 0.0340.

WARNING: Nan, Inf or huge value in QACC at DOF 12. The simulation is unstable. Time = 0.0340.

WARNING: Nan, Inf or huge value in QACC at DOF 12. The simulation is unstable. Time = 0.0320.

WARNING: Nan, Inf or huge value in QACC at DOF 12. The simulation is unstable. Time = 0.0300.

WARNING: Nan, Inf or huge value in QACC at DOF 12. The simulation is unstable. Time = 0.0300.

WARNING: Nan, Inf or huge value in QACC at DOF 12. The simulation is unstable. Time = 0.0300.

WARNING: Nan, Inf or huge value in QACC at DOF 12. The simulation is unstable. Time = 0.0340.

WARNING: Nan, Inf or huge value in QACC at DOF 12. The simulation is unstable. Time = 0.0320.

WARNING: Nan, Inf or huge value in QACC at DOF 12. The simulation is unstable. Time = 0.0340.

WARNING: Nan, Inf or huge value in QACC at DOF 12. The simulation is unstable. Time = 0.0320.

WARNING: Nan, Inf or huge value in QACC at DOF 12. The simulation is unstable. Time = 0.0320.

WARNING: Nan, Inf or huge value in QACC at DOF 12. The simulation is unstable. Time = 0.0340.

WARNING: Nan, Inf or huge value in QACC at DOF 12. The simulation is unstable. Time = 0.0320.

WARNING: Nan, Inf or huge value in QACC at DOF 12. The simulation is unstable. Time = 0.0340.

WARNING: Nan, Inf or huge value in QACC at DOF 12. The simulation is unstable. Time = 0.0340.

----------------------------------------
| rollout/                |            |
|    ep_len_mean          | 1.37       |
|    ep_rew_mean          | -15.8      |
|    success_rate         | 0          |
| time/                   |            |
|    fps                  | 704        |
|    iterations           | 59         |
|    time_elapsed         | 85         |
|    total_timesteps      | 311296     |
| train/                  |            |
|    approx_kl            | 0.17333539 |
|    clip_fraction        | 0.559      |
|    clip_range           | 0.2        |
|    entropy_loss         | -14        |
|    explained_variance   | 0.963      |
|    learning_rate        | 0.0003     |
|    loss                 | 1.97       |
|    n_updates            | 3030       |
|    policy_gradient_loss | -0.0265    |
|    std                  | 1.2        |
|    value_loss           | 6.13       |
----------------------------------------
WARNING: Nan, Inf or huge value in QACC at DOF 12. The simulation is unstable. Time = 0.0320.

WARNING: Nan, Inf or huge value in QACC at DOF 12. The simulation is unstable. Time = 0.0280.

WARNING: Nan, Inf or huge value in QACC at DOF 12. The simulation is unstable. Time = 0.0300.

WARNING: Nan, Inf or huge value in QACC at DOF 12. The simulation is unstable. Time = 0.0320.

WARNING: Nan, Inf or huge value in QACC at DOF 12. The simulation is unstable. Time = 0.0300.

WARNING: Nan, Inf or huge value in QACC at DOF 12. The simulation is unstable. Time = 0.0320.

WARNING: Nan, Inf or huge value in QACC at DOF 12. The simulation is unstable. Time = 0.0340.

WARNING: Nan, Inf or huge value in QACC at DOF 12. The simulation is unstable. Time = 0.0300.

WARNING: Nan, Inf or huge value in QACC at DOF 12. The simulation is unstable. Time = 0.0300.

WARNING: Nan, Inf or huge value in QACC at DOF 12. The simulation is unstable. Time = 0.0320.

WARNING: Nan, Inf or huge value in QACC at DOF 12. The simulation is unstable. Time = 0.0300.

WARNING: Nan, Inf or huge value in QACC at DOF 12. The simulation is unstable. Time = 0.0300.

WARNING: Nan, Inf or huge value in QACC at DOF 12. The simulation is unstable. Time = 0.0320.

WARNING: Nan, Inf or huge value in QACC at DOF 12. The simulation is unstable. Time = 0.0300.

WARNING: Nan, Inf or huge value in QACC at DOF 12. The simulation is unstable. Time = 0.0300.

WARNING: Nan, Inf or huge value in QACC at DOF 12. The simulation is unstable. Time = 0.0320.

WARNING: Nan, Inf or huge value in QACC at DOF 12. The simulation is unstable. Time = 0.0320.

WARNING: Nan, Inf or huge value in QACC at DOF 12. The simulation is unstable. Time = 0.0320.

WARNING: Nan, Inf or huge value in QACC at DOF 12. The simulation is unstable. Time = 0.0320.

WARNING: Nan, Inf or huge value in QACC at DOF 12. The simulation is unstable. Time = 0.0340.

-----------------------------------------
| rollout/                |             |
|    ep_len_mean          | 1.35        |
|    ep_rew_mean          | -15.8       |
|    success_rate         | 0           |
| time/                   |             |
|    fps                  | 704         |
|    iterations           | 60          |
|    time_elapsed         | 87          |
|    total_timesteps      | 312320      |
| train/                  |             |
|    approx_kl            | 0.048741065 |
|    clip_fraction        | 0.341       |
|    clip_range           | 0.2         |
|    entropy_loss         | -14.1       |
|    explained_variance   | 0.774       |
|    learning_rate        | 0.0003      |
|    loss                 | 6.16        |
|    n_updates            | 3040        |
|    policy_gradient_loss | -0.0207     |
|    std                  | 1.21        |
|    value_loss           | 71.3        |
-----------------------------------------
WARNING: Nan, Inf or huge value in QACC at DOF 12. The simulation is unstable. Time = 0.0300.

WARNING: Nan, Inf or huge value in QACC at DOF 12. The simulation is unstable. Time = 0.0320.

WARNING: Nan, Inf or huge value in QACC at DOF 12. The simulation is unstable. Time = 0.0340.

WARNING: Nan, Inf or huge value in QACC at DOF 12. The simulation is unstable. Time = 0.0320.

WARNING: Nan, Inf or huge value in QACC at DOF 12. The simulation is unstable. Time = 0.0320.

WARNING: Nan, Inf or huge value in QACC at DOF 12. The simulation is unstable. Time = 0.0300.

WARNING: Nan, Inf or huge value in QACC at DOF 12. The simulation is unstable. Time = 0.0320.

WARNING: Nan, Inf or huge value in QACC at DOF 12. The simulation is unstable. Time = 0.0320.

WARNING: Nan, Inf or huge value in QACC at DOF 12. The simulation is unstable. Time = 0.0320.

WARNING: Nan, Inf or huge value in QACC at DOF 12. The simulation is unstable. Time = 0.0300.

WARNING: Nan, Inf or huge value in QACC at DOF 12. The simulation is unstable. Time = 0.0320.

WARNING: Nan, Inf or huge value in QACC at DOF 12. The simulation is unstable. Time = 0.0300.

WARNING: Nan, Inf or huge value in QACC at DOF 12. The simulation is unstable. Time = 0.0300.

WARNING: Nan, Inf or huge value in QACC at DOF 12. The simulation is unstable. Time = 0.0300.

WARNING: Nan, Inf or huge value in QACC at DOF 12. The simulation is unstable. Time = 0.0300.

WARNING: Nan, Inf or huge value in QACC at DOF 12. The simulation is unstable. Time = 0.0320.

WARNING: Nan, Inf or huge value in QACC at DOF 12. The simulation is unstable. Time = 0.0300.

WARNING: Nan, Inf or huge value in QACC at DOF 12. The simulation is unstable. Time = 0.0320.

WARNING: Nan, Inf or huge value in QACC at DOF 12. The simulation is unstable. Time = 0.0320.

WARNING: Nan, Inf or huge value in QACC at DOF 12. The simulation is unstable. Time = 0.0300.

WARNING: Nan, Inf or huge value in QACC at DOF 12. The simulation is unstable. Time = 0.0340.

WARNING: Nan, Inf or huge value in QACC at DOF 12. The simulation is unstable. Time = 0.0320.

WARNING: Nan, Inf or huge value in QACC at DOF 12. The simulation is unstable. Time = 0.0320.

WARNING: Nan, Inf or huge value in QACC at DOF 12. The simulation is unstable. Time = 0.0260.

WARNING: Nan, Inf or huge value in QACC at DOF 12. The simulation is unstable. Time = 0.0320.

WARNING: Nan, Inf or huge value in QACC at DOF 12. The simulation is unstable. Time = 0.0320.

----------------------------------------
| rollout/                |            |
|    ep_len_mean          | 1.79       |
|    ep_rew_mean          | -19        |
|    success_rate         | 0          |
| time/                   |            |
|    fps                  | 705        |
|    iterations           | 61         |
|    time_elapsed         | 88         |
|    total_timesteps      | 313344     |
| train/                  |            |
|    approx_kl            | 0.10586896 |
|    clip_fraction        | 0.471      |
|    clip_range           | 0.2        |
|    entropy_loss         | -14.1      |
|    explained_variance   | 0.928      |
|    learning_rate        | 0.0003     |
|    loss                 | 2.66       |
|    n_updates            | 3050       |
|    policy_gradient_loss | -0.0309    |
|    std                  | 1.21       |
|    value_loss           | 8.17       |
----------------------------------------
WARNING: Nan, Inf or huge value in QACC at DOF 12. The simulation is unstable. Time = 0.0300.

WARNING: Nan, Inf or huge value in QACC at DOF 12. The simulation is unstable. Time = 0.0280.

WARNING: Nan, Inf or huge value in QACC at DOF 12. The simulation is unstable. Time = 0.0320.

WARNING: Nan, Inf or huge value in QACC at DOF 12. The simulation is unstable. Time = 0.0320.

WARNING: Nan, Inf or huge value in QACC at DOF 12. The simulation is unstable. Time = 0.0300.

WARNING: Nan, Inf or huge value in QACC at DOF 12. The simulation is unstable. Time = 0.0320.

WARNING: Nan, Inf or huge value in QACC at DOF 12. The simulation is unstable. Time = 0.0300.

WARNING: Nan, Inf or huge value in QACC at DOF 12. The simulation is unstable. Time = 0.0320.

WARNING: Nan, Inf or huge value in QACC at DOF 12. The simulation is unstable. Time = 0.0340.

WARNING: Nan, Inf or huge value in QACC at DOF 12. The simulation is unstable. Time = 0.0320.

WARNING: Nan, Inf or huge value in QACC at DOF 12. The simulation is unstable. Time = 0.0300.

WARNING: Nan, Inf or huge value in QACC at DOF 12. The simulation is unstable. Time = 0.0260.

WARNING: Nan, Inf or huge value in QACC at DOF 12. The simulation is unstable. Time = 0.0300.

WARNING: Nan, Inf or huge value in QACC at DOF 12. The simulation is unstable. Time = 0.0300.

WARNING: Nan, Inf or huge value in QACC at DOF 12. The simulation is unstable. Time = 0.0320.

WARNING: Nan, Inf or huge value in QACC at DOF 12. The simulation is unstable. Time = 0.0320.

WARNING: Nan, Inf or huge value in QACC at DOF 12. The simulation is unstable. Time = 0.0320.

WARNING: Nan, Inf or huge value in QACC at DOF 12. The simulation is unstable. Time = 0.0300.

WARNING: Nan, Inf or huge value in QACC at DOF 12. The simulation is unstable. Time = 0.0320.

WARNING: Nan, Inf or huge value in QACC at DOF 12. The simulation is unstable. Time = 0.0320.

WARNING: Nan, Inf or huge value in QACC at DOF 12. The simulation is unstable. Time = 0.0320.

WARNING: Nan, Inf or huge value in QACC at DOF 12. The simulation is unstable. Time = 0.0320.

WARNING: Nan, Inf or huge value in QACC at DOF 12. The simulation is unstable. Time = 0.0320.

WARNING: Nan, Inf or huge value in QACC at DOF 12. The simulation is unstable. Time = 0.0300.

WARNING: Nan, Inf or huge value in QACC at DOF 12. The simulation is unstable. Time = 0.0340.

WARNING: Nan, Inf or huge value in QACC at DOF 12. The simulation is unstable. Time = 0.0320.

-----------------------------------------
| rollout/                |             |
|    ep_len_mean          | 1.84        |
|    ep_rew_mean          | -17.5       |
|    success_rate         | 0           |
| time/                   |             |
|    fps                  | 705         |
|    iterations           | 62          |
|    time_elapsed         | 89          |
|    total_timesteps      | 314368      |
| train/                  |             |
|    approx_kl            | 0.046231166 |
|    clip_fraction        | 0.391       |
|    clip_range           | 0.2         |
|    entropy_loss         | -14.1       |
|    explained_variance   | 0.766       |
|    learning_rate        | 0.0003      |
|    loss                 | 105         |
|    n_updates            | 3060        |
|    policy_gradient_loss | -0.0178     |
|    std                  | 1.22        |
|    value_loss           | 85.2        |
-----------------------------------------
WARNING: Nan, Inf or huge value in QACC at DOF 12. The simulation is unstable. Time = 0.0340.

WARNING: Nan, Inf or huge value in QACC at DOF 12. The simulation is unstable. Time = 0.0340.

WARNING: Nan, Inf or huge value in QACC at DOF 12. The simulation is unstable. Time = 0.0320.

WARNING: Nan, Inf or huge value in QACC at DOF 12. The simulation is unstable. Time = 0.0320.

WARNING: Nan, Inf or huge value in QACC at DOF 12. The simulation is unstable. Time = 0.0300.

WARNING: Nan, Inf or huge value in QACC at DOF 12. The simulation is unstable. Time = 0.0300.

WARNING: Nan, Inf or huge value in QACC at DOF 12. The simulation is unstable. Time = 0.0300.

WARNING: Nan, Inf or huge value in QACC at DOF 12. The simulation is unstable. Time = 0.0320.

WARNING: Nan, Inf or huge value in QACC at DOF 12. The simulation is unstable. Time = 0.0340.

WARNING: Nan, Inf or huge value in QACC at DOF 12. The simulation is unstable. Time = 0.0340.

WARNING: Nan, Inf or huge value in QACC at DOF 12. The simulation is unstable. Time = 0.0320.

WARNING: Nan, Inf or huge value in QACC at DOF 12. The simulation is unstable. Time = 0.0280.

WARNING: Nan, Inf or huge value in QACC at DOF 12. The simulation is unstable. Time = 0.0320.

WARNING: Nan, Inf or huge value in QACC at DOF 12. The simulation is unstable. Time = 0.0320.

WARNING: Nan, Inf or huge value in QACC at DOF 12. The simulation is unstable. Time = 0.0300.

WARNING: Nan, Inf or huge value in QACC at DOF 12. The simulation is unstable. Time = 0.0300.

WARNING: Nan, Inf or huge value in QACC at DOF 12. The simulation is unstable. Time = 0.0300.

----------------------------------------
| rollout/                |            |
|    ep_len_mean          | 1.27       |
|    ep_rew_mean          | -15.4      |
|    success_rate         | 0          |
| time/                   |            |
|    fps                  | 704        |
|    iterations           | 63         |
|    time_elapsed         | 91         |
|    total_timesteps      | 315392     |
| train/                  |            |
|    approx_kl            | 0.12521397 |
|    clip_fraction        | 0.382      |
|    clip_range           | 0.2        |
|    entropy_loss         | -14.2      |
|    explained_variance   | 0.919      |
|    learning_rate        | 0.0003     |
|    loss                 | 2.45       |
|    n_updates            | 3070       |
|    policy_gradient_loss | -0.0353    |
|    std                  | 1.22       |
|    value_loss           | 9.76       |
----------------------------------------
WARNING: Nan, Inf or huge value in QACC at DOF 12. The simulation is unstable. Time = 0.0320.

WARNING: Nan, Inf or huge value in QACC at DOF 12. The simulation is unstable. Time = 0.0340.

WARNING: Nan, Inf or huge value in QACC at DOF 12. The simulation is unstable. Time = 0.0320.

WARNING: Nan, Inf or huge value in QACC at DOF 12. The simulation is unstable. Time = 0.0320.

WARNING: Nan, Inf or huge value in QACC at DOF 12. The simulation is unstable. Time = 0.0300.

WARNING: Nan, Inf or huge value in QACC at DOF 12. The simulation is unstable. Time = 0.0300.

WARNING: Nan, Inf or huge value in QACC at DOF 12. The simulation is unstable. Time = 0.0320.

WARNING: Nan, Inf or huge value in QACC at DOF 12. The simulation is unstable. Time = 0.0320.

WARNING: Nan, Inf or huge value in QACC at DOF 12. The simulation is unstable. Time = 0.0300.

WARNING: Nan, Inf or huge value in QACC at DOF 12. The simulation is unstable. Time = 0.0340.

WARNING: Nan, Inf or huge value in QACC at DOF 12. The simulation is unstable. Time = 0.0320.

WARNING: Nan, Inf or huge value in QACC at DOF 12. The simulation is unstable. Time = 0.0320.

WARNING: Nan, Inf or huge value in QACC at DOF 12. The simulation is unstable. Time = 0.0340.

WARNING: Nan, Inf or huge value in QACC at DOF 12. The simulation is unstable. Time = 0.0340.

WARNING: Nan, Inf or huge value in QACC at DOF 12. The simulation is unstable. Time = 0.0300.

WARNING: Nan, Inf or huge value in QACC at DOF 12. The simulation is unstable. Time = 0.0320.

WARNING: Nan, Inf or huge value in QACC at DOF 12. The simulation is unstable. Time = 0.0320.

WARNING: Nan, Inf or huge value in QACC at DOF 12. The simulation is unstable. Time = 0.0300.

WARNING: Nan, Inf or huge value in QACC at DOF 12. The simulation is unstable. Time = 0.0340.

WARNING: Nan, Inf or huge value in QACC at DOF 12. The simulation is unstable. Time = 0.0280.

WARNING: Nan, Inf or huge value in QACC at DOF 12. The simulation is unstable. Time = 0.0320.

WARNING: Nan, Inf or huge value in QACC at DOF 12. The simulation is unstable. Time = 0.0320.

WARNING: Nan, Inf or huge value in QACC at DOF 12. The simulation is unstable. Time = 0.0320.

----------------------------------------
| rollout/                |            |
|    ep_len_mean          | 1.78       |
|    ep_rew_mean          | -18.7      |
|    success_rate         | 0          |
| time/                   |            |
|    fps                  | 705        |
|    iterations           | 64         |
|    time_elapsed         | 92         |
|    total_timesteps      | 316416     |
| train/                  |            |
|    approx_kl            | 0.03797579 |
|    clip_fraction        | 0.396      |
|    clip_range           | 0.2        |
|    entropy_loss         | -14.2      |
|    explained_variance   | 0.802      |
|    learning_rate        | 0.0003     |
|    loss                 | 16.9       |
|    n_updates            | 3080       |
|    policy_gradient_loss | -0.0254    |
|    std                  | 1.22       |
|    value_loss           | 40.8       |
----------------------------------------
WARNING: Nan, Inf or huge value in QACC at DOF 12. The simulation is unstable. Time = 0.0320.

WARNING: Nan, Inf or huge value in QACC at DOF 12. The simulation is unstable. Time = 0.0320.

WARNING: Nan, Inf or huge value in QACC at DOF 12. The simulation is unstable. Time = 0.0320.

WARNING: Nan, Inf or huge value in QACC at DOF 12. The simulation is unstable. Time = 0.0300.

WARNING: Nan, Inf or huge value in QACC at DOF 12. The simulation is unstable. Time = 0.0320.

WARNING: Nan, Inf or huge value in QACC at DOF 12. The simulation is unstable. Time = 0.0320.

WARNING: Nan, Inf or huge value in QACC at DOF 12. The simulation is unstable. Time = 0.0320.

WARNING: Nan, Inf or huge value in QACC at DOF 12. The simulation is unstable. Time = 0.0300.

WARNING: Nan, Inf or huge value in QACC at DOF 12. The simulation is unstable. Time = 0.0300.

WARNING: Nan, Inf or huge value in QACC at DOF 12. The simulation is unstable. Time = 0.0320.

WARNING: Nan, Inf or huge value in QACC at DOF 12. The simulation is unstable. Time = 0.0300.

WARNING: Nan, Inf or huge value in QACC at DOF 12. The simulation is unstable. Time = 0.0320.

WARNING: Nan, Inf or huge value in QACC at DOF 12. The simulation is unstable. Time = 0.0320.

WARNING: Nan, Inf or huge value in QACC at DOF 12. The simulation is unstable. Time = 0.0320.

WARNING: Nan, Inf or huge value in QACC at DOF 12. The simulation is unstable. Time = 0.0300.

WARNING: Nan, Inf or huge value in QACC at DOF 12. The simulation is unstable. Time = 0.0280.

WARNING: Nan, Inf or huge value in QACC at DOF 12. The simulation is unstable. Time = 0.0300.

WARNING: Nan, Inf or huge value in QACC at DOF 12. The simulation is unstable. Time = 0.0340.

WARNING: Nan, Inf or huge value in QACC at DOF 12. The simulation is unstable. Time = 0.0300.

WARNING: Nan, Inf or huge value in QACC at DOF 12. The simulation is unstable. Time = 0.0320.

WARNING: Nan, Inf or huge value in QACC at DOF 12. The simulation is unstable. Time = 0.0300.

WARNING: Nan, Inf or huge value in QACC at DOF 12. The simulation is unstable. Time = 0.0320.

WARNING: Nan, Inf or huge value in QACC at DOF 12. The simulation is unstable. Time = 0.0320.

WARNING: Nan, Inf or huge value in QACC at DOF 12. The simulation is unstable. Time = 0.0320.

WARNING: Nan, Inf or huge value in QACC at DOF 12. The simulation is unstable. Time = 0.0320.

WARNING: Nan, Inf or huge value in QACC at DOF 12. The simulation is unstable. Time = 0.0300.

WARNING: Nan, Inf or huge value in QACC at DOF 12. The simulation is unstable. Time = 0.0300.

-----------------------------------------
| rollout/                |             |
|    ep_len_mean          | 1.83        |
|    ep_rew_mean          | -17.1       |
|    success_rate         | 0           |
| time/                   |             |
|    fps                  | 706         |
|    iterations           | 65          |
|    time_elapsed         | 94          |
|    total_timesteps      | 317440      |
| train/                  |             |
|    approx_kl            | 0.023634708 |
|    clip_fraction        | 0.202       |
|    clip_range           | 0.2         |
|    entropy_loss         | -14.2       |
|    explained_variance   | 0.668       |
|    learning_rate        | 0.0003      |
|    loss                 | 16.1        |
|    n_updates            | 3090        |
|    policy_gradient_loss | -0.0308     |
|    std                  | 1.22        |
|    value_loss           | 141         |
-----------------------------------------
WARNING: Nan, Inf or huge value in QACC at DOF 12. The simulation is unstable. Time = 0.0300.

WARNING: Nan, Inf or huge value in QACC at DOF 12. The simulation is unstable. Time = 0.0320.

WARNING: Nan, Inf or huge value in QACC at DOF 12. The simulation is unstable. Time = 0.0320.

WARNING: Nan, Inf or huge value in QACC at DOF 12. The simulation is unstable. Time = 0.0340.

WARNING: Nan, Inf or huge value in QACC at DOF 12. The simulation is unstable. Time = 0.0320.

WARNING: Nan, Inf or huge value in QACC at DOF 12. The simulation is unstable. Time = 0.0300.

WARNING: Nan, Inf or huge value in QACC at DOF 12. The simulation is unstable. Time = 0.0300.

WARNING: Nan, Inf or huge value in QACC at DOF 12. The simulation is unstable. Time = 0.0300.

WARNING: Nan, Inf or huge value in QACC at DOF 12. The simulation is unstable. Time = 0.0320.

WARNING: Nan, Inf or huge value in QACC at DOF 12. The simulation is unstable. Time = 0.0340.

WARNING: Nan, Inf or huge value in QACC at DOF 12. The simulation is unstable. Time = 0.0280.

WARNING: Nan, Inf or huge value in QACC at DOF 12. The simulation is unstable. Time = 0.0320.

WARNING: Nan, Inf or huge value in QACC at DOF 12. The simulation is unstable. Time = 0.0300.

WARNING: Nan, Inf or huge value in QACC at DOF 12. The simulation is unstable. Time = 0.0300.

WARNING: Nan, Inf or huge value in QACC at DOF 12. The simulation is unstable. Time = 0.0320.

WARNING: Nan, Inf or huge value in QACC at DOF 12. The simulation is unstable. Time = 0.0320.

WARNING: Nan, Inf or huge value in QACC at DOF 12. The simulation is unstable. Time = 0.0300.

WARNING: Nan, Inf or huge value in QACC at DOF 12. The simulation is unstable. Time = 0.0320.

WARNING: Nan, Inf or huge value in QACC at DOF 12. The simulation is unstable. Time = 0.0280.

WARNING: Nan, Inf or huge value in QACC at DOF 12. The simulation is unstable. Time = 0.0320.

WARNING: Nan, Inf or huge value in QACC at DOF 12. The simulation is unstable. Time = 0.0320.

WARNING: Nan, Inf or huge value in QACC at DOF 12. The simulation is unstable. Time = 0.0320.

WARNING: Nan, Inf or huge value in QACC at DOF 12. The simulation is unstable. Time = 0.0300.

WARNING: Nan, Inf or huge value in QACC at DOF 12. The simulation is unstable. Time = 0.0280.

WARNING: Nan, Inf or huge value in QACC at DOF 12. The simulation is unstable. Time = 0.0300.

----------------------------------------
| rollout/                |            |
|    ep_len_mean          | 2          |
|    ep_rew_mean          | -17.7      |
|    success_rate         | 0          |
| time/                   |            |
|    fps                  | 707        |
|    iterations           | 66         |
|    time_elapsed         | 95         |
|    total_timesteps      | 318464     |
| train/                  |            |
|    approx_kl            | 0.06532521 |
|    clip_fraction        | 0.398      |
|    clip_range           | 0.2        |
|    entropy_loss         | -14.2      |
|    explained_variance   | 0.926      |
|    learning_rate        | 0.0003     |
|    loss                 | 1.57       |
|    n_updates            | 3100       |
|    policy_gradient_loss | -0.042     |
|    std                  | 1.22       |
|    value_loss           | 10.7       |
----------------------------------------
WARNING: Nan, Inf or huge value in QACC at DOF 12. The simulation is unstable. Time = 0.0320.

WARNING: Nan, Inf or huge value in QACC at DOF 12. The simulation is unstable. Time = 0.0320.

WARNING: Nan, Inf or huge value in QACC at DOF 12. The simulation is unstable. Time = 0.0300.

WARNING: Nan, Inf or huge value in QACC at DOF 12. The simulation is unstable. Time = 0.0300.

WARNING: Nan, Inf or huge value in QACC at DOF 12. The simulation is unstable. Time = 0.0340.

WARNING: Nan, Inf or huge value in QACC at DOF 12. The simulation is unstable. Time = 0.0320.

WARNING: Nan, Inf or huge value in QACC at DOF 12. The simulation is unstable. Time = 0.0320.

WARNING: Nan, Inf or huge value in QACC at DOF 12. The simulation is unstable. Time = 0.0300.

WARNING: Nan, Inf or huge value in QACC at DOF 12. The simulation is unstable. Time = 0.0300.

WARNING: Nan, Inf or huge value in QACC at DOF 12. The simulation is unstable. Time = 0.0320.

WARNING: Nan, Inf or huge value in QACC at DOF 12. The simulation is unstable. Time = 0.0320.

WARNING: Nan, Inf or huge value in QACC at DOF 12. The simulation is unstable. Time = 0.0340.

WARNING: Nan, Inf or huge value in QACC at DOF 12. The simulation is unstable. Time = 0.0300.

WARNING: Nan, Inf or huge value in QACC at DOF 12. The simulation is unstable. Time = 0.0320.

WARNING: Nan, Inf or huge value in QACC at DOF 12. The simulation is unstable. Time = 0.0340.

WARNING: Nan, Inf or huge value in QACC at DOF 12. The simulation is unstable. Time = 0.0340.

-----------------------------------------
| rollout/                |             |
|    ep_len_mean          | 1.64        |
|    ep_rew_mean          | -15.4       |
|    success_rate         | 0           |
| time/                   |             |
|    fps                  | 708         |
|    iterations           | 67          |
|    time_elapsed         | 96          |
|    total_timesteps      | 319488      |
| train/                  |             |
|    approx_kl            | 0.016419655 |
|    clip_fraction        | 0.284       |
|    clip_range           | 0.2         |
|    entropy_loss         | -14.2       |
|    explained_variance   | 0.513       |
|    learning_rate        | 0.0003      |
|    loss                 | 109         |
|    n_updates            | 3110        |
|    policy_gradient_loss | -0.0226     |
|    std                  | 1.22        |
|    value_loss           | 302         |
-----------------------------------------
WARNING: Nan, Inf or huge value in QACC at DOF 12. The simulation is unstable. Time = 0.0340.

WARNING: Nan, Inf or huge value in QACC at DOF 12. The simulation is unstable. Time = 0.0320.

WARNING: Nan, Inf or huge value in QACC at DOF 12. The simulation is unstable. Time = 0.0320.

WARNING: Nan, Inf or huge value in QACC at DOF 12. The simulation is unstable. Time = 0.0340.

WARNING: Nan, Inf or huge value in QACC at DOF 12. The simulation is unstable. Time = 0.0300.

WARNING: Nan, Inf or huge value in QACC at DOF 12. The simulation is unstable. Time = 0.0260.

WARNING: Nan, Inf or huge value in QACC at DOF 12. The simulation is unstable. Time = 0.0320.

WARNING: Nan, Inf or huge value in QACC at DOF 12. The simulation is unstable. Time = 0.0300.

WARNING: Nan, Inf or huge value in QACC at DOF 12. The simulation is unstable. Time = 0.0320.

WARNING: Nan, Inf or huge value in QACC at DOF 12. The simulation is unstable. Time = 0.0300.

WARNING: Nan, Inf or huge value in QACC at DOF 12. The simulation is unstable. Time = 0.0340.

WARNING: Nan, Inf or huge value in QACC at DOF 12. The simulation is unstable. Time = 0.0280.

WARNING: Nan, Inf or huge value in QACC at DOF 12. The simulation is unstable. Time = 0.0300.

WARNING: Nan, Inf or huge value in QACC at DOF 12. The simulation is unstable. Time = 0.0280.

WARNING: Nan, Inf or huge value in QACC at DOF 12. The simulation is unstable. Time = 0.0320.

----------------------------------------
| rollout/                |            |
|    ep_len_mean          | 1.76       |
|    ep_rew_mean          | -15.7      |
|    success_rate         | 0          |
| time/                   |            |
|    fps                  | 708        |
|    iterations           | 68         |
|    time_elapsed         | 98         |
|    total_timesteps      | 320512     |
| train/                  |            |
|    approx_kl            | 0.34827727 |
|    clip_fraction        | 0.53       |
|    clip_range           | 0.2        |
|    entropy_loss         | -14.2      |
|    explained_variance   | 0.93       |
|    learning_rate        | 0.0003     |
|    loss                 | 0.902      |
|    n_updates            | 3120       |
|    policy_gradient_loss | -0.0258    |
|    std                  | 1.22       |
|    value_loss           | 6.52       |
----------------------------------------
WARNING: Nan, Inf or huge value in QACC at DOF 12. The simulation is unstable. Time = 0.0320.

WARNING: Nan, Inf or huge value in QACC at DOF 12. The simulation is unstable. Time = 0.0300.

WARNING: Nan, Inf or huge value in QACC at DOF 12. The simulation is unstable. Time = 0.0320.

WARNING: Nan, Inf or huge value in QACC at DOF 12. The simulation is unstable. Time = 0.0320.

WARNING: Nan, Inf or huge value in QACC at DOF 12. The simulation is unstable. Time = 0.0300.

WARNING: Nan, Inf or huge value in QACC at DOF 12. The simulation is unstable. Time = 0.0300.

WARNING: Nan, Inf or huge value in QACC at DOF 12. The simulation is unstable. Time = 0.0280.

WARNING: Nan, Inf or huge value in QACC at DOF 12. The simulation is unstable. Time = 0.0320.

WARNING: Nan, Inf or huge value in QACC at DOF 12. The simulation is unstable. Time = 0.0320.

WARNING: Nan, Inf or huge value in QACC at DOF 12. The simulation is unstable. Time = 0.0300.

WARNING: Nan, Inf or huge value in QACC at DOF 12. The simulation is unstable. Time = 0.0260.

WARNING: Nan, Inf or huge value in QACC at DOF 12. The simulation is unstable. Time = 0.0300.

WARNING: Nan, Inf or huge value in QACC at DOF 12. The simulation is unstable. Time = 0.0320.

WARNING: Nan, Inf or huge value in QACC at DOF 12. The simulation is unstable. Time = 0.0320.

WARNING: Nan, Inf or huge value in QACC at DOF 12. The simulation is unstable. Time = 0.0320.

WARNING: Nan, Inf or huge value in QACC at DOF 12. The simulation is unstable. Time = 0.0300.

WARNING: Nan, Inf or huge value in QACC at DOF 12. The simulation is unstable. Time = 0.0320.

WARNING: Nan, Inf or huge value in QACC at DOF 12. The simulation is unstable. Time = 0.0320.

WARNING: Nan, Inf or huge value in QACC at DOF 12. The simulation is unstable. Time = 0.0320.

WARNING: Nan, Inf or huge value in QACC at DOF 12. The simulation is unstable. Time = 0.0320.

WARNING: Nan, Inf or huge value in QACC at DOF 12. The simulation is unstable. Time = 0.0320.

WARNING: Nan, Inf or huge value in QACC at DOF 12. The simulation is unstable. Time = 0.0300.

WARNING: Nan, Inf or huge value in QACC at DOF 12. The simulation is unstable. Time = 0.0300.

---------------------------------------
| rollout/                |           |
|    ep_len_mean          | 1.99      |
|    ep_rew_mean          | -17.7     |
|    success_rate         | 0         |
| time/                   |           |
|    fps                  | 709       |
|    iterations           | 69        |
|    time_elapsed         | 99        |
|    total_timesteps      | 321536    |
| train/                  |           |
|    approx_kl            | 0.1099976 |
|    clip_fraction        | 0.599     |
|    clip_range           | 0.2       |
|    entropy_loss         | -14.2     |
|    explained_variance   | 0.935     |
|    learning_rate        | 0.0003    |
|    loss                 | 2.2       |
|    n_updates            | 3130      |
|    policy_gradient_loss | -0.0221   |
|    std                  | 1.23      |
|    value_loss           | 5.7       |
---------------------------------------
WARNING: Nan, Inf or huge value in QACC at DOF 12. The simulation is unstable. Time = 0.0320.

WARNING: Nan, Inf or huge value in QACC at DOF 12. The simulation is unstable. Time = 0.0300.

WARNING: Nan, Inf or huge value in QACC at DOF 12. The simulation is unstable. Time = 0.0300.

WARNING: Nan, Inf or huge value in QACC at DOF 12. The simulation is unstable. Time = 0.0320.

WARNING: Nan, Inf or huge value in QACC at DOF 12. The simulation is unstable. Time = 0.0300.

WARNING: Nan, Inf or huge value in QACC at DOF 12. The simulation is unstable. Time = 0.0320.

WARNING: Nan, Inf or huge value in QACC at DOF 12. The simulation is unstable. Time = 0.0280.

WARNING: Nan, Inf or huge value in QACC at DOF 12. The simulation is unstable. Time = 0.0320.

WARNING: Nan, Inf or huge value in QACC at DOF 12. The simulation is unstable. Time = 0.0300.

WARNING: Nan, Inf or huge value in QACC at DOF 12. The simulation is unstable. Time = 0.0320.

WARNING: Nan, Inf or huge value in QACC at DOF 12. The simulation is unstable. Time = 0.0300.

WARNING: Nan, Inf or huge value in QACC at DOF 12. The simulation is unstable. Time = 0.0320.

WARNING: Nan, Inf or huge value in QACC at DOF 12. The simulation is unstable. Time = 0.0300.

WARNING: Nan, Inf or huge value in QACC at DOF 12. The simulation is unstable. Time = 0.0320.

WARNING: Nan, Inf or huge value in QACC at DOF 12. The simulation is unstable. Time = 0.0300.

WARNING: Nan, Inf or huge value in QACC at DOF 12. The simulation is unstable. Time = 0.0340.

WARNING: Nan, Inf or huge value in QACC at DOF 12. The simulation is unstable. Time = 0.0300.

WARNING: Nan, Inf or huge value in QACC at DOF 12. The simulation is unstable. Time = 0.0320.

-----------------------------------------
| rollout/                |             |
|    ep_len_mean          | 1.63        |
|    ep_rew_mean          | -15         |
|    success_rate         | 0           |
| time/                   |             |
|    fps                  | 710         |
|    iterations           | 70          |
|    time_elapsed         | 100         |
|    total_timesteps      | 322560      |
| train/                  |             |
|    approx_kl            | 0.042210866 |
|    clip_fraction        | 0.388       |
|    clip_range           | 0.2         |
|    entropy_loss         | -14.3       |
|    explained_variance   | 0.776       |
|    learning_rate        | 0.0003      |
|    loss                 | 2.89        |
|    n_updates            | 3140        |
|    policy_gradient_loss | -0.0274     |
|    std                  | 1.23        |
|    value_loss           | 62.8        |
-----------------------------------------
WARNING: Nan, Inf or huge value in QACC at DOF 12. The simulation is unstable. Time = 0.0320.

WARNING: Nan, Inf or huge value in QACC at DOF 12. The simulation is unstable. Time = 0.0260.

WARNING: Nan, Inf or huge value in QACC at DOF 12. The simulation is unstable. Time = 0.0320.

WARNING: Nan, Inf or huge value in QACC at DOF 12. The simulation is unstable. Time = 0.0300.

WARNING: Nan, Inf or huge value in QACC at DOF 12. The simulation is unstable. Time = 0.0340.

WARNING: Nan, Inf or huge value in QACC at DOF 12. The simulation is unstable. Time = 0.0320.

WARNING: Nan, Inf or huge value in QACC at DOF 12. The simulation is unstable. Time = 0.0320.

WARNING: Nan, Inf or huge value in QACC at DOF 12. The simulation is unstable. Time = 0.0340.

WARNING: Nan, Inf or huge value in QACC at DOF 12. The simulation is unstable. Time = 0.0300.

WARNING: Nan, Inf or huge value in QACC at DOF 12. The simulation is unstable. Time = 0.0280.

WARNING: Nan, Inf or huge value in QACC at DOF 12. The simulation is unstable. Time = 0.0320.

WARNING: Nan, Inf or huge value in QACC at DOF 12. The simulation is unstable. Time = 0.0320.

WARNING: Nan, Inf or huge value in QACC at DOF 12. The simulation is unstable. Time = 0.0340.

WARNING: Nan, Inf or huge value in QACC at DOF 12. The simulation is unstable. Time = 0.0320.

WARNING: Nan, Inf or huge value in QACC at DOF 12. The simulation is unstable. Time = 0.0320.

WARNING: Nan, Inf or huge value in QACC at DOF 12. The simulation is unstable. Time = 0.0340.

WARNING: Nan, Inf or huge value in QACC at DOF 12. The simulation is unstable. Time = 0.0320.

WARNING: Nan, Inf or huge value in QACC at DOF 12. The simulation is unstable. Time = 0.0300.

WARNING: Nan, Inf or huge value in QACC at DOF 12. The simulation is unstable. Time = 0.0340.

WARNING: Nan, Inf or huge value in QACC at DOF 12. The simulation is unstable. Time = 0.0300.

-----------------------------------------
| rollout/                |             |
|    ep_len_mean          | 1.64        |
|    ep_rew_mean          | -15.5       |
|    success_rate         | 0           |
| time/                   |             |
|    fps                  | 711         |
|    iterations           | 71          |
|    time_elapsed         | 102         |
|    total_timesteps      | 323584      |
| train/                  |             |
|    approx_kl            | 0.042885624 |
|    clip_fraction        | 0.339       |
|    clip_range           | 0.2         |
|    entropy_loss         | -14.3       |
|    explained_variance   | 0.792       |
|    learning_rate        | 0.0003      |
|    loss                 | 21.8        |
|    n_updates            | 3150        |
|    policy_gradient_loss | -0.0247     |
|    std                  | 1.23        |
|    value_loss           | 51.1        |
-----------------------------------------
WARNING: Nan, Inf or huge value in QACC at DOF 12. The simulation is unstable. Time = 0.0300.

WARNING: Nan, Inf or huge value in QACC at DOF 12. The simulation is unstable. Time = 0.0320.

WARNING: Nan, Inf or huge value in QACC at DOF 12. The simulation is unstable. Time = 0.0320.

WARNING: Nan, Inf or huge value in QACC at DOF 12. The simulation is unstable. Time = 0.0320.

WARNING: Nan, Inf or huge value in QACC at DOF 12. The simulation is unstable. Time = 0.0340.

WARNING: Nan, Inf or huge value in QACC at DOF 12. The simulation is unstable. Time = 0.0320.

WARNING: Nan, Inf or huge value in QACC at DOF 12. The simulation is unstable. Time = 0.0320.

WARNING: Nan, Inf or huge value in QACC at DOF 12. The simulation is unstable. Time = 0.0340.

WARNING: Nan, Inf or huge value in QACC at DOF 12. The simulation is unstable. Time = 0.0300.

WARNING: Nan, Inf or huge value in QACC at DOF 12. The simulation is unstable. Time = 0.0340.

WARNING: Nan, Inf or huge value in QACC at DOF 12. The simulation is unstable. Time = 0.0340.

WARNING: Nan, Inf or huge value in QACC at DOF 12. The simulation is unstable. Time = 0.0300.

WARNING: Nan, Inf or huge value in QACC at DOF 12. The simulation is unstable. Time = 0.0320.

---------------------------------------
| rollout/                |           |
|    ep_len_mean          | 1.71      |
|    ep_rew_mean          | -15.1     |
|    success_rate         | 0         |
| time/                   |           |
|    fps                  | 712       |
|    iterations           | 72        |
|    time_elapsed         | 103       |
|    total_timesteps      | 324608    |
| train/                  |           |
|    approx_kl            | 0.0757138 |
|    clip_fraction        | 0.429     |
|    clip_range           | 0.2       |
|    entropy_loss         | -14.3     |
|    explained_variance   | 0.944     |
|    learning_rate        | 0.0003    |
|    loss                 | 3.81      |
|    n_updates            | 3160      |
|    policy_gradient_loss | -0.0356   |
|    std                  | 1.23      |
|    value_loss           | 8.47      |
---------------------------------------
WARNING: Nan, Inf or huge value in QACC at DOF 12. The simulation is unstable. Time = 0.0320.

WARNING: Nan, Inf or huge value in QACC at DOF 12. The simulation is unstable. Time = 0.0300.

WARNING: Nan, Inf or huge value in QACC at DOF 12. The simulation is unstable. Time = 0.0320.

WARNING: Nan, Inf or huge value in QACC at DOF 12. The simulation is unstable. Time = 0.0320.

WARNING: Nan, Inf or huge value in QACC at DOF 12. The simulation is unstable. Time = 0.0320.

WARNING: Nan, Inf or huge value in QACC at DOF 12. The simulation is unstable. Time = 0.0320.

WARNING: Nan, Inf or huge value in QACC at DOF 12. The simulation is unstable. Time = 0.0340.

WARNING: Nan, Inf or huge value in QACC at DOF 12. The simulation is unstable. Time = 0.0300.

WARNING: Nan, Inf or huge value in QACC at DOF 12. The simulation is unstable. Time = 0.0320.

WARNING: Nan, Inf or huge value in QACC at DOF 12. The simulation is unstable. Time = 0.0280.

WARNING: Nan, Inf or huge value in QACC at DOF 12. The simulation is unstable. Time = 0.0300.

WARNING: Nan, Inf or huge value in QACC at DOF 12. The simulation is unstable. Time = 0.0320.

WARNING: Nan, Inf or huge value in QACC at DOF 12. The simulation is unstable. Time = 0.0340.

WARNING: Nan, Inf or huge value in QACC at DOF 12. The simulation is unstable. Time = 0.0320.

WARNING: Nan, Inf or huge value in QACC at DOF 12. The simulation is unstable. Time = 0.0340.

WARNING: Nan, Inf or huge value in QACC at DOF 12. The simulation is unstable. Time = 0.0260.

WARNING: Nan, Inf or huge value in QACC at DOF 12. The simulation is unstable. Time = 0.0300.

WARNING: Nan, Inf or huge value in QACC at DOF 12. The simulation is unstable. Time = 0.0300.

WARNING: Nan, Inf or huge value in QACC at DOF 12. The simulation is unstable. Time = 0.0300.

WARNING: Nan, Inf or huge value in QACC at DOF 12. The simulation is unstable. Time = 0.0320.

WARNING: Nan, Inf or huge value in QACC at DOF 12. The simulation is unstable. Time = 0.0320.

WARNING: Nan, Inf or huge value in QACC at DOF 12. The simulation is unstable. Time = 0.0320.

WARNING: Nan, Inf or huge value in QACC at DOF 12. The simulation is unstable. Time = 0.0340.

-----------------------------------------
| rollout/                |             |
|    ep_len_mean          | 2.07        |
|    ep_rew_mean          | -17.7       |
|    success_rate         | 0           |
| time/                   |             |
|    fps                  | 713         |
|    iterations           | 73          |
|    time_elapsed         | 104         |
|    total_timesteps      | 325632      |
| train/                  |             |
|    approx_kl            | 0.078972764 |
|    clip_fraction        | 0.452       |
|    clip_range           | 0.2         |
|    entropy_loss         | -14.3       |
|    explained_variance   | 0.925       |
|    learning_rate        | 0.0003      |
|    loss                 | 0.824       |
|    n_updates            | 3170        |
|    policy_gradient_loss | -0.0267     |
|    std                  | 1.24        |
|    value_loss           | 5.28        |
-----------------------------------------
WARNING: Nan, Inf or huge value in QACC at DOF 12. The simulation is unstable. Time = 0.0300.

WARNING: Nan, Inf or huge value in QACC at DOF 12. The simulation is unstable. Time = 0.0320.

WARNING: Nan, Inf or huge value in QACC at DOF 12. The simulation is unstable. Time = 0.0300.

WARNING: Nan, Inf or huge value in QACC at DOF 12. The simulation is unstable. Time = 0.0320.

WARNING: Nan, Inf or huge value in QACC at DOF 12. The simulation is unstable. Time = 0.0320.

WARNING: Nan, Inf or huge value in QACC at DOF 12. The simulation is unstable. Time = 0.0320.

WARNING: Nan, Inf or huge value in QACC at DOF 12. The simulation is unstable. Time = 0.0300.

WARNING: Nan, Inf or huge value in QACC at DOF 12. The simulation is unstable. Time = 0.0320.

WARNING: Nan, Inf or huge value in QACC at DOF 12. The simulation is unstable. Time = 0.0320.

WARNING: Nan, Inf or huge value in QACC at DOF 12. The simulation is unstable. Time = 0.0340.

WARNING: Nan, Inf or huge value in QACC at DOF 12. The simulation is unstable. Time = 0.0300.

WARNING: Nan, Inf or huge value in QACC at DOF 12. The simulation is unstable. Time = 0.0320.

WARNING: Nan, Inf or huge value in QACC at DOF 12. The simulation is unstable. Time = 0.0320.

WARNING: Nan, Inf or huge value in QACC at DOF 12. The simulation is unstable. Time = 0.0300.

WARNING: Nan, Inf or huge value in QACC at DOF 12. The simulation is unstable. Time = 0.0300.

WARNING: Nan, Inf or huge value in QACC at DOF 12. The simulation is unstable. Time = 0.0320.

WARNING: Nan, Inf or huge value in QACC at DOF 12. The simulation is unstable. Time = 0.0320.

WARNING: Nan, Inf or huge value in QACC at DOF 12. The simulation is unstable. Time = 0.0320.

WARNING: Nan, Inf or huge value in QACC at DOF 12. The simulation is unstable. Time = 0.0300.

-----------------------------------------
| rollout/                |             |
|    ep_len_mean          | 2.19        |
|    ep_rew_mean          | -18.2       |
|    success_rate         | 0           |
| time/                   |             |
|    fps                  | 714         |
|    iterations           | 74          |
|    time_elapsed         | 106         |
|    total_timesteps      | 326656      |
| train/                  |             |
|    approx_kl            | 0.032033842 |
|    clip_fraction        | 0.351       |
|    clip_range           | 0.2         |
|    entropy_loss         | -14.3       |
|    explained_variance   | 0.867       |
|    learning_rate        | 0.0003      |
|    loss                 | 5.67        |
|    n_updates            | 3180        |
|    policy_gradient_loss | -0.0365     |
|    std                  | 1.24        |
|    value_loss           | 26          |
-----------------------------------------
WARNING: Nan, Inf or huge value in QACC at DOF 12. The simulation is unstable. Time = 0.0280.

WARNING: Nan, Inf or huge value in QACC at DOF 12. The simulation is unstable. Time = 0.0300.

WARNING: Nan, Inf or huge value in QACC at DOF 12. The simulation is unstable. Time = 0.0320.

WARNING: Nan, Inf or huge value in QACC at DOF 12. The simulation is unstable. Time = 0.0320.

WARNING: Nan, Inf or huge value in QACC at DOF 12. The simulation is unstable. Time = 0.0300.

WARNING: Nan, Inf or huge value in QACC at DOF 12. The simulation is unstable. Time = 0.0340.

WARNING: Nan, Inf or huge value in QACC at DOF 12. The simulation is unstable. Time = 0.0300.

WARNING: Nan, Inf or huge value in QACC at DOF 12. The simulation is unstable. Time = 0.0320.

WARNING: Nan, Inf or huge value in QACC at DOF 12. The simulation is unstable. Time = 0.0320.

WARNING: Nan, Inf or huge value in QACC at DOF 12. The simulation is unstable. Time = 0.0300.

WARNING: Nan, Inf or huge value in QACC at DOF 12. The simulation is unstable. Time = 0.0320.

WARNING: Nan, Inf or huge value in QACC at DOF 12. The simulation is unstable. Time = 0.0320.

WARNING: Nan, Inf or huge value in QACC at DOF 12. The simulation is unstable. Time = 0.0340.

WARNING: Nan, Inf or huge value in QACC at DOF 12. The simulation is unstable. Time = 0.0300.

WARNING: Nan, Inf or huge value in QACC at DOF 12. The simulation is unstable. Time = 0.0300.

WARNING: Nan, Inf or huge value in QACC at DOF 12. The simulation is unstable. Time = 0.0340.

WARNING: Nan, Inf or huge value in QACC at DOF 12. The simulation is unstable. Time = 0.0320.

----------------------------------------
| rollout/                |            |
|    ep_len_mean          | 2.05       |
|    ep_rew_mean          | -16.8      |
|    success_rate         | 0          |
| time/                   |            |
|    fps                  | 715        |
|    iterations           | 75         |
|    time_elapsed         | 107        |
|    total_timesteps      | 327680     |
| train/                  |            |
|    approx_kl            | 0.02473702 |
|    clip_fraction        | 0.227      |
|    clip_range           | 0.2        |
|    entropy_loss         | -14.3      |
|    explained_variance   | 0.782      |
|    learning_rate        | 0.0003     |
|    loss                 | 12.7       |
|    n_updates            | 3190       |
|    policy_gradient_loss | -0.0267    |
|    std                  | 1.24       |
|    value_loss           | 57.3       |
----------------------------------------
WARNING: Nan, Inf or huge value in QACC at DOF 12. The simulation is unstable. Time = 0.0320.

WARNING: Nan, Inf or huge value in QACC at DOF 12. The simulation is unstable. Time = 0.0320.

WARNING: Nan, Inf or huge value in QACC at DOF 12. The simulation is unstable. Time = 0.0320.

WARNING: Nan, Inf or huge value in QACC at DOF 12. The simulation is unstable. Time = 0.0300.

WARNING: Nan, Inf or huge value in QACC at DOF 12. The simulation is unstable. Time = 0.0340.

WARNING: Nan, Inf or huge value in QACC at DOF 12. The simulation is unstable. Time = 0.0300.

WARNING: Nan, Inf or huge value in QACC at DOF 12. The simulation is unstable. Time = 0.0320.

WARNING: Nan, Inf or huge value in QACC at DOF 12. The simulation is unstable. Time = 0.0320.

WARNING: Nan, Inf or huge value in QACC at DOF 12. The simulation is unstable. Time = 0.0340.

WARNING: Nan, Inf or huge value in QACC at DOF 12. The simulation is unstable. Time = 0.0300.

WARNING: Nan, Inf or huge value in QACC at DOF 12. The simulation is unstable. Time = 0.0340.

WARNING: Nan, Inf or huge value in QACC at DOF 12. The simulation is unstable. Time = 0.0320.

WARNING: Nan, Inf or huge value in QACC at DOF 12. The simulation is unstable. Time = 0.0280.

WARNING: Nan, Inf or huge value in QACC at DOF 12. The simulation is unstable. Time = 0.0340.

WARNING: Nan, Inf or huge value in QACC at DOF 12. The simulation is unstable. Time = 0.0300.

WARNING: Nan, Inf or huge value in QACC at DOF 12. The simulation is unstable. Time = 0.0320.

WARNING: Nan, Inf or huge value in QACC at DOF 12. The simulation is unstable. Time = 0.0280.

WARNING: Nan, Inf or huge value in QACC at DOF 12. The simulation is unstable. Time = 0.0340.

WARNING: Nan, Inf or huge value in QACC at DOF 12. The simulation is unstable. Time = 0.0320.

WARNING: Nan, Inf or huge value in QACC at DOF 12. The simulation is unstable. Time = 0.0280.

WARNING: Nan, Inf or huge value in QACC at DOF 12. The simulation is unstable. Time = 0.0340.

WARNING: Nan, Inf or huge value in QACC at DOF 12. The simulation is unstable. Time = 0.0320.

----------------------------------------
| rollout/                |            |
|    ep_len_mean          | 2.05       |
|    ep_rew_mean          | -15.8      |
|    success_rate         | 0          |
| time/                   |            |
|    fps                  | 716        |
|    iterations           | 76         |
|    time_elapsed         | 108        |
|    total_timesteps      | 328704     |
| train/                  |            |
|    approx_kl            | 0.07015274 |
|    clip_fraction        | 0.398      |
|    clip_range           | 0.2        |
|    entropy_loss         | -14.3      |
|    explained_variance   | 0.934      |
|    learning_rate        | 0.0003     |
|    loss                 | 3.68       |
|    n_updates            | 3200       |
|    policy_gradient_loss | -0.0374    |
|    std                  | 1.24       |
|    value_loss           | 6.77       |
----------------------------------------
WARNING: Nan, Inf or huge value in QACC at DOF 12. The simulation is unstable. Time = 0.0340.

WARNING: Nan, Inf or huge value in QACC at DOF 12. The simulation is unstable. Time = 0.0320.

WARNING: Nan, Inf or huge value in QACC at DOF 12. The simulation is unstable. Time = 0.0340.

WARNING: Nan, Inf or huge value in QACC at DOF 12. The simulation is unstable. Time = 0.0280.

WARNING: Nan, Inf or huge value in QACC at DOF 12. The simulation is unstable. Time = 0.0300.

WARNING: Nan, Inf or huge value in QACC at DOF 12. The simulation is unstable. Time = 0.0320.

WARNING: Nan, Inf or huge value in QACC at DOF 12. The simulation is unstable. Time = 0.0320.

WARNING: Nan, Inf or huge value in QACC at DOF 12. The simulation is unstable. Time = 0.0340.

WARNING: Nan, Inf or huge value in QACC at DOF 12. The simulation is unstable. Time = 0.0320.

WARNING: Nan, Inf or huge value in QACC at DOF 12. The simulation is unstable. Time = 0.0320.

WARNING: Nan, Inf or huge value in QACC at DOF 12. The simulation is unstable. Time = 0.0300.

WARNING: Nan, Inf or huge value in QACC at DOF 12. The simulation is unstable. Time = 0.0320.

WARNING: Nan, Inf or huge value in QACC at DOF 12. The simulation is unstable. Time = 0.0320.

WARNING: Nan, Inf or huge value in QACC at DOF 12. The simulation is unstable. Time = 0.0300.

WARNING: Nan, Inf or huge value in QACC at DOF 12. The simulation is unstable. Time = 0.0320.

WARNING: Nan, Inf or huge value in QACC at DOF 12. The simulation is unstable. Time = 0.0320.

WARNING: Nan, Inf or huge value in QACC at DOF 12. The simulation is unstable. Time = 0.0300.

WARNING: Nan, Inf or huge value in QACC at DOF 12. The simulation is unstable. Time = 0.0340.

WARNING: Nan, Inf or huge value in QACC at DOF 12. The simulation is unstable. Time = 0.0320.

WARNING: Nan, Inf or huge value in QACC at DOF 12. The simulation is unstable. Time = 0.0320.

WARNING: Nan, Inf or huge value in QACC at DOF 12. The simulation is unstable. Time = 0.0320.

WARNING: Nan, Inf or huge value in QACC at DOF 12. The simulation is unstable. Time = 0.0320.

WARNING: Nan, Inf or huge value in QACC at DOF 12. The simulation is unstable. Time = 0.0320.

WARNING: Nan, Inf or huge value in QACC at DOF 12. The simulation is unstable. Time = 0.0320.

----------------------------------------
| rollout/                |            |
|    ep_len_mean          | 2.01       |
|    ep_rew_mean          | -16.4      |
|    success_rate         | 0          |
| time/                   |            |
|    fps                  | 718        |
|    iterations           | 77         |
|    time_elapsed         | 109        |
|    total_timesteps      | 329728     |
| train/                  |            |
|    approx_kl            | 0.05020347 |
|    clip_fraction        | 0.372      |
|    clip_range           | 0.2        |
|    entropy_loss         | -14.4      |
|    explained_variance   | 0.925      |
|    learning_rate        | 0.0003     |
|    loss                 | 4.02       |
|    n_updates            | 3210       |
|    policy_gradient_loss | -0.042     |
|    std                  | 1.25       |
|    value_loss           | 9.68       |
----------------------------------------
WARNING: Nan, Inf or huge value in QACC at DOF 12. The simulation is unstable. Time = 0.0320.

WARNING: Nan, Inf or huge value in QACC at DOF 12. The simulation is unstable. Time = 0.0340.

WARNING: Nan, Inf or huge value in QACC at DOF 12. The simulation is unstable. Time = 0.0320.

WARNING: Nan, Inf or huge value in QACC at DOF 12. The simulation is unstable. Time = 0.0320.

WARNING: Nan, Inf or huge value in QACC at DOF 12. The simulation is unstable. Time = 0.0320.

WARNING: Nan, Inf or huge value in QACC at DOF 12. The simulation is unstable. Time = 0.0320.

WARNING: Nan, Inf or huge value in QACC at DOF 12. The simulation is unstable. Time = 0.0320.

WARNING: Nan, Inf or huge value in QACC at DOF 12. The simulation is unstable. Time = 0.0300.

WARNING: Nan, Inf or huge value in QACC at DOF 12. The simulation is unstable. Time = 0.0320.

WARNING: Nan, Inf or huge value in QACC at DOF 12. The simulation is unstable. Time = 0.0340.

WARNING: Nan, Inf or huge value in QACC at DOF 12. The simulation is unstable. Time = 0.0300.

WARNING: Nan, Inf or huge value in QACC at DOF 12. The simulation is unstable. Time = 0.0320.

WARNING: Nan, Inf or huge value in QACC at DOF 12. The simulation is unstable. Time = 0.0300.

WARNING: Nan, Inf or huge value in QACC at DOF 12. The simulation is unstable. Time = 0.0320.

WARNING: Nan, Inf or huge value in QACC at DOF 12. The simulation is unstable. Time = 0.0320.

WARNING: Nan, Inf or huge value in QACC at DOF 12. The simulation is unstable. Time = 0.0320.

WARNING: Nan, Inf or huge value in QACC at DOF 12. The simulation is unstable. Time = 0.0320.

WARNING: Nan, Inf or huge value in QACC at DOF 12. The simulation is unstable. Time = 0.0300.

WARNING: Nan, Inf or huge value in QACC at DOF 12. The simulation is unstable. Time = 0.0320.

WARNING: Nan, Inf or huge value in QACC at DOF 12. The simulation is unstable. Time = 0.0300.

WARNING: Nan, Inf or huge value in QACC at DOF 12. The simulation is unstable. Time = 0.0300.

WARNING: Nan, Inf or huge value in QACC at DOF 12. The simulation is unstable. Time = 0.0320.

WARNING: Nan, Inf or huge value in QACC at DOF 12. The simulation is unstable. Time = 0.0320.

WARNING: Nan, Inf or huge value in QACC at DOF 12. The simulation is unstable. Time = 0.0320.

WARNING: Nan, Inf or huge value in QACC at DOF 12. The simulation is unstable. Time = 0.0320.

WARNING: Nan, Inf or huge value in QACC at DOF 12. The simulation is unstable. Time = 0.0300.

WARNING: Nan, Inf or huge value in QACC at DOF 12. The simulation is unstable. Time = 0.0320.

-----------------------------------------
| rollout/                |             |
|    ep_len_mean          | 2.12        |
|    ep_rew_mean          | -16.3       |
|    success_rate         | 0           |
| time/                   |             |
|    fps                  | 719         |
|    iterations           | 78          |
|    time_elapsed         | 111         |
|    total_timesteps      | 330752      |
| train/                  |             |
|    approx_kl            | 0.061080907 |
|    clip_fraction        | 0.314       |
|    clip_range           | 0.2         |
|    entropy_loss         | -14.4       |
|    explained_variance   | 0.947       |
|    learning_rate        | 0.0003      |
|    loss                 | 1.95        |
|    n_updates            | 3220        |
|    policy_gradient_loss | -0.0436     |
|    std                  | 1.25        |
|    value_loss           | 8.36        |
-----------------------------------------
WARNING: Nan, Inf or huge value in QACC at DOF 12. The simulation is unstable. Time = 0.0320.

WARNING: Nan, Inf or huge value in QACC at DOF 12. The simulation is unstable. Time = 0.0280.

WARNING: Nan, Inf or huge value in QACC at DOF 12. The simulation is unstable. Time = 0.0320.

WARNING: Nan, Inf or huge value in QACC at DOF 12. The simulation is unstable. Time = 0.0280.

WARNING: Nan, Inf or huge value in QACC at DOF 12. The simulation is unstable. Time = 0.0320.

WARNING: Nan, Inf or huge value in QACC at DOF 12. The simulation is unstable. Time = 0.0320.

WARNING: Nan, Inf or huge value in QACC at DOF 12. The simulation is unstable. Time = 0.0340.

WARNING: Nan, Inf or huge value in QACC at DOF 12. The simulation is unstable. Time = 0.0340.

WARNING: Nan, Inf or huge value in QACC at DOF 12. The simulation is unstable. Time = 0.0320.

WARNING: Nan, Inf or huge value in QACC at DOF 12. The simulation is unstable. Time = 0.0340.

WARNING: Nan, Inf or huge value in QACC at DOF 12. The simulation is unstable. Time = 0.0320.

WARNING: Nan, Inf or huge value in QACC at DOF 12. The simulation is unstable. Time = 0.0320.

WARNING: Nan, Inf or huge value in QACC at DOF 12. The simulation is unstable. Time = 0.0340.

WARNING: Nan, Inf or huge value in QACC at DOF 12. The simulation is unstable. Time = 0.0320.

WARNING: Nan, Inf or huge value in QACC at DOF 12. The simulation is unstable. Time = 0.0320.

WARNING: Nan, Inf or huge value in QACC at DOF 12. The simulation is unstable. Time = 0.0320.

WARNING: Nan, Inf or huge value in QACC at DOF 12. The simulation is unstable. Time = 0.0300.

-----------------------------------------
| rollout/                |             |
|    ep_len_mean          | 1.82        |
|    ep_rew_mean          | -15.6       |
|    success_rate         | 0           |
| time/                   |             |
|    fps                  | 720         |
|    iterations           | 79          |
|    time_elapsed         | 112         |
|    total_timesteps      | 331776      |
| train/                  |             |
|    approx_kl            | 0.029136749 |
|    clip_fraction        | 0.276       |
|    clip_range           | 0.2         |
|    entropy_loss         | -14.4       |
|    explained_variance   | 0.787       |
|    learning_rate        | 0.0003      |
|    loss                 | 25.4        |
|    n_updates            | 3230        |
|    policy_gradient_loss | -0.0287     |
|    std                  | 1.26        |
|    value_loss           | 72.1        |
-----------------------------------------
WARNING: Nan, Inf or huge value in QACC at DOF 12. The simulation is unstable. Time = 0.0300.

WARNING: Nan, Inf or huge value in QACC at DOF 12. The simulation is unstable. Time = 0.0320.

WARNING: Nan, Inf or huge value in QACC at DOF 12. The simulation is unstable. Time = 0.0300.

WARNING: Nan, Inf or huge value in QACC at DOF 12. The simulation is unstable. Time = 0.0340.

WARNING: Nan, Inf or huge value in QACC at DOF 12. The simulation is unstable. Time = 0.0340.

WARNING: Nan, Inf or huge value in QACC at DOF 12. The simulation is unstable. Time = 0.0320.

WARNING: Nan, Inf or huge value in QACC at DOF 12. The simulation is unstable. Time = 0.0320.

WARNING: Nan, Inf or huge value in QACC at DOF 12. The simulation is unstable. Time = 0.0300.

WARNING: Nan, Inf or huge value in QACC at DOF 12. The simulation is unstable. Time = 0.0320.

WARNING: Nan, Inf or huge value in QACC at DOF 12. The simulation is unstable. Time = 0.0320.

WARNING: Nan, Inf or huge value in QACC at DOF 12. The simulation is unstable. Time = 0.0340.

WARNING: Nan, Inf or huge value in QACC at DOF 12. The simulation is unstable. Time = 0.0320.

WARNING: Nan, Inf or huge value in QACC at DOF 12. The simulation is unstable. Time = 0.0300.

WARNING: Nan, Inf or huge value in QACC at DOF 12. The simulation is unstable. Time = 0.0320.

WARNING: Nan, Inf or huge value in QACC at DOF 12. The simulation is unstable. Time = 0.0340.

WARNING: Nan, Inf or huge value in QACC at DOF 12. The simulation is unstable. Time = 0.0300.

WARNING: Nan, Inf or huge value in QACC at DOF 12. The simulation is unstable. Time = 0.0280.

WARNING: Nan, Inf or huge value in QACC at DOF 12. The simulation is unstable. Time = 0.0320.

WARNING: Nan, Inf or huge value in QACC at DOF 12. The simulation is unstable. Time = 0.0320.

WARNING: Nan, Inf or huge value in QACC at DOF 12. The simulation is unstable. Time = 0.0320.

WARNING: Nan, Inf or huge value in QACC at DOF 12. The simulation is unstable. Time = 0.0320.

WARNING: Nan, Inf or huge value in QACC at DOF 12. The simulation is unstable. Time = 0.0320.

WARNING: Nan, Inf or huge value in QACC at DOF 12. The simulation is unstable. Time = 0.0300.

WARNING: Nan, Inf or huge value in QACC at DOF 12. The simulation is unstable. Time = 0.0300.

-----------------------------------------
| rollout/                |             |
|    ep_len_mean          | 2.03        |
|    ep_rew_mean          | -16.3       |
|    success_rate         | 0           |
| time/                   |             |
|    fps                  | 721         |
|    iterations           | 80          |
|    time_elapsed         | 113         |
|    total_timesteps      | 332800      |
| train/                  |             |
|    approx_kl            | 0.046516396 |
|    clip_fraction        | 0.42        |
|    clip_range           | 0.2         |
|    entropy_loss         | -14.4       |
|    explained_variance   | 0.936       |
|    learning_rate        | 0.0003      |
|    loss                 | 3.14        |
|    n_updates            | 3240        |
|    policy_gradient_loss | -0.0372     |
|    std                  | 1.25        |
|    value_loss           | 10.1        |
-----------------------------------------
WARNING: Nan, Inf or huge value in QACC at DOF 12. The simulation is unstable. Time = 0.0320.

WARNING: Nan, Inf or huge value in QACC at DOF 12. The simulation is unstable. Time = 0.0300.

WARNING: Nan, Inf or huge value in QACC at DOF 12. The simulation is unstable. Time = 0.0280.

WARNING: Nan, Inf or huge value in QACC at DOF 12. The simulation is unstable. Time = 0.0320.

WARNING: Nan, Inf or huge value in QACC at DOF 12. The simulation is unstable. Time = 0.0320.

WARNING: Nan, Inf or huge value in QACC at DOF 12. The simulation is unstable. Time = 0.0300.

WARNING: Nan, Inf or huge value in QACC at DOF 12. The simulation is unstable. Time = 0.0340.

WARNING: Nan, Inf or huge value in QACC at DOF 12. The simulation is unstable. Time = 0.0320.

WARNING: Nan, Inf or huge value in QACC at DOF 12. The simulation is unstable. Time = 0.0320.

WARNING: Nan, Inf or huge value in QACC at DOF 12. The simulation is unstable. Time = 0.0320.

WARNING: Nan, Inf or huge value in QACC at DOF 12. The simulation is unstable. Time = 0.0340.

WARNING: Nan, Inf or huge value in QACC at DOF 12. The simulation is unstable. Time = 0.0320.

WARNING: Nan, Inf or huge value in QACC at DOF 12. The simulation is unstable. Time = 0.0320.

WARNING: Nan, Inf or huge value in QACC at DOF 12. The simulation is unstable. Time = 0.0300.

WARNING: Nan, Inf or huge value in QACC at DOF 12. The simulation is unstable. Time = 0.0320.

WARNING: Nan, Inf or huge value in QACC at DOF 12. The simulation is unstable. Time = 0.0300.

WARNING: Nan, Inf or huge value in QACC at DOF 12. The simulation is unstable. Time = 0.0320.

WARNING: Nan, Inf or huge value in QACC at DOF 12. The simulation is unstable. Time = 0.0320.

-----------------------------------------
| rollout/                |             |
|    ep_len_mean          | 2.02        |
|    ep_rew_mean          | -16.3       |
|    success_rate         | 0           |
| time/                   |             |
|    fps                  | 722         |
|    iterations           | 81          |
|    time_elapsed         | 114         |
|    total_timesteps      | 333824      |
| train/                  |             |
|    approx_kl            | 0.020799875 |
|    clip_fraction        | 0.241       |
|    clip_range           | 0.2         |
|    entropy_loss         | -14.4       |
|    explained_variance   | 0.806       |
|    learning_rate        | 0.0003      |
|    loss                 | 16.5        |
|    n_updates            | 3250        |
|    policy_gradient_loss | -0.0331     |
|    std                  | 1.26        |
|    value_loss           | 52.3        |
-----------------------------------------
WARNING: Nan, Inf or huge value in QACC at DOF 12. The simulation is unstable. Time = 0.0320.

WARNING: Nan, Inf or huge value in QACC at DOF 12. The simulation is unstable. Time = 0.0320.

WARNING: Nan, Inf or huge value in QACC at DOF 12. The simulation is unstable. Time = 0.0340.

WARNING: Nan, Inf or huge value in QACC at DOF 12. The simulation is unstable. Time = 0.0340.

WARNING: Nan, Inf or huge value in QACC at DOF 12. The simulation is unstable. Time = 0.0300.

WARNING: Nan, Inf or huge value in QACC at DOF 12. The simulation is unstable. Time = 0.0320.

WARNING: Nan, Inf or huge value in QACC at DOF 12. The simulation is unstable. Time = 0.0320.

WARNING: Nan, Inf or huge value in QACC at DOF 12. The simulation is unstable. Time = 0.0320.

WARNING: Nan, Inf or huge value in QACC at DOF 12. The simulation is unstable. Time = 0.0320.

WARNING: Nan, Inf or huge value in QACC at DOF 12. The simulation is unstable. Time = 0.0300.

WARNING: Nan, Inf or huge value in QACC at DOF 12. The simulation is unstable. Time = 0.0320.

WARNING: Nan, Inf or huge value in QACC at DOF 12. The simulation is unstable. Time = 0.0320.

WARNING: Nan, Inf or huge value in QACC at DOF 12. The simulation is unstable. Time = 0.0300.

WARNING: Nan, Inf or huge value in QACC at DOF 12. The simulation is unstable. Time = 0.0320.

WARNING: Nan, Inf or huge value in QACC at DOF 12. The simulation is unstable. Time = 0.0280.

WARNING: Nan, Inf or huge value in QACC at DOF 12. The simulation is unstable. Time = 0.0320.

-----------------------------------------
| rollout/                |             |
|    ep_len_mean          | 1.8         |
|    ep_rew_mean          | -15.8       |
|    success_rate         | 0           |
| time/                   |             |
|    fps                  | 723         |
|    iterations           | 82          |
|    time_elapsed         | 116         |
|    total_timesteps      | 334848      |
| train/                  |             |
|    approx_kl            | 0.060887434 |
|    clip_fraction        | 0.334       |
|    clip_range           | 0.2         |
|    entropy_loss         | -14.4       |
|    explained_variance   | 0.908       |
|    learning_rate        | 0.0003      |
|    loss                 | 3.71        |
|    n_updates            | 3260        |
|    policy_gradient_loss | -0.0364     |
|    std                  | 1.26        |
|    value_loss           | 9.49        |
-----------------------------------------
WARNING: Nan, Inf or huge value in QACC at DOF 12. The simulation is unstable. Time = 0.0340.

WARNING: Nan, Inf or huge value in QACC at DOF 12. The simulation is unstable. Time = 0.0320.

WARNING: Nan, Inf or huge value in QACC at DOF 12. The simulation is unstable. Time = 0.0340.

WARNING: Nan, Inf or huge value in QACC at DOF 12. The simulation is unstable. Time = 0.0340.

WARNING: Nan, Inf or huge value in QACC at DOF 12. The simulation is unstable. Time = 0.0340.

WARNING: Nan, Inf or huge value in QACC at DOF 12. The simulation is unstable. Time = 0.0340.

WARNING: Nan, Inf or huge value in QACC at DOF 12. The simulation is unstable. Time = 0.0320.

WARNING: Nan, Inf or huge value in QACC at DOF 12. The simulation is unstable. Time = 0.0320.

WARNING: Nan, Inf or huge value in QACC at DOF 12. The simulation is unstable. Time = 0.0320.

WARNING: Nan, Inf or huge value in QACC at DOF 12. The simulation is unstable. Time = 0.0320.

WARNING: Nan, Inf or huge value in QACC at DOF 12. The simulation is unstable. Time = 0.0320.

WARNING: Nan, Inf or huge value in QACC at DOF 12. The simulation is unstable. Time = 0.0340.

WARNING: Nan, Inf or huge value in QACC at DOF 12. The simulation is unstable. Time = 0.0340.

WARNING: Nan, Inf or huge value in QACC at DOF 12. The simulation is unstable. Time = 0.0320.

WARNING: Nan, Inf or huge value in QACC at DOF 12. The simulation is unstable. Time = 0.0300.

WARNING: Nan, Inf or huge value in QACC at DOF 12. The simulation is unstable. Time = 0.0320.

WARNING: Nan, Inf or huge value in QACC at DOF 12. The simulation is unstable. Time = 0.0320.

WARNING: Nan, Inf or huge value in QACC at DOF 12. The simulation is unstable. Time = 0.0320.

WARNING: Nan, Inf or huge value in QACC at DOF 12. The simulation is unstable. Time = 0.0300.

-----------------------------------------
| rollout/                |             |
|    ep_len_mean          | 2.22        |
|    ep_rew_mean          | -18.2       |
|    success_rate         | 0           |
| time/                   |             |
|    fps                  | 724         |
|    iterations           | 83          |
|    time_elapsed         | 117         |
|    total_timesteps      | 335872      |
| train/                  |             |
|    approx_kl            | 0.032531776 |
|    clip_fraction        | 0.368       |
|    clip_range           | 0.2         |
|    entropy_loss         | -14.5       |
|    explained_variance   | 0.891       |
|    learning_rate        | 0.0003      |
|    loss                 | 5.36        |
|    n_updates            | 3270        |
|    policy_gradient_loss | -0.0306     |
|    std                  | 1.26        |
|    value_loss           | 15.7        |
-----------------------------------------
WARNING: Nan, Inf or huge value in QACC at DOF 12. The simulation is unstable. Time = 0.0340.

WARNING: Nan, Inf or huge value in QACC at DOF 12. The simulation is unstable. Time = 0.0340.

WARNING: Nan, Inf or huge value in QACC at DOF 12. The simulation is unstable. Time = 0.0300.

WARNING: Nan, Inf or huge value in QACC at DOF 12. The simulation is unstable. Time = 0.0320.

WARNING: Nan, Inf or huge value in QACC at DOF 12. The simulation is unstable. Time = 0.0320.

WARNING: Nan, Inf or huge value in QACC at DOF 12. The simulation is unstable. Time = 0.0280.

WARNING: Nan, Inf or huge value in QACC at DOF 12. The simulation is unstable. Time = 0.0320.

WARNING: Nan, Inf or huge value in QACC at DOF 12. The simulation is unstable. Time = 0.0320.

WARNING: Nan, Inf or huge value in QACC at DOF 12. The simulation is unstable. Time = 0.0300.

WARNING: Nan, Inf or huge value in QACC at DOF 12. The simulation is unstable. Time = 0.0320.

WARNING: Nan, Inf or huge value in QACC at DOF 12. The simulation is unstable. Time = 0.0320.

WARNING: Nan, Inf or huge value in QACC at DOF 12. The simulation is unstable. Time = 0.0320.

WARNING: Nan, Inf or huge value in QACC at DOF 12. The simulation is unstable. Time = 0.0320.

WARNING: Nan, Inf or huge value in QACC at DOF 12. The simulation is unstable. Time = 0.0320.

WARNING: Nan, Inf or huge value in QACC at DOF 12. The simulation is unstable. Time = 0.0300.

WARNING: Nan, Inf or huge value in QACC at DOF 12. The simulation is unstable. Time = 0.0320.

-----------------------------------------
| rollout/                |             |
|    ep_len_mean          | 1.81        |
|    ep_rew_mean          | -15.2       |
|    success_rate         | 0           |
| time/                   |             |
|    fps                  | 724         |
|    iterations           | 84          |
|    time_elapsed         | 118         |
|    total_timesteps      | 336896      |
| train/                  |             |
|    approx_kl            | 0.014703874 |
|    clip_fraction        | 0.165       |
|    clip_range           | 0.2         |
|    entropy_loss         | -14.5       |
|    explained_variance   | 0.689       |
|    learning_rate        | 0.0003      |
|    loss                 | 82.8        |
|    n_updates            | 3280        |
|    policy_gradient_loss | -0.029      |
|    std                  | 1.26        |
|    value_loss           | 120         |
-----------------------------------------
WARNING: Nan, Inf or huge value in QACC at DOF 12. The simulation is unstable. Time = 0.0300.

WARNING: Nan, Inf or huge value in QACC at DOF 12. The simulation is unstable. Time = 0.0340.

WARNING: Nan, Inf or huge value in QACC at DOF 12. The simulation is unstable. Time = 0.0320.

WARNING: Nan, Inf or huge value in QACC at DOF 12. The simulation is unstable. Time = 0.0300.

WARNING: Nan, Inf or huge value in QACC at DOF 12. The simulation is unstable. Time = 0.0320.

WARNING: Nan, Inf or huge value in QACC at DOF 12. The simulation is unstable. Time = 0.0300.

WARNING: Nan, Inf or huge value in QACC at DOF 12. The simulation is unstable. Time = 0.0320.

WARNING: Nan, Inf or huge value in QACC at DOF 12. The simulation is unstable. Time = 0.0320.

WARNING: Nan, Inf or huge value in QACC at DOF 12. The simulation is unstable. Time = 0.0320.

WARNING: Nan, Inf or huge value in QACC at DOF 12. The simulation is unstable. Time = 0.0300.

WARNING: Nan, Inf or huge value in QACC at DOF 12. The simulation is unstable. Time = 0.0340.

WARNING: Nan, Inf or huge value in QACC at DOF 12. The simulation is unstable. Time = 0.0320.

WARNING: Nan, Inf or huge value in QACC at DOF 12. The simulation is unstable. Time = 0.0320.

WARNING: Nan, Inf or huge value in QACC at DOF 12. The simulation is unstable. Time = 0.0340.

WARNING: Nan, Inf or huge value in QACC at DOF 12. The simulation is unstable. Time = 0.0300.

WARNING: Nan, Inf or huge value in QACC at DOF 12. The simulation is unstable. Time = 0.0320.

-----------------------------------------
| rollout/                |             |
|    ep_len_mean          | 2.13        |
|    ep_rew_mean          | -16.6       |
|    success_rate         | 0           |
| time/                   |             |
|    fps                  | 725         |
|    iterations           | 85          |
|    time_elapsed         | 120         |
|    total_timesteps      | 337920      |
| train/                  |             |
|    approx_kl            | 0.026109515 |
|    clip_fraction        | 0.197       |
|    clip_range           | 0.2         |
|    entropy_loss         | -14.5       |
|    explained_variance   | 0.732       |
|    learning_rate        | 0.0003      |
|    loss                 | 4.84        |
|    n_updates            | 3290        |
|    policy_gradient_loss | -0.0317     |
|    std                  | 1.26        |
|    value_loss           | 68.6        |
-----------------------------------------
WARNING: Nan, Inf or huge value in QACC at DOF 12. The simulation is unstable. Time = 0.0300.

WARNING: Nan, Inf or huge value in QACC at DOF 12. The simulation is unstable. Time = 0.0300.

WARNING: Nan, Inf or huge value in QACC at DOF 12. The simulation is unstable. Time = 0.0320.

WARNING: Nan, Inf or huge value in QACC at DOF 12. The simulation is unstable. Time = 0.0320.

WARNING: Nan, Inf or huge value in QACC at DOF 12. The simulation is unstable. Time = 0.0300.

WARNING: Nan, Inf or huge value in QACC at DOF 12. The simulation is unstable. Time = 0.0320.

WARNING: Nan, Inf or huge value in QACC at DOF 12. The simulation is unstable. Time = 0.0320.

WARNING: Nan, Inf or huge value in QACC at DOF 12. The simulation is unstable. Time = 0.0320.

WARNING: Nan, Inf or huge value in QACC at DOF 12. The simulation is unstable. Time = 0.0340.

WARNING: Nan, Inf or huge value in QACC at DOF 12. The simulation is unstable. Time = 0.0320.

WARNING: Nan, Inf or huge value in QACC at DOF 12. The simulation is unstable. Time = 0.0320.

WARNING: Nan, Inf or huge value in QACC at DOF 12. The simulation is unstable. Time = 0.0300.

WARNING: Nan, Inf or huge value in QACC at DOF 12. The simulation is unstable. Time = 0.0320.

WARNING: Nan, Inf or huge value in QACC at DOF 12. The simulation is unstable. Time = 0.0300.

WARNING: Nan, Inf or huge value in QACC at DOF 12. The simulation is unstable. Time = 0.0320.

WARNING: Nan, Inf or huge value in QACC at DOF 12. The simulation is unstable. Time = 0.0340.

WARNING: Nan, Inf or huge value in QACC at DOF 12. The simulation is unstable. Time = 0.0280.

-----------------------------------------
| rollout/                |             |
|    ep_len_mean          | 1.96        |
|    ep_rew_mean          | -16.2       |
|    success_rate         | 0           |
| time/                   |             |
|    fps                  | 726         |
|    iterations           | 86          |
|    time_elapsed         | 121         |
|    total_timesteps      | 338944      |
| train/                  |             |
|    approx_kl            | 0.045167856 |
|    clip_fraction        | 0.338       |
|    clip_range           | 0.2         |
|    entropy_loss         | -14.5       |
|    explained_variance   | 0.892       |
|    learning_rate        | 0.0003      |
|    loss                 | 3.16        |
|    n_updates            | 3300        |
|    policy_gradient_loss | -0.0372     |
|    std                  | 1.26        |
|    value_loss           | 10.5        |
-----------------------------------------
WARNING: Nan, Inf or huge value in QACC at DOF 12. The simulation is unstable. Time = 0.0320.

WARNING: Nan, Inf or huge value in QACC at DOF 12. The simulation is unstable. Time = 0.0300.

WARNING: Nan, Inf or huge value in QACC at DOF 12. The simulation is unstable. Time = 0.0320.

WARNING: Nan, Inf or huge value in QACC at DOF 12. The simulation is unstable. Time = 0.0320.

WARNING: Nan, Inf or huge value in QACC at DOF 12. The simulation is unstable. Time = 0.0340.

WARNING: Nan, Inf or huge value in QACC at DOF 12. The simulation is unstable. Time = 0.0320.

WARNING: Nan, Inf or huge value in QACC at DOF 12. The simulation is unstable. Time = 0.0320.

WARNING: Nan, Inf or huge value in QACC at DOF 12. The simulation is unstable. Time = 0.0300.

WARNING: Nan, Inf or huge value in QACC at DOF 12. The simulation is unstable. Time = 0.0280.

WARNING: Nan, Inf or huge value in QACC at DOF 12. The simulation is unstable. Time = 0.0320.

WARNING: Nan, Inf or huge value in QACC at DOF 12. The simulation is unstable. Time = 0.0320.

WARNING: Nan, Inf or huge value in QACC at DOF 12. The simulation is unstable. Time = 0.0300.

WARNING: Nan, Inf or huge value in QACC at DOF 12. The simulation is unstable. Time = 0.0340.

WARNING: Nan, Inf or huge value in QACC at DOF 12. The simulation is unstable. Time = 0.0280.

WARNING: Nan, Inf or huge value in QACC at DOF 12. The simulation is unstable. Time = 0.0340.

WARNING: Nan, Inf or huge value in QACC at DOF 12. The simulation is unstable. Time = 0.0340.

WARNING: Nan, Inf or huge value in QACC at DOF 12. The simulation is unstable. Time = 0.0320.

WARNING: Nan, Inf or huge value in QACC at DOF 12. The simulation is unstable. Time = 0.0320.

WARNING: Nan, Inf or huge value in QACC at DOF 12. The simulation is unstable. Time = 0.0320.

-----------------------------------------
| rollout/                |             |
|    ep_len_mean          | 1.87        |
|    ep_rew_mean          | -15.1       |
|    success_rate         | 0           |
| time/                   |             |
|    fps                  | 727         |
|    iterations           | 87          |
|    time_elapsed         | 122         |
|    total_timesteps      | 339968      |
| train/                  |             |
|    approx_kl            | 0.044393897 |
|    clip_fraction        | 0.401       |
|    clip_range           | 0.2         |
|    entropy_loss         | -14.5       |
|    explained_variance   | 0.936       |
|    learning_rate        | 0.0003      |
|    loss                 | 10.1        |
|    n_updates            | 3310        |
|    policy_gradient_loss | -0.0353     |
|    std                  | 1.27        |
|    value_loss           | 10.1        |
-----------------------------------------
WARNING: Nan, Inf or huge value in QACC at DOF 12. The simulation is unstable. Time = 0.0340.

WARNING: Nan, Inf or huge value in QACC at DOF 12. The simulation is unstable. Time = 0.0320.

WARNING: Nan, Inf or huge value in QACC at DOF 12. The simulation is unstable. Time = 0.0340.

WARNING: Nan, Inf or huge value in QACC at DOF 12. The simulation is unstable. Time = 0.0280.

WARNING: Nan, Inf or huge value in QACC at DOF 12. The simulation is unstable. Time = 0.0300.

WARNING: Nan, Inf or huge value in QACC at DOF 12. The simulation is unstable. Time = 0.0300.

WARNING: Nan, Inf or huge value in QACC at DOF 12. The simulation is unstable. Time = 0.0320.

WARNING: Nan, Inf or huge value in QACC at DOF 12. The simulation is unstable. Time = 0.0340.

WARNING: Nan, Inf or huge value in QACC at DOF 12. The simulation is unstable. Time = 0.0320.

WARNING: Nan, Inf or huge value in QACC at DOF 12. The simulation is unstable. Time = 0.0320.

WARNING: Nan, Inf or huge value in QACC at DOF 12. The simulation is unstable. Time = 0.0320.

WARNING: Nan, Inf or huge value in QACC at DOF 12. The simulation is unstable. Time = 0.0320.

WARNING: Nan, Inf or huge value in QACC at DOF 12. The simulation is unstable. Time = 0.0300.

WARNING: Nan, Inf or huge value in QACC at DOF 12. The simulation is unstable. Time = 0.0320.

WARNING: Nan, Inf or huge value in QACC at DOF 12. The simulation is unstable. Time = 0.0340.

WARNING: Nan, Inf or huge value in QACC at DOF 12. The simulation is unstable. Time = 0.0320.

-----------------------------------------
| rollout/                |             |
|    ep_len_mean          | 1.94        |
|    ep_rew_mean          | -15.4       |
|    success_rate         | 0           |
| time/                   |             |
|    fps                  | 728         |
|    iterations           | 88          |
|    time_elapsed         | 123         |
|    total_timesteps      | 340992      |
| train/                  |             |
|    approx_kl            | 0.017288648 |
|    clip_fraction        | 0.172       |
|    clip_range           | 0.2         |
|    entropy_loss         | -14.5       |
|    explained_variance   | 0.768       |
|    learning_rate        | 0.0003      |
|    loss                 | 9.71        |
|    n_updates            | 3320        |
|    policy_gradient_loss | -0.0342     |
|    std                  | 1.27        |
|    value_loss           | 68.6        |
-----------------------------------------
WARNING: Nan, Inf or huge value in QACC at DOF 12. The simulation is unstable. Time = 0.0300.

WARNING: Nan, Inf or huge value in QACC at DOF 12. The simulation is unstable. Time = 0.0280.

WARNING: Nan, Inf or huge value in QACC at DOF 12. The simulation is unstable. Time = 0.0280.

WARNING: Nan, Inf or huge value in QACC at DOF 12. The simulation is unstable. Time = 0.0300.

WARNING: Nan, Inf or huge value in QACC at DOF 12. The simulation is unstable. Time = 0.0280.

WARNING: Nan, Inf or huge value in QACC at DOF 12. The simulation is unstable. Time = 0.0320.

WARNING: Nan, Inf or huge value in QACC at DOF 12. The simulation is unstable. Time = 0.0340.

WARNING: Nan, Inf or huge value in QACC at DOF 12. The simulation is unstable. Time = 0.0300.

WARNING: Nan, Inf or huge value in QACC at DOF 12. The simulation is unstable. Time = 0.0300.

WARNING: Nan, Inf or huge value in QACC at DOF 12. The simulation is unstable. Time = 0.0320.

WARNING: Nan, Inf or huge value in QACC at DOF 12. The simulation is unstable. Time = 0.0320.

WARNING: Nan, Inf or huge value in QACC at DOF 12. The simulation is unstable. Time = 0.0320.

WARNING: Nan, Inf or huge value in QACC at DOF 12. The simulation is unstable. Time = 0.0280.

WARNING: Nan, Inf or huge value in QACC at DOF 12. The simulation is unstable. Time = 0.0280.

WARNING: Nan, Inf or huge value in QACC at DOF 12. The simulation is unstable. Time = 0.0300.

WARNING: Nan, Inf or huge value in QACC at DOF 12. The simulation is unstable. Time = 0.0340.

WARNING: Nan, Inf or huge value in QACC at DOF 12. The simulation is unstable. Time = 0.0320.

WARNING: Nan, Inf or huge value in QACC at DOF 12. The simulation is unstable. Time = 0.0340.

WARNING: Nan, Inf or huge value in QACC at DOF 12. The simulation is unstable. Time = 0.0300.

WARNING: Nan, Inf or huge value in QACC at DOF 12. The simulation is unstable. Time = 0.0300.

-----------------------------------------
| rollout/                |             |
|    ep_len_mean          | 2.09        |
|    ep_rew_mean          | -15.8       |
|    success_rate         | 0           |
| time/                   |             |
|    fps                  | 729         |
|    iterations           | 89          |
|    time_elapsed         | 124         |
|    total_timesteps      | 342016      |
| train/                  |             |
|    approx_kl            | 0.052230343 |
|    clip_fraction        | 0.302       |
|    clip_range           | 0.2         |
|    entropy_loss         | -14.6       |
|    explained_variance   | 0.74        |
|    learning_rate        | 0.0003      |
|    loss                 | 28          |
|    n_updates            | 3330        |
|    policy_gradient_loss | -0.0324     |
|    std                  | 1.27        |
|    value_loss           | 47.1        |
-----------------------------------------
WARNING: Nan, Inf or huge value in QACC at DOF 12. The simulation is unstable. Time = 0.0320.

WARNING: Nan, Inf or huge value in QACC at DOF 12. The simulation is unstable. Time = 0.0320.

WARNING: Nan, Inf or huge value in QACC at DOF 12. The simulation is unstable. Time = 0.0320.

WARNING: Nan, Inf or huge value in QACC at DOF 12. The simulation is unstable. Time = 0.0320.

WARNING: Nan, Inf or huge value in QACC at DOF 12. The simulation is unstable. Time = 0.0300.

WARNING: Nan, Inf or huge value in QACC at DOF 12. The simulation is unstable. Time = 0.0320.

WARNING: Nan, Inf or huge value in QACC at DOF 12. The simulation is unstable. Time = 0.0320.

WARNING: Nan, Inf or huge value in QACC at DOF 12. The simulation is unstable. Time = 0.0340.

WARNING: Nan, Inf or huge value in QACC at DOF 12. The simulation is unstable. Time = 0.0300.

WARNING: Nan, Inf or huge value in QACC at DOF 12. The simulation is unstable. Time = 0.0320.

WARNING: Nan, Inf or huge value in QACC at DOF 12. The simulation is unstable. Time = 0.0320.

WARNING: Nan, Inf or huge value in QACC at DOF 12. The simulation is unstable. Time = 0.0340.

WARNING: Nan, Inf or huge value in QACC at DOF 12. The simulation is unstable. Time = 0.0340.

WARNING: Nan, Inf or huge value in QACC at DOF 12. The simulation is unstable. Time = 0.0300.

WARNING: Nan, Inf or huge value in QACC at DOF 12. The simulation is unstable. Time = 0.0300.

WARNING: Nan, Inf or huge value in QACC at DOF 12. The simulation is unstable. Time = 0.0280.

WARNING: Nan, Inf or huge value in QACC at DOF 12. The simulation is unstable. Time = 0.0340.

----------------------------------------
| rollout/                |            |
|    ep_len_mean          | 1.94       |
|    ep_rew_mean          | -15.2      |
|    success_rate         | 0          |
| time/                   |            |
|    fps                  | 730        |
|    iterations           | 90         |
|    time_elapsed         | 126        |
|    total_timesteps      | 343040     |
| train/                  |            |
|    approx_kl            | 0.02661413 |
|    clip_fraction        | 0.249      |
|    clip_range           | 0.2        |
|    entropy_loss         | -14.5      |
|    explained_variance   | 0.826      |
|    learning_rate        | 0.0003     |
|    loss                 | 10.3       |
|    n_updates            | 3340       |
|    policy_gradient_loss | -0.0336    |
|    std                  | 1.27       |
|    value_loss           | 36         |
----------------------------------------
WARNING: Nan, Inf or huge value in QACC at DOF 12. The simulation is unstable. Time = 0.0320.

WARNING: Nan, Inf or huge value in QACC at DOF 12. The simulation is unstable. Time = 0.0320.

WARNING: Nan, Inf or huge value in QACC at DOF 12. The simulation is unstable. Time = 0.0260.

WARNING: Nan, Inf or huge value in QACC at DOF 12. The simulation is unstable. Time = 0.0300.

WARNING: Nan, Inf or huge value in QACC at DOF 12. The simulation is unstable. Time = 0.0320.

WARNING: Nan, Inf or huge value in QACC at DOF 12. The simulation is unstable. Time = 0.0340.

WARNING: Nan, Inf or huge value in QACC at DOF 12. The simulation is unstable. Time = 0.0320.

WARNING: Nan, Inf or huge value in QACC at DOF 12. The simulation is unstable. Time = 0.0340.

WARNING: Nan, Inf or huge value in QACC at DOF 12. The simulation is unstable. Time = 0.0320.

WARNING: Nan, Inf or huge value in QACC at DOF 12. The simulation is unstable. Time = 0.0320.

WARNING: Nan, Inf or huge value in QACC at DOF 12. The simulation is unstable. Time = 0.0300.

WARNING: Nan, Inf or huge value in QACC at DOF 12. The simulation is unstable. Time = 0.0320.

WARNING: Nan, Inf or huge value in QACC at DOF 12. The simulation is unstable. Time = 0.0320.

WARNING: Nan, Inf or huge value in QACC at DOF 12. The simulation is unstable. Time = 0.0260.

WARNING: Nan, Inf or huge value in QACC at DOF 12. The simulation is unstable. Time = 0.0340.

WARNING: Nan, Inf or huge value in QACC at DOF 12. The simulation is unstable. Time = 0.0320.

WARNING: Nan, Inf or huge value in QACC at DOF 12. The simulation is unstable. Time = 0.0320.

WARNING: Nan, Inf or huge value in QACC at DOF 12. The simulation is unstable. Time = 0.0300.

----------------------------------------
| rollout/                |            |
|    ep_len_mean          | 2.17       |
|    ep_rew_mean          | -16.1      |
|    success_rate         | 0          |
| time/                   |            |
|    fps                  | 730        |
|    iterations           | 91         |
|    time_elapsed         | 127        |
|    total_timesteps      | 344064     |
| train/                  |            |
|    approx_kl            | 0.10299031 |
|    clip_fraction        | 0.416      |
|    clip_range           | 0.2        |
|    entropy_loss         | -14.6      |
|    explained_variance   | 0.89       |
|    learning_rate        | 0.0003     |
|    loss                 | 2.96       |
|    n_updates            | 3350       |
|    policy_gradient_loss | -0.0333    |
|    std                  | 1.28       |
|    value_loss           | 17.9       |
----------------------------------------
WARNING: Nan, Inf or huge value in QACC at DOF 12. The simulation is unstable. Time = 0.0320.

WARNING: Nan, Inf or huge value in QACC at DOF 12. The simulation is unstable. Time = 0.0300.

WARNING: Nan, Inf or huge value in QACC at DOF 12. The simulation is unstable. Time = 0.0320.

WARNING: Nan, Inf or huge value in QACC at DOF 12. The simulation is unstable. Time = 0.0320.

WARNING: Nan, Inf or huge value in QACC at DOF 12. The simulation is unstable. Time = 0.0340.

WARNING: Nan, Inf or huge value in QACC at DOF 12. The simulation is unstable. Time = 0.0300.

WARNING: Nan, Inf or huge value in QACC at DOF 12. The simulation is unstable. Time = 0.0320.

WARNING: Nan, Inf or huge value in QACC at DOF 12. The simulation is unstable. Time = 0.0320.

WARNING: Nan, Inf or huge value in QACC at DOF 12. The simulation is unstable. Time = 0.0320.

WARNING: Nan, Inf or huge value in QACC at DOF 12. The simulation is unstable. Time = 0.0300.

WARNING: Nan, Inf or huge value in QACC at DOF 12. The simulation is unstable. Time = 0.0320.

WARNING: Nan, Inf or huge value in QACC at DOF 12. The simulation is unstable. Time = 0.0320.

WARNING: Nan, Inf or huge value in QACC at DOF 12. The simulation is unstable. Time = 0.0320.

WARNING: Nan, Inf or huge value in QACC at DOF 12. The simulation is unstable. Time = 0.0300.

WARNING: Nan, Inf or huge value in QACC at DOF 12. The simulation is unstable. Time = 0.0300.

WARNING: Nan, Inf or huge value in QACC at DOF 12. The simulation is unstable. Time = 0.0340.

WARNING: Nan, Inf or huge value in QACC at DOF 12. The simulation is unstable. Time = 0.0320.

WARNING: Nan, Inf or huge value in QACC at DOF 12. The simulation is unstable. Time = 0.0320.

WARNING: Nan, Inf or huge value in QACC at DOF 12. The simulation is unstable. Time = 0.0300.

WARNING: Nan, Inf or huge value in QACC at DOF 12. The simulation is unstable. Time = 0.0320.

WARNING: Nan, Inf or huge value in QACC at DOF 12. The simulation is unstable. Time = 0.0340.

WARNING: Nan, Inf or huge value in QACC at DOF 12. The simulation is unstable. Time = 0.0280.

----------------------------------------
| rollout/                |            |
|    ep_len_mean          | 1.8        |
|    ep_rew_mean          | -14.9      |
|    success_rate         | 0          |
| time/                   |            |
|    fps                  | 732        |
|    iterations           | 92         |
|    time_elapsed         | 128        |
|    total_timesteps      | 345088     |
| train/                  |            |
|    approx_kl            | 0.04821209 |
|    clip_fraction        | 0.395      |
|    clip_range           | 0.2        |
|    entropy_loss         | -14.6      |
|    explained_variance   | 0.922      |
|    learning_rate        | 0.0003     |
|    loss                 | 2.66       |
|    n_updates            | 3360       |
|    policy_gradient_loss | -0.0387    |
|    std                  | 1.27       |
|    value_loss           | 9.42       |
----------------------------------------
WARNING: Nan, Inf or huge value in QACC at DOF 12. The simulation is unstable. Time = 0.0320.

WARNING: Nan, Inf or huge value in QACC at DOF 12. The simulation is unstable. Time = 0.0340.

WARNING: Nan, Inf or huge value in QACC at DOF 12. The simulation is unstable. Time = 0.0300.

WARNING: Nan, Inf or huge value in QACC at DOF 12. The simulation is unstable. Time = 0.0320.

WARNING: Nan, Inf or huge value in QACC at DOF 12. The simulation is unstable. Time = 0.0320.

WARNING: Nan, Inf or huge value in QACC at DOF 12. The simulation is unstable. Time = 0.0340.

WARNING: Nan, Inf or huge value in QACC at DOF 12. The simulation is unstable. Time = 0.0280.

WARNING: Nan, Inf or huge value in QACC at DOF 12. The simulation is unstable. Time = 0.0300.

WARNING: Nan, Inf or huge value in QACC at DOF 12. The simulation is unstable. Time = 0.0300.

WARNING: Nan, Inf or huge value in QACC at DOF 12. The simulation is unstable. Time = 0.0340.

WARNING: Nan, Inf or huge value in QACC at DOF 12. The simulation is unstable. Time = 0.0340.

WARNING: Nan, Inf or huge value in QACC at DOF 12. The simulation is unstable. Time = 0.0340.

WARNING: Nan, Inf or huge value in QACC at DOF 12. The simulation is unstable. Time = 0.0320.

WARNING: Nan, Inf or huge value in QACC at DOF 12. The simulation is unstable. Time = 0.0320.

WARNING: Nan, Inf or huge value in QACC at DOF 12. The simulation is unstable. Time = 0.0300.

WARNING: Nan, Inf or huge value in QACC at DOF 12. The simulation is unstable. Time = 0.0320.

WARNING: Nan, Inf or huge value in QACC at DOF 12. The simulation is unstable. Time = 0.0280.

WARNING: Nan, Inf or huge value in QACC at DOF 12. The simulation is unstable. Time = 0.0320.

WARNING: Nan, Inf or huge value in QACC at DOF 12. The simulation is unstable. Time = 0.0280.

WARNING: Nan, Inf or huge value in QACC at DOF 12. The simulation is unstable. Time = 0.0320.

WARNING: Nan, Inf or huge value in QACC at DOF 12. The simulation is unstable. Time = 0.0320.

----------------------------------------
| rollout/                |            |
|    ep_len_mean          | 2.16       |
|    ep_rew_mean          | -16.9      |
|    success_rate         | 0          |
| time/                   |            |
|    fps                  | 733        |
|    iterations           | 93         |
|    time_elapsed         | 129        |
|    total_timesteps      | 346112     |
| train/                  |            |
|    approx_kl            | 0.09993525 |
|    clip_fraction        | 0.352      |
|    clip_range           | 0.2        |
|    entropy_loss         | -14.6      |
|    explained_variance   | 0.947      |
|    learning_rate        | 0.0003     |
|    loss                 | 3.95       |
|    n_updates            | 3370       |
|    policy_gradient_loss | -0.0436    |
|    std                  | 1.28       |
|    value_loss           | 8.31       |
----------------------------------------
WARNING: Nan, Inf or huge value in QACC at DOF 12. The simulation is unstable. Time = 0.0320.

WARNING: Nan, Inf or huge value in QACC at DOF 12. The simulation is unstable. Time = 0.0320.

WARNING: Nan, Inf or huge value in QACC at DOF 12. The simulation is unstable. Time = 0.0300.

WARNING: Nan, Inf or huge value in QACC at DOF 12. The simulation is unstable. Time = 0.0300.

WARNING: Nan, Inf or huge value in QACC at DOF 12. The simulation is unstable. Time = 0.0320.

WARNING: Nan, Inf or huge value in QACC at DOF 12. The simulation is unstable. Time = 0.0320.

WARNING: Nan, Inf or huge value in QACC at DOF 12. The simulation is unstable. Time = 0.0300.

WARNING: Nan, Inf or huge value in QACC at DOF 12. The simulation is unstable. Time = 0.0340.

WARNING: Nan, Inf or huge value in QACC at DOF 12. The simulation is unstable. Time = 0.0340.

WARNING: Nan, Inf or huge value in QACC at DOF 12. The simulation is unstable. Time = 0.0340.

WARNING: Nan, Inf or huge value in QACC at DOF 12. The simulation is unstable. Time = 0.0320.

WARNING: Nan, Inf or huge value in QACC at DOF 12. The simulation is unstable. Time = 0.0320.

WARNING: Nan, Inf or huge value in QACC at DOF 12. The simulation is unstable. Time = 0.0320.

WARNING: Nan, Inf or huge value in QACC at DOF 12. The simulation is unstable. Time = 0.0320.

WARNING: Nan, Inf or huge value in QACC at DOF 12. The simulation is unstable. Time = 0.0300.

WARNING: Nan, Inf or huge value in QACC at DOF 12. The simulation is unstable. Time = 0.0340.

WARNING: Nan, Inf or huge value in QACC at DOF 12. The simulation is unstable. Time = 0.0280.

-----------------------------------------
| rollout/                |             |
|    ep_len_mean          | 2.02        |
|    ep_rew_mean          | -15.5       |
|    success_rate         | 0           |
| time/                   |             |
|    fps                  | 733         |
|    iterations           | 94          |
|    time_elapsed         | 131         |
|    total_timesteps      | 347136      |
| train/                  |             |
|    approx_kl            | 0.046931505 |
|    clip_fraction        | 0.442       |
|    clip_range           | 0.2         |
|    entropy_loss         | -14.6       |
|    explained_variance   | 0.876       |
|    learning_rate        | 0.0003      |
|    loss                 | 7.17        |
|    n_updates            | 3380        |
|    policy_gradient_loss | -0.0416     |
|    std                  | 1.28        |
|    value_loss           | 22          |
-----------------------------------------
WARNING: Nan, Inf or huge value in QACC at DOF 12. The simulation is unstable. Time = 0.0320.

WARNING: Nan, Inf or huge value in QACC at DOF 12. The simulation is unstable. Time = 0.0320.

WARNING: Nan, Inf or huge value in QACC at DOF 12. The simulation is unstable. Time = 0.0320.

WARNING: Nan, Inf or huge value in QACC at DOF 12. The simulation is unstable. Time = 0.0300.

WARNING: Nan, Inf or huge value in QACC at DOF 12. The simulation is unstable. Time = 0.0300.

WARNING: Nan, Inf or huge value in QACC at DOF 12. The simulation is unstable. Time = 0.0320.

WARNING: Nan, Inf or huge value in QACC at DOF 12. The simulation is unstable. Time = 0.0320.

WARNING: Nan, Inf or huge value in QACC at DOF 12. The simulation is unstable. Time = 0.0320.

WARNING: Nan, Inf or huge value in QACC at DOF 12. The simulation is unstable. Time = 0.0340.

WARNING: Nan, Inf or huge value in QACC at DOF 12. The simulation is unstable. Time = 0.0300.

WARNING: Nan, Inf or huge value in QACC at DOF 12. The simulation is unstable. Time = 0.0320.

WARNING: Nan, Inf or huge value in QACC at DOF 12. The simulation is unstable. Time = 0.0300.

WARNING: Nan, Inf or huge value in QACC at DOF 12. The simulation is unstable. Time = 0.0320.

WARNING: Nan, Inf or huge value in QACC at DOF 12. The simulation is unstable. Time = 0.0320.

WARNING: Nan, Inf or huge value in QACC at DOF 12. The simulation is unstable. Time = 0.0280.

WARNING: Nan, Inf or huge value in QACC at DOF 12. The simulation is unstable. Time = 0.0320.

WARNING: Nan, Inf or huge value in QACC at DOF 12. The simulation is unstable. Time = 0.0300.

WARNING: Nan, Inf or huge value in QACC at DOF 12. The simulation is unstable. Time = 0.0320.

WARNING: Nan, Inf or huge value in QACC at DOF 12. The simulation is unstable. Time = 0.0320.

-----------------------------------------
| rollout/                |             |
|    ep_len_mean          | 1.81        |
|    ep_rew_mean          | -15.1       |
|    success_rate         | 0           |
| time/                   |             |
|    fps                  | 734         |
|    iterations           | 95          |
|    time_elapsed         | 132         |
|    total_timesteps      | 348160      |
| train/                  |             |
|    approx_kl            | 0.025057262 |
|    clip_fraction        | 0.205       |
|    clip_range           | 0.2         |
|    entropy_loss         | -14.6       |
|    explained_variance   | 0.573       |
|    learning_rate        | 0.0003      |
|    loss                 | 127         |
|    n_updates            | 3390        |
|    policy_gradient_loss | -0.0158     |
|    std                  | 1.28        |
|    value_loss           | 196         |
-----------------------------------------
WARNING: Nan, Inf or huge value in QACC at DOF 12. The simulation is unstable. Time = 0.0280.

WARNING: Nan, Inf or huge value in QACC at DOF 12. The simulation is unstable. Time = 0.0320.

WARNING: Nan, Inf or huge value in QACC at DOF 12. The simulation is unstable. Time = 0.0260.

WARNING: Nan, Inf or huge value in QACC at DOF 12. The simulation is unstable. Time = 0.0340.

WARNING: Nan, Inf or huge value in QACC at DOF 12. The simulation is unstable. Time = 0.0300.

WARNING: Nan, Inf or huge value in QACC at DOF 12. The simulation is unstable. Time = 0.0260.

WARNING: Nan, Inf or huge value in QACC at DOF 12. The simulation is unstable. Time = 0.0320.

WARNING: Nan, Inf or huge value in QACC at DOF 12. The simulation is unstable. Time = 0.0320.

WARNING: Nan, Inf or huge value in QACC at DOF 12. The simulation is unstable. Time = 0.0320.

WARNING: Nan, Inf or huge value in QACC at DOF 12. The simulation is unstable. Time = 0.0320.

WARNING: Nan, Inf or huge value in QACC at DOF 12. The simulation is unstable. Time = 0.0340.

WARNING: Nan, Inf or huge value in QACC at DOF 12. The simulation is unstable. Time = 0.0320.

WARNING: Nan, Inf or huge value in QACC at DOF 12. The simulation is unstable. Time = 0.0300.

WARNING: Nan, Inf or huge value in QACC at DOF 12. The simulation is unstable. Time = 0.0300.

WARNING: Nan, Inf or huge value in QACC at DOF 12. The simulation is unstable. Time = 0.0280.

WARNING: Nan, Inf or huge value in QACC at DOF 12. The simulation is unstable. Time = 0.0320.

WARNING: Nan, Inf or huge value in QACC at DOF 12. The simulation is unstable. Time = 0.0320.

WARNING: Nan, Inf or huge value in QACC at DOF 12. The simulation is unstable. Time = 0.0320.

WARNING: Nan, Inf or huge value in QACC at DOF 12. The simulation is unstable. Time = 0.0320.

WARNING: Nan, Inf or huge value in QACC at DOF 12. The simulation is unstable. Time = 0.0300.

WARNING: Nan, Inf or huge value in QACC at DOF 12. The simulation is unstable. Time = 0.0320.

WARNING: Nan, Inf or huge value in QACC at DOF 12. The simulation is unstable. Time = 0.0320.

WARNING: Nan, Inf or huge value in QACC at DOF 12. The simulation is unstable. Time = 0.0300.

WARNING: Nan, Inf or huge value in QACC at DOF 12. The simulation is unstable. Time = 0.0300.

WARNING: Nan, Inf or huge value in QACC at DOF 12. The simulation is unstable. Time = 0.0340.

WARNING: Nan, Inf or huge value in QACC at DOF 12. The simulation is unstable. Time = 0.0320.

-----------------------------------------
| rollout/                |             |
|    ep_len_mean          | 2.42        |
|    ep_rew_mean          | -17.9       |
|    success_rate         | 0           |
| time/                   |             |
|    fps                  | 736         |
|    iterations           | 96          |
|    time_elapsed         | 133         |
|    total_timesteps      | 349184      |
| train/                  |             |
|    approx_kl            | 0.042869195 |
|    clip_fraction        | 0.303       |
|    clip_range           | 0.2         |
|    entropy_loss         | -14.6       |
|    explained_variance   | 0.757       |
|    learning_rate        | 0.0003      |
|    loss                 | 4.07        |
|    n_updates            | 3400        |
|    policy_gradient_loss | -0.032      |
|    std                  | 1.28        |
|    value_loss           | 61.3        |
-----------------------------------------
WARNING: Nan, Inf or huge value in QACC at DOF 12. The simulation is unstable. Time = 0.0320.

WARNING: Nan, Inf or huge value in QACC at DOF 12. The simulation is unstable. Time = 0.0320.

WARNING: Nan, Inf or huge value in QACC at DOF 12. The simulation is unstable. Time = 0.0300.

WARNING: Nan, Inf or huge value in QACC at DOF 12. The simulation is unstable. Time = 0.0320.

WARNING: Nan, Inf or huge value in QACC at DOF 12. The simulation is unstable. Time = 0.0320.

WARNING: Nan, Inf or huge value in QACC at DOF 12. The simulation is unstable. Time = 0.0320.

WARNING: Nan, Inf or huge value in QACC at DOF 12. The simulation is unstable. Time = 0.0300.

WARNING: Nan, Inf or huge value in QACC at DOF 12. The simulation is unstable. Time = 0.0320.

WARNING: Nan, Inf or huge value in QACC at DOF 12. The simulation is unstable. Time = 0.0320.

WARNING: Nan, Inf or huge value in QACC at DOF 12. The simulation is unstable. Time = 0.0320.

WARNING: Nan, Inf or huge value in QACC at DOF 12. The simulation is unstable. Time = 0.0300.

WARNING: Nan, Inf or huge value in QACC at DOF 12. The simulation is unstable. Time = 0.0320.

WARNING: Nan, Inf or huge value in QACC at DOF 12. The simulation is unstable. Time = 0.0300.

WARNING: Nan, Inf or huge value in QACC at DOF 12. The simulation is unstable. Time = 0.0280.

WARNING: Nan, Inf or huge value in QACC at DOF 12. The simulation is unstable. Time = 0.0300.

WARNING: Nan, Inf or huge value in QACC at DOF 12. The simulation is unstable. Time = 0.0340.

WARNING: Nan, Inf or huge value in QACC at DOF 12. The simulation is unstable. Time = 0.0300.

WARNING: Nan, Inf or huge value in QACC at DOF 12. The simulation is unstable. Time = 0.0340.

WARNING: Nan, Inf or huge value in QACC at DOF 12. The simulation is unstable. Time = 0.0340.

WARNING: Nan, Inf or huge value in QACC at DOF 12. The simulation is unstable. Time = 0.0300.

WARNING: Nan, Inf or huge value in QACC at DOF 12. The simulation is unstable. Time = 0.0320.

-----------------------------------------
| rollout/                |             |
|    ep_len_mean          | 2.09        |
|    ep_rew_mean          | -17.9       |
|    success_rate         | 0           |
| time/                   |             |
|    fps                  | 736         |
|    iterations           | 97          |
|    time_elapsed         | 134         |
|    total_timesteps      | 350208      |
| train/                  |             |
|    approx_kl            | 0.039022774 |
|    clip_fraction        | 0.31        |
|    clip_range           | 0.2         |
|    entropy_loss         | -14.6       |
|    explained_variance   | 0.897       |
|    learning_rate        | 0.0003      |
|    loss                 | 8.29        |
|    n_updates            | 3410        |
|    policy_gradient_loss | -0.0473     |
|    std                  | 1.29        |
|    value_loss           | 21.2        |
-----------------------------------------
WARNING: Nan, Inf or huge value in QACC at DOF 12. The simulation is unstable. Time = 0.0320.

WARNING: Nan, Inf or huge value in QACC at DOF 12. The simulation is unstable. Time = 0.0300.

WARNING: Nan, Inf or huge value in QACC at DOF 12. The simulation is unstable. Time = 0.0300.

WARNING: Nan, Inf or huge value in QACC at DOF 12. The simulation is unstable. Time = 0.0300.

WARNING: Nan, Inf or huge value in QACC at DOF 12. The simulation is unstable. Time = 0.0300.

WARNING: Nan, Inf or huge value in QACC at DOF 12. The simulation is unstable. Time = 0.0320.

WARNING: Nan, Inf or huge value in QACC at DOF 12. The simulation is unstable. Time = 0.0320.

WARNING: Nan, Inf or huge value in QACC at DOF 12. The simulation is unstable. Time = 0.0300.

WARNING: Nan, Inf or huge value in QACC at DOF 12. The simulation is unstable. Time = 0.0340.

WARNING: Nan, Inf or huge value in QACC at DOF 12. The simulation is unstable. Time = 0.0340.

WARNING: Nan, Inf or huge value in QACC at DOF 12. The simulation is unstable. Time = 0.0320.

WARNING: Nan, Inf or huge value in QACC at DOF 12. The simulation is unstable. Time = 0.0340.

WARNING: Nan, Inf or huge value in QACC at DOF 12. The simulation is unstable. Time = 0.0300.

WARNING: Nan, Inf or huge value in QACC at DOF 12. The simulation is unstable. Time = 0.0300.

WARNING: Nan, Inf or huge value in QACC at DOF 12. The simulation is unstable. Time = 0.0320.

WARNING: Nan, Inf or huge value in QACC at DOF 12. The simulation is unstable. Time = 0.0340.

WARNING: Nan, Inf or huge value in QACC at DOF 12. The simulation is unstable. Time = 0.0340.

WARNING: Nan, Inf or huge value in QACC at DOF 12. The simulation is unstable. Time = 0.0300.

-----------------------------------------
| rollout/                |             |
|    ep_len_mean          | 2.22        |
|    ep_rew_mean          | -16.8       |
|    success_rate         | 0           |
| time/                   |             |
|    fps                  | 737         |
|    iterations           | 98          |
|    time_elapsed         | 136         |
|    total_timesteps      | 351232      |
| train/                  |             |
|    approx_kl            | 0.030422416 |
|    clip_fraction        | 0.272       |
|    clip_range           | 0.2         |
|    entropy_loss         | -14.7       |
|    explained_variance   | 0.587       |
|    learning_rate        | 0.0003      |
|    loss                 | 136         |
|    n_updates            | 3420        |
|    policy_gradient_loss | -0.0229     |
|    std                  | 1.29        |
|    value_loss           | 187         |
-----------------------------------------
WARNING: Nan, Inf or huge value in QACC at DOF 12. The simulation is unstable. Time = 0.0320.

WARNING: Nan, Inf or huge value in QACC at DOF 12. The simulation is unstable. Time = 0.0320.

WARNING: Nan, Inf or huge value in QACC at DOF 12. The simulation is unstable. Time = 0.0340.

WARNING: Nan, Inf or huge value in QACC at DOF 12. The simulation is unstable. Time = 0.0320.

WARNING: Nan, Inf or huge value in QACC at DOF 12. The simulation is unstable. Time = 0.0320.

WARNING: Nan, Inf or huge value in QACC at DOF 12. The simulation is unstable. Time = 0.0320.

WARNING: Nan, Inf or huge value in QACC at DOF 12. The simulation is unstable. Time = 0.0320.

WARNING: Nan, Inf or huge value in QACC at DOF 12. The simulation is unstable. Time = 0.0280.

WARNING: Nan, Inf or huge value in QACC at DOF 12. The simulation is unstable. Time = 0.0300.

WARNING: Nan, Inf or huge value in QACC at DOF 12. The simulation is unstable. Time = 0.0320.

WARNING: Nan, Inf or huge value in QACC at DOF 12. The simulation is unstable. Time = 0.0320.

WARNING: Nan, Inf or huge value in QACC at DOF 12. The simulation is unstable. Time = 0.0340.

WARNING: Nan, Inf or huge value in QACC at DOF 12. The simulation is unstable. Time = 0.0340.

WARNING: Nan, Inf or huge value in QACC at DOF 12. The simulation is unstable. Time = 0.0300.

WARNING: Nan, Inf or huge value in QACC at DOF 12. The simulation is unstable. Time = 0.0320.

WARNING: Nan, Inf or huge value in QACC at DOF 12. The simulation is unstable. Time = 0.0320.

WARNING: Nan, Inf or huge value in QACC at DOF 12. The simulation is unstable. Time = 0.0300.

WARNING: Nan, Inf or huge value in QACC at DOF 12. The simulation is unstable. Time = 0.0320.

-----------------------------------------
| rollout/                |             |
|    ep_len_mean          | 1.98        |
|    ep_rew_mean          | -15.7       |
|    success_rate         | 0           |
| time/                   |             |
|    fps                  | 738         |
|    iterations           | 99          |
|    time_elapsed         | 137         |
|    total_timesteps      | 352256      |
| train/                  |             |
|    approx_kl            | 0.096012406 |
|    clip_fraction        | 0.362       |
|    clip_range           | 0.2         |
|    entropy_loss         | -14.7       |
|    explained_variance   | 0.946       |
|    learning_rate        | 0.0003      |
|    loss                 | 2.77        |
|    n_updates            | 3430        |
|    policy_gradient_loss | -0.0376     |
|    std                  | 1.3         |
|    value_loss           | 7.81        |
-----------------------------------------
WARNING: Nan, Inf or huge value in QACC at DOF 12. The simulation is unstable. Time = 0.0340.

WARNING: Nan, Inf or huge value in QACC at DOF 12. The simulation is unstable. Time = 0.0320.

WARNING: Nan, Inf or huge value in QACC at DOF 12. The simulation is unstable. Time = 0.0320.

WARNING: Nan, Inf or huge value in QACC at DOF 12. The simulation is unstable. Time = 0.0300.

WARNING: Nan, Inf or huge value in QACC at DOF 12. The simulation is unstable. Time = 0.0320.

WARNING: Nan, Inf or huge value in QACC at DOF 12. The simulation is unstable. Time = 0.0300.

WARNING: Nan, Inf or huge value in QACC at DOF 12. The simulation is unstable. Time = 0.0340.

WARNING: Nan, Inf or huge value in QACC at DOF 12. The simulation is unstable. Time = 0.0300.

WARNING: Nan, Inf or huge value in QACC at DOF 12. The simulation is unstable. Time = 0.0300.

WARNING: Nan, Inf or huge value in QACC at DOF 12. The simulation is unstable. Time = 0.0300.

WARNING: Nan, Inf or huge value in QACC at DOF 12. The simulation is unstable. Time = 0.0300.

WARNING: Nan, Inf or huge value in QACC at DOF 12. The simulation is unstable. Time = 0.0320.

WARNING: Nan, Inf or huge value in QACC at DOF 12. The simulation is unstable. Time = 0.0280.

WARNING: Nan, Inf or huge value in QACC at DOF 12. The simulation is unstable. Time = 0.0340.

----------------------------------------
| rollout/                |            |
|    ep_len_mean          | 2.02       |
|    ep_rew_mean          | -15.4      |
|    success_rate         | 0          |
| time/                   |            |
|    fps                  | 739        |
|    iterations           | 100        |
|    time_elapsed         | 138        |
|    total_timesteps      | 353280     |
| train/                  |            |
|    approx_kl            | 0.06463424 |
|    clip_fraction        | 0.408      |
|    clip_range           | 0.2        |
|    entropy_loss         | -14.7      |
|    explained_variance   | 0.934      |
|    learning_rate        | 0.0003     |
|    loss                 | 4.65       |
|    n_updates            | 3440       |
|    policy_gradient_loss | -0.0385    |
|    std                  | 1.3        |
|    value_loss           | 10.5       |
----------------------------------------
WARNING: Nan, Inf or huge value in QACC at DOF 12. The simulation is unstable. Time = 0.0340.

WARNING: Nan, Inf or huge value in QACC at DOF 12. The simulation is unstable. Time = 0.0300.

WARNING: Nan, Inf or huge value in QACC at DOF 12. The simulation is unstable. Time = 0.0320.

WARNING: Nan, Inf or huge value in QACC at DOF 12. The simulation is unstable. Time = 0.0320.

WARNING: Nan, Inf or huge value in QACC at DOF 12. The simulation is unstable. Time = 0.0320.

WARNING: Nan, Inf or huge value in QACC at DOF 12. The simulation is unstable. Time = 0.0300.

WARNING: Nan, Inf or huge value in QACC at DOF 12. The simulation is unstable. Time = 0.0300.

WARNING: Nan, Inf or huge value in QACC at DOF 12. The simulation is unstable. Time = 0.0320.

WARNING: Nan, Inf or huge value in QACC at DOF 12. The simulation is unstable. Time = 0.0320.

WARNING: Nan, Inf or huge value in QACC at DOF 12. The simulation is unstable. Time = 0.0280.

WARNING: Nan, Inf or huge value in QACC at DOF 12. The simulation is unstable. Time = 0.0300.

WARNING: Nan, Inf or huge value in QACC at DOF 12. The simulation is unstable. Time = 0.0300.

WARNING: Nan, Inf or huge value in QACC at DOF 12. The simulation is unstable. Time = 0.0320.

WARNING: Nan, Inf or huge value in QACC at DOF 12. The simulation is unstable. Time = 0.0320.

WARNING: Nan, Inf or huge value in QACC at DOF 12. The simulation is unstable. Time = 0.0320.

----------------------------------------
| rollout/                |            |
|    ep_len_mean          | 2.27       |
|    ep_rew_mean          | -17        |
|    success_rate         | 0          |
| time/                   |            |
|    fps                  | 740        |
|    iterations           | 101        |
|    time_elapsed         | 139        |
|    total_timesteps      | 354304     |
| train/                  |            |
|    approx_kl            | 0.04760844 |
|    clip_fraction        | 0.337      |
|    clip_range           | 0.2        |
|    entropy_loss         | -14.7      |
|    explained_variance   | 0.876      |
|    learning_rate        | 0.0003     |
|    loss                 | 3.41       |
|    n_updates            | 3450       |
|    policy_gradient_loss | -0.0315    |
|    std                  | 1.3        |
|    value_loss           | 18.2       |
----------------------------------------
WARNING: Nan, Inf or huge value in QACC at DOF 12. The simulation is unstable. Time = 0.0300.

WARNING: Nan, Inf or huge value in QACC at DOF 12. The simulation is unstable. Time = 0.0340.

WARNING: Nan, Inf or huge value in QACC at DOF 12. The simulation is unstable. Time = 0.0300.

WARNING: Nan, Inf or huge value in QACC at DOF 12. The simulation is unstable. Time = 0.0340.

WARNING: Nan, Inf or huge value in QACC at DOF 12. The simulation is unstable. Time = 0.0340.

WARNING: Nan, Inf or huge value in QACC at DOF 12. The simulation is unstable. Time = 0.0300.

WARNING: Nan, Inf or huge value in QACC at DOF 12. The simulation is unstable. Time = 0.0320.

WARNING: Nan, Inf or huge value in QACC at DOF 12. The simulation is unstable. Time = 0.0320.

WARNING: Nan, Inf or huge value in QACC at DOF 12. The simulation is unstable. Time = 0.0260.

WARNING: Nan, Inf or huge value in QACC at DOF 12. The simulation is unstable. Time = 0.0320.

WARNING: Nan, Inf or huge value in QACC at DOF 12. The simulation is unstable. Time = 0.0300.

WARNING: Nan, Inf or huge value in QACC at DOF 12. The simulation is unstable. Time = 0.0300.

WARNING: Nan, Inf or huge value in QACC at DOF 12. The simulation is unstable. Time = 0.0320.

WARNING: Nan, Inf or huge value in QACC at DOF 12. The simulation is unstable. Time = 0.0340.

WARNING: Nan, Inf or huge value in QACC at DOF 12. The simulation is unstable. Time = 0.0300.

WARNING: Nan, Inf or huge value in QACC at DOF 12. The simulation is unstable. Time = 0.0300.

----------------------------------------
| rollout/                |            |
|    ep_len_mean          | 2.17       |
|    ep_rew_mean          | -15.6      |
|    success_rate         | 0          |
| time/                   |            |
|    fps                  | 740        |
|    iterations           | 102        |
|    time_elapsed         | 140        |
|    total_timesteps      | 355328     |
| train/                  |            |
|    approx_kl            | 0.07803349 |
|    clip_fraction        | 0.425      |
|    clip_range           | 0.2        |
|    entropy_loss         | -14.7      |
|    explained_variance   | 0.942      |
|    learning_rate        | 0.0003     |
|    loss                 | 2.23       |
|    n_updates            | 3460       |
|    policy_gradient_loss | -0.0361    |
|    std                  | 1.3        |
|    value_loss           | 7.49       |
----------------------------------------
WARNING: Nan, Inf or huge value in QACC at DOF 12. The simulation is unstable. Time = 0.0300.

WARNING: Nan, Inf or huge value in QACC at DOF 12. The simulation is unstable. Time = 0.0320.

WARNING: Nan, Inf or huge value in QACC at DOF 12. The simulation is unstable. Time = 0.0300.

WARNING: Nan, Inf or huge value in QACC at DOF 12. The simulation is unstable. Time = 0.0300.

WARNING: Nan, Inf or huge value in QACC at DOF 12. The simulation is unstable. Time = 0.0300.

WARNING: Nan, Inf or huge value in QACC at DOF 12. The simulation is unstable. Time = 0.0320.

WARNING: Nan, Inf or huge value in QACC at DOF 12. The simulation is unstable. Time = 0.0300.

WARNING: Nan, Inf or huge value in QACC at DOF 12. The simulation is unstable. Time = 0.0280.

WARNING: Nan, Inf or huge value in QACC at DOF 12. The simulation is unstable. Time = 0.0320.

WARNING: Nan, Inf or huge value in QACC at DOF 12. The simulation is unstable. Time = 0.0320.

WARNING: Nan, Inf or huge value in QACC at DOF 12. The simulation is unstable. Time = 0.0280.

WARNING: Nan, Inf or huge value in QACC at DOF 12. The simulation is unstable. Time = 0.0320.

WARNING: Nan, Inf or huge value in QACC at DOF 12. The simulation is unstable. Time = 0.0300.

WARNING: Nan, Inf or huge value in QACC at DOF 12. The simulation is unstable. Time = 0.0340.

WARNING: Nan, Inf or huge value in QACC at DOF 12. The simulation is unstable. Time = 0.0340.

WARNING: Nan, Inf or huge value in QACC at DOF 12. The simulation is unstable. Time = 0.0320.

WARNING: Nan, Inf or huge value in QACC at DOF 12. The simulation is unstable. Time = 0.0300.

WARNING: Nan, Inf or huge value in QACC at DOF 12. The simulation is unstable. Time = 0.0320.

WARNING: Nan, Inf or huge value in QACC at DOF 12. The simulation is unstable. Time = 0.0300.

WARNING: Nan, Inf or huge value in QACC at DOF 12. The simulation is unstable. Time = 0.0300.

----------------------------------------
| rollout/                |            |
|    ep_len_mean          | 2.15       |
|    ep_rew_mean          | -15.8      |
|    success_rate         | 0          |
| time/                   |            |
|    fps                  | 741        |
|    iterations           | 103        |
|    time_elapsed         | 142        |
|    total_timesteps      | 356352     |
| train/                  |            |
|    approx_kl            | 0.10084058 |
|    clip_fraction        | 0.478      |
|    clip_range           | 0.2        |
|    entropy_loss         | -14.8      |
|    explained_variance   | 0.941      |
|    learning_rate        | 0.0003     |
|    loss                 | 3.53       |
|    n_updates            | 3470       |
|    policy_gradient_loss | -0.0431    |
|    std                  | 1.31       |
|    value_loss           | 6.5        |
----------------------------------------
WARNING: Nan, Inf or huge value in QACC at DOF 12. The simulation is unstable. Time = 0.0320.

WARNING: Nan, Inf or huge value in QACC at DOF 12. The simulation is unstable. Time = 0.0300.

WARNING: Nan, Inf or huge value in QACC at DOF 12. The simulation is unstable. Time = 0.0340.

WARNING: Nan, Inf or huge value in QACC at DOF 12. The simulation is unstable. Time = 0.0300.

WARNING: Nan, Inf or huge value in QACC at DOF 12. The simulation is unstable. Time = 0.0320.

WARNING: Nan, Inf or huge value in QACC at DOF 12. The simulation is unstable. Time = 0.0340.

WARNING: Nan, Inf or huge value in QACC at DOF 12. The simulation is unstable. Time = 0.0340.

WARNING: Nan, Inf or huge value in QACC at DOF 12. The simulation is unstable. Time = 0.0320.

WARNING: Nan, Inf or huge value in QACC at DOF 12. The simulation is unstable. Time = 0.0340.

WARNING: Nan, Inf or huge value in QACC at DOF 12. The simulation is unstable. Time = 0.0320.

WARNING: Nan, Inf or huge value in QACC at DOF 12. The simulation is unstable. Time = 0.0320.

WARNING: Nan, Inf or huge value in QACC at DOF 12. The simulation is unstable. Time = 0.0300.

WARNING: Nan, Inf or huge value in QACC at DOF 12. The simulation is unstable. Time = 0.0340.

WARNING: Nan, Inf or huge value in QACC at DOF 12. The simulation is unstable. Time = 0.0300.

WARNING: Nan, Inf or huge value in QACC at DOF 12. The simulation is unstable. Time = 0.0320.

WARNING: Nan, Inf or huge value in QACC at DOF 12. The simulation is unstable. Time = 0.0300.

WARNING: Nan, Inf or huge value in QACC at DOF 12. The simulation is unstable. Time = 0.0320.

WARNING: Nan, Inf or huge value in QACC at DOF 12. The simulation is unstable. Time = 0.0320.

WARNING: Nan, Inf or huge value in QACC at DOF 12. The simulation is unstable. Time = 0.0320.

WARNING: Nan, Inf or huge value in QACC at DOF 12. The simulation is unstable. Time = 0.0260.

-----------------------------------------
| rollout/                |             |
|    ep_len_mean          | 2.05        |
|    ep_rew_mean          | -15.8       |
|    success_rate         | 0           |
| time/                   |             |
|    fps                  | 742         |
|    iterations           | 104         |
|    time_elapsed         | 143         |
|    total_timesteps      | 357376      |
| train/                  |             |
|    approx_kl            | 0.027094603 |
|    clip_fraction        | 0.371       |
|    clip_range           | 0.2         |
|    entropy_loss         | -14.8       |
|    explained_variance   | 0.479       |
|    learning_rate        | 0.0003      |
|    loss                 | 367         |
|    n_updates            | 3480        |
|    policy_gradient_loss | -0.0127     |
|    std                  | 1.31        |
|    value_loss           | 333         |
-----------------------------------------
WARNING: Nan, Inf or huge value in QACC at DOF 12. The simulation is unstable. Time = 0.0320.

WARNING: Nan, Inf or huge value in QACC at DOF 12. The simulation is unstable. Time = 0.0320.

WARNING: Nan, Inf or huge value in QACC at DOF 12. The simulation is unstable. Time = 0.0300.

WARNING: Nan, Inf or huge value in QACC at DOF 12. The simulation is unstable. Time = 0.0280.

WARNING: Nan, Inf or huge value in QACC at DOF 12. The simulation is unstable. Time = 0.0320.

WARNING: Nan, Inf or huge value in QACC at DOF 12. The simulation is unstable. Time = 0.0280.

WARNING: Nan, Inf or huge value in QACC at DOF 12. The simulation is unstable. Time = 0.0340.

WARNING: Nan, Inf or huge value in QACC at DOF 12. The simulation is unstable. Time = 0.0300.

WARNING: Nan, Inf or huge value in QACC at DOF 12. The simulation is unstable. Time = 0.0280.

WARNING: Nan, Inf or huge value in QACC at DOF 12. The simulation is unstable. Time = 0.0300.

WARNING: Nan, Inf or huge value in QACC at DOF 12. The simulation is unstable. Time = 0.0320.

WARNING: Nan, Inf or huge value in QACC at DOF 12. The simulation is unstable. Time = 0.0320.

WARNING: Nan, Inf or huge value in QACC at DOF 12. The simulation is unstable. Time = 0.0340.

-----------------------------------------
| rollout/                |             |
|    ep_len_mean          | 2.3         |
|    ep_rew_mean          | -16         |
|    success_rate         | 0           |
| time/                   |             |
|    fps                  | 743         |
|    iterations           | 105         |
|    time_elapsed         | 144         |
|    total_timesteps      | 358400      |
| train/                  |             |
|    approx_kl            | 0.023005757 |
|    clip_fraction        | 0.238       |
|    clip_range           | 0.2         |
|    entropy_loss         | -14.8       |
|    explained_variance   | 0.744       |
|    learning_rate        | 0.0003      |
|    loss                 | 8.12        |
|    n_updates            | 3490        |
|    policy_gradient_loss | -0.034      |
|    std                  | 1.31        |
|    value_loss           | 56.7        |
-----------------------------------------
WARNING: Nan, Inf or huge value in QACC at DOF 12. The simulation is unstable. Time = 0.0300.

WARNING: Nan, Inf or huge value in QACC at DOF 12. The simulation is unstable. Time = 0.0300.

WARNING: Nan, Inf or huge value in QACC at DOF 12. The simulation is unstable. Time = 0.0320.

WARNING: Nan, Inf or huge value in QACC at DOF 12. The simulation is unstable. Time = 0.0320.

WARNING: Nan, Inf or huge value in QACC at DOF 12. The simulation is unstable. Time = 0.0320.

WARNING: Nan, Inf or huge value in QACC at DOF 12. The simulation is unstable. Time = 0.0320.

WARNING: Nan, Inf or huge value in QACC at DOF 12. The simulation is unstable. Time = 0.0300.

WARNING: Nan, Inf or huge value in QACC at DOF 12. The simulation is unstable. Time = 0.0320.

WARNING: Nan, Inf or huge value in QACC at DOF 12. The simulation is unstable. Time = 0.0300.

WARNING: Nan, Inf or huge value in QACC at DOF 12. The simulation is unstable. Time = 0.0320.

WARNING: Nan, Inf or huge value in QACC at DOF 12. The simulation is unstable. Time = 0.0300.

WARNING: Nan, Inf or huge value in QACC at DOF 12. The simulation is unstable. Time = 0.0300.

WARNING: Nan, Inf or huge value in QACC at DOF 12. The simulation is unstable. Time = 0.0320.

WARNING: Nan, Inf or huge value in QACC at DOF 12. The simulation is unstable. Time = 0.0320.

WARNING: Nan, Inf or huge value in QACC at DOF 12. The simulation is unstable. Time = 0.0340.

WARNING: Nan, Inf or huge value in QACC at DOF 12. The simulation is unstable. Time = 0.0320.

WARNING: Nan, Inf or huge value in QACC at DOF 12. The simulation is unstable. Time = 0.0320.

WARNING: Nan, Inf or huge value in QACC at DOF 12. The simulation is unstable. Time = 0.0320.

WARNING: Nan, Inf or huge value in QACC at DOF 12. The simulation is unstable. Time = 0.0320.

WARNING: Nan, Inf or huge value in QACC at DOF 12. The simulation is unstable. Time = 0.0300.

WARNING: Nan, Inf or huge value in QACC at DOF 12. The simulation is unstable. Time = 0.0340.

WARNING: Nan, Inf or huge value in QACC at DOF 12. The simulation is unstable. Time = 0.0320.

WARNING: Nan, Inf or huge value in QACC at DOF 12. The simulation is unstable. Time = 0.0320.

----------------------------------------
| rollout/                |            |
|    ep_len_mean          | 2.18       |
|    ep_rew_mean          | -15.6      |
|    success_rate         | 0          |
| time/                   |            |
|    fps                  | 744        |
|    iterations           | 106        |
|    time_elapsed         | 145        |
|    total_timesteps      | 359424     |
| train/                  |            |
|    approx_kl            | 0.08906464 |
|    clip_fraction        | 0.494      |
|    clip_range           | 0.2        |
|    entropy_loss         | -14.8      |
|    explained_variance   | 0.925      |
|    learning_rate        | 0.0003     |
|    loss                 | 1.6        |
|    n_updates            | 3500       |
|    policy_gradient_loss | -0.0363    |
|    std                  | 1.32       |
|    value_loss           | 6.3        |
----------------------------------------
WARNING: Nan, Inf or huge value in QACC at DOF 12. The simulation is unstable. Time = 0.0320.

WARNING: Nan, Inf or huge value in QACC at DOF 12. The simulation is unstable. Time = 0.0320.

WARNING: Nan, Inf or huge value in QACC at DOF 12. The simulation is unstable. Time = 0.0320.

WARNING: Nan, Inf or huge value in QACC at DOF 12. The simulation is unstable. Time = 0.0300.

WARNING: Nan, Inf or huge value in QACC at DOF 12. The simulation is unstable. Time = 0.0300.

WARNING: Nan, Inf or huge value in QACC at DOF 12. The simulation is unstable. Time = 0.0300.

WARNING: Nan, Inf or huge value in QACC at DOF 12. The simulation is unstable. Time = 0.0300.

WARNING: Nan, Inf or huge value in QACC at DOF 12. The simulation is unstable. Time = 0.0300.

WARNING: Nan, Inf or huge value in QACC at DOF 12. The simulation is unstable. Time = 0.0320.

WARNING: Nan, Inf or huge value in QACC at DOF 12. The simulation is unstable. Time = 0.0260.

WARNING: Nan, Inf or huge value in QACC at DOF 12. The simulation is unstable. Time = 0.0320.

WARNING: Nan, Inf or huge value in QACC at DOF 12. The simulation is unstable. Time = 0.0300.

WARNING: Nan, Inf or huge value in QACC at DOF 12. The simulation is unstable. Time = 0.0300.

WARNING: Nan, Inf or huge value in QACC at DOF 12. The simulation is unstable. Time = 0.0340.

WARNING: Nan, Inf or huge value in QACC at DOF 12. The simulation is unstable. Time = 0.0300.

WARNING: Nan, Inf or huge value in QACC at DOF 12. The simulation is unstable. Time = 0.0340.

WARNING: Nan, Inf or huge value in QACC at DOF 12. The simulation is unstable. Time = 0.0320.

-----------------------------------------
| rollout/                |             |
|    ep_len_mean          | 1.93        |
|    ep_rew_mean          | -15.3       |
|    success_rate         | 0           |
| time/                   |             |
|    fps                  | 745         |
|    iterations           | 107         |
|    time_elapsed         | 147         |
|    total_timesteps      | 360448      |
| train/                  |             |
|    approx_kl            | 0.035239235 |
|    clip_fraction        | 0.315       |
|    clip_range           | 0.2         |
|    entropy_loss         | -14.9       |
|    explained_variance   | 0.915       |
|    learning_rate        | 0.0003      |
|    loss                 | 6.58        |
|    n_updates            | 3510        |
|    policy_gradient_loss | -0.0511     |
|    std                  | 1.32        |
|    value_loss           | 15.5        |
-----------------------------------------
WARNING: Nan, Inf or huge value in QACC at DOF 12. The simulation is unstable. Time = 0.0320.

WARNING: Nan, Inf or huge value in QACC at DOF 12. The simulation is unstable. Time = 0.0300.

WARNING: Nan, Inf or huge value in QACC at DOF 12. The simulation is unstable. Time = 0.0340.

WARNING: Nan, Inf or huge value in QACC at DOF 12. The simulation is unstable. Time = 0.0300.

WARNING: Nan, Inf or huge value in QACC at DOF 12. The simulation is unstable. Time = 0.0340.

WARNING: Nan, Inf or huge value in QACC at DOF 12. The simulation is unstable. Time = 0.0340.

WARNING: Nan, Inf or huge value in QACC at DOF 12. The simulation is unstable. Time = 0.0300.

WARNING: Nan, Inf or huge value in QACC at DOF 12. The simulation is unstable. Time = 0.0320.

WARNING: Nan, Inf or huge value in QACC at DOF 12. The simulation is unstable. Time = 0.0320.

WARNING: Nan, Inf or huge value in QACC at DOF 12. The simulation is unstable. Time = 0.0300.

WARNING: Nan, Inf or huge value in QACC at DOF 12. The simulation is unstable. Time = 0.0320.

WARNING: Nan, Inf or huge value in QACC at DOF 12. The simulation is unstable. Time = 0.0320.

WARNING: Nan, Inf or huge value in QACC at DOF 12. The simulation is unstable. Time = 0.0300.

WARNING: Nan, Inf or huge value in QACC at DOF 12. The simulation is unstable. Time = 0.0320.

WARNING: Nan, Inf or huge value in QACC at DOF 12. The simulation is unstable. Time = 0.0320.

WARNING: Nan, Inf or huge value in QACC at DOF 12. The simulation is unstable. Time = 0.0320.

WARNING: Nan, Inf or huge value in QACC at DOF 12. The simulation is unstable. Time = 0.0300.

WARNING: Nan, Inf or huge value in QACC at DOF 12. The simulation is unstable. Time = 0.0280.

---------------------------------------
| rollout/                |           |
|    ep_len_mean          | 2.28      |
|    ep_rew_mean          | -15.9     |
|    success_rate         | 0         |
| time/                   |           |
|    fps                  | 746       |
|    iterations           | 108       |
|    time_elapsed         | 148       |
|    total_timesteps      | 361472    |
| train/                  |           |
|    approx_kl            | 0.0699542 |
|    clip_fraction        | 0.458     |
|    clip_range           | 0.2       |
|    entropy_loss         | -14.9     |
|    explained_variance   | 0.948     |
|    learning_rate        | 0.0003    |
|    loss                 | 2.25      |
|    n_updates            | 3520      |
|    policy_gradient_loss | -0.0413   |
|    std                  | 1.32      |
|    value_loss           | 7.31      |
---------------------------------------
WARNING: Nan, Inf or huge value in QACC at DOF 12. The simulation is unstable. Time = 0.0340.

WARNING: Nan, Inf or huge value in QACC at DOF 12. The simulation is unstable. Time = 0.0300.

WARNING: Nan, Inf or huge value in QACC at DOF 12. The simulation is unstable. Time = 0.0320.

WARNING: Nan, Inf or huge value in QACC at DOF 12. The simulation is unstable. Time = 0.0300.

WARNING: Nan, Inf or huge value in QACC at DOF 12. The simulation is unstable. Time = 0.0320.

WARNING: Nan, Inf or huge value in QACC at DOF 12. The simulation is unstable. Time = 0.0320.

WARNING: Nan, Inf or huge value in QACC at DOF 12. The simulation is unstable. Time = 0.0300.

WARNING: Nan, Inf or huge value in QACC at DOF 12. The simulation is unstable. Time = 0.0280.

WARNING: Nan, Inf or huge value in QACC at DOF 12. The simulation is unstable. Time = 0.0340.

WARNING: Nan, Inf or huge value in QACC at DOF 12. The simulation is unstable. Time = 0.0340.

WARNING: Nan, Inf or huge value in QACC at DOF 12. The simulation is unstable. Time = 0.0300.

WARNING: Nan, Inf or huge value in QACC at DOF 12. The simulation is unstable. Time = 0.0320.

WARNING: Nan, Inf or huge value in QACC at DOF 12. The simulation is unstable. Time = 0.0320.

WARNING: Nan, Inf or huge value in QACC at DOF 12. The simulation is unstable. Time = 0.0320.

WARNING: Nan, Inf or huge value in QACC at DOF 12. The simulation is unstable. Time = 0.0320.

WARNING: Nan, Inf or huge value in QACC at DOF 12. The simulation is unstable. Time = 0.0300.

-----------------------------------------
| rollout/                |             |
|    ep_len_mean          | 2.28        |
|    ep_rew_mean          | -16.4       |
|    success_rate         | 0           |
| time/                   |             |
|    fps                  | 746         |
|    iterations           | 109         |
|    time_elapsed         | 149         |
|    total_timesteps      | 362496      |
| train/                  |             |
|    approx_kl            | 0.018268825 |
|    clip_fraction        | 0.201       |
|    clip_range           | 0.2         |
|    entropy_loss         | -14.9       |
|    explained_variance   | 0.724       |
|    learning_rate        | 0.0003      |
|    loss                 | 21.1        |
|    n_updates            | 3530        |
|    policy_gradient_loss | -0.0278     |
|    std                  | 1.32        |
|    value_loss           | 79.4        |
-----------------------------------------
WARNING: Nan, Inf or huge value in QACC at DOF 12. The simulation is unstable. Time = 0.0320.

WARNING: Nan, Inf or huge value in QACC at DOF 12. The simulation is unstable. Time = 0.0320.

WARNING: Nan, Inf or huge value in QACC at DOF 12. The simulation is unstable. Time = 0.0300.

WARNING: Nan, Inf or huge value in QACC at DOF 12. The simulation is unstable. Time = 0.0320.

WARNING: Nan, Inf or huge value in QACC at DOF 12. The simulation is unstable. Time = 0.0320.

WARNING: Nan, Inf or huge value in QACC at DOF 12. The simulation is unstable. Time = 0.0320.

WARNING: Nan, Inf or huge value in QACC at DOF 12. The simulation is unstable. Time = 0.0320.

WARNING: Nan, Inf or huge value in QACC at DOF 12. The simulation is unstable. Time = 0.0320.

WARNING: Nan, Inf or huge value in QACC at DOF 12. The simulation is unstable. Time = 0.0340.

WARNING: Nan, Inf or huge value in QACC at DOF 12. The simulation is unstable. Time = 0.0300.

WARNING: Nan, Inf or huge value in QACC at DOF 12. The simulation is unstable. Time = 0.0320.

WARNING: Nan, Inf or huge value in QACC at DOF 12. The simulation is unstable. Time = 0.0340.

WARNING: Nan, Inf or huge value in QACC at DOF 12. The simulation is unstable. Time = 0.0300.

WARNING: Nan, Inf or huge value in QACC at DOF 12. The simulation is unstable. Time = 0.0340.

WARNING: Nan, Inf or huge value in QACC at DOF 12. The simulation is unstable. Time = 0.0300.

-----------------------------------------
| rollout/                |             |
|    ep_len_mean          | 2.33        |
|    ep_rew_mean          | -16.6       |
|    success_rate         | 0           |
| time/                   |             |
|    fps                  | 747         |
|    iterations           | 110         |
|    time_elapsed         | 150         |
|    total_timesteps      | 363520      |
| train/                  |             |
|    approx_kl            | 0.030106004 |
|    clip_fraction        | 0.29        |
|    clip_range           | 0.2         |
|    entropy_loss         | -14.9       |
|    explained_variance   | 0.767       |
|    learning_rate        | 0.0003      |
|    loss                 | 37.9        |
|    n_updates            | 3540        |
|    policy_gradient_loss | -0.0301     |
|    std                  | 1.32        |
|    value_loss           | 70          |
-----------------------------------------
WARNING: Nan, Inf or huge value in QACC at DOF 12. The simulation is unstable. Time = 0.0300.

WARNING: Nan, Inf or huge value in QACC at DOF 12. The simulation is unstable. Time = 0.0300.

WARNING: Nan, Inf or huge value in QACC at DOF 12. The simulation is unstable. Time = 0.0320.

WARNING: Nan, Inf or huge value in QACC at DOF 12. The simulation is unstable. Time = 0.0320.

WARNING: Nan, Inf or huge value in QACC at DOF 12. The simulation is unstable. Time = 0.0320.

WARNING: Nan, Inf or huge value in QACC at DOF 12. The simulation is unstable. Time = 0.0320.

WARNING: Nan, Inf or huge value in QACC at DOF 12. The simulation is unstable. Time = 0.0320.

WARNING: Nan, Inf or huge value in QACC at DOF 12. The simulation is unstable. Time = 0.0300.

WARNING: Nan, Inf or huge value in QACC at DOF 12. The simulation is unstable. Time = 0.0340.

WARNING: Nan, Inf or huge value in QACC at DOF 12. The simulation is unstable. Time = 0.0320.

WARNING: Nan, Inf or huge value in QACC at DOF 12. The simulation is unstable. Time = 0.0320.

WARNING: Nan, Inf or huge value in QACC at DOF 12. The simulation is unstable. Time = 0.0300.

WARNING: Nan, Inf or huge value in QACC at DOF 12. The simulation is unstable. Time = 0.0300.

WARNING: Nan, Inf or huge value in QACC at DOF 12. The simulation is unstable. Time = 0.0300.

WARNING: Nan, Inf or huge value in QACC at DOF 12. The simulation is unstable. Time = 0.0320.

----------------------------------------
| rollout/                |            |
|    ep_len_mean          | 2.26       |
|    ep_rew_mean          | -16.3      |
|    success_rate         | 0          |
| time/                   |            |
|    fps                  | 748        |
|    iterations           | 111        |
|    time_elapsed         | 151        |
|    total_timesteps      | 364544     |
| train/                  |            |
|    approx_kl            | 0.07111467 |
|    clip_fraction        | 0.358      |
|    clip_range           | 0.2        |
|    entropy_loss         | -14.9      |
|    explained_variance   | 0.956      |
|    learning_rate        | 0.0003     |
|    loss                 | 2.06       |
|    n_updates            | 3550       |
|    policy_gradient_loss | -0.0484    |
|    std                  | 1.33       |
|    value_loss           | 5.95       |
----------------------------------------
WARNING: Nan, Inf or huge value in QACC at DOF 12. The simulation is unstable. Time = 0.0340.

WARNING: Nan, Inf or huge value in QACC at DOF 12. The simulation is unstable. Time = 0.0320.

WARNING: Nan, Inf or huge value in QACC at DOF 12. The simulation is unstable. Time = 0.0320.

WARNING: Nan, Inf or huge value in QACC at DOF 12. The simulation is unstable. Time = 0.0300.

WARNING: Nan, Inf or huge value in QACC at DOF 12. The simulation is unstable. Time = 0.0320.

WARNING: Nan, Inf or huge value in QACC at DOF 12. The simulation is unstable. Time = 0.0300.

WARNING: Nan, Inf or huge value in QACC at DOF 12. The simulation is unstable. Time = 0.0320.

WARNING: Nan, Inf or huge value in QACC at DOF 12. The simulation is unstable. Time = 0.0320.

WARNING: Nan, Inf or huge value in QACC at DOF 12. The simulation is unstable. Time = 0.0300.

WARNING: Nan, Inf or huge value in QACC at DOF 12. The simulation is unstable. Time = 0.0320.

WARNING: Nan, Inf or huge value in QACC at DOF 12. The simulation is unstable. Time = 0.0340.

WARNING: Nan, Inf or huge value in QACC at DOF 12. The simulation is unstable. Time = 0.0340.

WARNING: Nan, Inf or huge value in QACC at DOF 12. The simulation is unstable. Time = 0.0320.

WARNING: Nan, Inf or huge value in QACC at DOF 12. The simulation is unstable. Time = 0.0340.

WARNING: Nan, Inf or huge value in QACC at DOF 12. The simulation is unstable. Time = 0.0320.

WARNING: Nan, Inf or huge value in QACC at DOF 12. The simulation is unstable. Time = 0.0340.

WARNING: Nan, Inf or huge value in QACC at DOF 12. The simulation is unstable. Time = 0.0320.

-----------------------------------------
| rollout/                |             |
|    ep_len_mean          | 2           |
|    ep_rew_mean          | -14.9       |
|    success_rate         | 0           |
| time/                   |             |
|    fps                  | 749         |
|    iterations           | 112         |
|    time_elapsed         | 153         |
|    total_timesteps      | 365568      |
| train/                  |             |
|    approx_kl            | 0.122653976 |
|    clip_fraction        | 0.546       |
|    clip_range           | 0.2         |
|    entropy_loss         | -14.9       |
|    explained_variance   | 0.84        |
|    learning_rate        | 0.0003      |
|    loss                 | 5.74        |
|    n_updates            | 3560        |
|    policy_gradient_loss | -0.0187     |
|    std                  | 1.33        |
|    value_loss           | 27.8        |
-----------------------------------------
WARNING: Nan, Inf or huge value in QACC at DOF 12. The simulation is unstable. Time = 0.0300.

WARNING: Nan, Inf or huge value in QACC at DOF 12. The simulation is unstable. Time = 0.0320.

WARNING: Nan, Inf or huge value in QACC at DOF 12. The simulation is unstable. Time = 0.0300.

WARNING: Nan, Inf or huge value in QACC at DOF 12. The simulation is unstable. Time = 0.0300.

WARNING: Nan, Inf or huge value in QACC at DOF 12. The simulation is unstable. Time = 0.0320.

WARNING: Nan, Inf or huge value in QACC at DOF 12. The simulation is unstable. Time = 0.0280.

WARNING: Nan, Inf or huge value in QACC at DOF 12. The simulation is unstable. Time = 0.0320.

WARNING: Nan, Inf or huge value in QACC at DOF 12. The simulation is unstable. Time = 0.0320.

WARNING: Nan, Inf or huge value in QACC at DOF 12. The simulation is unstable. Time = 0.0320.

WARNING: Nan, Inf or huge value in QACC at DOF 12. The simulation is unstable. Time = 0.0340.

WARNING: Nan, Inf or huge value in QACC at DOF 12. The simulation is unstable. Time = 0.0300.

WARNING: Nan, Inf or huge value in QACC at DOF 12. The simulation is unstable. Time = 0.0340.

WARNING: Nan, Inf or huge value in QACC at DOF 12. The simulation is unstable. Time = 0.0320.

WARNING: Nan, Inf or huge value in QACC at DOF 12. The simulation is unstable. Time = 0.0300.

WARNING: Nan, Inf or huge value in QACC at DOF 12. The simulation is unstable. Time = 0.0300.

WARNING: Nan, Inf or huge value in QACC at DOF 12. The simulation is unstable. Time = 0.0320.

WARNING: Nan, Inf or huge value in QACC at DOF 12. The simulation is unstable. Time = 0.0300.

-----------------------------------------
| rollout/                |             |
|    ep_len_mean          | 2.65        |
|    ep_rew_mean          | -19.2       |
|    success_rate         | 0           |
| time/                   |             |
|    fps                  | 749         |
|    iterations           | 113         |
|    time_elapsed         | 154         |
|    total_timesteps      | 366592      |
| train/                  |             |
|    approx_kl            | 0.034878477 |
|    clip_fraction        | 0.304       |
|    clip_range           | 0.2         |
|    entropy_loss         | -14.9       |
|    explained_variance   | 0.852       |
|    learning_rate        | 0.0003      |
|    loss                 | 30          |
|    n_updates            | 3570        |
|    policy_gradient_loss | -0.0293     |
|    std                  | 1.33        |
|    value_loss           | 44.4        |
-----------------------------------------
WARNING: Nan, Inf or huge value in QACC at DOF 12. The simulation is unstable. Time = 0.0340.

WARNING: Nan, Inf or huge value in QACC at DOF 12. The simulation is unstable. Time = 0.0320.

WARNING: Nan, Inf or huge value in QACC at DOF 12. The simulation is unstable. Time = 0.0320.

WARNING: Nan, Inf or huge value in QACC at DOF 12. The simulation is unstable. Time = 0.0300.

WARNING: Nan, Inf or huge value in QACC at DOF 12. The simulation is unstable. Time = 0.0320.

WARNING: Nan, Inf or huge value in QACC at DOF 12. The simulation is unstable. Time = 0.0320.

WARNING: Nan, Inf or huge value in QACC at DOF 12. The simulation is unstable. Time = 0.0340.

WARNING: Nan, Inf or huge value in QACC at DOF 12. The simulation is unstable. Time = 0.0320.

WARNING: Nan, Inf or huge value in QACC at DOF 12. The simulation is unstable. Time = 0.0320.

WARNING: Nan, Inf or huge value in QACC at DOF 12. The simulation is unstable. Time = 0.0300.

WARNING: Nan, Inf or huge value in QACC at DOF 12. The simulation is unstable. Time = 0.0300.

WARNING: Nan, Inf or huge value in QACC at DOF 12. The simulation is unstable. Time = 0.0320.

WARNING: Nan, Inf or huge value in QACC at DOF 12. The simulation is unstable. Time = 0.0280.

WARNING: Nan, Inf or huge value in QACC at DOF 12. The simulation is unstable. Time = 0.0320.

-----------------------------------------
| rollout/                |             |
|    ep_len_mean          | 1.95        |
|    ep_rew_mean          | -15         |
|    success_rate         | 0           |
| time/                   |             |
|    fps                  | 750         |
|    iterations           | 114         |
|    time_elapsed         | 155         |
|    total_timesteps      | 367616      |
| train/                  |             |
|    approx_kl            | 0.012643375 |
|    clip_fraction        | 0.154       |
|    clip_range           | 0.2         |
|    entropy_loss         | -14.9       |
|    explained_variance   | 0.795       |
|    learning_rate        | 0.0003      |
|    loss                 | 24.9        |
|    n_updates            | 3580        |
|    policy_gradient_loss | -0.0295     |
|    std                  | 1.33        |
|    value_loss           | 66.5        |
-----------------------------------------
WARNING: Nan, Inf or huge value in QACC at DOF 12. The simulation is unstable. Time = 0.0300.

WARNING: Nan, Inf or huge value in QACC at DOF 12. The simulation is unstable. Time = 0.0300.

WARNING: Nan, Inf or huge value in QACC at DOF 12. The simulation is unstable. Time = 0.0320.

WARNING: Nan, Inf or huge value in QACC at DOF 12. The simulation is unstable. Time = 0.0340.

WARNING: Nan, Inf or huge value in QACC at DOF 12. The simulation is unstable. Time = 0.0300.

WARNING: Nan, Inf or huge value in QACC at DOF 12. The simulation is unstable. Time = 0.0320.

WARNING: Nan, Inf or huge value in QACC at DOF 12. The simulation is unstable. Time = 0.0340.

WARNING: Nan, Inf or huge value in QACC at DOF 12. The simulation is unstable. Time = 0.0300.

WARNING: Nan, Inf or huge value in QACC at DOF 12. The simulation is unstable. Time = 0.0300.

WARNING: Nan, Inf or huge value in QACC at DOF 12. The simulation is unstable. Time = 0.0300.

WARNING: Nan, Inf or huge value in QACC at DOF 12. The simulation is unstable. Time = 0.0300.

WARNING: Nan, Inf or huge value in QACC at DOF 12. The simulation is unstable. Time = 0.0320.

WARNING: Nan, Inf or huge value in QACC at DOF 12. The simulation is unstable. Time = 0.0320.

-----------------------------------------
| rollout/                |             |
|    ep_len_mean          | 1.96        |
|    ep_rew_mean          | -15         |
|    success_rate         | 0           |
| time/                   |             |
|    fps                  | 751         |
|    iterations           | 115         |
|    time_elapsed         | 156         |
|    total_timesteps      | 368640      |
| train/                  |             |
|    approx_kl            | 0.018992336 |
|    clip_fraction        | 0.158       |
|    clip_range           | 0.2         |
|    entropy_loss         | -14.9       |
|    explained_variance   | 0.566       |
|    learning_rate        | 0.0003      |
|    loss                 | 1.77        |
|    n_updates            | 3590        |
|    policy_gradient_loss | -0.0227     |
|    std                  | 1.33        |
|    value_loss           | 206         |
-----------------------------------------
WARNING: Nan, Inf or huge value in QACC at DOF 12. The simulation is unstable. Time = 0.0340.

WARNING: Nan, Inf or huge value in QACC at DOF 12. The simulation is unstable. Time = 0.0320.

WARNING: Nan, Inf or huge value in QACC at DOF 12. The simulation is unstable. Time = 0.0340.

WARNING: Nan, Inf or huge value in QACC at DOF 12. The simulation is unstable. Time = 0.0340.

WARNING: Nan, Inf or huge value in QACC at DOF 12. The simulation is unstable. Time = 0.0320.

WARNING: Nan, Inf or huge value in QACC at DOF 12. The simulation is unstable. Time = 0.0320.

WARNING: Nan, Inf or huge value in QACC at DOF 12. The simulation is unstable. Time = 0.0320.

WARNING: Nan, Inf or huge value in QACC at DOF 12. The simulation is unstable. Time = 0.0320.

WARNING: Nan, Inf or huge value in QACC at DOF 12. The simulation is unstable. Time = 0.0300.

WARNING: Nan, Inf or huge value in QACC at DOF 12. The simulation is unstable. Time = 0.0320.

WARNING: Nan, Inf or huge value in QACC at DOF 12. The simulation is unstable. Time = 0.0280.

WARNING: Nan, Inf or huge value in QACC at DOF 12. The simulation is unstable. Time = 0.0320.

WARNING: Nan, Inf or huge value in QACC at DOF 12. The simulation is unstable. Time = 0.0340.

WARNING: Nan, Inf or huge value in QACC at DOF 12. The simulation is unstable. Time = 0.0300.

WARNING: Nan, Inf or huge value in QACC at DOF 12. The simulation is unstable. Time = 0.0300.

WARNING: Nan, Inf or huge value in QACC at DOF 12. The simulation is unstable. Time = 0.0320.

WARNING: Nan, Inf or huge value in QACC at DOF 12. The simulation is unstable. Time = 0.0320.

WARNING: Nan, Inf or huge value in QACC at DOF 12. The simulation is unstable. Time = 0.0300.

WARNING: Nan, Inf or huge value in QACC at DOF 12. The simulation is unstable. Time = 0.0300.

----------------------------------------
| rollout/                |            |
|    ep_len_mean          | 2.32       |
|    ep_rew_mean          | -16        |
|    success_rate         | 0          |
| time/                   |            |
|    fps                  | 748        |
|    iterations           | 116        |
|    time_elapsed         | 158        |
|    total_timesteps      | 369664     |
| train/                  |            |
|    approx_kl            | 0.16976401 |
|    clip_fraction        | 0.396      |
|    clip_range           | 0.2        |
|    entropy_loss         | -14.9      |
|    explained_variance   | 0.754      |
|    learning_rate        | 0.0003     |
|    loss                 | 76.3       |
|    n_updates            | 3600       |
|    policy_gradient_loss | -0.0205    |
|    std                  | 1.33       |
|    value_loss           | 82.8       |
----------------------------------------
WARNING: Nan, Inf or huge value in QACC at DOF 12. The simulation is unstable. Time = 0.0340.

WARNING: Nan, Inf or huge value in QACC at DOF 12. The simulation is unstable. Time = 0.0320.

WARNING: Nan, Inf or huge value in QACC at DOF 12. The simulation is unstable. Time = 0.0300.

WARNING: Nan, Inf or huge value in QACC at DOF 12. The simulation is unstable. Time = 0.0320.

WARNING: Nan, Inf or huge value in QACC at DOF 12. The simulation is unstable. Time = 0.0320.

WARNING: Nan, Inf or huge value in QACC at DOF 12. The simulation is unstable. Time = 0.0320.

WARNING: Nan, Inf or huge value in QACC at DOF 12. The simulation is unstable. Time = 0.0340.

WARNING: Nan, Inf or huge value in QACC at DOF 12. The simulation is unstable. Time = 0.0300.

WARNING: Nan, Inf or huge value in QACC at DOF 12. The simulation is unstable. Time = 0.0300.

WARNING: Nan, Inf or huge value in QACC at DOF 12. The simulation is unstable. Time = 0.0320.

-----------------------------------------
| rollout/                |             |
|    ep_len_mean          | 4.99        |
|    ep_rew_mean          | -23.1       |
|    success_rate         | 0           |
| time/                   |             |
|    fps                  | 748         |
|    iterations           | 117         |
|    time_elapsed         | 160         |
|    total_timesteps      | 370688      |
| train/                  |             |
|    approx_kl            | 0.057285037 |
|    clip_fraction        | 0.307       |
|    clip_range           | 0.2         |
|    entropy_loss         | -14.9       |
|    explained_variance   | 0.884       |
|    learning_rate        | 0.0003      |
|    loss                 | 4.11        |
|    n_updates            | 3610        |
|    policy_gradient_loss | -0.0423     |
|    std                  | 1.33        |
|    value_loss           | 14.7        |
-----------------------------------------
WARNING: Nan, Inf or huge value in QACC at DOF 12. The simulation is unstable. Time = 0.0340.

WARNING: Nan, Inf or huge value in QACC at DOF 12. The simulation is unstable. Time = 0.0300.

WARNING: Nan, Inf or huge value in QACC at DOF 12. The simulation is unstable. Time = 0.0300.

WARNING: Nan, Inf or huge value in QACC at DOF 12. The simulation is unstable. Time = 0.0320.

WARNING: Nan, Inf or huge value in QACC at DOF 12. The simulation is unstable. Time = 0.0300.

WARNING: Nan, Inf or huge value in QACC at DOF 12. The simulation is unstable. Time = 0.0320.

WARNING: Nan, Inf or huge value in QACC at DOF 12. The simulation is unstable. Time = 0.0320.

WARNING: Nan, Inf or huge value in QACC at DOF 12. The simulation is unstable. Time = 0.0320.

WARNING: Nan, Inf or huge value in QACC at DOF 12. The simulation is unstable. Time = 0.0300.

WARNING: Nan, Inf or huge value in QACC at DOF 12. The simulation is unstable. Time = 0.0320.

WARNING: Nan, Inf or huge value in QACC at DOF 12. The simulation is unstable. Time = 0.0320.

WARNING: Nan, Inf or huge value in QACC at DOF 12. The simulation is unstable. Time = 0.0320.

WARNING: Nan, Inf or huge value in QACC at DOF 12. The simulation is unstable. Time = 0.0300.

WARNING: Nan, Inf or huge value in QACC at DOF 12. The simulation is unstable. Time = 0.0320.

WARNING: Nan, Inf or huge value in QACC at DOF 12. The simulation is unstable. Time = 0.0320.

WARNING: Nan, Inf or huge value in QACC at DOF 12. The simulation is unstable. Time = 0.0300.

WARNING: Nan, Inf or huge value in QACC at DOF 12. The simulation is unstable. Time = 0.0300.

WARNING: Nan, Inf or huge value in QACC at DOF 12. The simulation is unstable. Time = 0.0320.

-----------------------------------------
| rollout/                |             |
|    ep_len_mean          | 2.25        |
|    ep_rew_mean          | -15.6       |
|    success_rate         | 0           |
| time/                   |             |
|    fps                  | 746         |
|    iterations           | 118         |
|    time_elapsed         | 161         |
|    total_timesteps      | 371712      |
| train/                  |             |
|    approx_kl            | 0.016609423 |
|    clip_fraction        | 0.211       |
|    clip_range           | 0.2         |
|    entropy_loss         | -15         |
|    explained_variance   | 0.391       |
|    learning_rate        | 0.0003      |
|    loss                 | 110         |
|    n_updates            | 3620        |
|    policy_gradient_loss | -0.0312     |
|    std                  | 1.33        |
|    value_loss           | 454         |
-----------------------------------------
WARNING: Nan, Inf or huge value in QACC at DOF 12. The simulation is unstable. Time = 0.0300.

WARNING: Nan, Inf or huge value in QACC at DOF 12. The simulation is unstable. Time = 0.0300.

WARNING: Nan, Inf or huge value in QACC at DOF 12. The simulation is unstable. Time = 0.0280.

WARNING: Nan, Inf or huge value in QACC at DOF 12. The simulation is unstable. Time = 0.0300.

WARNING: Nan, Inf or huge value in QACC at DOF 12. The simulation is unstable. Time = 0.0320.

WARNING: Nan, Inf or huge value in QACC at DOF 12. The simulation is unstable. Time = 0.0320.

WARNING: Nan, Inf or huge value in QACC at DOF 12. The simulation is unstable. Time = 0.0300.

WARNING: Nan, Inf or huge value in QACC at DOF 12. The simulation is unstable. Time = 0.0320.

WARNING: Nan, Inf or huge value in QACC at DOF 12. The simulation is unstable. Time = 0.0320.

WARNING: Nan, Inf or huge value in QACC at DOF 12. The simulation is unstable. Time = 0.0320.

WARNING: Nan, Inf or huge value in QACC at DOF 12. The simulation is unstable. Time = 0.0300.

WARNING: Nan, Inf or huge value in QACC at DOF 12. The simulation is unstable. Time = 0.0320.

WARNING: Nan, Inf or huge value in QACC at DOF 12. The simulation is unstable. Time = 0.0340.

WARNING: Nan, Inf or huge value in QACC at DOF 12. The simulation is unstable. Time = 0.0280.

WARNING: Nan, Inf or huge value in QACC at DOF 12. The simulation is unstable. Time = 0.0340.

----------------------------------------
| rollout/                |            |
|    ep_len_mean          | 2.93       |
|    ep_rew_mean          | -18.5      |
|    success_rate         | 0          |
| time/                   |            |
|    fps                  | 747        |
|    iterations           | 119        |
|    time_elapsed         | 163        |
|    total_timesteps      | 372736     |
| train/                  |            |
|    approx_kl            | 0.03612397 |
|    clip_fraction        | 0.249      |
|    clip_range           | 0.2        |
|    entropy_loss         | -15        |
|    explained_variance   | 0.808      |
|    learning_rate        | 0.0003     |
|    loss                 | 6.27       |
|    n_updates            | 3630       |
|    policy_gradient_loss | -0.0382    |
|    std                  | 1.33       |
|    value_loss           | 19.9       |
----------------------------------------
WARNING: Nan, Inf or huge value in QACC at DOF 12. The simulation is unstable. Time = 0.0320.

WARNING: Nan, Inf or huge value in QACC at DOF 12. The simulation is unstable. Time = 0.0320.

WARNING: Nan, Inf or huge value in QACC at DOF 12. The simulation is unstable. Time = 0.0320.

WARNING: Nan, Inf or huge value in QACC at DOF 12. The simulation is unstable. Time = 0.0320.

WARNING: Nan, Inf or huge value in QACC at DOF 12. The simulation is unstable. Time = 0.0320.

WARNING: Nan, Inf or huge value in QACC at DOF 12. The simulation is unstable. Time = 0.0340.

WARNING: Nan, Inf or huge value in QACC at DOF 12. The simulation is unstable. Time = 0.0320.

WARNING: Nan, Inf or huge value in QACC at DOF 12. The simulation is unstable. Time = 0.0320.

WARNING: Nan, Inf or huge value in QACC at DOF 12. The simulation is unstable. Time = 0.0300.

WARNING: Nan, Inf or huge value in QACC at DOF 12. The simulation is unstable. Time = 0.0300.

WARNING: Nan, Inf or huge value in QACC at DOF 12. The simulation is unstable. Time = 0.0320.

WARNING: Nan, Inf or huge value in QACC at DOF 12. The simulation is unstable. Time = 0.0300.

WARNING: Nan, Inf or huge value in QACC at DOF 12. The simulation is unstable. Time = 0.0300.

WARNING: Nan, Inf or huge value in QACC at DOF 12. The simulation is unstable. Time = 0.0280.

-----------------------------------------
| rollout/                |             |
|    ep_len_mean          | 2.49        |
|    ep_rew_mean          | -16.4       |
|    success_rate         | 0           |
| time/                   |             |
|    fps                  | 748         |
|    iterations           | 120         |
|    time_elapsed         | 164         |
|    total_timesteps      | 373760      |
| train/                  |             |
|    approx_kl            | 0.021034367 |
|    clip_fraction        | 0.283       |
|    clip_range           | 0.2         |
|    entropy_loss         | -15         |
|    explained_variance   | 0.756       |
|    learning_rate        | 0.0003      |
|    loss                 | 104         |
|    n_updates            | 3640        |
|    policy_gradient_loss | -0.0275     |
|    std                  | 1.33        |
|    value_loss           | 94.1        |
-----------------------------------------
WARNING: Nan, Inf or huge value in QACC at DOF 12. The simulation is unstable. Time = 0.0320.

WARNING: Nan, Inf or huge value in QACC at DOF 12. The simulation is unstable. Time = 0.0320.

WARNING: Nan, Inf or huge value in QACC at DOF 12. The simulation is unstable. Time = 0.0320.

WARNING: Nan, Inf or huge value in QACC at DOF 12. The simulation is unstable. Time = 0.0320.

WARNING: Nan, Inf or huge value in QACC at DOF 12. The simulation is unstable. Time = 0.0340.

WARNING: Nan, Inf or huge value in QACC at DOF 12. The simulation is unstable. Time = 0.0300.

WARNING: Nan, Inf or huge value in QACC at DOF 12. The simulation is unstable. Time = 0.0320.

WARNING: Nan, Inf or huge value in QACC at DOF 12. The simulation is unstable. Time = 0.0320.

WARNING: Nan, Inf or huge value in QACC at DOF 12. The simulation is unstable. Time = 0.0320.

WARNING: Nan, Inf or huge value in QACC at DOF 12. The simulation is unstable. Time = 0.0320.

-----------------------------------------
| rollout/                |             |
|    ep_len_mean          | 2.27        |
|    ep_rew_mean          | -15.9       |
|    success_rate         | 0           |
| time/                   |             |
|    fps                  | 749         |
|    iterations           | 121         |
|    time_elapsed         | 165         |
|    total_timesteps      | 374784      |
| train/                  |             |
|    approx_kl            | 0.024287172 |
|    clip_fraction        | 0.26        |
|    clip_range           | 0.2         |
|    entropy_loss         | -15         |
|    explained_variance   | 0.639       |
|    learning_rate        | 0.0003      |
|    loss                 | 127         |
|    n_updates            | 3650        |
|    policy_gradient_loss | -0.0197     |
|    std                  | 1.33        |
|    value_loss           | 240         |
-----------------------------------------
WARNING: Nan, Inf or huge value in QACC at DOF 12. The simulation is unstable. Time = 0.0340.

WARNING: Nan, Inf or huge value in QACC at DOF 12. The simulation is unstable. Time = 0.0340.

WARNING: Nan, Inf or huge value in QACC at DOF 12. The simulation is unstable. Time = 0.0320.

WARNING: Nan, Inf or huge value in QACC at DOF 12. The simulation is unstable. Time = 0.0340.

WARNING: Nan, Inf or huge value in QACC at DOF 12. The simulation is unstable. Time = 0.0300.

WARNING: Nan, Inf or huge value in QACC at DOF 12. The simulation is unstable. Time = 0.0300.

WARNING: Nan, Inf or huge value in QACC at DOF 12. The simulation is unstable. Time = 0.0320.

WARNING: Nan, Inf or huge value in QACC at DOF 12. The simulation is unstable. Time = 0.0300.

WARNING: Nan, Inf or huge value in QACC at DOF 12. The simulation is unstable. Time = 0.0320.

WARNING: Nan, Inf or huge value in QACC at DOF 12. The simulation is unstable. Time = 0.0340.

WARNING: Nan, Inf or huge value in QACC at DOF 12. The simulation is unstable. Time = 0.0320.

WARNING: Nan, Inf or huge value in QACC at DOF 12. The simulation is unstable. Time = 0.0320.

WARNING: Nan, Inf or huge value in QACC at DOF 12. The simulation is unstable. Time = 0.0320.

WARNING: Nan, Inf or huge value in QACC at DOF 12. The simulation is unstable. Time = 0.0320.

WARNING: Nan, Inf or huge value in QACC at DOF 12. The simulation is unstable. Time = 0.0320.

-----------------------------------------
| rollout/                |             |
|    ep_len_mean          | 2.37        |
|    ep_rew_mean          | -15.7       |
|    success_rate         | 0           |
| time/                   |             |
|    fps                  | 748         |
|    iterations           | 122         |
|    time_elapsed         | 166         |
|    total_timesteps      | 375808      |
| train/                  |             |
|    approx_kl            | 0.013383035 |
|    clip_fraction        | 0.131       |
|    clip_range           | 0.2         |
|    entropy_loss         | -15         |
|    explained_variance   | 0.684       |
|    learning_rate        | 0.0003      |
|    loss                 | 130         |
|    n_updates            | 3660        |
|    policy_gradient_loss | -0.0352     |
|    std                  | 1.33        |
|    value_loss           | 257         |
-----------------------------------------
WARNING: Nan, Inf or huge value in QACC at DOF 12. The simulation is unstable. Time = 0.0320.

WARNING: Nan, Inf or huge value in QACC at DOF 12. The simulation is unstable. Time = 0.0320.

WARNING: Nan, Inf or huge value in QACC at DOF 12. The simulation is unstable. Time = 0.0300.

WARNING: Nan, Inf or huge value in QACC at DOF 12. The simulation is unstable. Time = 0.0300.

WARNING: Nan, Inf or huge value in QACC at DOF 12. The simulation is unstable. Time = 0.0320.

WARNING: Nan, Inf or huge value in QACC at DOF 12. The simulation is unstable. Time = 0.0320.

WARNING: Nan, Inf or huge value in QACC at DOF 12. The simulation is unstable. Time = 0.0340.

WARNING: Nan, Inf or huge value in QACC at DOF 12. The simulation is unstable. Time = 0.0320.

WARNING: Nan, Inf or huge value in QACC at DOF 12. The simulation is unstable. Time = 0.0300.

WARNING: Nan, Inf or huge value in QACC at DOF 12. The simulation is unstable. Time = 0.0320.

WARNING: Nan, Inf or huge value in QACC at DOF 12. The simulation is unstable. Time = 0.0320.

WARNING: Nan, Inf or huge value in QACC at DOF 12. The simulation is unstable. Time = 0.0320.

WARNING: Nan, Inf or huge value in QACC at DOF 12. The simulation is unstable. Time = 0.0300.

WARNING: Nan, Inf or huge value in QACC at DOF 12. The simulation is unstable. Time = 0.0340.

WARNING: Nan, Inf or huge value in QACC at DOF 12. The simulation is unstable. Time = 0.0320.

WARNING: Nan, Inf or huge value in QACC at DOF 12. The simulation is unstable. Time = 0.0280.

WARNING: Nan, Inf or huge value in QACC at DOF 12. The simulation is unstable. Time = 0.0300.

-----------------------------------------
| rollout/                |             |
|    ep_len_mean          | 2.9         |
|    ep_rew_mean          | -16.8       |
|    success_rate         | 0           |
| time/                   |             |
|    fps                  | 749         |
|    iterations           | 123         |
|    time_elapsed         | 168         |
|    total_timesteps      | 376832      |
| train/                  |             |
|    approx_kl            | 0.057380084 |
|    clip_fraction        | 0.334       |
|    clip_range           | 0.2         |
|    entropy_loss         | -15         |
|    explained_variance   | 0.834       |
|    learning_rate        | 0.0003      |
|    loss                 | 4.38        |
|    n_updates            | 3670        |
|    policy_gradient_loss | -0.046      |
|    std                  | 1.34        |
|    value_loss           | 13.8        |
-----------------------------------------
WARNING: Nan, Inf or huge value in QACC at DOF 12. The simulation is unstable. Time = 0.0320.

WARNING: Nan, Inf or huge value in QACC at DOF 12. The simulation is unstable. Time = 0.0300.

WARNING: Nan, Inf or huge value in QACC at DOF 12. The simulation is unstable. Time = 0.0300.

WARNING: Nan, Inf or huge value in QACC at DOF 12. The simulation is unstable. Time = 0.0340.

WARNING: Nan, Inf or huge value in QACC at DOF 12. The simulation is unstable. Time = 0.0340.

WARNING: Nan, Inf or huge value in QACC at DOF 12. The simulation is unstable. Time = 0.0280.

WARNING: Nan, Inf or huge value in QACC at DOF 12. The simulation is unstable. Time = 0.0320.

WARNING: Nan, Inf or huge value in QACC at DOF 12. The simulation is unstable. Time = 0.0320.

WARNING: Nan, Inf or huge value in QACC at DOF 12. The simulation is unstable. Time = 0.0320.

WARNING: Nan, Inf or huge value in QACC at DOF 12. The simulation is unstable. Time = 0.0300.

WARNING: Nan, Inf or huge value in QACC at DOF 12. The simulation is unstable. Time = 0.0320.

WARNING: Nan, Inf or huge value in QACC at DOF 12. The simulation is unstable. Time = 0.0300.

WARNING: Nan, Inf or huge value in QACC at DOF 12. The simulation is unstable. Time = 0.0320.

WARNING: Nan, Inf or huge value in QACC at DOF 12. The simulation is unstable. Time = 0.0320.

WARNING: Nan, Inf or huge value in QACC at DOF 12. The simulation is unstable. Time = 0.0320.

WARNING: Nan, Inf or huge value in QACC at DOF 12. The simulation is unstable. Time = 0.0340.

WARNING: Nan, Inf or huge value in QACC at DOF 12. The simulation is unstable. Time = 0.0340.

----------------------------------------
| rollout/                |            |
|    ep_len_mean          | 2.43       |
|    ep_rew_mean          | -15.8      |
|    success_rate         | 0          |
| time/                   |            |
|    fps                  | 749        |
|    iterations           | 124        |
|    time_elapsed         | 169        |
|    total_timesteps      | 377856     |
| train/                  |            |
|    approx_kl            | 0.06394626 |
|    clip_fraction        | 0.404      |
|    clip_range           | 0.2        |
|    entropy_loss         | -15        |
|    explained_variance   | 0.855      |
|    learning_rate        | 0.0003     |
|    loss                 | 9.88       |
|    n_updates            | 3680       |
|    policy_gradient_loss | -0.042     |
|    std                  | 1.34       |
|    value_loss           | 25.8       |
----------------------------------------
WARNING: Nan, Inf or huge value in QACC at DOF 12. The simulation is unstable. Time = 0.0320.

WARNING: Nan, Inf or huge value in QACC at DOF 12. The simulation is unstable. Time = 0.0320.

WARNING: Nan, Inf or huge value in QACC at DOF 12. The simulation is unstable. Time = 0.0320.

WARNING: Nan, Inf or huge value in QACC at DOF 12. The simulation is unstable. Time = 0.0280.

WARNING: Nan, Inf or huge value in QACC at DOF 12. The simulation is unstable. Time = 0.0340.

WARNING: Nan, Inf or huge value in QACC at DOF 12. The simulation is unstable. Time = 0.0340.

WARNING: Nan, Inf or huge value in QACC at DOF 12. The simulation is unstable. Time = 0.0300.

WARNING: Nan, Inf or huge value in QACC at DOF 12. The simulation is unstable. Time = 0.0340.

WARNING: Nan, Inf or huge value in QACC at DOF 12. The simulation is unstable. Time = 0.0320.

WARNING: Nan, Inf or huge value in QACC at DOF 12. The simulation is unstable. Time = 0.0320.

WARNING: Nan, Inf or huge value in QACC at DOF 12. The simulation is unstable. Time = 0.0320.

WARNING: Nan, Inf or huge value in QACC at DOF 12. The simulation is unstable. Time = 0.0340.

WARNING: Nan, Inf or huge value in QACC at DOF 12. The simulation is unstable. Time = 0.0300.

WARNING: Nan, Inf or huge value in QACC at DOF 12. The simulation is unstable. Time = 0.0320.

WARNING: Nan, Inf or huge value in QACC at DOF 12. The simulation is unstable. Time = 0.0340.

WARNING: Nan, Inf or huge value in QACC at DOF 12. The simulation is unstable. Time = 0.0340.

----------------------------------------
| rollout/                |            |
|    ep_len_mean          | 2.35       |
|    ep_rew_mean          | -15.6      |
|    success_rate         | 0          |
| time/                   |            |
|    fps                  | 750        |
|    iterations           | 125        |
|    time_elapsed         | 170        |
|    total_timesteps      | 378880     |
| train/                  |            |
|    approx_kl            | 0.09202869 |
|    clip_fraction        | 0.436      |
|    clip_range           | 0.2        |
|    entropy_loss         | -15        |
|    explained_variance   | 0.934      |
|    learning_rate        | 0.0003     |
|    loss                 | 2.89       |
|    n_updates            | 3690       |
|    policy_gradient_loss | -0.0507    |
|    std                  | 1.34       |
|    value_loss           | 9.9        |
----------------------------------------
WARNING: Nan, Inf or huge value in QACC at DOF 12. The simulation is unstable. Time = 0.0320.

WARNING: Nan, Inf or huge value in QACC at DOF 12. The simulation is unstable. Time = 0.0300.

WARNING: Nan, Inf or huge value in QACC at DOF 12. The simulation is unstable. Time = 0.0300.

WARNING: Nan, Inf or huge value in QACC at DOF 12. The simulation is unstable. Time = 0.0320.

WARNING: Nan, Inf or huge value in QACC at DOF 12. The simulation is unstable. Time = 0.0340.

WARNING: Nan, Inf or huge value in QACC at DOF 12. The simulation is unstable. Time = 0.0320.

WARNING: Nan, Inf or huge value in QACC at DOF 12. The simulation is unstable. Time = 0.0320.

WARNING: Nan, Inf or huge value in QACC at DOF 12. The simulation is unstable. Time = 0.0280.

WARNING: Nan, Inf or huge value in QACC at DOF 12. The simulation is unstable. Time = 0.0320.

WARNING: Nan, Inf or huge value in QACC at DOF 12. The simulation is unstable. Time = 0.0340.

WARNING: Nan, Inf or huge value in QACC at DOF 12. The simulation is unstable. Time = 0.0340.

WARNING: Nan, Inf or huge value in QACC at DOF 12. The simulation is unstable. Time = 0.0320.

WARNING: Nan, Inf or huge value in QACC at DOF 12. The simulation is unstable. Time = 0.0300.

WARNING: Nan, Inf or huge value in QACC at DOF 12. The simulation is unstable. Time = 0.0300.

WARNING: Nan, Inf or huge value in QACC at DOF 12. The simulation is unstable. Time = 0.0300.

WARNING: Nan, Inf or huge value in QACC at DOF 12. The simulation is unstable. Time = 0.0340.

WARNING: Nan, Inf or huge value in QACC at DOF 12. The simulation is unstable. Time = 0.0320.

WARNING: Nan, Inf or huge value in QACC at DOF 12. The simulation is unstable. Time = 0.0340.

-----------------------------------------
| rollout/                |             |
|    ep_len_mean          | 2.67        |
|    ep_rew_mean          | -15.6       |
|    success_rate         | 0           |
| time/                   |             |
|    fps                  | 750         |
|    iterations           | 126         |
|    time_elapsed         | 171         |
|    total_timesteps      | 379904      |
| train/                  |             |
|    approx_kl            | 0.072389856 |
|    clip_fraction        | 0.468       |
|    clip_range           | 0.2         |
|    entropy_loss         | -15.1       |
|    explained_variance   | 0.897       |
|    learning_rate        | 0.0003      |
|    loss                 | 3.73        |
|    n_updates            | 3700        |
|    policy_gradient_loss | -0.045      |
|    std                  | 1.35        |
|    value_loss           | 20.6        |
-----------------------------------------
WARNING: Nan, Inf or huge value in QACC at DOF 12. The simulation is unstable. Time = 0.0320.

WARNING: Nan, Inf or huge value in QACC at DOF 12. The simulation is unstable. Time = 0.0320.

WARNING: Nan, Inf or huge value in QACC at DOF 12. The simulation is unstable. Time = 0.0300.

WARNING: Nan, Inf or huge value in QACC at DOF 12. The simulation is unstable. Time = 0.0300.

WARNING: Nan, Inf or huge value in QACC at DOF 12. The simulation is unstable. Time = 0.0300.

WARNING: Nan, Inf or huge value in QACC at DOF 12. The simulation is unstable. Time = 0.0340.

WARNING: Nan, Inf or huge value in QACC at DOF 12. The simulation is unstable. Time = 0.0300.

WARNING: Nan, Inf or huge value in QACC at DOF 12. The simulation is unstable. Time = 0.0320.

WARNING: Nan, Inf or huge value in QACC at DOF 12. The simulation is unstable. Time = 0.0320.

WARNING: Nan, Inf or huge value in QACC at DOF 12. The simulation is unstable. Time = 0.0340.

WARNING: Nan, Inf or huge value in QACC at DOF 12. The simulation is unstable. Time = 0.0300.

-----------------------------------------
| rollout/                |             |
|    ep_len_mean          | 3.48        |
|    ep_rew_mean          | -16.7       |
|    success_rate         | 0           |
| time/                   |             |
|    fps                  | 752         |
|    iterations           | 127         |
|    time_elapsed         | 172         |
|    total_timesteps      | 380928      |
| train/                  |             |
|    approx_kl            | 0.083454214 |
|    clip_fraction        | 0.495       |
|    clip_range           | 0.2         |
|    entropy_loss         | -15.1       |
|    explained_variance   | 0.932       |
|    learning_rate        | 0.0003      |
|    loss                 | 4.92        |
|    n_updates            | 3710        |
|    policy_gradient_loss | -0.0469     |
|    std                  | 1.35        |
|    value_loss           | 9.58        |
-----------------------------------------
WARNING: Nan, Inf or huge value in QACC at DOF 12. The simulation is unstable. Time = 0.0340.

WARNING: Nan, Inf or huge value in QACC at DOF 12. The simulation is unstable. Time = 0.0300.

WARNING: Nan, Inf or huge value in QACC at DOF 12. The simulation is unstable. Time = 0.0320.

WARNING: Nan, Inf or huge value in QACC at DOF 12. The simulation is unstable. Time = 0.0320.

WARNING: Nan, Inf or huge value in QACC at DOF 12. The simulation is unstable. Time = 0.0320.

WARNING: Nan, Inf or huge value in QACC at DOF 12. The simulation is unstable. Time = 0.0300.

WARNING: Nan, Inf or huge value in QACC at DOF 12. The simulation is unstable. Time = 0.0320.

WARNING: Nan, Inf or huge value in QACC at DOF 12. The simulation is unstable. Time = 0.0320.

WARNING: Nan, Inf or huge value in QACC at DOF 12. The simulation is unstable. Time = 0.0300.

WARNING: Nan, Inf or huge value in QACC at DOF 12. The simulation is unstable. Time = 0.0300.

WARNING: Nan, Inf or huge value in QACC at DOF 12. The simulation is unstable. Time = 0.0340.

-----------------------------------------
| rollout/                |             |
|    ep_len_mean          | 2.71        |
|    ep_rew_mean          | -16.2       |
|    success_rate         | 0           |
| time/                   |             |
|    fps                  | 752         |
|    iterations           | 128         |
|    time_elapsed         | 174         |
|    total_timesteps      | 381952      |
| train/                  |             |
|    approx_kl            | 0.029967017 |
|    clip_fraction        | 0.258       |
|    clip_range           | 0.2         |
|    entropy_loss         | -15.1       |
|    explained_variance   | 0.839       |
|    learning_rate        | 0.0003      |
|    loss                 | 8.41        |
|    n_updates            | 3720        |
|    policy_gradient_loss | -0.0383     |
|    std                  | 1.35        |
|    value_loss           | 38.2        |
-----------------------------------------
WARNING: Nan, Inf or huge value in QACC at DOF 12. The simulation is unstable. Time = 0.0300.

WARNING: Nan, Inf or huge value in QACC at DOF 12. The simulation is unstable. Time = 0.0320.

WARNING: Nan, Inf or huge value in QACC at DOF 12. The simulation is unstable. Time = 0.0320.

WARNING: Nan, Inf or huge value in QACC at DOF 12. The simulation is unstable. Time = 0.0320.

WARNING: Nan, Inf or huge value in QACC at DOF 12. The simulation is unstable. Time = 0.0320.

WARNING: Nan, Inf or huge value in QACC at DOF 12. The simulation is unstable. Time = 0.0340.

WARNING: Nan, Inf or huge value in QACC at DOF 12. The simulation is unstable. Time = 0.0300.

WARNING: Nan, Inf or huge value in QACC at DOF 12. The simulation is unstable. Time = 0.0320.

WARNING: Nan, Inf or huge value in QACC at DOF 12. The simulation is unstable. Time = 0.0320.

WARNING: Nan, Inf or huge value in QACC at DOF 12. The simulation is unstable. Time = 0.0320.

WARNING: Nan, Inf or huge value in QACC at DOF 12. The simulation is unstable. Time = 0.0320.

WARNING: Nan, Inf or huge value in QACC at DOF 12. The simulation is unstable. Time = 0.0280.

WARNING: Nan, Inf or huge value in QACC at DOF 12. The simulation is unstable. Time = 0.0300.

WARNING: Nan, Inf or huge value in QACC at DOF 12. The simulation is unstable. Time = 0.0260.

WARNING: Nan, Inf or huge value in QACC at DOF 12. The simulation is unstable. Time = 0.0320.

WARNING: Nan, Inf or huge value in QACC at DOF 12. The simulation is unstable. Time = 0.0300.

---------------------------------------
| rollout/                |           |
|    ep_len_mean          | 2.58      |
|    ep_rew_mean          | -15.9     |
|    success_rate         | 0         |
| time/                   |           |
|    fps                  | 753       |
|    iterations           | 129       |
|    time_elapsed         | 175       |
|    total_timesteps      | 382976    |
| train/                  |           |
|    approx_kl            | 0.0923698 |
|    clip_fraction        | 0.399     |
|    clip_range           | 0.2       |
|    entropy_loss         | -15.1     |
|    explained_variance   | 0.922     |
|    learning_rate        | 0.0003    |
|    loss                 | 3.08      |
|    n_updates            | 3730      |
|    policy_gradient_loss | -0.0435   |
|    std                  | 1.35      |
|    value_loss           | 8.86      |
---------------------------------------
WARNING: Nan, Inf or huge value in QACC at DOF 12. The simulation is unstable. Time = 0.0320.

WARNING: Nan, Inf or huge value in QACC at DOF 12. The simulation is unstable. Time = 0.0320.

WARNING: Nan, Inf or huge value in QACC at DOF 12. The simulation is unstable. Time = 0.0300.

WARNING: Nan, Inf or huge value in QACC at DOF 12. The simulation is unstable. Time = 0.0300.

WARNING: Nan, Inf or huge value in QACC at DOF 12. The simulation is unstable. Time = 0.0340.

WARNING: Nan, Inf or huge value in QACC at DOF 12. The simulation is unstable. Time = 0.0320.

WARNING: Nan, Inf or huge value in QACC at DOF 12. The simulation is unstable. Time = 0.0320.

WARNING: Nan, Inf or huge value in QACC at DOF 12. The simulation is unstable. Time = 0.0320.

WARNING: Nan, Inf or huge value in QACC at DOF 12. The simulation is unstable. Time = 0.0320.

WARNING: Nan, Inf or huge value in QACC at DOF 12. The simulation is unstable. Time = 0.0320.

WARNING: Nan, Inf or huge value in QACC at DOF 12. The simulation is unstable. Time = 0.0320.

WARNING: Nan, Inf or huge value in QACC at DOF 12. The simulation is unstable. Time = 0.0320.

WARNING: Nan, Inf or huge value in QACC at DOF 12. The simulation is unstable. Time = 0.0320.

WARNING: Nan, Inf or huge value in QACC at DOF 12. The simulation is unstable. Time = 0.0300.

WARNING: Nan, Inf or huge value in QACC at DOF 12. The simulation is unstable. Time = 0.0280.

WARNING: Nan, Inf or huge value in QACC at DOF 12. The simulation is unstable. Time = 0.0320.

WARNING: Nan, Inf or huge value in QACC at DOF 12. The simulation is unstable. Time = 0.0320.

WARNING: Nan, Inf or huge value in QACC at DOF 12. The simulation is unstable. Time = 0.0320.

WARNING: Nan, Inf or huge value in QACC at DOF 12. The simulation is unstable. Time = 0.0340.

WARNING: Nan, Inf or huge value in QACC at DOF 12. The simulation is unstable. Time = 0.0320.

WARNING: Nan, Inf or huge value in QACC at DOF 12. The simulation is unstable. Time = 0.0320.

WARNING: Nan, Inf or huge value in QACC at DOF 12. The simulation is unstable. Time = 0.0300.

-----------------------------------------
| rollout/                |             |
|    ep_len_mean          | 2.86        |
|    ep_rew_mean          | -17         |
|    success_rate         | 0           |
| time/                   |             |
|    fps                  | 754         |
|    iterations           | 130         |
|    time_elapsed         | 176         |
|    total_timesteps      | 384000      |
| train/                  |             |
|    approx_kl            | 0.016629757 |
|    clip_fraction        | 0.243       |
|    clip_range           | 0.2         |
|    entropy_loss         | -15.1       |
|    explained_variance   | 0.742       |
|    learning_rate        | 0.0003      |
|    loss                 | 15.2        |
|    n_updates            | 3740        |
|    policy_gradient_loss | -0.0319     |
|    std                  | 1.35        |
|    value_loss           | 117         |
-----------------------------------------
WARNING: Nan, Inf or huge value in QACC at DOF 12. The simulation is unstable. Time = 0.0340.

WARNING: Nan, Inf or huge value in QACC at DOF 12. The simulation is unstable. Time = 0.0320.

WARNING: Nan, Inf or huge value in QACC at DOF 12. The simulation is unstable. Time = 0.0280.

WARNING: Nan, Inf or huge value in QACC at DOF 12. The simulation is unstable. Time = 0.0340.

WARNING: Nan, Inf or huge value in QACC at DOF 12. The simulation is unstable. Time = 0.0300.

WARNING: Nan, Inf or huge value in QACC at DOF 12. The simulation is unstable. Time = 0.0320.

WARNING: Nan, Inf or huge value in QACC at DOF 12. The simulation is unstable. Time = 0.0300.

WARNING: Nan, Inf or huge value in QACC at DOF 12. The simulation is unstable. Time = 0.0280.

WARNING: Nan, Inf or huge value in QACC at DOF 12. The simulation is unstable. Time = 0.0340.

WARNING: Nan, Inf or huge value in QACC at DOF 12. The simulation is unstable. Time = 0.0320.

WARNING: Nan, Inf or huge value in QACC at DOF 12. The simulation is unstable. Time = 0.0340.

WARNING: Nan, Inf or huge value in QACC at DOF 12. The simulation is unstable. Time = 0.0300.

WARNING: Nan, Inf or huge value in QACC at DOF 12. The simulation is unstable. Time = 0.0300.

-----------------------------------------
| rollout/                |             |
|    ep_len_mean          | 2.67        |
|    ep_rew_mean          | -16.8       |
|    success_rate         | 0           |
| time/                   |             |
|    fps                  | 755         |
|    iterations           | 131         |
|    time_elapsed         | 177         |
|    total_timesteps      | 385024      |
| train/                  |             |
|    approx_kl            | 0.034857035 |
|    clip_fraction        | 0.328       |
|    clip_range           | 0.2         |
|    entropy_loss         | -15.1       |
|    explained_variance   | 0.928       |
|    learning_rate        | 0.0003      |
|    loss                 | 12.1        |
|    n_updates            | 3750        |
|    policy_gradient_loss | -0.0518     |
|    std                  | 1.36        |
|    value_loss           | 30.1        |
-----------------------------------------
WARNING: Nan, Inf or huge value in QACC at DOF 12. The simulation is unstable. Time = 0.0320.

WARNING: Nan, Inf or huge value in QACC at DOF 12. The simulation is unstable. Time = 0.0340.

WARNING: Nan, Inf or huge value in QACC at DOF 12. The simulation is unstable. Time = 0.0320.

WARNING: Nan, Inf or huge value in QACC at DOF 12. The simulation is unstable. Time = 0.0320.

WARNING: Nan, Inf or huge value in QACC at DOF 12. The simulation is unstable. Time = 0.0320.

WARNING: Nan, Inf or huge value in QACC at DOF 12. The simulation is unstable. Time = 0.0320.

WARNING: Nan, Inf or huge value in QACC at DOF 12. The simulation is unstable. Time = 0.0320.

WARNING: Nan, Inf or huge value in QACC at DOF 12. The simulation is unstable. Time = 0.0300.

WARNING: Nan, Inf or huge value in QACC at DOF 12. The simulation is unstable. Time = 0.0300.

WARNING: Nan, Inf or huge value in QACC at DOF 12. The simulation is unstable. Time = 0.0320.

WARNING: Nan, Inf or huge value in QACC at DOF 12. The simulation is unstable. Time = 0.0320.

-----------------------------------------
| rollout/                |             |
|    ep_len_mean          | 2.71        |
|    ep_rew_mean          | -15.9       |
|    success_rate         | 0           |
| time/                   |             |
|    fps                  | 754         |
|    iterations           | 132         |
|    time_elapsed         | 179         |
|    total_timesteps      | 386048      |
| train/                  |             |
|    approx_kl            | 0.025612082 |
|    clip_fraction        | 0.256       |
|    clip_range           | 0.2         |
|    entropy_loss         | -15.2       |
|    explained_variance   | 0.787       |
|    learning_rate        | 0.0003      |
|    loss                 | 5.45        |
|    n_updates            | 3760        |
|    policy_gradient_loss | -0.0334     |
|    std                  | 1.36        |
|    value_loss           | 67.3        |
-----------------------------------------
WARNING: Nan, Inf or huge value in QACC at DOF 12. The simulation is unstable. Time = 0.0320.

WARNING: Nan, Inf or huge value in QACC at DOF 12. The simulation is unstable. Time = 0.0340.

WARNING: Nan, Inf or huge value in QACC at DOF 12. The simulation is unstable. Time = 0.0300.

WARNING: Nan, Inf or huge value in QACC at DOF 12. The simulation is unstable. Time = 0.0320.

WARNING: Nan, Inf or huge value in QACC at DOF 12. The simulation is unstable. Time = 0.0320.

WARNING: Nan, Inf or huge value in QACC at DOF 12. The simulation is unstable. Time = 0.0300.

WARNING: Nan, Inf or huge value in QACC at DOF 12. The simulation is unstable. Time = 0.0320.

WARNING: Nan, Inf or huge value in QACC at DOF 12. The simulation is unstable. Time = 0.0340.

WARNING: Nan, Inf or huge value in QACC at DOF 12. The simulation is unstable. Time = 0.0320.

WARNING: Nan, Inf or huge value in QACC at DOF 12. The simulation is unstable. Time = 0.0320.

WARNING: Nan, Inf or huge value in QACC at DOF 12. The simulation is unstable. Time = 0.0320.

WARNING: Nan, Inf or huge value in QACC at DOF 12. The simulation is unstable. Time = 0.0320.

WARNING: Nan, Inf or huge value in QACC at DOF 12. The simulation is unstable. Time = 0.0300.

WARNING: Nan, Inf or huge value in QACC at DOF 12. The simulation is unstable. Time = 0.0320.

-----------------------------------------
| rollout/                |             |
|    ep_len_mean          | 2.77        |
|    ep_rew_mean          | -17.1       |
|    success_rate         | 0           |
| time/                   |             |
|    fps                  | 755         |
|    iterations           | 133         |
|    time_elapsed         | 180         |
|    total_timesteps      | 387072      |
| train/                  |             |
|    approx_kl            | 0.020111237 |
|    clip_fraction        | 0.18        |
|    clip_range           | 0.2         |
|    entropy_loss         | -15.2       |
|    explained_variance   | 0.89        |
|    learning_rate        | 0.0003      |
|    loss                 | 25          |
|    n_updates            | 3770        |
|    policy_gradient_loss | -0.0417     |
|    std                  | 1.36        |
|    value_loss           | 88.1        |
-----------------------------------------
WARNING: Nan, Inf or huge value in QACC at DOF 12. The simulation is unstable. Time = 0.0320.

WARNING: Nan, Inf or huge value in QACC at DOF 12. The simulation is unstable. Time = 0.0320.

WARNING: Nan, Inf or huge value in QACC at DOF 12. The simulation is unstable. Time = 0.0300.

WARNING: Nan, Inf or huge value in QACC at DOF 12. The simulation is unstable. Time = 0.0340.

WARNING: Nan, Inf or huge value in QACC at DOF 12. The simulation is unstable. Time = 0.0320.

WARNING: Nan, Inf or huge value in QACC at DOF 12. The simulation is unstable. Time = 0.0320.

WARNING: Nan, Inf or huge value in QACC at DOF 12. The simulation is unstable. Time = 0.0320.

WARNING: Nan, Inf or huge value in QACC at DOF 12. The simulation is unstable. Time = 0.0300.

WARNING: Nan, Inf or huge value in QACC at DOF 12. The simulation is unstable. Time = 0.0320.

WARNING: Nan, Inf or huge value in QACC at DOF 12. The simulation is unstable. Time = 0.0320.

WARNING: Nan, Inf or huge value in QACC at DOF 12. The simulation is unstable. Time = 0.0300.

WARNING: Nan, Inf or huge value in QACC at DOF 12. The simulation is unstable. Time = 0.0320.

WARNING: Nan, Inf or huge value in QACC at DOF 12. The simulation is unstable. Time = 0.0340.

WARNING: Nan, Inf or huge value in QACC at DOF 12. The simulation is unstable. Time = 0.0300.

-----------------------------------------
| rollout/                |             |
|    ep_len_mean          | 2.1         |
|    ep_rew_mean          | -14.5       |
|    success_rate         | 0           |
| time/                   |             |
|    fps                  | 756         |
|    iterations           | 134         |
|    time_elapsed         | 181         |
|    total_timesteps      | 388096      |
| train/                  |             |
|    approx_kl            | 0.022317793 |
|    clip_fraction        | 0.217       |
|    clip_range           | 0.2         |
|    entropy_loss         | -15.2       |
|    explained_variance   | 0.916       |
|    learning_rate        | 0.0003      |
|    loss                 | 17.8        |
|    n_updates            | 3780        |
|    policy_gradient_loss | -0.0409     |
|    std                  | 1.36        |
|    value_loss           | 80.3        |
-----------------------------------------
WARNING: Nan, Inf or huge value in QACC at DOF 12. The simulation is unstable. Time = 0.0320.

WARNING: Nan, Inf or huge value in QACC at DOF 12. The simulation is unstable. Time = 0.0320.

WARNING: Nan, Inf or huge value in QACC at DOF 12. The simulation is unstable. Time = 0.0300.

WARNING: Nan, Inf or huge value in QACC at DOF 12. The simulation is unstable. Time = 0.0280.

WARNING: Nan, Inf or huge value in QACC at DOF 12. The simulation is unstable. Time = 0.0320.

WARNING: Nan, Inf or huge value in QACC at DOF 12. The simulation is unstable. Time = 0.0320.

WARNING: Nan, Inf or huge value in QACC at DOF 12. The simulation is unstable. Time = 0.0320.

WARNING: Nan, Inf or huge value in QACC at DOF 12. The simulation is unstable. Time = 0.0280.

WARNING: Nan, Inf or huge value in QACC at DOF 12. The simulation is unstable. Time = 0.0320.

WARNING: Nan, Inf or huge value in QACC at DOF 12. The simulation is unstable. Time = 0.0300.

WARNING: Nan, Inf or huge value in QACC at DOF 12. The simulation is unstable. Time = 0.0340.

WARNING: Nan, Inf or huge value in QACC at DOF 12. The simulation is unstable. Time = 0.0300.

-----------------------------------------
| rollout/                |             |
|    ep_len_mean          | 3.54        |
|    ep_rew_mean          | -16         |
|    success_rate         | 0           |
| time/                   |             |
|    fps                  | 757         |
|    iterations           | 135         |
|    time_elapsed         | 182         |
|    total_timesteps      | 389120      |
| train/                  |             |
|    approx_kl            | 0.059849836 |
|    clip_fraction        | 0.277       |
|    clip_range           | 0.2         |
|    entropy_loss         | -15.2       |
|    explained_variance   | 0.814       |
|    learning_rate        | 0.0003      |
|    loss                 | 3.46        |
|    n_updates            | 3790        |
|    policy_gradient_loss | -0.0355     |
|    std                  | 1.36        |
|    value_loss           | 21.6        |
-----------------------------------------
WARNING: Nan, Inf or huge value in QACC at DOF 12. The simulation is unstable. Time = 0.0320.

WARNING: Nan, Inf or huge value in QACC at DOF 12. The simulation is unstable. Time = 0.0300.

WARNING: Nan, Inf or huge value in QACC at DOF 12. The simulation is unstable. Time = 0.0320.

WARNING: Nan, Inf or huge value in QACC at DOF 12. The simulation is unstable. Time = 0.0320.

WARNING: Nan, Inf or huge value in QACC at DOF 12. The simulation is unstable. Time = 0.0300.

WARNING: Nan, Inf or huge value in QACC at DOF 12. The simulation is unstable. Time = 0.0300.

WARNING: Nan, Inf or huge value in QACC at DOF 12. The simulation is unstable. Time = 0.0320.

WARNING: Nan, Inf or huge value in QACC at DOF 12. The simulation is unstable. Time = 0.0300.

WARNING: Nan, Inf or huge value in QACC at DOF 12. The simulation is unstable. Time = 0.0340.

WARNING: Nan, Inf or huge value in QACC at DOF 12. The simulation is unstable. Time = 0.0340.

WARNING: Nan, Inf or huge value in QACC at DOF 12. The simulation is unstable. Time = 0.0300.

WARNING: Nan, Inf or huge value in QACC at DOF 12. The simulation is unstable. Time = 0.0300.

WARNING: Nan, Inf or huge value in QACC at DOF 12. The simulation is unstable. Time = 0.0320.

WARNING: Nan, Inf or huge value in QACC at DOF 12. The simulation is unstable. Time = 0.0300.

WARNING: Nan, Inf or huge value in QACC at DOF 12. The simulation is unstable. Time = 0.0340.

WARNING: Nan, Inf or huge value in QACC at DOF 12. The simulation is unstable. Time = 0.0340.

-----------------------------------------
| rollout/                |             |
|    ep_len_mean          | 2.88        |
|    ep_rew_mean          | -16         |
|    success_rate         | 0           |
| time/                   |             |
|    fps                  | 758         |
|    iterations           | 136         |
|    time_elapsed         | 183         |
|    total_timesteps      | 390144      |
| train/                  |             |
|    approx_kl            | 0.055844374 |
|    clip_fraction        | 0.341       |
|    clip_range           | 0.2         |
|    entropy_loss         | -15.2       |
|    explained_variance   | 0.89        |
|    learning_rate        | 0.0003      |
|    loss                 | 2.93        |
|    n_updates            | 3800        |
|    policy_gradient_loss | -0.0305     |
|    std                  | 1.37        |
|    value_loss           | 13.3        |
-----------------------------------------
WARNING: Nan, Inf or huge value in QACC at DOF 12. The simulation is unstable. Time = 0.0320.

WARNING: Nan, Inf or huge value in QACC at DOF 12. The simulation is unstable. Time = 0.0320.

WARNING: Nan, Inf or huge value in QACC at DOF 12. The simulation is unstable. Time = 0.0320.

WARNING: Nan, Inf or huge value in QACC at DOF 12. The simulation is unstable. Time = 0.0300.

WARNING: Nan, Inf or huge value in QACC at DOF 12. The simulation is unstable. Time = 0.0320.

WARNING: Nan, Inf or huge value in QACC at DOF 12. The simulation is unstable. Time = 0.0300.

WARNING: Nan, Inf or huge value in QACC at DOF 12. The simulation is unstable. Time = 0.0280.

WARNING: Nan, Inf or huge value in QACC at DOF 12. The simulation is unstable. Time = 0.0300.

WARNING: Nan, Inf or huge value in QACC at DOF 12. The simulation is unstable. Time = 0.0300.

----------------------------------------
| rollout/                |            |
|    ep_len_mean          | 2.72       |
|    ep_rew_mean          | -15.3      |
|    success_rate         | 0          |
| time/                   |            |
|    fps                  | 759        |
|    iterations           | 137        |
|    time_elapsed         | 184        |
|    total_timesteps      | 391168     |
| train/                  |            |
|    approx_kl            | 0.08984232 |
|    clip_fraction        | 0.426      |
|    clip_range           | 0.2        |
|    entropy_loss         | -15.2      |
|    explained_variance   | 0.924      |
|    learning_rate        | 0.0003     |
|    loss                 | 5.85       |
|    n_updates            | 3810       |
|    policy_gradient_loss | -0.0481    |
|    std                  | 1.37       |
|    value_loss           | 11         |
----------------------------------------
WARNING: Nan, Inf or huge value in QACC at DOF 12. The simulation is unstable. Time = 0.0320.

WARNING: Nan, Inf or huge value in QACC at DOF 12. The simulation is unstable. Time = 0.0320.

WARNING: Nan, Inf or huge value in QACC at DOF 12. The simulation is unstable. Time = 0.0320.

WARNING: Nan, Inf or huge value in QACC at DOF 12. The simulation is unstable. Time = 0.0320.

WARNING: Nan, Inf or huge value in QACC at DOF 12. The simulation is unstable. Time = 0.0320.

WARNING: Nan, Inf or huge value in QACC at DOF 12. The simulation is unstable. Time = 0.0300.

WARNING: Nan, Inf or huge value in QACC at DOF 12. The simulation is unstable. Time = 0.0320.

WARNING: Nan, Inf or huge value in QACC at DOF 12. The simulation is unstable. Time = 0.0340.

WARNING: Nan, Inf or huge value in QACC at DOF 12. The simulation is unstable. Time = 0.0320.

WARNING: Nan, Inf or huge value in QACC at DOF 12. The simulation is unstable. Time = 0.0320.

WARNING: Nan, Inf or huge value in QACC at DOF 12. The simulation is unstable. Time = 0.0320.

WARNING: Nan, Inf or huge value in QACC at DOF 12. The simulation is unstable. Time = 0.0320.

WARNING: Nan, Inf or huge value in QACC at DOF 12. The simulation is unstable. Time = 0.0340.

WARNING: Nan, Inf or huge value in QACC at DOF 12. The simulation is unstable. Time = 0.0340.

WARNING: Nan, Inf or huge value in QACC at DOF 12. The simulation is unstable. Time = 0.0300.

WARNING: Nan, Inf or huge value in QACC at DOF 12. The simulation is unstable. Time = 0.0340.

----------------------------------------
| rollout/                |            |
|    ep_len_mean          | 2.66       |
|    ep_rew_mean          | -15.4      |
|    success_rate         | 0          |
| time/                   |            |
|    fps                  | 759        |
|    iterations           | 138        |
|    time_elapsed         | 185        |
|    total_timesteps      | 392192     |
| train/                  |            |
|    approx_kl            | 0.18250561 |
|    clip_fraction        | 0.52       |
|    clip_range           | 0.2        |
|    entropy_loss         | -15.2      |
|    explained_variance   | 0.96       |
|    learning_rate        | 0.0003     |
|    loss                 | 0.205      |
|    n_updates            | 3820       |
|    policy_gradient_loss | -0.0362    |
|    std                  | 1.37       |
|    value_loss           | 2.66       |
----------------------------------------
WARNING: Nan, Inf or huge value in QACC at DOF 12. The simulation is unstable. Time = 0.0320.

WARNING: Nan, Inf or huge value in QACC at DOF 12. The simulation is unstable. Time = 0.0320.

WARNING: Nan, Inf or huge value in QACC at DOF 12. The simulation is unstable. Time = 0.0300.

WARNING: Nan, Inf or huge value in QACC at DOF 12. The simulation is unstable. Time = 0.0340.

WARNING: Nan, Inf or huge value in QACC at DOF 12. The simulation is unstable. Time = 0.0340.

WARNING: Nan, Inf or huge value in QACC at DOF 12. The simulation is unstable. Time = 0.0320.

WARNING: Nan, Inf or huge value in QACC at DOF 12. The simulation is unstable. Time = 0.0300.

WARNING: Nan, Inf or huge value in QACC at DOF 12. The simulation is unstable. Time = 0.0300.

WARNING: Nan, Inf or huge value in QACC at DOF 12. The simulation is unstable. Time = 0.0320.

WARNING: Nan, Inf or huge value in QACC at DOF 12. The simulation is unstable. Time = 0.0340.

WARNING: Nan, Inf or huge value in QACC at DOF 12. The simulation is unstable. Time = 0.0300.

WARNING: Nan, Inf or huge value in QACC at DOF 12. The simulation is unstable. Time = 0.0320.

WARNING: Nan, Inf or huge value in QACC at DOF 12. The simulation is unstable. Time = 0.0340.

WARNING: Nan, Inf or huge value in QACC at DOF 12. The simulation is unstable. Time = 0.0320.

WARNING: Nan, Inf or huge value in QACC at DOF 12. The simulation is unstable. Time = 0.0300.

WARNING: Nan, Inf or huge value in QACC at DOF 12. The simulation is unstable. Time = 0.0320.

---------------------------------------
| rollout/                |           |
|    ep_len_mean          | 2.64      |
|    ep_rew_mean          | -14.6     |
|    success_rate         | 0         |
| time/                   |           |
|    fps                  | 760       |
|    iterations           | 139       |
|    time_elapsed         | 187       |
|    total_timesteps      | 393216    |
| train/                  |           |
|    approx_kl            | 0.0360402 |
|    clip_fraction        | 0.486     |
|    clip_range           | 0.2       |
|    entropy_loss         | -15.2     |
|    explained_variance   | 0.671     |
|    learning_rate        | 0.0003    |
|    loss                 | 29.8      |
|    n_updates            | 3830      |
|    policy_gradient_loss | -0.0139   |
|    std                  | 1.37      |
|    value_loss           | 171       |
---------------------------------------
WARNING: Nan, Inf or huge value in QACC at DOF 12. The simulation is unstable. Time = 0.0300.

WARNING: Nan, Inf or huge value in QACC at DOF 12. The simulation is unstable. Time = 0.0300.

WARNING: Nan, Inf or huge value in QACC at DOF 12. The simulation is unstable. Time = 0.0340.

WARNING: Nan, Inf or huge value in QACC at DOF 12. The simulation is unstable. Time = 0.0280.

WARNING: Nan, Inf or huge value in QACC at DOF 12. The simulation is unstable. Time = 0.0280.

WARNING: Nan, Inf or huge value in QACC at DOF 12. The simulation is unstable. Time = 0.0300.

WARNING: Nan, Inf or huge value in QACC at DOF 12. The simulation is unstable. Time = 0.0300.

WARNING: Nan, Inf or huge value in QACC at DOF 12. The simulation is unstable. Time = 0.0320.

WARNING: Nan, Inf or huge value in QACC at DOF 12. The simulation is unstable. Time = 0.0300.

WARNING: Nan, Inf or huge value in QACC at DOF 12. The simulation is unstable. Time = 0.0320.

WARNING: Nan, Inf or huge value in QACC at DOF 12. The simulation is unstable. Time = 0.0320.

WARNING: Nan, Inf or huge value in QACC at DOF 12. The simulation is unstable. Time = 0.0320.

WARNING: Nan, Inf or huge value in QACC at DOF 12. The simulation is unstable. Time = 0.0340.

WARNING: Nan, Inf or huge value in QACC at DOF 12. The simulation is unstable. Time = 0.0300.

---------------------------------------
| rollout/                |           |
|    ep_len_mean          | 2.62      |
|    ep_rew_mean          | -14.8     |
|    success_rate         | 0         |
| time/                   |           |
|    fps                  | 761       |
|    iterations           | 140       |
|    time_elapsed         | 188       |
|    total_timesteps      | 394240    |
| train/                  |           |
|    approx_kl            | 0.0749276 |
|    clip_fraction        | 0.368     |
|    clip_range           | 0.2       |
|    entropy_loss         | -15.2     |
|    explained_variance   | 0.889     |
|    learning_rate        | 0.0003    |
|    loss                 | 1.14      |
|    n_updates            | 3840      |
|    policy_gradient_loss | -0.0428   |
|    std                  | 1.37      |
|    value_loss           | 10.8      |
---------------------------------------
WARNING: Nan, Inf or huge value in QACC at DOF 12. The simulation is unstable. Time = 0.0340.

WARNING: Nan, Inf or huge value in QACC at DOF 12. The simulation is unstable. Time = 0.0300.

WARNING: Nan, Inf or huge value in QACC at DOF 12. The simulation is unstable. Time = 0.0300.

WARNING: Nan, Inf or huge value in QACC at DOF 12. The simulation is unstable. Time = 0.0300.

WARNING: Nan, Inf or huge value in QACC at DOF 12. The simulation is unstable. Time = 0.0320.

WARNING: Nan, Inf or huge value in QACC at DOF 12. The simulation is unstable. Time = 0.0340.

WARNING: Nan, Inf or huge value in QACC at DOF 12. The simulation is unstable. Time = 0.0340.

WARNING: Nan, Inf or huge value in QACC at DOF 12. The simulation is unstable. Time = 0.0300.

WARNING: Nan, Inf or huge value in QACC at DOF 12. The simulation is unstable. Time = 0.0300.

WARNING: Nan, Inf or huge value in QACC at DOF 12. The simulation is unstable. Time = 0.0340.

WARNING: Nan, Inf or huge value in QACC at DOF 12. The simulation is unstable. Time = 0.0300.

WARNING: Nan, Inf or huge value in QACC at DOF 12. The simulation is unstable. Time = 0.0320.

WARNING: Nan, Inf or huge value in QACC at DOF 12. The simulation is unstable. Time = 0.0340.

WARNING: Nan, Inf or huge value in QACC at DOF 12. The simulation is unstable. Time = 0.0300.

WARNING: Nan, Inf or huge value in QACC at DOF 12. The simulation is unstable. Time = 0.0300.

----------------------------------------
| rollout/                |            |
|    ep_len_mean          | 2.97       |
|    ep_rew_mean          | -16.8      |
|    success_rate         | 0          |
| time/                   |            |
|    fps                  | 762        |
|    iterations           | 141        |
|    time_elapsed         | 189        |
|    total_timesteps      | 395264     |
| train/                  |            |
|    approx_kl            | 0.06289773 |
|    clip_fraction        | 0.421      |
|    clip_range           | 0.2        |
|    entropy_loss         | -15.3      |
|    explained_variance   | 0.92       |
|    learning_rate        | 0.0003     |
|    loss                 | 4.16       |
|    n_updates            | 3850       |
|    policy_gradient_loss | -0.042     |
|    std                  | 1.37       |
|    value_loss           | 9.48       |
----------------------------------------
WARNING: Nan, Inf or huge value in QACC at DOF 12. The simulation is unstable. Time = 0.0300.

WARNING: Nan, Inf or huge value in QACC at DOF 12. The simulation is unstable. Time = 0.0260.

WARNING: Nan, Inf or huge value in QACC at DOF 12. The simulation is unstable. Time = 0.0300.

WARNING: Nan, Inf or huge value in QACC at DOF 12. The simulation is unstable. Time = 0.0320.

WARNING: Nan, Inf or huge value in QACC at DOF 12. The simulation is unstable. Time = 0.0300.

WARNING: Nan, Inf or huge value in QACC at DOF 12. The simulation is unstable. Time = 0.0300.

WARNING: Nan, Inf or huge value in QACC at DOF 12. The simulation is unstable. Time = 0.0320.

WARNING: Nan, Inf or huge value in QACC at DOF 12. The simulation is unstable. Time = 0.0320.

WARNING: Nan, Inf or huge value in QACC at DOF 12. The simulation is unstable. Time = 0.0300.

WARNING: Nan, Inf or huge value in QACC at DOF 12. The simulation is unstable. Time = 0.0300.

WARNING: Nan, Inf or huge value in QACC at DOF 12. The simulation is unstable. Time = 0.0300.

WARNING: Nan, Inf or huge value in QACC at DOF 12. The simulation is unstable. Time = 0.0320.

WARNING: Nan, Inf or huge value in QACC at DOF 12. The simulation is unstable. Time = 0.0300.

-----------------------------------------
| rollout/                |             |
|    ep_len_mean          | 2.94        |
|    ep_rew_mean          | -15.7       |
|    success_rate         | 0           |
| time/                   |             |
|    fps                  | 762         |
|    iterations           | 142         |
|    time_elapsed         | 190         |
|    total_timesteps      | 396288      |
| train/                  |             |
|    approx_kl            | 0.062943116 |
|    clip_fraction        | 0.375       |
|    clip_range           | 0.2         |
|    entropy_loss         | -15.3       |
|    explained_variance   | 0.951       |
|    learning_rate        | 0.0003      |
|    loss                 | 3.77        |
|    n_updates            | 3860        |
|    policy_gradient_loss | -0.0502     |
|    std                  | 1.38        |
|    value_loss           | 6.86        |
-----------------------------------------
WARNING: Nan, Inf or huge value in QACC at DOF 12. The simulation is unstable. Time = 0.0320.

WARNING: Nan, Inf or huge value in QACC at DOF 12. The simulation is unstable. Time = 0.0320.

WARNING: Nan, Inf or huge value in QACC at DOF 12. The simulation is unstable. Time = 0.0300.

WARNING: Nan, Inf or huge value in QACC at DOF 12. The simulation is unstable. Time = 0.0320.

WARNING: Nan, Inf or huge value in QACC at DOF 12. The simulation is unstable. Time = 0.0320.

WARNING: Nan, Inf or huge value in QACC at DOF 12. The simulation is unstable. Time = 0.0300.

WARNING: Nan, Inf or huge value in QACC at DOF 12. The simulation is unstable. Time = 0.0320.

WARNING: Nan, Inf or huge value in QACC at DOF 12. The simulation is unstable. Time = 0.0340.

WARNING: Nan, Inf or huge value in QACC at DOF 12. The simulation is unstable. Time = 0.0300.

WARNING: Nan, Inf or huge value in QACC at DOF 12. The simulation is unstable. Time = 0.0320.

WARNING: Nan, Inf or huge value in QACC at DOF 12. The simulation is unstable. Time = 0.0340.

WARNING: Nan, Inf or huge value in QACC at DOF 12. The simulation is unstable. Time = 0.0300.

WARNING: Nan, Inf or huge value in QACC at DOF 12. The simulation is unstable. Time = 0.0300.

WARNING: Nan, Inf or huge value in QACC at DOF 12. The simulation is unstable. Time = 0.0320.

----------------------------------------
| rollout/                |            |
|    ep_len_mean          | 3.02       |
|    ep_rew_mean          | -15.4      |
|    success_rate         | 0          |
| time/                   |            |
|    fps                  | 763        |
|    iterations           | 143        |
|    time_elapsed         | 191        |
|    total_timesteps      | 397312     |
| train/                  |            |
|    approx_kl            | 0.08629018 |
|    clip_fraction        | 0.473      |
|    clip_range           | 0.2        |
|    entropy_loss         | -15.3      |
|    explained_variance   | 0.942      |
|    learning_rate        | 0.0003     |
|    loss                 | 2.46       |
|    n_updates            | 3870       |
|    policy_gradient_loss | -0.0462    |
|    std                  | 1.39       |
|    value_loss           | 4.95       |
----------------------------------------
WARNING: Nan, Inf or huge value in QACC at DOF 12. The simulation is unstable. Time = 0.0280.

WARNING: Nan, Inf or huge value in QACC at DOF 12. The simulation is unstable. Time = 0.0320.

WARNING: Nan, Inf or huge value in QACC at DOF 12. The simulation is unstable. Time = 0.0280.

WARNING: Nan, Inf or huge value in QACC at DOF 12. The simulation is unstable. Time = 0.0340.

WARNING: Nan, Inf or huge value in QACC at DOF 12. The simulation is unstable. Time = 0.0340.

WARNING: Nan, Inf or huge value in QACC at DOF 12. The simulation is unstable. Time = 0.0300.

WARNING: Nan, Inf or huge value in QACC at DOF 12. The simulation is unstable. Time = 0.0320.

WARNING: Nan, Inf or huge value in QACC at DOF 12. The simulation is unstable. Time = 0.0320.

WARNING: Nan, Inf or huge value in QACC at DOF 12. The simulation is unstable. Time = 0.0320.

WARNING: Nan, Inf or huge value in QACC at DOF 12. The simulation is unstable. Time = 0.0320.

WARNING: Nan, Inf or huge value in QACC at DOF 12. The simulation is unstable. Time = 0.0280.

WARNING: Nan, Inf or huge value in QACC at DOF 12. The simulation is unstable. Time = 0.0340.

WARNING: Nan, Inf or huge value in QACC at DOF 12. The simulation is unstable. Time = 0.0320.

WARNING: Nan, Inf or huge value in QACC at DOF 12. The simulation is unstable. Time = 0.0320.

WARNING: Nan, Inf or huge value in QACC at DOF 12. The simulation is unstable. Time = 0.0320.

WARNING: Nan, Inf or huge value in QACC at DOF 12. The simulation is unstable. Time = 0.0320.

-----------------------------------------
| rollout/                |             |
|    ep_len_mean          | 2.82        |
|    ep_rew_mean          | -15.9       |
|    success_rate         | 0           |
| time/                   |             |
|    fps                  | 763         |
|    iterations           | 144         |
|    time_elapsed         | 193         |
|    total_timesteps      | 398336      |
| train/                  |             |
|    approx_kl            | 0.047128737 |
|    clip_fraction        | 0.326       |
|    clip_range           | 0.2         |
|    entropy_loss         | -15.4       |
|    explained_variance   | 0.883       |
|    learning_rate        | 0.0003      |
|    loss                 | 3.09        |
|    n_updates            | 3880        |
|    policy_gradient_loss | -0.0446     |
|    std                  | 1.39        |
|    value_loss           | 9.43        |
-----------------------------------------
WARNING: Nan, Inf or huge value in QACC at DOF 12. The simulation is unstable. Time = 0.0300.

WARNING: Nan, Inf or huge value in QACC at DOF 12. The simulation is unstable. Time = 0.0300.

WARNING: Nan, Inf or huge value in QACC at DOF 12. The simulation is unstable. Time = 0.0300.

WARNING: Nan, Inf or huge value in QACC at DOF 12. The simulation is unstable. Time = 0.0320.

WARNING: Nan, Inf or huge value in QACC at DOF 12. The simulation is unstable. Time = 0.0320.

WARNING: Nan, Inf or huge value in QACC at DOF 12. The simulation is unstable. Time = 0.0300.

WARNING: Nan, Inf or huge value in QACC at DOF 12. The simulation is unstable. Time = 0.0320.

WARNING: Nan, Inf or huge value in QACC at DOF 12. The simulation is unstable. Time = 0.0300.

WARNING: Nan, Inf or huge value in QACC at DOF 12. The simulation is unstable. Time = 0.0340.

WARNING: Nan, Inf or huge value in QACC at DOF 12. The simulation is unstable. Time = 0.0340.

WARNING: Nan, Inf or huge value in QACC at DOF 12. The simulation is unstable. Time = 0.0300.

WARNING: Nan, Inf or huge value in QACC at DOF 12. The simulation is unstable. Time = 0.0320.

----------------------------------------
| rollout/                |            |
|    ep_len_mean          | 3.03       |
|    ep_rew_mean          | -16.3      |
|    success_rate         | 0          |
| time/                   |            |
|    fps                  | 763        |
|    iterations           | 145        |
|    time_elapsed         | 194        |
|    total_timesteps      | 399360     |
| train/                  |            |
|    approx_kl            | 0.05823969 |
|    clip_fraction        | 0.376      |
|    clip_range           | 0.2        |
|    entropy_loss         | -15.4      |
|    explained_variance   | 0.963      |
|    learning_rate        | 0.0003     |
|    loss                 | 1.53       |
|    n_updates            | 3890       |
|    policy_gradient_loss | -0.0549    |
|    std                  | 1.4        |
|    value_loss           | 5.52       |
----------------------------------------
WARNING: Nan, Inf or huge value in QACC at DOF 12. The simulation is unstable. Time = 0.0320.

WARNING: Nan, Inf or huge value in QACC at DOF 12. The simulation is unstable. Time = 0.0340.

WARNING: Nan, Inf or huge value in QACC at DOF 12. The simulation is unstable. Time = 0.0300.

WARNING: Nan, Inf or huge value in QACC at DOF 12. The simulation is unstable. Time = 0.0320.

WARNING: Nan, Inf or huge value in QACC at DOF 12. The simulation is unstable. Time = 0.0280.

WARNING: Nan, Inf or huge value in QACC at DOF 12. The simulation is unstable. Time = 0.0320.

WARNING: Nan, Inf or huge value in QACC at DOF 12. The simulation is unstable. Time = 0.0340.

WARNING: Nan, Inf or huge value in QACC at DOF 12. The simulation is unstable. Time = 0.0300.

WARNING: Nan, Inf or huge value in QACC at DOF 12. The simulation is unstable. Time = 0.0320.

WARNING: Nan, Inf or huge value in QACC at DOF 12. The simulation is unstable. Time = 0.0300.

WARNING: Nan, Inf or huge value in QACC at DOF 12. The simulation is unstable. Time = 0.0320.

WARNING: Nan, Inf or huge value in QACC at DOF 12. The simulation is unstable. Time = 0.0300.

WARNING: Nan, Inf or huge value in QACC at DOF 12. The simulation is unstable. Time = 0.0300.

WARNING: Nan, Inf or huge value in QACC at DOF 12. The simulation is unstable. Time = 0.0340.

----------------------------------------
| rollout/                |            |
|    ep_len_mean          | 3.11       |
|    ep_rew_mean          | -16.4      |
|    success_rate         | 0          |
| time/                   |            |
|    fps                  | 764        |
|    iterations           | 146        |
|    time_elapsed         | 195        |
|    total_timesteps      | 400384     |
| train/                  |            |
|    approx_kl            | 0.08114073 |
|    clip_fraction        | 0.4        |
|    clip_range           | 0.2        |
|    entropy_loss         | -15.4      |
|    explained_variance   | 0.936      |
|    learning_rate        | 0.0003     |
|    loss                 | 1.98       |
|    n_updates            | 3900       |
|    policy_gradient_loss | -0.0463    |
|    std                  | 1.4        |
|    value_loss           | 6.17       |
----------------------------------------
WARNING: Nan, Inf or huge value in QACC at DOF 12. The simulation is unstable. Time = 0.0320.

WARNING: Nan, Inf or huge value in QACC at DOF 12. The simulation is unstable. Time = 0.0340.

WARNING: Nan, Inf or huge value in QACC at DOF 12. The simulation is unstable. Time = 0.0280.

WARNING: Nan, Inf or huge value in QACC at DOF 12. The simulation is unstable. Time = 0.0340.

WARNING: Nan, Inf or huge value in QACC at DOF 12. The simulation is unstable. Time = 0.0320.

WARNING: Nan, Inf or huge value in QACC at DOF 12. The simulation is unstable. Time = 0.0340.

WARNING: Nan, Inf or huge value in QACC at DOF 12. The simulation is unstable. Time = 0.0300.

WARNING: Nan, Inf or huge value in QACC at DOF 12. The simulation is unstable. Time = 0.0320.

-----------------------------------------
| rollout/                |             |
|    ep_len_mean          | 2.82        |
|    ep_rew_mean          | -14.7       |
|    success_rate         | 0           |
| time/                   |             |
|    fps                  | 764         |
|    iterations           | 147         |
|    time_elapsed         | 196         |
|    total_timesteps      | 401408      |
| train/                  |             |
|    approx_kl            | 0.048803046 |
|    clip_fraction        | 0.322       |
|    clip_range           | 0.2         |
|    entropy_loss         | -15.4       |
|    explained_variance   | 0.941       |
|    learning_rate        | 0.0003      |
|    loss                 | 2.29        |
|    n_updates            | 3910        |
|    policy_gradient_loss | -0.0491     |
|    std                  | 1.4         |
|    value_loss           | 7.47        |
-----------------------------------------
WARNING: Nan, Inf or huge value in QACC at DOF 12. The simulation is unstable. Time = 0.0320.

WARNING: Nan, Inf or huge value in QACC at DOF 12. The simulation is unstable. Time = 0.0320.

WARNING: Nan, Inf or huge value in QACC at DOF 12. The simulation is unstable. Time = 0.0320.

WARNING: Nan, Inf or huge value in QACC at DOF 12. The simulation is unstable. Time = 0.0320.

WARNING: Nan, Inf or huge value in QACC at DOF 12. The simulation is unstable. Time = 0.0300.

WARNING: Nan, Inf or huge value in QACC at DOF 12. The simulation is unstable. Time = 0.0320.

WARNING: Nan, Inf or huge value in QACC at DOF 12. The simulation is unstable. Time = 0.0280.

WARNING: Nan, Inf or huge value in QACC at DOF 12. The simulation is unstable. Time = 0.0320.

WARNING: Nan, Inf or huge value in QACC at DOF 12. The simulation is unstable. Time = 0.0300.

WARNING: Nan, Inf or huge value in QACC at DOF 12. The simulation is unstable. Time = 0.0300.

WARNING: Nan, Inf or huge value in QACC at DOF 12. The simulation is unstable. Time = 0.0340.

WARNING: Nan, Inf or huge value in QACC at DOF 12. The simulation is unstable. Time = 0.0320.

----------------------------------------
| rollout/                |            |
|    ep_len_mean          | 2.91       |
|    ep_rew_mean          | -15.3      |
|    success_rate         | 0          |
| time/                   |            |
|    fps                  | 765        |
|    iterations           | 148        |
|    time_elapsed         | 198        |
|    total_timesteps      | 402432     |
| train/                  |            |
|    approx_kl            | 0.10944349 |
|    clip_fraction        | 0.411      |
|    clip_range           | 0.2        |
|    entropy_loss         | -15.4      |
|    explained_variance   | 0.919      |
|    learning_rate        | 0.0003     |
|    loss                 | 0.67       |
|    n_updates            | 3920       |
|    policy_gradient_loss | -0.0381    |
|    std                  | 1.39       |
|    value_loss           | 3.08       |
----------------------------------------
WARNING: Nan, Inf or huge value in QACC at DOF 12. The simulation is unstable. Time = 0.0300.

WARNING: Nan, Inf or huge value in QACC at DOF 12. The simulation is unstable. Time = 0.0320.

WARNING: Nan, Inf or huge value in QACC at DOF 12. The simulation is unstable. Time = 0.0320.

WARNING: Nan, Inf or huge value in QACC at DOF 12. The simulation is unstable. Time = 0.0340.

WARNING: Nan, Inf or huge value in QACC at DOF 12. The simulation is unstable. Time = 0.0300.

WARNING: Nan, Inf or huge value in QACC at DOF 12. The simulation is unstable. Time = 0.0300.

WARNING: Nan, Inf or huge value in QACC at DOF 12. The simulation is unstable. Time = 0.0320.

WARNING: Nan, Inf or huge value in QACC at DOF 12. The simulation is unstable. Time = 0.0300.

-----------------------------------------
| rollout/                |             |
|    ep_len_mean          | 2.79        |
|    ep_rew_mean          | -15.3       |
|    success_rate         | 0           |
| time/                   |             |
|    fps                  | 765         |
|    iterations           | 149         |
|    time_elapsed         | 199         |
|    total_timesteps      | 403456      |
| train/                  |             |
|    approx_kl            | 0.014376219 |
|    clip_fraction        | 0.41        |
|    clip_range           | 0.2         |
|    entropy_loss         | -15.4       |
|    explained_variance   | 0.602       |
|    learning_rate        | 0.0003      |
|    loss                 | 52.6        |
|    n_updates            | 3930        |
|    policy_gradient_loss | -0.0191     |
|    std                  | 1.39        |
|    value_loss           | 145         |
-----------------------------------------
WARNING: Nan, Inf or huge value in QACC at DOF 12. The simulation is unstable. Time = 0.0300.

WARNING: Nan, Inf or huge value in QACC at DOF 12. The simulation is unstable. Time = 0.0320.

WARNING: Nan, Inf or huge value in QACC at DOF 12. The simulation is unstable. Time = 0.0320.

WARNING: Nan, Inf or huge value in QACC at DOF 12. The simulation is unstable. Time = 0.0320.

WARNING: Nan, Inf or huge value in QACC at DOF 12. The simulation is unstable. Time = 0.0340.

WARNING: Nan, Inf or huge value in QACC at DOF 12. The simulation is unstable. Time = 0.0320.

WARNING: Nan, Inf or huge value in QACC at DOF 12. The simulation is unstable. Time = 0.0300.

WARNING: Nan, Inf or huge value in QACC at DOF 12. The simulation is unstable. Time = 0.0300.

----------------------------------------
| rollout/                |            |
|    ep_len_mean          | 3.12       |
|    ep_rew_mean          | -15.6      |
|    success_rate         | 0          |
| time/                   |            |
|    fps                  | 766        |
|    iterations           | 150        |
|    time_elapsed         | 200        |
|    total_timesteps      | 404480     |
| train/                  |            |
|    approx_kl            | 0.12543935 |
|    clip_fraction        | 0.443      |
|    clip_range           | 0.2        |
|    entropy_loss         | -15.4      |
|    explained_variance   | 0.914      |
|    learning_rate        | 0.0003     |
|    loss                 | 0.839      |
|    n_updates            | 3940       |
|    policy_gradient_loss | -0.0375    |
|    std                  | 1.4        |
|    value_loss           | 3.82       |
----------------------------------------
WARNING: Nan, Inf or huge value in QACC at DOF 12. The simulation is unstable. Time = 0.0340.

WARNING: Nan, Inf or huge value in QACC at DOF 12. The simulation is unstable. Time = 0.0320.

WARNING: Nan, Inf or huge value in QACC at DOF 12. The simulation is unstable. Time = 0.0300.

WARNING: Nan, Inf or huge value in QACC at DOF 12. The simulation is unstable. Time = 0.0300.

WARNING: Nan, Inf or huge value in QACC at DOF 12. The simulation is unstable. Time = 0.0320.

WARNING: Nan, Inf or huge value in QACC at DOF 12. The simulation is unstable. Time = 0.0320.

WARNING: Nan, Inf or huge value in QACC at DOF 12. The simulation is unstable. Time = 0.0300.

WARNING: Nan, Inf or huge value in QACC at DOF 12. The simulation is unstable. Time = 0.0300.

WARNING: Nan, Inf or huge value in QACC at DOF 12. The simulation is unstable. Time = 0.0340.

WARNING: Nan, Inf or huge value in QACC at DOF 12. The simulation is unstable. Time = 0.0300.

WARNING: Nan, Inf or huge value in QACC at DOF 12. The simulation is unstable. Time = 0.0340.

-----------------------------------------
| rollout/                |             |
|    ep_len_mean          | 2.75        |
|    ep_rew_mean          | -14.6       |
|    success_rate         | 0           |
| time/                   |             |
|    fps                  | 766         |
|    iterations           | 151         |
|    time_elapsed         | 201         |
|    total_timesteps      | 405504      |
| train/                  |             |
|    approx_kl            | 0.048053734 |
|    clip_fraction        | 0.337       |
|    clip_range           | 0.2         |
|    entropy_loss         | -15.4       |
|    explained_variance   | 0.906       |
|    learning_rate        | 0.0003      |
|    loss                 | 2.1         |
|    n_updates            | 3950        |
|    policy_gradient_loss | -0.0353     |
|    std                  | 1.4         |
|    value_loss           | 6.38        |
-----------------------------------------
WARNING: Nan, Inf or huge value in QACC at DOF 12. The simulation is unstable. Time = 0.0320.

WARNING: Nan, Inf or huge value in QACC at DOF 12. The simulation is unstable. Time = 0.0300.

WARNING: Nan, Inf or huge value in QACC at DOF 12. The simulation is unstable. Time = 0.0300.

WARNING: Nan, Inf or huge value in QACC at DOF 12. The simulation is unstable. Time = 0.0300.

WARNING: Nan, Inf or huge value in QACC at DOF 12. The simulation is unstable. Time = 0.0300.

WARNING: Nan, Inf or huge value in QACC at DOF 12. The simulation is unstable. Time = 0.0280.

WARNING: Nan, Inf or huge value in QACC at DOF 12. The simulation is unstable. Time = 0.0300.

WARNING: Nan, Inf or huge value in QACC at DOF 12. The simulation is unstable. Time = 0.0340.

WARNING: Nan, Inf or huge value in QACC at DOF 12. The simulation is unstable. Time = 0.0320.

-----------------------------------------
| rollout/                |             |
|    ep_len_mean          | 2.75        |
|    ep_rew_mean          | -15.1       |
|    success_rate         | 0           |
| time/                   |             |
|    fps                  | 767         |
|    iterations           | 152         |
|    time_elapsed         | 202         |
|    total_timesteps      | 406528      |
| train/                  |             |
|    approx_kl            | 0.052631445 |
|    clip_fraction        | 0.341       |
|    clip_range           | 0.2         |
|    entropy_loss         | -15.4       |
|    explained_variance   | 0.936       |
|    learning_rate        | 0.0003      |
|    loss                 | 1.65        |
|    n_updates            | 3960        |
|    policy_gradient_loss | -0.047      |
|    std                  | 1.4         |
|    value_loss           | 6.48        |
-----------------------------------------
WARNING: Nan, Inf or huge value in QACC at DOF 12. The simulation is unstable. Time = 0.0320.

WARNING: Nan, Inf or huge value in QACC at DOF 12. The simulation is unstable. Time = 0.0340.

WARNING: Nan, Inf or huge value in QACC at DOF 12. The simulation is unstable. Time = 0.0280.

WARNING: Nan, Inf or huge value in QACC at DOF 12. The simulation is unstable. Time = 0.0320.

WARNING: Nan, Inf or huge value in QACC at DOF 12. The simulation is unstable. Time = 0.0320.

WARNING: Nan, Inf or huge value in QACC at DOF 12. The simulation is unstable. Time = 0.0340.

WARNING: Nan, Inf or huge value in QACC at DOF 12. The simulation is unstable. Time = 0.0320.

WARNING: Nan, Inf or huge value in QACC at DOF 12. The simulation is unstable. Time = 0.0320.

WARNING: Nan, Inf or huge value in QACC at DOF 12. The simulation is unstable. Time = 0.0280.

WARNING: Nan, Inf or huge value in QACC at DOF 12. The simulation is unstable. Time = 0.0320.

WARNING: Nan, Inf or huge value in QACC at DOF 12. The simulation is unstable. Time = 0.0320.

WARNING: Nan, Inf or huge value in QACC at DOF 12. The simulation is unstable. Time = 0.0320.

WARNING: Nan, Inf or huge value in QACC at DOF 12. The simulation is unstable. Time = 0.0320.

----------------------------------------
| rollout/                |            |
|    ep_len_mean          | 2.81       |
|    ep_rew_mean          | -14.9      |
|    success_rate         | 0          |
| time/                   |            |
|    fps                  | 768        |
|    iterations           | 153        |
|    time_elapsed         | 203        |
|    total_timesteps      | 407552     |
| train/                  |            |
|    approx_kl            | 0.06136048 |
|    clip_fraction        | 0.362      |
|    clip_range           | 0.2        |
|    entropy_loss         | -15.4      |
|    explained_variance   | 0.943      |
|    learning_rate        | 0.0003     |
|    loss                 | 1.43       |
|    n_updates            | 3970       |
|    policy_gradient_loss | -0.051     |
|    std                  | 1.4        |
|    value_loss           | 5.02       |
----------------------------------------
WARNING: Nan, Inf or huge value in QACC at DOF 12. The simulation is unstable. Time = 0.0320.

WARNING: Nan, Inf or huge value in QACC at DOF 12. The simulation is unstable. Time = 0.0320.

WARNING: Nan, Inf or huge value in QACC at DOF 12. The simulation is unstable. Time = 0.0320.

WARNING: Nan, Inf or huge value in QACC at DOF 12. The simulation is unstable. Time = 0.0320.

WARNING: Nan, Inf or huge value in QACC at DOF 12. The simulation is unstable. Time = 0.0320.

WARNING: Nan, Inf or huge value in QACC at DOF 12. The simulation is unstable. Time = 0.0320.

WARNING: Nan, Inf or huge value in QACC at DOF 12. The simulation is unstable. Time = 0.0320.

WARNING: Nan, Inf or huge value in QACC at DOF 12. The simulation is unstable. Time = 0.0280.

WARNING: Nan, Inf or huge value in QACC at DOF 12. The simulation is unstable. Time = 0.0320.

WARNING: Nan, Inf or huge value in QACC at DOF 12. The simulation is unstable. Time = 0.0320.

WARNING: Nan, Inf or huge value in QACC at DOF 12. The simulation is unstable. Time = 0.0340.

WARNING: Nan, Inf or huge value in QACC at DOF 12. The simulation is unstable. Time = 0.0320.

WARNING: Nan, Inf or huge value in QACC at DOF 12. The simulation is unstable. Time = 0.0340.

WARNING: Nan, Inf or huge value in QACC at DOF 12. The simulation is unstable. Time = 0.0320.

-----------------------------------------
| rollout/                |             |
|    ep_len_mean          | 3.04        |
|    ep_rew_mean          | -14.7       |
|    success_rate         | 0           |
| time/                   |             |
|    fps                  | 769         |
|    iterations           | 154         |
|    time_elapsed         | 204         |
|    total_timesteps      | 408576      |
| train/                  |             |
|    approx_kl            | 0.057751086 |
|    clip_fraction        | 0.456       |
|    clip_range           | 0.2         |
|    entropy_loss         | -15.4       |
|    explained_variance   | 0.947       |
|    learning_rate        | 0.0003      |
|    loss                 | 1.59        |
|    n_updates            | 3980        |
|    policy_gradient_loss | -0.0434     |
|    std                  | 1.4         |
|    value_loss           | 5.25        |
-----------------------------------------
WARNING: Nan, Inf or huge value in QACC at DOF 12. The simulation is unstable. Time = 0.0260.

WARNING: Nan, Inf or huge value in QACC at DOF 12. The simulation is unstable. Time = 0.0340.

WARNING: Nan, Inf or huge value in QACC at DOF 12. The simulation is unstable. Time = 0.0320.

WARNING: Nan, Inf or huge value in QACC at DOF 12. The simulation is unstable. Time = 0.0320.

WARNING: Nan, Inf or huge value in QACC at DOF 12. The simulation is unstable. Time = 0.0320.

WARNING: Nan, Inf or huge value in QACC at DOF 12. The simulation is unstable. Time = 0.0340.

WARNING: Nan, Inf or huge value in QACC at DOF 12. The simulation is unstable. Time = 0.0320.

-----------------------------------------
| rollout/                |             |
|    ep_len_mean          | 3           |
|    ep_rew_mean          | -15.6       |
|    success_rate         | 0           |
| time/                   |             |
|    fps                  | 770         |
|    iterations           | 155         |
|    time_elapsed         | 206         |
|    total_timesteps      | 409600      |
| train/                  |             |
|    approx_kl            | 0.034134146 |
|    clip_fraction        | 0.264       |
|    clip_range           | 0.2         |
|    entropy_loss         | -15.4       |
|    explained_variance   | 0.899       |
|    learning_rate        | 0.0003      |
|    loss                 | 4.74        |
|    n_updates            | 3990        |
|    policy_gradient_loss | -0.0458     |
|    std                  | 1.41        |
|    value_loss           | 12.8        |
-----------------------------------------
WARNING: Nan, Inf or huge value in QACC at DOF 12. The simulation is unstable. Time = 0.0340.

WARNING: Nan, Inf or huge value in QACC at DOF 12. The simulation is unstable. Time = 0.0280.

WARNING: Nan, Inf or huge value in QACC at DOF 12. The simulation is unstable. Time = 0.0320.

WARNING: Nan, Inf or huge value in QACC at DOF 12. The simulation is unstable. Time = 0.0340.

WARNING: Nan, Inf or huge value in QACC at DOF 12. The simulation is unstable. Time = 0.0320.

WARNING: Nan, Inf or huge value in QACC at DOF 12. The simulation is unstable. Time = 0.0320.

WARNING: Nan, Inf or huge value in QACC at DOF 12. The simulation is unstable. Time = 0.0280.

WARNING: Nan, Inf or huge value in QACC at DOF 12. The simulation is unstable. Time = 0.0320.

WARNING: Nan, Inf or huge value in QACC at DOF 12. The simulation is unstable. Time = 0.0340.

WARNING: Nan, Inf or huge value in QACC at DOF 12. The simulation is unstable. Time = 0.0320.

WARNING: Nan, Inf or huge value in QACC at DOF 12. The simulation is unstable. Time = 0.0300.

----------------------------------------
| rollout/                |            |
|    ep_len_mean          | 3.13       |
|    ep_rew_mean          | -14.7      |
|    success_rate         | 0          |
| time/                   |            |
|    fps                  | 771        |
|    iterations           | 156        |
|    time_elapsed         | 207        |
|    total_timesteps      | 410624     |
| train/                  |            |
|    approx_kl            | 0.16736615 |
|    clip_fraction        | 0.421      |
|    clip_range           | 0.2        |
|    entropy_loss         | -15.4      |
|    explained_variance   | 0.957      |
|    learning_rate        | 0.0003     |
|    loss                 | 0.313      |
|    n_updates            | 4000       |
|    policy_gradient_loss | -0.0376    |
|    std                  | 1.4        |
|    value_loss           | 1.75       |
----------------------------------------
WARNING: Nan, Inf or huge value in QACC at DOF 12. The simulation is unstable. Time = 0.0340.

WARNING: Nan, Inf or huge value in QACC at DOF 12. The simulation is unstable. Time = 0.0320.

WARNING: Nan, Inf or huge value in QACC at DOF 12. The simulation is unstable. Time = 0.0300.

WARNING: Nan, Inf or huge value in QACC at DOF 12. The simulation is unstable. Time = 0.0280.

WARNING: Nan, Inf or huge value in QACC at DOF 12. The simulation is unstable. Time = 0.0320.

WARNING: Nan, Inf or huge value in QACC at DOF 12. The simulation is unstable. Time = 0.0340.

WARNING: Nan, Inf or huge value in QACC at DOF 12. The simulation is unstable. Time = 0.0320.

WARNING: Nan, Inf or huge value in QACC at DOF 12. The simulation is unstable. Time = 0.0320.

WARNING: Nan, Inf or huge value in QACC at DOF 12. The simulation is unstable. Time = 0.0300.

WARNING: Nan, Inf or huge value in QACC at DOF 12. The simulation is unstable. Time = 0.0300.

WARNING: Nan, Inf or huge value in QACC at DOF 12. The simulation is unstable. Time = 0.0320.

WARNING: Nan, Inf or huge value in QACC at DOF 12. The simulation is unstable. Time = 0.0340.

WARNING: Nan, Inf or huge value in QACC at DOF 12. The simulation is unstable. Time = 0.0300.

WARNING: Nan, Inf or huge value in QACC at DOF 12. The simulation is unstable. Time = 0.0320.

-----------------------------------------
| rollout/                |             |
|    ep_len_mean          | 3.82        |
|    ep_rew_mean          | -17.1       |
|    success_rate         | 0           |
| time/                   |             |
|    fps                  | 771         |
|    iterations           | 157         |
|    time_elapsed         | 208         |
|    total_timesteps      | 411648      |
| train/                  |             |
|    approx_kl            | 0.032576386 |
|    clip_fraction        | 0.435       |
|    clip_range           | 0.2         |
|    entropy_loss         | -15.4       |
|    explained_variance   | 0.511       |
|    learning_rate        | 0.0003      |
|    loss                 | 8.56        |
|    n_updates            | 4010        |
|    policy_gradient_loss | -0.0021     |
|    std                  | 1.4         |
|    value_loss           | 333         |
-----------------------------------------
WARNING: Nan, Inf or huge value in QACC at DOF 12. The simulation is unstable. Time = 0.0320.

WARNING: Nan, Inf or huge value in QACC at DOF 12. The simulation is unstable. Time = 0.0320.

WARNING: Nan, Inf or huge value in QACC at DOF 12. The simulation is unstable. Time = 0.0300.

WARNING: Nan, Inf or huge value in QACC at DOF 12. The simulation is unstable. Time = 0.0300.

WARNING: Nan, Inf or huge value in QACC at DOF 12. The simulation is unstable. Time = 0.0260.

WARNING: Nan, Inf or huge value in QACC at DOF 12. The simulation is unstable. Time = 0.0320.

WARNING: Nan, Inf or huge value in QACC at DOF 12. The simulation is unstable. Time = 0.0320.

WARNING: Nan, Inf or huge value in QACC at DOF 12. The simulation is unstable. Time = 0.0320.

WARNING: Nan, Inf or huge value in QACC at DOF 12. The simulation is unstable. Time = 0.0320.

WARNING: Nan, Inf or huge value in QACC at DOF 12. The simulation is unstable. Time = 0.0320.

WARNING: Nan, Inf or huge value in QACC at DOF 12. The simulation is unstable. Time = 0.0300.

WARNING: Nan, Inf or huge value in QACC at DOF 12. The simulation is unstable. Time = 0.0320.

WARNING: Nan, Inf or huge value in QACC at DOF 12. The simulation is unstable. Time = 0.0320.

-----------------------------------------
| rollout/                |             |
|    ep_len_mean          | 3.38        |
|    ep_rew_mean          | -16.7       |
|    success_rate         | 0           |
| time/                   |             |
|    fps                  | 772         |
|    iterations           | 158         |
|    time_elapsed         | 209         |
|    total_timesteps      | 412672      |
| train/                  |             |
|    approx_kl            | 0.047909424 |
|    clip_fraction        | 0.274       |
|    clip_range           | 0.2         |
|    entropy_loss         | -15.4       |
|    explained_variance   | 0.888       |
|    learning_rate        | 0.0003      |
|    loss                 | 5.46        |
|    n_updates            | 4020        |
|    policy_gradient_loss | -0.0447     |
|    std                  | 1.4         |
|    value_loss           | 13.7        |
-----------------------------------------
WARNING: Nan, Inf or huge value in QACC at DOF 12. The simulation is unstable. Time = 0.0320.

WARNING: Nan, Inf or huge value in QACC at DOF 12. The simulation is unstable. Time = 0.0320.

WARNING: Nan, Inf or huge value in QACC at DOF 12. The simulation is unstable. Time = 0.0300.

WARNING: Nan, Inf or huge value in QACC at DOF 12. The simulation is unstable. Time = 0.0300.

WARNING: Nan, Inf or huge value in QACC at DOF 12. The simulation is unstable. Time = 0.0300.

WARNING: Nan, Inf or huge value in QACC at DOF 12. The simulation is unstable. Time = 0.0340.

WARNING: Nan, Inf or huge value in QACC at DOF 12. The simulation is unstable. Time = 0.0340.

WARNING: Nan, Inf or huge value in QACC at DOF 12. The simulation is unstable. Time = 0.0340.

WARNING: Nan, Inf or huge value in QACC at DOF 12. The simulation is unstable. Time = 0.0320.

WARNING: Nan, Inf or huge value in QACC at DOF 12. The simulation is unstable. Time = 0.0320.

WARNING: Nan, Inf or huge value in QACC at DOF 12. The simulation is unstable. Time = 0.0300.

WARNING: Nan, Inf or huge value in QACC at DOF 12. The simulation is unstable. Time = 0.0300.

WARNING: Nan, Inf or huge value in QACC at DOF 12. The simulation is unstable. Time = 0.0340.

WARNING: Nan, Inf or huge value in QACC at DOF 12. The simulation is unstable. Time = 0.0320.

WARNING: Nan, Inf or huge value in QACC at DOF 12. The simulation is unstable. Time = 0.0320.

----------------------------------------
| rollout/                |            |
|    ep_len_mean          | 3.52       |
|    ep_rew_mean          | -16.6      |
|    success_rate         | 0          |
| time/                   |            |
|    fps                  | 773        |
|    iterations           | 159        |
|    time_elapsed         | 210        |
|    total_timesteps      | 413696     |
| train/                  |            |
|    approx_kl            | 0.06432146 |
|    clip_fraction        | 0.398      |
|    clip_range           | 0.2        |
|    entropy_loss         | -15.4      |
|    explained_variance   | 0.948      |
|    learning_rate        | 0.0003     |
|    loss                 | 1.91       |
|    n_updates            | 4030       |
|    policy_gradient_loss | -0.046     |
|    std                  | 1.4        |
|    value_loss           | 7.72       |
----------------------------------------
WARNING: Nan, Inf or huge value in QACC at DOF 12. The simulation is unstable. Time = 0.0320.

WARNING: Nan, Inf or huge value in QACC at DOF 12. The simulation is unstable. Time = 0.0320.

WARNING: Nan, Inf or huge value in QACC at DOF 12. The simulation is unstable. Time = 0.0320.

WARNING: Nan, Inf or huge value in QACC at DOF 12. The simulation is unstable. Time = 0.0320.

WARNING: Nan, Inf or huge value in QACC at DOF 12. The simulation is unstable. Time = 0.0320.

WARNING: Nan, Inf or huge value in QACC at DOF 12. The simulation is unstable. Time = 0.0340.

WARNING: Nan, Inf or huge value in QACC at DOF 12. The simulation is unstable. Time = 0.0300.

WARNING: Nan, Inf or huge value in QACC at DOF 12. The simulation is unstable. Time = 0.0320.

WARNING: Nan, Inf or huge value in QACC at DOF 12. The simulation is unstable. Time = 0.0340.

WARNING: Nan, Inf or huge value in QACC at DOF 12. The simulation is unstable. Time = 0.0340.

WARNING: Nan, Inf or huge value in QACC at DOF 12. The simulation is unstable. Time = 0.0320.

-----------------------------------------
| rollout/                |             |
|    ep_len_mean          | 3.25        |
|    ep_rew_mean          | -15.2       |
|    success_rate         | 0           |
| time/                   |             |
|    fps                  | 774         |
|    iterations           | 160         |
|    time_elapsed         | 211         |
|    total_timesteps      | 414720      |
| train/                  |             |
|    approx_kl            | 0.060160596 |
|    clip_fraction        | 0.401       |
|    clip_range           | 0.2         |
|    entropy_loss         | -15.4       |
|    explained_variance   | 0.945       |
|    learning_rate        | 0.0003      |
|    loss                 | 3.47        |
|    n_updates            | 4040        |
|    policy_gradient_loss | -0.0513     |
|    std                  | 1.41        |
|    value_loss           | 9.02        |
-----------------------------------------
WARNING: Nan, Inf or huge value in QACC at DOF 12. The simulation is unstable. Time = 0.0320.

WARNING: Nan, Inf or huge value in QACC at DOF 12. The simulation is unstable. Time = 0.0340.

WARNING: Nan, Inf or huge value in QACC at DOF 12. The simulation is unstable. Time = 0.0320.

WARNING: Nan, Inf or huge value in QACC at DOF 12. The simulation is unstable. Time = 0.0320.

WARNING: Nan, Inf or huge value in QACC at DOF 12. The simulation is unstable. Time = 0.0320.

WARNING: Nan, Inf or huge value in QACC at DOF 12. The simulation is unstable. Time = 0.0340.

WARNING: Nan, Inf or huge value in QACC at DOF 12. The simulation is unstable. Time = 0.0300.

WARNING: Nan, Inf or huge value in QACC at DOF 12. The simulation is unstable. Time = 0.0320.

-----------------------------------------
| rollout/                |             |
|    ep_len_mean          | 3.14        |
|    ep_rew_mean          | -15.3       |
|    success_rate         | 0           |
| time/                   |             |
|    fps                  | 775         |
|    iterations           | 161         |
|    time_elapsed         | 212         |
|    total_timesteps      | 415744      |
| train/                  |             |
|    approx_kl            | 0.055959865 |
|    clip_fraction        | 0.378       |
|    clip_range           | 0.2         |
|    entropy_loss         | -15.4       |
|    explained_variance   | 0.877       |
|    learning_rate        | 0.0003      |
|    loss                 | 3.79        |
|    n_updates            | 4050        |
|    policy_gradient_loss | -0.0496     |
|    std                  | 1.41        |
|    value_loss           | 14.2        |
-----------------------------------------
WARNING: Nan, Inf or huge value in QACC at DOF 12. The simulation is unstable. Time = 0.0300.

WARNING: Nan, Inf or huge value in QACC at DOF 12. The simulation is unstable. Time = 0.0300.

WARNING: Nan, Inf or huge value in QACC at DOF 12. The simulation is unstable. Time = 0.0340.

WARNING: Nan, Inf or huge value in QACC at DOF 12. The simulation is unstable. Time = 0.0300.

WARNING: Nan, Inf or huge value in QACC at DOF 12. The simulation is unstable. Time = 0.0280.

----------------------------------------
| rollout/                |            |
|    ep_len_mean          | 2.93       |
|    ep_rew_mean          | -14.7      |
|    success_rate         | 0          |
| time/                   |            |
|    fps                  | 776        |
|    iterations           | 162        |
|    time_elapsed         | 213        |
|    total_timesteps      | 416768     |
| train/                  |            |
|    approx_kl            | 0.11293624 |
|    clip_fraction        | 0.432      |
|    clip_range           | 0.2        |
|    entropy_loss         | -15.4      |
|    explained_variance   | 0.921      |
|    learning_rate        | 0.0003     |
|    loss                 | 1.31       |
|    n_updates            | 4060       |
|    policy_gradient_loss | -0.0339    |
|    std                  | 1.41       |
|    value_loss           | 3.93       |
----------------------------------------
WARNING: Nan, Inf or huge value in QACC at DOF 12. The simulation is unstable. Time = 0.0320.

WARNING: Nan, Inf or huge value in QACC at DOF 12. The simulation is unstable. Time = 0.0300.

WARNING: Nan, Inf or huge value in QACC at DOF 12. The simulation is unstable. Time = 0.0300.

WARNING: Nan, Inf or huge value in QACC at DOF 12. The simulation is unstable. Time = 0.0320.

WARNING: Nan, Inf or huge value in QACC at DOF 12. The simulation is unstable. Time = 0.0320.

WARNING: Nan, Inf or huge value in QACC at DOF 12. The simulation is unstable. Time = 0.0320.

WARNING: Nan, Inf or huge value in QACC at DOF 12. The simulation is unstable. Time = 0.0320.

WARNING: Nan, Inf or huge value in QACC at DOF 12. The simulation is unstable. Time = 0.0320.

WARNING: Nan, Inf or huge value in QACC at DOF 12. The simulation is unstable. Time = 0.0320.

WARNING: Nan, Inf or huge value in QACC at DOF 12. The simulation is unstable. Time = 0.0320.

----------------------------------------
| rollout/                |            |
|    ep_len_mean          | 3.25       |
|    ep_rew_mean          | -15.5      |
|    success_rate         | 0          |
| time/                   |            |
|    fps                  | 777        |
|    iterations           | 163        |
|    time_elapsed         | 214        |
|    total_timesteps      | 417792     |
| train/                  |            |
|    approx_kl            | 0.12204678 |
|    clip_fraction        | 0.526      |
|    clip_range           | 0.2        |
|    entropy_loss         | -15.5      |
|    explained_variance   | 0.963      |
|    learning_rate        | 0.0003     |
|    loss                 | 0.994      |
|    n_updates            | 4070       |
|    policy_gradient_loss | -0.0374    |
|    std                  | 1.42       |
|    value_loss           | 2.1        |
----------------------------------------
WARNING: Nan, Inf or huge value in QACC at DOF 12. The simulation is unstable. Time = 0.0320.

WARNING: Nan, Inf or huge value in QACC at DOF 12. The simulation is unstable. Time = 0.0300.

WARNING: Nan, Inf or huge value in QACC at DOF 12. The simulation is unstable. Time = 0.0300.

WARNING: Nan, Inf or huge value in QACC at DOF 12. The simulation is unstable. Time = 0.0340.

WARNING: Nan, Inf or huge value in QACC at DOF 12. The simulation is unstable. Time = 0.0320.

WARNING: Nan, Inf or huge value in QACC at DOF 12. The simulation is unstable. Time = 0.0280.

WARNING: Nan, Inf or huge value in QACC at DOF 12. The simulation is unstable. Time = 0.0340.

WARNING: Nan, Inf or huge value in QACC at DOF 12. The simulation is unstable. Time = 0.0340.

-----------------------------------------
| rollout/                |             |
|    ep_len_mean          | 3.39        |
|    ep_rew_mean          | -15.2       |
|    success_rate         | 0           |
| time/                   |             |
|    fps                  | 777         |
|    iterations           | 164         |
|    time_elapsed         | 215         |
|    total_timesteps      | 418816      |
| train/                  |             |
|    approx_kl            | 0.071450695 |
|    clip_fraction        | 0.399       |
|    clip_range           | 0.2         |
|    entropy_loss         | -15.5       |
|    explained_variance   | 0.962       |
|    learning_rate        | 0.0003      |
|    loss                 | 0.492       |
|    n_updates            | 4080        |
|    policy_gradient_loss | -0.0457     |
|    std                  | 1.42        |
|    value_loss           | 3.85        |
-----------------------------------------
WARNING: Nan, Inf or huge value in QACC at DOF 12. The simulation is unstable. Time = 0.0320.

WARNING: Nan, Inf or huge value in QACC at DOF 12. The simulation is unstable. Time = 0.0320.

WARNING: Nan, Inf or huge value in QACC at DOF 12. The simulation is unstable. Time = 0.0320.

WARNING: Nan, Inf or huge value in QACC at DOF 12. The simulation is unstable. Time = 0.0340.

WARNING: Nan, Inf or huge value in QACC at DOF 12. The simulation is unstable. Time = 0.0300.

WARNING: Nan, Inf or huge value in QACC at DOF 12. The simulation is unstable. Time = 0.0340.

WARNING: Nan, Inf or huge value in QACC at DOF 12. The simulation is unstable. Time = 0.0320.

WARNING: Nan, Inf or huge value in QACC at DOF 12. The simulation is unstable. Time = 0.0300.

WARNING: Nan, Inf or huge value in QACC at DOF 12. The simulation is unstable. Time = 0.0340.

WARNING: Nan, Inf or huge value in QACC at DOF 12. The simulation is unstable. Time = 0.0300.

WARNING: Nan, Inf or huge value in QACC at DOF 12. The simulation is unstable. Time = 0.0320.

WARNING: Nan, Inf or huge value in QACC at DOF 12. The simulation is unstable. Time = 0.0340.

WARNING: Nan, Inf or huge value in QACC at DOF 12. The simulation is unstable. Time = 0.0320.

WARNING: Nan, Inf or huge value in QACC at DOF 12. The simulation is unstable. Time = 0.0320.

WARNING: Nan, Inf or huge value in QACC at DOF 12. The simulation is unstable. Time = 0.0320.

WARNING: Nan, Inf or huge value in QACC at DOF 12. The simulation is unstable. Time = 0.0280.

-----------------------------------------
| rollout/                |             |
|    ep_len_mean          | 3.99        |
|    ep_rew_mean          | -17.3       |
|    success_rate         | 0           |
| time/                   |             |
|    fps                  | 778         |
|    iterations           | 165         |
|    time_elapsed         | 216         |
|    total_timesteps      | 419840      |
| train/                  |             |
|    approx_kl            | 0.053444855 |
|    clip_fraction        | 0.387       |
|    clip_range           | 0.2         |
|    entropy_loss         | -15.5       |
|    explained_variance   | 0.915       |
|    learning_rate        | 0.0003      |
|    loss                 | 0.863       |
|    n_updates            | 4090        |
|    policy_gradient_loss | -0.0416     |
|    std                  | 1.42        |
|    value_loss           | 4.93        |
-----------------------------------------
WARNING: Nan, Inf or huge value in QACC at DOF 12. The simulation is unstable. Time = 0.0300.

WARNING: Nan, Inf or huge value in QACC at DOF 12. The simulation is unstable. Time = 0.0320.

WARNING: Nan, Inf or huge value in QACC at DOF 12. The simulation is unstable. Time = 0.0320.

WARNING: Nan, Inf or huge value in QACC at DOF 12. The simulation is unstable. Time = 0.0300.

WARNING: Nan, Inf or huge value in QACC at DOF 12. The simulation is unstable. Time = 0.0340.

WARNING: Nan, Inf or huge value in QACC at DOF 12. The simulation is unstable. Time = 0.0340.

WARNING: Nan, Inf or huge value in QACC at DOF 12. The simulation is unstable. Time = 0.0340.

WARNING: Nan, Inf or huge value in QACC at DOF 12. The simulation is unstable. Time = 0.0300.

WARNING: Nan, Inf or huge value in QACC at DOF 12. The simulation is unstable. Time = 0.0340.

WARNING: Nan, Inf or huge value in QACC at DOF 12. The simulation is unstable. Time = 0.0340.

WARNING: Nan, Inf or huge value in QACC at DOF 12. The simulation is unstable. Time = 0.0300.

WARNING: Nan, Inf or huge value in QACC at DOF 12. The simulation is unstable. Time = 0.0340.

WARNING: Nan, Inf or huge value in QACC at DOF 12. The simulation is unstable. Time = 0.0320.

WARNING: Nan, Inf or huge value in QACC at DOF 12. The simulation is unstable. Time = 0.0320.

WARNING: Nan, Inf or huge value in QACC at DOF 12. The simulation is unstable. Time = 0.0340.

-----------------------------------------
| rollout/                |             |
|    ep_len_mean          | 3.52        |
|    ep_rew_mean          | -15.7       |
|    success_rate         | 0           |
| time/                   |             |
|    fps                  | 779         |
|    iterations           | 166         |
|    time_elapsed         | 218         |
|    total_timesteps      | 420864      |
| train/                  |             |
|    approx_kl            | 0.033950962 |
|    clip_fraction        | 0.311       |
|    clip_range           | 0.2         |
|    entropy_loss         | -15.5       |
|    explained_variance   | 0.914       |
|    learning_rate        | 0.0003      |
|    loss                 | 2.57        |
|    n_updates            | 4100        |
|    policy_gradient_loss | -0.0523     |
|    std                  | 1.42        |
|    value_loss           | 9.69        |
-----------------------------------------
WARNING: Nan, Inf or huge value in QACC at DOF 12. The simulation is unstable. Time = 0.0320.

WARNING: Nan, Inf or huge value in QACC at DOF 12. The simulation is unstable. Time = 0.0300.

WARNING: Nan, Inf or huge value in QACC at DOF 12. The simulation is unstable. Time = 0.0320.

WARNING: Nan, Inf or huge value in QACC at DOF 12. The simulation is unstable. Time = 0.0320.

WARNING: Nan, Inf or huge value in QACC at DOF 12. The simulation is unstable. Time = 0.0300.

WARNING: Nan, Inf or huge value in QACC at DOF 12. The simulation is unstable. Time = 0.0340.

WARNING: Nan, Inf or huge value in QACC at DOF 12. The simulation is unstable. Time = 0.0320.

WARNING: Nan, Inf or huge value in QACC at DOF 12. The simulation is unstable. Time = 0.0320.

WARNING: Nan, Inf or huge value in QACC at DOF 12. The simulation is unstable. Time = 0.0320.

WARNING: Nan, Inf or huge value in QACC at DOF 12. The simulation is unstable. Time = 0.0300.

WARNING: Nan, Inf or huge value in QACC at DOF 12. The simulation is unstable. Time = 0.0300.

WARNING: Nan, Inf or huge value in QACC at DOF 12. The simulation is unstable. Time = 0.0300.

WARNING: Nan, Inf or huge value in QACC at DOF 12. The simulation is unstable. Time = 0.0320.

WARNING: Nan, Inf or huge value in QACC at DOF 12. The simulation is unstable. Time = 0.0320.

WARNING: Nan, Inf or huge value in QACC at DOF 12. The simulation is unstable. Time = 0.0280.

----------------------------------------
| rollout/                |            |
|    ep_len_mean          | 3.64       |
|    ep_rew_mean          | -16.1      |
|    success_rate         | 0          |
| time/                   |            |
|    fps                  | 780        |
|    iterations           | 167        |
|    time_elapsed         | 219        |
|    total_timesteps      | 421888     |
| train/                  |            |
|    approx_kl            | 0.05100241 |
|    clip_fraction        | 0.353      |
|    clip_range           | 0.2        |
|    entropy_loss         | -15.5      |
|    explained_variance   | 0.929      |
|    learning_rate        | 0.0003     |
|    loss                 | 4.36       |
|    n_updates            | 4110       |
|    policy_gradient_loss | -0.0502    |
|    std                  | 1.42       |
|    value_loss           | 8.46       |
----------------------------------------
WARNING: Nan, Inf or huge value in QACC at DOF 12. The simulation is unstable. Time = 0.0340.

WARNING: Nan, Inf or huge value in QACC at DOF 12. The simulation is unstable. Time = 0.0320.

WARNING: Nan, Inf or huge value in QACC at DOF 12. The simulation is unstable. Time = 0.0320.

WARNING: Nan, Inf or huge value in QACC at DOF 12. The simulation is unstable. Time = 0.0320.

WARNING: Nan, Inf or huge value in QACC at DOF 12. The simulation is unstable. Time = 0.0320.

WARNING: Nan, Inf or huge value in QACC at DOF 12. The simulation is unstable. Time = 0.0320.

WARNING: Nan, Inf or huge value in QACC at DOF 12. The simulation is unstable. Time = 0.0340.

WARNING: Nan, Inf or huge value in QACC at DOF 12. The simulation is unstable. Time = 0.0300.

WARNING: Nan, Inf or huge value in QACC at DOF 12. The simulation is unstable. Time = 0.0300.

WARNING: Nan, Inf or huge value in QACC at DOF 12. The simulation is unstable. Time = 0.0300.

WARNING: Nan, Inf or huge value in QACC at DOF 12. The simulation is unstable. Time = 0.0320.

WARNING: Nan, Inf or huge value in QACC at DOF 12. The simulation is unstable. Time = 0.0300.

-----------------------------------------
| rollout/                |             |
|    ep_len_mean          | 3.57        |
|    ep_rew_mean          | -16         |
|    success_rate         | 0           |
| time/                   |             |
|    fps                  | 781         |
|    iterations           | 168         |
|    time_elapsed         | 220         |
|    total_timesteps      | 422912      |
| train/                  |             |
|    approx_kl            | 0.043858305 |
|    clip_fraction        | 0.38        |
|    clip_range           | 0.2         |
|    entropy_loss         | -15.5       |
|    explained_variance   | 0.95        |
|    learning_rate        | 0.0003      |
|    loss                 | 2.19        |
|    n_updates            | 4120        |
|    policy_gradient_loss | -0.0523     |
|    std                  | 1.42        |
|    value_loss           | 6.14        |
-----------------------------------------
WARNING: Nan, Inf or huge value in QACC at DOF 12. The simulation is unstable. Time = 0.0320.

WARNING: Nan, Inf or huge value in QACC at DOF 12. The simulation is unstable. Time = 0.0320.

WARNING: Nan, Inf or huge value in QACC at DOF 12. The simulation is unstable. Time = 0.0300.

WARNING: Nan, Inf or huge value in QACC at DOF 12. The simulation is unstable. Time = 0.0320.

WARNING: Nan, Inf or huge value in QACC at DOF 12. The simulation is unstable. Time = 0.0340.

WARNING: Nan, Inf or huge value in QACC at DOF 12. The simulation is unstable. Time = 0.0320.

WARNING: Nan, Inf or huge value in QACC at DOF 12. The simulation is unstable. Time = 0.0340.

WARNING: Nan, Inf or huge value in QACC at DOF 12. The simulation is unstable. Time = 0.0320.

WARNING: Nan, Inf or huge value in QACC at DOF 12. The simulation is unstable. Time = 0.0320.

WARNING: Nan, Inf or huge value in QACC at DOF 12. The simulation is unstable. Time = 0.0340.

-----------------------------------------
| rollout/                |             |
|    ep_len_mean          | 3.27        |
|    ep_rew_mean          | -15.3       |
|    success_rate         | 0           |
| time/                   |             |
|    fps                  | 781         |
|    iterations           | 169         |
|    time_elapsed         | 221         |
|    total_timesteps      | 423936      |
| train/                  |             |
|    approx_kl            | 0.050450046 |
|    clip_fraction        | 0.376       |
|    clip_range           | 0.2         |
|    entropy_loss         | -15.5       |
|    explained_variance   | 0.951       |
|    learning_rate        | 0.0003      |
|    loss                 | 2.42        |
|    n_updates            | 4130        |
|    policy_gradient_loss | -0.0523     |
|    std                  | 1.43        |
|    value_loss           | 6.81        |
-----------------------------------------
WARNING: Nan, Inf or huge value in QACC at DOF 12. The simulation is unstable. Time = 0.0320.

WARNING: Nan, Inf or huge value in QACC at DOF 12. The simulation is unstable. Time = 0.0300.

WARNING: Nan, Inf or huge value in QACC at DOF 12. The simulation is unstable. Time = 0.0300.

WARNING: Nan, Inf or huge value in QACC at DOF 12. The simulation is unstable. Time = 0.0300.

WARNING: Nan, Inf or huge value in QACC at DOF 12. The simulation is unstable. Time = 0.0340.

WARNING: Nan, Inf or huge value in QACC at DOF 12. The simulation is unstable. Time = 0.0320.

WARNING: Nan, Inf or huge value in QACC at DOF 12. The simulation is unstable. Time = 0.0320.

----------------------------------------
| rollout/                |            |
|    ep_len_mean          | 3.78       |
|    ep_rew_mean          | -16        |
|    success_rate         | 0          |
| time/                   |            |
|    fps                  | 782        |
|    iterations           | 170        |
|    time_elapsed         | 222        |
|    total_timesteps      | 424960     |
| train/                  |            |
|    approx_kl            | 0.05391936 |
|    clip_fraction        | 0.329      |
|    clip_range           | 0.2        |
|    entropy_loss         | -15.5      |
|    explained_variance   | 0.953      |
|    learning_rate        | 0.0003     |
|    loss                 | 2.73       |
|    n_updates            | 4140       |
|    policy_gradient_loss | -0.0477    |
|    std                  | 1.43       |
|    value_loss           | 5.46       |
----------------------------------------
WARNING: Nan, Inf or huge value in QACC at DOF 12. The simulation is unstable. Time = 0.0340.

WARNING: Nan, Inf or huge value in QACC at DOF 12. The simulation is unstable. Time = 0.0340.

WARNING: Nan, Inf or huge value in QACC at DOF 12. The simulation is unstable. Time = 0.0320.

WARNING: Nan, Inf or huge value in QACC at DOF 12. The simulation is unstable. Time = 0.0320.

WARNING: Nan, Inf or huge value in QACC at DOF 12. The simulation is unstable. Time = 0.0340.

WARNING: Nan, Inf or huge value in QACC at DOF 12. The simulation is unstable. Time = 0.0320.

WARNING: Nan, Inf or huge value in QACC at DOF 12. The simulation is unstable. Time = 0.0340.

WARNING: Nan, Inf or huge value in QACC at DOF 12. The simulation is unstable. Time = 0.0300.

WARNING: Nan, Inf or huge value in QACC at DOF 12. The simulation is unstable. Time = 0.0320.

WARNING: Nan, Inf or huge value in QACC at DOF 12. The simulation is unstable. Time = 0.0320.

----------------------------------------
| rollout/                |            |
|    ep_len_mean          | 3.34       |
|    ep_rew_mean          | -15.5      |
|    success_rate         | 0          |
| time/                   |            |
|    fps                  | 782        |
|    iterations           | 171        |
|    time_elapsed         | 223        |
|    total_timesteps      | 425984     |
| train/                  |            |
|    approx_kl            | 0.06181307 |
|    clip_fraction        | 0.434      |
|    clip_range           | 0.2        |
|    entropy_loss         | -15.5      |
|    explained_variance   | 0.956      |
|    learning_rate        | 0.0003     |
|    loss                 | 1.73       |
|    n_updates            | 4150       |
|    policy_gradient_loss | -0.0474    |
|    std                  | 1.42       |
|    value_loss           | 3.8        |
----------------------------------------
WARNING: Nan, Inf or huge value in QACC at DOF 12. The simulation is unstable. Time = 0.0340.

WARNING: Nan, Inf or huge value in QACC at DOF 12. The simulation is unstable. Time = 0.0300.

WARNING: Nan, Inf or huge value in QACC at DOF 12. The simulation is unstable. Time = 0.0300.

WARNING: Nan, Inf or huge value in QACC at DOF 12. The simulation is unstable. Time = 0.0300.

WARNING: Nan, Inf or huge value in QACC at DOF 12. The simulation is unstable. Time = 0.0300.

WARNING: Nan, Inf or huge value in QACC at DOF 12. The simulation is unstable. Time = 0.0320.

WARNING: Nan, Inf or huge value in QACC at DOF 12. The simulation is unstable. Time = 0.0300.

WARNING: Nan, Inf or huge value in QACC at DOF 12. The simulation is unstable. Time = 0.0280.

WARNING: Nan, Inf or huge value in QACC at DOF 12. The simulation is unstable. Time = 0.0320.

WARNING: Nan, Inf or huge value in QACC at DOF 12. The simulation is unstable. Time = 0.0320.

WARNING: Nan, Inf or huge value in QACC at DOF 12. The simulation is unstable. Time = 0.0340.

-----------------------------------------
| rollout/                |             |
|    ep_len_mean          | 3.84        |
|    ep_rew_mean          | -15.7       |
|    success_rate         | 0           |
| time/                   |             |
|    fps                  | 783         |
|    iterations           | 172         |
|    time_elapsed         | 224         |
|    total_timesteps      | 427008      |
| train/                  |             |
|    approx_kl            | 0.046016723 |
|    clip_fraction        | 0.371       |
|    clip_range           | 0.2         |
|    entropy_loss         | -15.5       |
|    explained_variance   | 0.793       |
|    learning_rate        | 0.0003      |
|    loss                 | 2.98        |
|    n_updates            | 4160        |
|    policy_gradient_loss | -0.034      |
|    std                  | 1.42        |
|    value_loss           | 33.7        |
-----------------------------------------
WARNING: Nan, Inf or huge value in QACC at DOF 12. The simulation is unstable. Time = 0.0320.

WARNING: Nan, Inf or huge value in QACC at DOF 12. The simulation is unstable. Time = 0.0320.

WARNING: Nan, Inf or huge value in QACC at DOF 12. The simulation is unstable. Time = 0.0340.

WARNING: Nan, Inf or huge value in QACC at DOF 12. The simulation is unstable. Time = 0.0340.

WARNING: Nan, Inf or huge value in QACC at DOF 12. The simulation is unstable. Time = 0.0340.

WARNING: Nan, Inf or huge value in QACC at DOF 12. The simulation is unstable. Time = 0.0280.

WARNING: Nan, Inf or huge value in QACC at DOF 12. The simulation is unstable. Time = 0.0320.

WARNING: Nan, Inf or huge value in QACC at DOF 12. The simulation is unstable. Time = 0.0320.

WARNING: Nan, Inf or huge value in QACC at DOF 12. The simulation is unstable. Time = 0.0340.

WARNING: Nan, Inf or huge value in QACC at DOF 12. The simulation is unstable. Time = 0.0320.

WARNING: Nan, Inf or huge value in QACC at DOF 12. The simulation is unstable. Time = 0.0320.

WARNING: Nan, Inf or huge value in QACC at DOF 12. The simulation is unstable. Time = 0.0340.

WARNING: Nan, Inf or huge value in QACC at DOF 12. The simulation is unstable. Time = 0.0320.

WARNING: Nan, Inf or huge value in QACC at DOF 12. The simulation is unstable. Time = 0.0300.

WARNING: Nan, Inf or huge value in QACC at DOF 12. The simulation is unstable. Time = 0.0300.

-----------------------------------------
| rollout/                |             |
|    ep_len_mean          | 3.77        |
|    ep_rew_mean          | -15.5       |
|    success_rate         | 0           |
| time/                   |             |
|    fps                  | 784         |
|    iterations           | 173         |
|    time_elapsed         | 225         |
|    total_timesteps      | 428032      |
| train/                  |             |
|    approx_kl            | 0.042783674 |
|    clip_fraction        | 0.327       |
|    clip_range           | 0.2         |
|    entropy_loss         | -15.5       |
|    explained_variance   | 0.921       |
|    learning_rate        | 0.0003      |
|    loss                 | 1.11        |
|    n_updates            | 4170        |
|    policy_gradient_loss | -0.0488     |
|    std                  | 1.42        |
|    value_loss           | 6.03        |
-----------------------------------------
WARNING: Nan, Inf or huge value in QACC at DOF 12. The simulation is unstable. Time = 0.0300.

WARNING: Nan, Inf or huge value in QACC at DOF 12. The simulation is unstable. Time = 0.0300.

WARNING: Nan, Inf or huge value in QACC at DOF 12. The simulation is unstable. Time = 0.0340.

WARNING: Nan, Inf or huge value in QACC at DOF 12. The simulation is unstable. Time = 0.0300.

WARNING: Nan, Inf or huge value in QACC at DOF 12. The simulation is unstable. Time = 0.0320.

WARNING: Nan, Inf or huge value in QACC at DOF 12. The simulation is unstable. Time = 0.0320.

-----------------------------------------
| rollout/                |             |
|    ep_len_mean          | 3.86        |
|    ep_rew_mean          | -15.6       |
|    success_rate         | 0           |
| time/                   |             |
|    fps                  | 785         |
|    iterations           | 174         |
|    time_elapsed         | 226         |
|    total_timesteps      | 429056      |
| train/                  |             |
|    approx_kl            | 0.031815946 |
|    clip_fraction        | 0.292       |
|    clip_range           | 0.2         |
|    entropy_loss         | -15.5       |
|    explained_variance   | 0.927       |
|    learning_rate        | 0.0003      |
|    loss                 | 4.46        |
|    n_updates            | 4180        |
|    policy_gradient_loss | -0.053      |
|    std                  | 1.43        |
|    value_loss           | 11          |
-----------------------------------------
WARNING: Nan, Inf or huge value in QACC at DOF 12. The simulation is unstable. Time = 0.0320.

WARNING: Nan, Inf or huge value in QACC at DOF 12. The simulation is unstable. Time = 0.0320.

WARNING: Nan, Inf or huge value in QACC at DOF 12. The simulation is unstable. Time = 0.0320.

WARNING: Nan, Inf or huge value in QACC at DOF 12. The simulation is unstable. Time = 0.0300.

WARNING: Nan, Inf or huge value in QACC at DOF 12. The simulation is unstable. Time = 0.0320.

WARNING: Nan, Inf or huge value in QACC at DOF 12. The simulation is unstable. Time = 0.0320.

WARNING: Nan, Inf or huge value in QACC at DOF 12. The simulation is unstable. Time = 0.0320.

WARNING: Nan, Inf or huge value in QACC at DOF 12. The simulation is unstable. Time = 0.0320.

WARNING: Nan, Inf or huge value in QACC at DOF 12. The simulation is unstable. Time = 0.0340.

WARNING: Nan, Inf or huge value in QACC at DOF 12. The simulation is unstable. Time = 0.0340.

WARNING: Nan, Inf or huge value in QACC at DOF 12. The simulation is unstable. Time = 0.0300.

-----------------------------------------
| rollout/                |             |
|    ep_len_mean          | 4.07        |
|    ep_rew_mean          | -16.3       |
|    success_rate         | 0           |
| time/                   |             |
|    fps                  | 786         |
|    iterations           | 175         |
|    time_elapsed         | 227         |
|    total_timesteps      | 430080      |
| train/                  |             |
|    approx_kl            | 0.050326712 |
|    clip_fraction        | 0.426       |
|    clip_range           | 0.2         |
|    entropy_loss         | -15.5       |
|    explained_variance   | 0.946       |
|    learning_rate        | 0.0003      |
|    loss                 | 1.43        |
|    n_updates            | 4190        |
|    policy_gradient_loss | -0.0446     |
|    std                  | 1.43        |
|    value_loss           | 3.62        |
-----------------------------------------
WARNING: Nan, Inf or huge value in QACC at DOF 12. The simulation is unstable. Time = 0.0320.

WARNING: Nan, Inf or huge value in QACC at DOF 12. The simulation is unstable. Time = 0.0320.

WARNING: Nan, Inf or huge value in QACC at DOF 12. The simulation is unstable. Time = 0.0320.

WARNING: Nan, Inf or huge value in QACC at DOF 12. The simulation is unstable. Time = 0.0320.

WARNING: Nan, Inf or huge value in QACC at DOF 12. The simulation is unstable. Time = 0.0300.

WARNING: Nan, Inf or huge value in QACC at DOF 12. The simulation is unstable. Time = 0.0300.

WARNING: Nan, Inf or huge value in QACC at DOF 12. The simulation is unstable. Time = 0.0340.

WARNING: Nan, Inf or huge value in QACC at DOF 12. The simulation is unstable. Time = 0.0340.

WARNING: Nan, Inf or huge value in QACC at DOF 12. The simulation is unstable. Time = 0.0320.

WARNING: Nan, Inf or huge value in QACC at DOF 12. The simulation is unstable. Time = 0.0300.

WARNING: Nan, Inf or huge value in QACC at DOF 12. The simulation is unstable. Time = 0.0320.

WARNING: Nan, Inf or huge value in QACC at DOF 12. The simulation is unstable. Time = 0.0320.

WARNING: Nan, Inf or huge value in QACC at DOF 12. The simulation is unstable. Time = 0.0300.

WARNING: Nan, Inf or huge value in QACC at DOF 12. The simulation is unstable. Time = 0.0300.

WARNING: Nan, Inf or huge value in QACC at DOF 12. The simulation is unstable. Time = 0.0280.

----------------------------------------
| rollout/                |            |
|    ep_len_mean          | 4.01       |
|    ep_rew_mean          | -16.1      |
|    success_rate         | 0          |
| time/                   |            |
|    fps                  | 787        |
|    iterations           | 176        |
|    time_elapsed         | 228        |
|    total_timesteps      | 431104     |
| train/                  |            |
|    approx_kl            | 0.01813262 |
|    clip_fraction        | 0.25       |
|    clip_range           | 0.2        |
|    entropy_loss         | -15.5      |
|    explained_variance   | 0.52       |
|    learning_rate        | 0.0003     |
|    loss                 | 348        |
|    n_updates            | 4200       |
|    policy_gradient_loss | -0.0161    |
|    std                  | 1.43       |
|    value_loss           | 345        |
----------------------------------------
WARNING: Nan, Inf or huge value in QACC at DOF 12. The simulation is unstable. Time = 0.0300.

WARNING: Nan, Inf or huge value in QACC at DOF 12. The simulation is unstable. Time = 0.0300.

WARNING: Nan, Inf or huge value in QACC at DOF 12. The simulation is unstable. Time = 0.0320.

WARNING: Nan, Inf or huge value in QACC at DOF 12. The simulation is unstable. Time = 0.0320.

WARNING: Nan, Inf or huge value in QACC at DOF 12. The simulation is unstable. Time = 0.0320.

WARNING: Nan, Inf or huge value in QACC at DOF 12. The simulation is unstable. Time = 0.0340.

WARNING: Nan, Inf or huge value in QACC at DOF 12. The simulation is unstable. Time = 0.0340.

WARNING: Nan, Inf or huge value in QACC at DOF 12. The simulation is unstable. Time = 0.0320.

WARNING: Nan, Inf or huge value in QACC at DOF 12. The simulation is unstable. Time = 0.0300.

WARNING: Nan, Inf or huge value in QACC at DOF 12. The simulation is unstable. Time = 0.0320.

-----------------------------------------
| rollout/                |             |
|    ep_len_mean          | 3.74        |
|    ep_rew_mean          | -15.5       |
|    success_rate         | 0           |
| time/                   |             |
|    fps                  | 787         |
|    iterations           | 177         |
|    time_elapsed         | 230         |
|    total_timesteps      | 432128      |
| train/                  |             |
|    approx_kl            | 0.040840413 |
|    clip_fraction        | 0.264       |
|    clip_range           | 0.2         |
|    entropy_loss         | -15.5       |
|    explained_variance   | 0.834       |
|    learning_rate        | 0.0003      |
|    loss                 | 3.88        |
|    n_updates            | 4210        |
|    policy_gradient_loss | -0.0492     |
|    std                  | 1.43        |
|    value_loss           | 14          |
-----------------------------------------
WARNING: Nan, Inf or huge value in QACC at DOF 12. The simulation is unstable. Time = 0.0300.

WARNING: Nan, Inf or huge value in QACC at DOF 12. The simulation is unstable. Time = 0.0340.

WARNING: Nan, Inf or huge value in QACC at DOF 12. The simulation is unstable. Time = 0.0300.

WARNING: Nan, Inf or huge value in QACC at DOF 12. The simulation is unstable. Time = 0.0320.

WARNING: Nan, Inf or huge value in QACC at DOF 12. The simulation is unstable. Time = 0.0340.

WARNING: Nan, Inf or huge value in QACC at DOF 12. The simulation is unstable. Time = 0.0300.

WARNING: Nan, Inf or huge value in QACC at DOF 12. The simulation is unstable. Time = 0.0320.

WARNING: Nan, Inf or huge value in QACC at DOF 12. The simulation is unstable. Time = 0.0320.

WARNING: Nan, Inf or huge value in QACC at DOF 12. The simulation is unstable. Time = 0.0300.

WARNING: Nan, Inf or huge value in QACC at DOF 12. The simulation is unstable. Time = 0.0320.

-----------------------------------------
| rollout/                |             |
|    ep_len_mean          | 3.4         |
|    ep_rew_mean          | -14.5       |
|    success_rate         | 0           |
| time/                   |             |
|    fps                  | 788         |
|    iterations           | 178         |
|    time_elapsed         | 231         |
|    total_timesteps      | 433152      |
| train/                  |             |
|    approx_kl            | 0.053568497 |
|    clip_fraction        | 0.389       |
|    clip_range           | 0.2         |
|    entropy_loss         | -15.5       |
|    explained_variance   | 0.94        |
|    learning_rate        | 0.0003      |
|    loss                 | 1.5         |
|    n_updates            | 4220        |
|    policy_gradient_loss | -0.0538     |
|    std                  | 1.43        |
|    value_loss           | 6           |
-----------------------------------------
WARNING: Nan, Inf or huge value in QACC at DOF 12. The simulation is unstable. Time = 0.0320.

WARNING: Nan, Inf or huge value in QACC at DOF 12. The simulation is unstable. Time = 0.0300.

WARNING: Nan, Inf or huge value in QACC at DOF 12. The simulation is unstable. Time = 0.0340.

WARNING: Nan, Inf or huge value in QACC at DOF 12. The simulation is unstable. Time = 0.0320.

WARNING: Nan, Inf or huge value in QACC at DOF 12. The simulation is unstable. Time = 0.0300.

WARNING: Nan, Inf or huge value in QACC at DOF 12. The simulation is unstable. Time = 0.0340.

WARNING: Nan, Inf or huge value in QACC at DOF 12. The simulation is unstable. Time = 0.0300.

WARNING: Nan, Inf or huge value in QACC at DOF 12. The simulation is unstable. Time = 0.0320.

WARNING: Nan, Inf or huge value in QACC at DOF 12. The simulation is unstable. Time = 0.0320.

WARNING: Nan, Inf or huge value in QACC at DOF 12. The simulation is unstable. Time = 0.0320.

WARNING: Nan, Inf or huge value in QACC at DOF 12. The simulation is unstable. Time = 0.0320.

WARNING: Nan, Inf or huge value in QACC at DOF 12. The simulation is unstable. Time = 0.0300.

WARNING: Nan, Inf or huge value in QACC at DOF 12. The simulation is unstable. Time = 0.0300.

WARNING: Nan, Inf or huge value in QACC at DOF 12. The simulation is unstable. Time = 0.0300.

WARNING: Nan, Inf or huge value in QACC at DOF 12. The simulation is unstable. Time = 0.0300.

WARNING: Nan, Inf or huge value in QACC at DOF 12. The simulation is unstable. Time = 0.0300.

-----------------------------------------
| rollout/                |             |
|    ep_len_mean          | 3.84        |
|    ep_rew_mean          | -16.5       |
|    success_rate         | 0           |
| time/                   |             |
|    fps                  | 789         |
|    iterations           | 179         |
|    time_elapsed         | 232         |
|    total_timesteps      | 434176      |
| train/                  |             |
|    approx_kl            | 0.017309915 |
|    clip_fraction        | 0.24        |
|    clip_range           | 0.2         |
|    entropy_loss         | -15.5       |
|    explained_variance   | 0.66        |
|    learning_rate        | 0.0003      |
|    loss                 | 84.9        |
|    n_updates            | 4230        |
|    policy_gradient_loss | -0.0256     |
|    std                  | 1.43        |
|    value_loss           | 186         |
-----------------------------------------
WARNING: Nan, Inf or huge value in QACC at DOF 12. The simulation is unstable. Time = 0.0320.

WARNING: Nan, Inf or huge value in QACC at DOF 12. The simulation is unstable. Time = 0.0300.

WARNING: Nan, Inf or huge value in QACC at DOF 12. The simulation is unstable. Time = 0.0300.

WARNING: Nan, Inf or huge value in QACC at DOF 12. The simulation is unstable. Time = 0.0300.

WARNING: Nan, Inf or huge value in QACC at DOF 12. The simulation is unstable. Time = 0.0300.

WARNING: Nan, Inf or huge value in QACC at DOF 12. The simulation is unstable. Time = 0.0340.

WARNING: Nan, Inf or huge value in QACC at DOF 12. The simulation is unstable. Time = 0.0300.

WARNING: Nan, Inf or huge value in QACC at DOF 12. The simulation is unstable. Time = 0.0300.

----------------------------------------
| rollout/                |            |
|    ep_len_mean          | 3.9        |
|    ep_rew_mean          | -15.3      |
|    success_rate         | 0          |
| time/                   |            |
|    fps                  | 790        |
|    iterations           | 180        |
|    time_elapsed         | 233        |
|    total_timesteps      | 435200     |
| train/                  |            |
|    approx_kl            | 0.03708239 |
|    clip_fraction        | 0.302      |
|    clip_range           | 0.2        |
|    entropy_loss         | -15.5      |
|    explained_variance   | 0.912      |
|    learning_rate        | 0.0003     |
|    loss                 | 4.63       |
|    n_updates            | 4240       |
|    policy_gradient_loss | -0.0529    |
|    std                  | 1.43       |
|    value_loss           | 13.5       |
----------------------------------------
WARNING: Nan, Inf or huge value in QACC at DOF 12. The simulation is unstable. Time = 0.0340.

WARNING: Nan, Inf or huge value in QACC at DOF 12. The simulation is unstable. Time = 0.0320.

WARNING: Nan, Inf or huge value in QACC at DOF 12. The simulation is unstable. Time = 0.0320.

WARNING: Nan, Inf or huge value in QACC at DOF 12. The simulation is unstable. Time = 0.0320.

WARNING: Nan, Inf or huge value in QACC at DOF 12. The simulation is unstable. Time = 0.0300.

WARNING: Nan, Inf or huge value in QACC at DOF 12. The simulation is unstable. Time = 0.0280.

WARNING: Nan, Inf or huge value in QACC at DOF 12. The simulation is unstable. Time = 0.0340.

WARNING: Nan, Inf or huge value in QACC at DOF 12. The simulation is unstable. Time = 0.0320.

WARNING: Nan, Inf or huge value in QACC at DOF 12. The simulation is unstable. Time = 0.0300.

WARNING: Nan, Inf or huge value in QACC at DOF 12. The simulation is unstable. Time = 0.0300.

----------------------------------------
| rollout/                |            |
|    ep_len_mean          | 4.21       |
|    ep_rew_mean          | -17.1      |
|    success_rate         | 0          |
| time/                   |            |
|    fps                  | 791        |
|    iterations           | 181        |
|    time_elapsed         | 234        |
|    total_timesteps      | 436224     |
| train/                  |            |
|    approx_kl            | 0.06622034 |
|    clip_fraction        | 0.439      |
|    clip_range           | 0.2        |
|    entropy_loss         | -15.5      |
|    explained_variance   | 0.96       |
|    learning_rate        | 0.0003     |
|    loss                 | 1          |
|    n_updates            | 4250       |
|    policy_gradient_loss | -0.051     |
|    std                  | 1.43       |
|    value_loss           | 4.22       |
----------------------------------------
WARNING: Nan, Inf or huge value in QACC at DOF 12. The simulation is unstable. Time = 0.0340.

WARNING: Nan, Inf or huge value in QACC at DOF 12. The simulation is unstable. Time = 0.0320.

WARNING: Nan, Inf or huge value in QACC at DOF 12. The simulation is unstable. Time = 0.0300.

WARNING: Nan, Inf or huge value in QACC at DOF 12. The simulation is unstable. Time = 0.0300.

WARNING: Nan, Inf or huge value in QACC at DOF 12. The simulation is unstable. Time = 0.0320.

WARNING: Nan, Inf or huge value in QACC at DOF 12. The simulation is unstable. Time = 0.0320.

WARNING: Nan, Inf or huge value in QACC at DOF 12. The simulation is unstable. Time = 0.0320.

WARNING: Nan, Inf or huge value in QACC at DOF 12. The simulation is unstable. Time = 0.0340.

WARNING: Nan, Inf or huge value in QACC at DOF 12. The simulation is unstable. Time = 0.0300.

-----------------------------------------
| rollout/                |             |
|    ep_len_mean          | 4.21        |
|    ep_rew_mean          | -15.8       |
|    success_rate         | 0           |
| time/                   |             |
|    fps                  | 792         |
|    iterations           | 182         |
|    time_elapsed         | 235         |
|    total_timesteps      | 437248      |
| train/                  |             |
|    approx_kl            | 0.034721166 |
|    clip_fraction        | 0.352       |
|    clip_range           | 0.2         |
|    entropy_loss         | -15.5       |
|    explained_variance   | 0.873       |
|    learning_rate        | 0.0003      |
|    loss                 | 6.14        |
|    n_updates            | 4260        |
|    policy_gradient_loss | -0.0346     |
|    std                  | 1.43        |
|    value_loss           | 17.1        |
-----------------------------------------
WARNING: Nan, Inf or huge value in QACC at DOF 12. The simulation is unstable. Time = 0.0320.

WARNING: Nan, Inf or huge value in QACC at DOF 12. The simulation is unstable. Time = 0.0320.

WARNING: Nan, Inf or huge value in QACC at DOF 12. The simulation is unstable. Time = 0.0320.

WARNING: Nan, Inf or huge value in QACC at DOF 12. The simulation is unstable. Time = 0.0320.

WARNING: Nan, Inf or huge value in QACC at DOF 12. The simulation is unstable. Time = 0.0320.

WARNING: Nan, Inf or huge value in QACC at DOF 12. The simulation is unstable. Time = 0.0320.

WARNING: Nan, Inf or huge value in QACC at DOF 12. The simulation is unstable. Time = 0.0300.

WARNING: Nan, Inf or huge value in QACC at DOF 12. The simulation is unstable. Time = 0.0320.

-----------------------------------------
| rollout/                |             |
|    ep_len_mean          | 4.01        |
|    ep_rew_mean          | -14.8       |
|    success_rate         | 0           |
| time/                   |             |
|    fps                  | 792         |
|    iterations           | 183         |
|    time_elapsed         | 236         |
|    total_timesteps      | 438272      |
| train/                  |             |
|    approx_kl            | 0.051087305 |
|    clip_fraction        | 0.421       |
|    clip_range           | 0.2         |
|    entropy_loss         | -15.5       |
|    explained_variance   | 0.956       |
|    learning_rate        | 0.0003      |
|    loss                 | 1.54        |
|    n_updates            | 4270        |
|    policy_gradient_loss | -0.051      |
|    std                  | 1.44        |
|    value_loss           | 5.79        |
-----------------------------------------
WARNING: Nan, Inf or huge value in QACC at DOF 12. The simulation is unstable. Time = 0.0320.

WARNING: Nan, Inf or huge value in QACC at DOF 12. The simulation is unstable. Time = 0.0340.

WARNING: Nan, Inf or huge value in QACC at DOF 12. The simulation is unstable. Time = 0.0340.

WARNING: Nan, Inf or huge value in QACC at DOF 12. The simulation is unstable. Time = 0.0300.

WARNING: Nan, Inf or huge value in QACC at DOF 12. The simulation is unstable. Time = 0.0280.

WARNING: Nan, Inf or huge value in QACC at DOF 12. The simulation is unstable. Time = 0.0320.

WARNING: Nan, Inf or huge value in QACC at DOF 12. The simulation is unstable. Time = 0.0280.

WARNING: Nan, Inf or huge value in QACC at DOF 12. The simulation is unstable. Time = 0.0340.

WARNING: Nan, Inf or huge value in QACC at DOF 12. The simulation is unstable. Time = 0.0320.

WARNING: Nan, Inf or huge value in QACC at DOF 12. The simulation is unstable. Time = 0.0300.

WARNING: Nan, Inf or huge value in QACC at DOF 12. The simulation is unstable. Time = 0.0300.

WARNING: Nan, Inf or huge value in QACC at DOF 12. The simulation is unstable. Time = 0.0320.

WARNING: Nan, Inf or huge value in QACC at DOF 12. The simulation is unstable. Time = 0.0300.

---------------------------------------
| rollout/                |           |
|    ep_len_mean          | 4.63      |
|    ep_rew_mean          | -16.1     |
|    success_rate         | 0         |
| time/                   |           |
|    fps                  | 793       |
|    iterations           | 184       |
|    time_elapsed         | 237       |
|    total_timesteps      | 439296    |
| train/                  |           |
|    approx_kl            | 0.0744773 |
|    clip_fraction        | 0.489     |
|    clip_range           | 0.2       |
|    entropy_loss         | -15.5     |
|    explained_variance   | 0.965     |
|    learning_rate        | 0.0003    |
|    loss                 | 1.3       |
|    n_updates            | 4280      |
|    policy_gradient_loss | -0.0434   |
|    std                  | 1.43      |
|    value_loss           | 3.88      |
---------------------------------------
WARNING: Nan, Inf or huge value in QACC at DOF 12. The simulation is unstable. Time = 0.0320.

WARNING: Nan, Inf or huge value in QACC at DOF 12. The simulation is unstable. Time = 0.0320.

WARNING: Nan, Inf or huge value in QACC at DOF 12. The simulation is unstable. Time = 0.0300.

WARNING: Nan, Inf or huge value in QACC at DOF 12. The simulation is unstable. Time = 0.0300.

WARNING: Nan, Inf or huge value in QACC at DOF 12. The simulation is unstable. Time = 0.0320.

WARNING: Nan, Inf or huge value in QACC at DOF 12. The simulation is unstable. Time = 0.0320.

WARNING: Nan, Inf or huge value in QACC at DOF 12. The simulation is unstable. Time = 0.0320.

WARNING: Nan, Inf or huge value in QACC at DOF 12. The simulation is unstable. Time = 0.0320.

WARNING: Nan, Inf or huge value in QACC at DOF 12. The simulation is unstable. Time = 0.0320.

WARNING: Nan, Inf or huge value in QACC at DOF 12. The simulation is unstable. Time = 0.0320.

WARNING: Nan, Inf or huge value in QACC at DOF 12. The simulation is unstable. Time = 0.0300.

WARNING: Nan, Inf or huge value in QACC at DOF 12. The simulation is unstable. Time = 0.0320.

-----------------------------------------
| rollout/                |             |
|    ep_len_mean          | 5.11        |
|    ep_rew_mean          | -17.7       |
|    success_rate         | 0           |
| time/                   |             |
|    fps                  | 793         |
|    iterations           | 185         |
|    time_elapsed         | 238         |
|    total_timesteps      | 440320      |
| train/                  |             |
|    approx_kl            | 0.049467083 |
|    clip_fraction        | 0.372       |
|    clip_range           | 0.2         |
|    entropy_loss         | -15.5       |
|    explained_variance   | 0.926       |
|    learning_rate        | 0.0003      |
|    loss                 | 2.97        |
|    n_updates            | 4290        |
|    policy_gradient_loss | -0.054      |
|    std                  | 1.43        |
|    value_loss           | 8.46        |
-----------------------------------------
WARNING: Nan, Inf or huge value in QACC at DOF 12. The simulation is unstable. Time = 0.0320.

WARNING: Nan, Inf or huge value in QACC at DOF 12. The simulation is unstable. Time = 0.0320.

WARNING: Nan, Inf or huge value in QACC at DOF 12. The simulation is unstable. Time = 0.0320.

WARNING: Nan, Inf or huge value in QACC at DOF 12. The simulation is unstable. Time = 0.0320.

WARNING: Nan, Inf or huge value in QACC at DOF 12. The simulation is unstable. Time = 0.0320.

WARNING: Nan, Inf or huge value in QACC at DOF 12. The simulation is unstable. Time = 0.0300.

WARNING: Nan, Inf or huge value in QACC at DOF 12. The simulation is unstable. Time = 0.0340.

WARNING: Nan, Inf or huge value in QACC at DOF 12. The simulation is unstable. Time = 0.0340.

WARNING: Nan, Inf or huge value in QACC at DOF 12. The simulation is unstable. Time = 0.0320.

WARNING: Nan, Inf or huge value in QACC at DOF 12. The simulation is unstable. Time = 0.0320.

-----------------------------------------
| rollout/                |             |
|    ep_len_mean          | 4.19        |
|    ep_rew_mean          | -15         |
|    success_rate         | 0           |
| time/                   |             |
|    fps                  | 794         |
|    iterations           | 186         |
|    time_elapsed         | 239         |
|    total_timesteps      | 441344      |
| train/                  |             |
|    approx_kl            | 0.045176428 |
|    clip_fraction        | 0.372       |
|    clip_range           | 0.2         |
|    entropy_loss         | -15.5       |
|    explained_variance   | 0.916       |
|    learning_rate        | 0.0003      |
|    loss                 | 5.92        |
|    n_updates            | 4300        |
|    policy_gradient_loss | -0.0596     |
|    std                  | 1.43        |
|    value_loss           | 11.9        |
-----------------------------------------
WARNING: Nan, Inf or huge value in QACC at DOF 12. The simulation is unstable. Time = 0.0340.

WARNING: Nan, Inf or huge value in QACC at DOF 12. The simulation is unstable. Time = 0.0280.

WARNING: Nan, Inf or huge value in QACC at DOF 12. The simulation is unstable. Time = 0.0300.

WARNING: Nan, Inf or huge value in QACC at DOF 12. The simulation is unstable. Time = 0.0340.

WARNING: Nan, Inf or huge value in QACC at DOF 12. The simulation is unstable. Time = 0.0320.

WARNING: Nan, Inf or huge value in QACC at DOF 12. The simulation is unstable. Time = 0.0340.

WARNING: Nan, Inf or huge value in QACC at DOF 12. The simulation is unstable. Time = 0.0320.

---------------------------------------
| rollout/                |           |
|    ep_len_mean          | 4.77      |
|    ep_rew_mean          | -15.1     |
|    success_rate         | 0         |
| time/                   |           |
|    fps                  | 795       |
|    iterations           | 187       |
|    time_elapsed         | 240       |
|    total_timesteps      | 442368    |
| train/                  |           |
|    approx_kl            | 0.0536664 |
|    clip_fraction        | 0.392     |
|    clip_range           | 0.2       |
|    entropy_loss         | -15.5     |
|    explained_variance   | 0.949     |
|    learning_rate        | 0.0003    |
|    loss                 | 2.59      |
|    n_updates            | 4310      |
|    policy_gradient_loss | -0.0543   |
|    std                  | 1.42      |
|    value_loss           | 5.83      |
---------------------------------------
WARNING: Nan, Inf or huge value in QACC at DOF 12. The simulation is unstable. Time = 0.0300.

WARNING: Nan, Inf or huge value in QACC at DOF 12. The simulation is unstable. Time = 0.0320.

WARNING: Nan, Inf or huge value in QACC at DOF 12. The simulation is unstable. Time = 0.0280.

WARNING: Nan, Inf or huge value in QACC at DOF 12. The simulation is unstable. Time = 0.0320.

WARNING: Nan, Inf or huge value in QACC at DOF 12. The simulation is unstable. Time = 0.0320.

WARNING: Nan, Inf or huge value in QACC at DOF 12. The simulation is unstable. Time = 0.0320.

WARNING: Nan, Inf or huge value in QACC at DOF 12. The simulation is unstable. Time = 0.0340.

-----------------------------------------
| rollout/                |             |
|    ep_len_mean          | 4.1         |
|    ep_rew_mean          | -14.5       |
|    success_rate         | 0           |
| time/                   |             |
|    fps                  | 795         |
|    iterations           | 188         |
|    time_elapsed         | 241         |
|    total_timesteps      | 443392      |
| train/                  |             |
|    approx_kl            | 0.056508295 |
|    clip_fraction        | 0.428       |
|    clip_range           | 0.2         |
|    entropy_loss         | -15.5       |
|    explained_variance   | 0.942       |
|    learning_rate        | 0.0003      |
|    loss                 | 2.03        |
|    n_updates            | 4320        |
|    policy_gradient_loss | -0.0583     |
|    std                  | 1.42        |
|    value_loss           | 5.21        |
-----------------------------------------
WARNING: Nan, Inf or huge value in QACC at DOF 12. The simulation is unstable. Time = 0.0300.

WARNING: Nan, Inf or huge value in QACC at DOF 12. The simulation is unstable. Time = 0.0320.

WARNING: Nan, Inf or huge value in QACC at DOF 12. The simulation is unstable. Time = 0.0320.

WARNING: Nan, Inf or huge value in QACC at DOF 12. The simulation is unstable. Time = 0.0320.

WARNING: Nan, Inf or huge value in QACC at DOF 12. The simulation is unstable. Time = 0.0320.

WARNING: Nan, Inf or huge value in QACC at DOF 12. The simulation is unstable. Time = 0.0320.

WARNING: Nan, Inf or huge value in QACC at DOF 12. The simulation is unstable. Time = 0.0320.

WARNING: Nan, Inf or huge value in QACC at DOF 12. The simulation is unstable. Time = 0.0340.

----------------------------------------
| rollout/                |            |
|    ep_len_mean          | 4.12       |
|    ep_rew_mean          | -14.6      |
|    success_rate         | 0          |
| time/                   |            |
|    fps                  | 796        |
|    iterations           | 189        |
|    time_elapsed         | 243        |
|    total_timesteps      | 444416     |
| train/                  |            |
|    approx_kl            | 0.08280556 |
|    clip_fraction        | 0.466      |
|    clip_range           | 0.2        |
|    entropy_loss         | -15.4      |
|    explained_variance   | 0.928      |
|    learning_rate        | 0.0003     |
|    loss                 | 1.53       |
|    n_updates            | 4330       |
|    policy_gradient_loss | -0.0569    |
|    std                  | 1.42       |
|    value_loss           | 5.26       |
----------------------------------------
WARNING: Nan, Inf or huge value in QACC at DOF 12. The simulation is unstable. Time = 0.0300.

WARNING: Nan, Inf or huge value in QACC at DOF 12. The simulation is unstable. Time = 0.0320.

WARNING: Nan, Inf or huge value in QACC at DOF 12. The simulation is unstable. Time = 0.0320.

WARNING: Nan, Inf or huge value in QACC at DOF 12. The simulation is unstable. Time = 0.0340.

WARNING: Nan, Inf or huge value in QACC at DOF 12. The simulation is unstable. Time = 0.0280.

WARNING: Nan, Inf or huge value in QACC at DOF 12. The simulation is unstable. Time = 0.0280.

WARNING: Nan, Inf or huge value in QACC at DOF 12. The simulation is unstable. Time = 0.0320.

WARNING: Nan, Inf or huge value in QACC at DOF 12. The simulation is unstable. Time = 0.0320.

----------------------------------------
| rollout/                |            |
|    ep_len_mean          | 4.33       |
|    ep_rew_mean          | -14.9      |
|    success_rate         | 0          |
| time/                   |            |
|    fps                  | 797        |
|    iterations           | 190        |
|    time_elapsed         | 244        |
|    total_timesteps      | 445440     |
| train/                  |            |
|    approx_kl            | 0.05624169 |
|    clip_fraction        | 0.383      |
|    clip_range           | 0.2        |
|    entropy_loss         | -15.4      |
|    explained_variance   | 0.92       |
|    learning_rate        | 0.0003     |
|    loss                 | 2.34       |
|    n_updates            | 4340       |
|    policy_gradient_loss | -0.0515    |
|    std                  | 1.41       |
|    value_loss           | 7.01       |
----------------------------------------
WARNING: Nan, Inf or huge value in QACC at DOF 12. The simulation is unstable. Time = 0.0320.

WARNING: Nan, Inf or huge value in QACC at DOF 12. The simulation is unstable. Time = 0.0320.

WARNING: Nan, Inf or huge value in QACC at DOF 12. The simulation is unstable. Time = 0.0300.

WARNING: Nan, Inf or huge value in QACC at DOF 12. The simulation is unstable. Time = 0.0300.

WARNING: Nan, Inf or huge value in QACC at DOF 12. The simulation is unstable. Time = 0.0280.

WARNING: Nan, Inf or huge value in QACC at DOF 12. The simulation is unstable. Time = 0.0320.

WARNING: Nan, Inf or huge value in QACC at DOF 12. The simulation is unstable. Time = 0.0320.

WARNING: Nan, Inf or huge value in QACC at DOF 12. The simulation is unstable. Time = 0.0320.

-----------------------------------------
| rollout/                |             |
|    ep_len_mean          | 4.81        |
|    ep_rew_mean          | -14.5       |
|    success_rate         | 0           |
| time/                   |             |
|    fps                  | 798         |
|    iterations           | 191         |
|    time_elapsed         | 245         |
|    total_timesteps      | 446464      |
| train/                  |             |
|    approx_kl            | 0.042407338 |
|    clip_fraction        | 0.357       |
|    clip_range           | 0.2         |
|    entropy_loss         | -15.4       |
|    explained_variance   | 0.924       |
|    learning_rate        | 0.0003      |
|    loss                 | 2.93        |
|    n_updates            | 4350        |
|    policy_gradient_loss | -0.0541     |
|    std                  | 1.41        |
|    value_loss           | 8           |
-----------------------------------------
WARNING: Nan, Inf or huge value in QACC at DOF 12. The simulation is unstable. Time = 0.0320.

WARNING: Nan, Inf or huge value in QACC at DOF 12. The simulation is unstable. Time = 0.0300.

WARNING: Nan, Inf or huge value in QACC at DOF 12. The simulation is unstable. Time = 0.0300.

WARNING: Nan, Inf or huge value in QACC at DOF 12. The simulation is unstable. Time = 0.0320.

WARNING: Nan, Inf or huge value in QACC at DOF 12. The simulation is unstable. Time = 0.0320.

----------------------------------------
| rollout/                |            |
|    ep_len_mean          | 4.41       |
|    ep_rew_mean          | -14.1      |
|    success_rate         | 0          |
| time/                   |            |
|    fps                  | 798        |
|    iterations           | 192        |
|    time_elapsed         | 246        |
|    total_timesteps      | 447488     |
| train/                  |            |
|    approx_kl            | 0.09553614 |
|    clip_fraction        | 0.39       |
|    clip_range           | 0.2        |
|    entropy_loss         | -15.4      |
|    explained_variance   | 0.912      |
|    learning_rate        | 0.0003     |
|    loss                 | 3.34       |
|    n_updates            | 4360       |
|    policy_gradient_loss | -0.0572    |
|    std                  | 1.41       |
|    value_loss           | 9.6        |
----------------------------------------
WARNING: Nan, Inf or huge value in QACC at DOF 12. The simulation is unstable. Time = 0.0320.

WARNING: Nan, Inf or huge value in QACC at DOF 12. The simulation is unstable. Time = 0.0300.

WARNING: Nan, Inf or huge value in QACC at DOF 12. The simulation is unstable. Time = 0.0340.

WARNING: Nan, Inf or huge value in QACC at DOF 12. The simulation is unstable. Time = 0.0300.

WARNING: Nan, Inf or huge value in QACC at DOF 12. The simulation is unstable. Time = 0.0320.

WARNING: Nan, Inf or huge value in QACC at DOF 12. The simulation is unstable. Time = 0.0320.

-----------------------------------------
| rollout/                |             |
|    ep_len_mean          | 4.33        |
|    ep_rew_mean          | -13.4       |
|    success_rate         | 0           |
| time/                   |             |
|    fps                  | 799         |
|    iterations           | 193         |
|    time_elapsed         | 247         |
|    total_timesteps      | 448512      |
| train/                  |             |
|    approx_kl            | 0.045386456 |
|    clip_fraction        | 0.362       |
|    clip_range           | 0.2         |
|    entropy_loss         | -15.4       |
|    explained_variance   | 0.887       |
|    learning_rate        | 0.0003      |
|    loss                 | 1.93        |
|    n_updates            | 4370        |
|    policy_gradient_loss | -0.055      |
|    std                  | 1.41        |
|    value_loss           | 7.06        |
-----------------------------------------
WARNING: Nan, Inf or huge value in QACC at DOF 12. The simulation is unstable. Time = 0.0320.

WARNING: Nan, Inf or huge value in QACC at DOF 12. The simulation is unstable. Time = 0.0280.

WARNING: Nan, Inf or huge value in QACC at DOF 12. The simulation is unstable. Time = 0.0300.

WARNING: Nan, Inf or huge value in QACC at DOF 12. The simulation is unstable. Time = 0.0320.

WARNING: Nan, Inf or huge value in QACC at DOF 12. The simulation is unstable. Time = 0.0280.

WARNING: Nan, Inf or huge value in QACC at DOF 12. The simulation is unstable. Time = 0.0320.

WARNING: Nan, Inf or huge value in QACC at DOF 12. The simulation is unstable. Time = 0.0320.

WARNING: Nan, Inf or huge value in QACC at DOF 12. The simulation is unstable. Time = 0.0300.

WARNING: Nan, Inf or huge value in QACC at DOF 12. The simulation is unstable. Time = 0.0320.

WARNING: Nan, Inf or huge value in QACC at DOF 12. The simulation is unstable. Time = 0.0320.

-----------------------------------------
| rollout/                |             |
|    ep_len_mean          | 5.04        |
|    ep_rew_mean          | -15.7       |
|    success_rate         | 0           |
| time/                   |             |
|    fps                  | 800         |
|    iterations           | 194         |
|    time_elapsed         | 248         |
|    total_timesteps      | 449536      |
| train/                  |             |
|    approx_kl            | 0.049733557 |
|    clip_fraction        | 0.386       |
|    clip_range           | 0.2         |
|    entropy_loss         | -15.4       |
|    explained_variance   | 0.846       |
|    learning_rate        | 0.0003      |
|    loss                 | 3.37        |
|    n_updates            | 4380        |
|    policy_gradient_loss | -0.0452     |
|    std                  | 1.4         |
|    value_loss           | 6.96        |
-----------------------------------------
WARNING: Nan, Inf or huge value in QACC at DOF 12. The simulation is unstable. Time = 0.0320.

WARNING: Nan, Inf or huge value in QACC at DOF 12. The simulation is unstable. Time = 0.0320.

WARNING: Nan, Inf or huge value in QACC at DOF 12. The simulation is unstable. Time = 0.0320.

WARNING: Nan, Inf or huge value in QACC at DOF 12. The simulation is unstable. Time = 0.0300.

WARNING: Nan, Inf or huge value in QACC at DOF 12. The simulation is unstable. Time = 0.0320.

WARNING: Nan, Inf or huge value in QACC at DOF 12. The simulation is unstable. Time = 0.0320.

-----------------------------------------
| rollout/                |             |
|    ep_len_mean          | 4.6         |
|    ep_rew_mean          | -13.6       |
|    success_rate         | 0           |
| time/                   |             |
|    fps                  | 801         |
|    iterations           | 195         |
|    time_elapsed         | 249         |
|    total_timesteps      | 450560      |
| train/                  |             |
|    approx_kl            | 0.046818588 |
|    clip_fraction        | 0.345       |
|    clip_range           | 0.2         |
|    entropy_loss         | -15.3       |
|    explained_variance   | 0.813       |
|    learning_rate        | 0.0003      |
|    loss                 | 2.72        |
|    n_updates            | 4390        |
|    policy_gradient_loss | -0.0399     |
|    std                  | 1.4         |
|    value_loss           | 25.6        |
-----------------------------------------
WARNING: Nan, Inf or huge value in QACC at DOF 12. The simulation is unstable. Time = 0.0320.

WARNING: Nan, Inf or huge value in QACC at DOF 12. The simulation is unstable. Time = 0.0320.

WARNING: Nan, Inf or huge value in QACC at DOF 12. The simulation is unstable. Time = 0.0320.

WARNING: Nan, Inf or huge value in QACC at DOF 12. The simulation is unstable. Time = 0.0320.

WARNING: Nan, Inf or huge value in QACC at DOF 12. The simulation is unstable. Time = 0.0320.

WARNING: Nan, Inf or huge value in QACC at DOF 12. The simulation is unstable. Time = 0.0300.

WARNING: Nan, Inf or huge value in QACC at DOF 12. The simulation is unstable. Time = 0.0320.

----------------------------------------
| rollout/                |            |
|    ep_len_mean          | 4.71       |
|    ep_rew_mean          | -13.7      |
|    success_rate         | 0          |
| time/                   |            |
|    fps                  | 802        |
|    iterations           | 196        |
|    time_elapsed         | 250        |
|    total_timesteps      | 451584     |
| train/                  |            |
|    approx_kl            | 0.07515046 |
|    clip_fraction        | 0.419      |
|    clip_range           | 0.2        |
|    entropy_loss         | -15.3      |
|    explained_variance   | 0.925      |
|    learning_rate        | 0.0003     |
|    loss                 | 1.82       |
|    n_updates            | 4400       |
|    policy_gradient_loss | -0.0511    |
|    std                  | 1.4        |
|    value_loss           | 5.7        |
----------------------------------------
WARNING: Nan, Inf or huge value in QACC at DOF 12. The simulation is unstable. Time = 0.0320.

WARNING: Nan, Inf or huge value in QACC at DOF 12. The simulation is unstable. Time = 0.0320.

WARNING: Nan, Inf or huge value in QACC at DOF 12. The simulation is unstable. Time = 0.0300.

WARNING: Nan, Inf or huge value in QACC at DOF 12. The simulation is unstable. Time = 0.0320.

WARNING: Nan, Inf or huge value in QACC at DOF 12. The simulation is unstable. Time = 0.0300.

WARNING: Nan, Inf or huge value in QACC at DOF 12. The simulation is unstable. Time = 0.0340.

WARNING: Nan, Inf or huge value in QACC at DOF 12. The simulation is unstable. Time = 0.0320.

WARNING: Nan, Inf or huge value in QACC at DOF 12. The simulation is unstable. Time = 0.0320.

-----------------------------------------
| rollout/                |             |
|    ep_len_mean          | 4.88        |
|    ep_rew_mean          | -13.7       |
|    success_rate         | 0           |
| time/                   |             |
|    fps                  | 802         |
|    iterations           | 197         |
|    time_elapsed         | 251         |
|    total_timesteps      | 452608      |
| train/                  |             |
|    approx_kl            | 0.058666255 |
|    clip_fraction        | 0.432       |
|    clip_range           | 0.2         |
|    entropy_loss         | -15.3       |
|    explained_variance   | 0.935       |
|    learning_rate        | 0.0003      |
|    loss                 | 2.17        |
|    n_updates            | 4410        |
|    policy_gradient_loss | -0.0456     |
|    std                  | 1.4         |
|    value_loss           | 6.55        |
-----------------------------------------
WARNING: Nan, Inf or huge value in QACC at DOF 12. The simulation is unstable. Time = 0.0300.

WARNING: Nan, Inf or huge value in QACC at DOF 12. The simulation is unstable. Time = 0.0340.

----------------------------------------
| rollout/                |            |
|    ep_len_mean          | 4.48       |
|    ep_rew_mean          | -12.1      |
|    success_rate         | 0          |
| time/                   |            |
|    fps                  | 803        |
|    iterations           | 198        |
|    time_elapsed         | 252        |
|    total_timesteps      | 453632     |
| train/                  |            |
|    approx_kl            | 0.05516059 |
|    clip_fraction        | 0.411      |
|    clip_range           | 0.2        |
|    entropy_loss         | -15.3      |
|    explained_variance   | 0.947      |
|    learning_rate        | 0.0003     |
|    loss                 | 3.05       |
|    n_updates            | 4420       |
|    policy_gradient_loss | -0.0576    |
|    std                  | 1.39       |
|    value_loss           | 6.46       |
----------------------------------------
WARNING: Nan, Inf or huge value in QACC at DOF 12. The simulation is unstable. Time = 0.0300.

WARNING: Nan, Inf or huge value in QACC at DOF 12. The simulation is unstable. Time = 0.0340.

WARNING: Nan, Inf or huge value in QACC at DOF 12. The simulation is unstable. Time = 0.0340.

WARNING: Nan, Inf or huge value in QACC at DOF 12. The simulation is unstable. Time = 0.0340.

WARNING: Nan, Inf or huge value in QACC at DOF 12. The simulation is unstable. Time = 0.0320.

WARNING: Nan, Inf or huge value in QACC at DOF 12. The simulation is unstable. Time = 0.0320.

----------------------------------------
| rollout/                |            |
|    ep_len_mean          | 4.67       |
|    ep_rew_mean          | -13        |
|    success_rate         | 0          |
| time/                   |            |
|    fps                  | 804        |
|    iterations           | 199        |
|    time_elapsed         | 253        |
|    total_timesteps      | 454656     |
| train/                  |            |
|    approx_kl            | 0.07321969 |
|    clip_fraction        | 0.433      |
|    clip_range           | 0.2        |
|    entropy_loss         | -15.2      |
|    explained_variance   | 0.914      |
|    learning_rate        | 0.0003     |
|    loss                 | 1.73       |
|    n_updates            | 4430       |
|    policy_gradient_loss | -0.0435    |
|    std                  | 1.39       |
|    value_loss           | 3.98       |
----------------------------------------
WARNING: Nan, Inf or huge value in QACC at DOF 12. The simulation is unstable. Time = 0.0320.

WARNING: Nan, Inf or huge value in QACC at DOF 12. The simulation is unstable. Time = 0.0320.

WARNING: Nan, Inf or huge value in QACC at DOF 12. The simulation is unstable. Time = 0.0320.

WARNING: Nan, Inf or huge value in QACC at DOF 12. The simulation is unstable. Time = 0.0300.

WARNING: Nan, Inf or huge value in QACC at DOF 12. The simulation is unstable. Time = 0.0300.

WARNING: Nan, Inf or huge value in QACC at DOF 12. The simulation is unstable. Time = 0.0300.

WARNING: Nan, Inf or huge value in QACC at DOF 12. The simulation is unstable. Time = 0.0320.

WARNING: Nan, Inf or huge value in QACC at DOF 12. The simulation is unstable. Time = 0.0320.

WARNING: Nan, Inf or huge value in QACC at DOF 12. The simulation is unstable. Time = 0.0340.

WARNING: Nan, Inf or huge value in QACC at DOF 12. The simulation is unstable. Time = 0.0340.

----------------------------------------
| rollout/                |            |
|    ep_len_mean          | 5.28       |
|    ep_rew_mean          | -13.7      |
|    success_rate         | 0          |
| time/                   |            |
|    fps                  | 804        |
|    iterations           | 200        |
|    time_elapsed         | 254        |
|    total_timesteps      | 455680     |
| train/                  |            |
|    approx_kl            | 0.05890163 |
|    clip_fraction        | 0.456      |
|    clip_range           | 0.2        |
|    entropy_loss         | -15.3      |
|    explained_variance   | 0.901      |
|    learning_rate        | 0.0003     |
|    loss                 | 2.84       |
|    n_updates            | 4440       |
|    policy_gradient_loss | -0.0422    |
|    std                  | 1.4        |
|    value_loss           | 7.32       |
----------------------------------------
WARNING: Nan, Inf or huge value in QACC at DOF 12. The simulation is unstable. Time = 0.0300.

WARNING: Nan, Inf or huge value in QACC at DOF 12. The simulation is unstable. Time = 0.0320.

WARNING: Nan, Inf or huge value in QACC at DOF 12. The simulation is unstable. Time = 0.0300.

WARNING: Nan, Inf or huge value in QACC at DOF 12. The simulation is unstable. Time = 0.0300.

WARNING: Nan, Inf or huge value in QACC at DOF 12. The simulation is unstable. Time = 0.0320.

WARNING: Nan, Inf or huge value in QACC at DOF 12. The simulation is unstable. Time = 0.0320.

WARNING: Nan, Inf or huge value in QACC at DOF 12. The simulation is unstable. Time = 0.0300.

WARNING: Nan, Inf or huge value in QACC at DOF 12. The simulation is unstable. Time = 0.0320.

WARNING: Nan, Inf or huge value in QACC at DOF 12. The simulation is unstable. Time = 0.0300.

WARNING: Nan, Inf or huge value in QACC at DOF 12. The simulation is unstable. Time = 0.0320.

-----------------------------------------
| rollout/                |             |
|    ep_len_mean          | 5.24        |
|    ep_rew_mean          | -14.1       |
|    success_rate         | 0           |
| time/                   |             |
|    fps                  | 805         |
|    iterations           | 201         |
|    time_elapsed         | 255         |
|    total_timesteps      | 456704      |
| train/                  |             |
|    approx_kl            | 0.046586815 |
|    clip_fraction        | 0.344       |
|    clip_range           | 0.2         |
|    entropy_loss         | -15.3       |
|    explained_variance   | 0.942       |
|    learning_rate        | 0.0003      |
|    loss                 | 2.68        |
|    n_updates            | 4450        |
|    policy_gradient_loss | -0.0563     |
|    std                  | 1.4         |
|    value_loss           | 8.2         |
-----------------------------------------
WARNING: Nan, Inf or huge value in QACC at DOF 12. The simulation is unstable. Time = 0.0320.

WARNING: Nan, Inf or huge value in QACC at DOF 12. The simulation is unstable. Time = 0.0320.

WARNING: Nan, Inf or huge value in QACC at DOF 12. The simulation is unstable. Time = 0.0320.

WARNING: Nan, Inf or huge value in QACC at DOF 12. The simulation is unstable. Time = 0.0320.

WARNING: Nan, Inf or huge value in QACC at DOF 12. The simulation is unstable. Time = 0.0320.

WARNING: Nan, Inf or huge value in QACC at DOF 12. The simulation is unstable. Time = 0.0320.

-----------------------------------------
| rollout/                |             |
|    ep_len_mean          | 4.57        |
|    ep_rew_mean          | -12.4       |
|    success_rate         | 0           |
| time/                   |             |
|    fps                  | 805         |
|    iterations           | 202         |
|    time_elapsed         | 256         |
|    total_timesteps      | 457728      |
| train/                  |             |
|    approx_kl            | 0.019360755 |
|    clip_fraction        | 0.212       |
|    clip_range           | 0.2         |
|    entropy_loss         | -15.3       |
|    explained_variance   | 0.767       |
|    learning_rate        | 0.0003      |
|    loss                 | 7.02        |
|    n_updates            | 4460        |
|    policy_gradient_loss | -0.0393     |
|    std                  | 1.4         |
|    value_loss           | 33.4        |
-----------------------------------------
WARNING: Nan, Inf or huge value in QACC at DOF 12. The simulation is unstable. Time = 0.0280.

WARNING: Nan, Inf or huge value in QACC at DOF 12. The simulation is unstable. Time = 0.0260.

WARNING: Nan, Inf or huge value in QACC at DOF 12. The simulation is unstable. Time = 0.0320.

WARNING: Nan, Inf or huge value in QACC at DOF 12. The simulation is unstable. Time = 0.0320.

WARNING: Nan, Inf or huge value in QACC at DOF 12. The simulation is unstable. Time = 0.0320.

WARNING: Nan, Inf or huge value in QACC at DOF 12. The simulation is unstable. Time = 0.0340.

WARNING: Nan, Inf or huge value in QACC at DOF 12. The simulation is unstable. Time = 0.0260.

----------------------------------------
| rollout/                |            |
|    ep_len_mean          | 5.07       |
|    ep_rew_mean          | -12.4      |
|    success_rate         | 0          |
| time/                   |            |
|    fps                  | 806        |
|    iterations           | 203        |
|    time_elapsed         | 257        |
|    total_timesteps      | 458752     |
| train/                  |            |
|    approx_kl            | 0.04543719 |
|    clip_fraction        | 0.398      |
|    clip_range           | 0.2        |
|    entropy_loss         | -15.3      |
|    explained_variance   | 0.929      |
|    learning_rate        | 0.0003     |
|    loss                 | 1.75       |
|    n_updates            | 4470       |
|    policy_gradient_loss | -0.0547    |
|    std                  | 1.39       |
|    value_loss           | 5.52       |
----------------------------------------
WARNING: Nan, Inf or huge value in QACC at DOF 12. The simulation is unstable. Time = 0.0320.

WARNING: Nan, Inf or huge value in QACC at DOF 12. The simulation is unstable. Time = 0.0280.

WARNING: Nan, Inf or huge value in QACC at DOF 12. The simulation is unstable. Time = 0.0300.

WARNING: Nan, Inf or huge value in QACC at DOF 12. The simulation is unstable. Time = 0.0320.

WARNING: Nan, Inf or huge value in QACC at DOF 12. The simulation is unstable. Time = 0.0320.

WARNING: Nan, Inf or huge value in QACC at DOF 12. The simulation is unstable. Time = 0.0300.

WARNING: Nan, Inf or huge value in QACC at DOF 12. The simulation is unstable. Time = 0.0320.

WARNING: Nan, Inf or huge value in QACC at DOF 12. The simulation is unstable. Time = 0.0300.

WARNING: Nan, Inf or huge value in QACC at DOF 12. The simulation is unstable. Time = 0.0320.

----------------------------------------
| rollout/                |            |
|    ep_len_mean          | 5.12       |
|    ep_rew_mean          | -12.7      |
|    success_rate         | 0          |
| time/                   |            |
|    fps                  | 807        |
|    iterations           | 204        |
|    time_elapsed         | 258        |
|    total_timesteps      | 459776     |
| train/                  |            |
|    approx_kl            | 0.04682505 |
|    clip_fraction        | 0.394      |
|    clip_range           | 0.2        |
|    entropy_loss         | -15.2      |
|    explained_variance   | 0.927      |
|    learning_rate        | 0.0003     |
|    loss                 | 2.45       |
|    n_updates            | 4480       |
|    policy_gradient_loss | -0.0548    |
|    std                  | 1.39       |
|    value_loss           | 6.65       |
----------------------------------------
WARNING: Nan, Inf or huge value in QACC at DOF 12. The simulation is unstable. Time = 0.0300.

WARNING: Nan, Inf or huge value in QACC at DOF 12. The simulation is unstable. Time = 0.0340.

WARNING: Nan, Inf or huge value in QACC at DOF 12. The simulation is unstable. Time = 0.0300.

WARNING: Nan, Inf or huge value in QACC at DOF 12. The simulation is unstable. Time = 0.0300.

WARNING: Nan, Inf or huge value in QACC at DOF 12. The simulation is unstable. Time = 0.0340.

----------------------------------------
| rollout/                |            |
|    ep_len_mean          | 4.76       |
|    ep_rew_mean          | -12.2      |
|    success_rate         | 0          |
| time/                   |            |
|    fps                  | 807        |
|    iterations           | 205        |
|    time_elapsed         | 259        |
|    total_timesteps      | 460800     |
| train/                  |            |
|    approx_kl            | 0.04559576 |
|    clip_fraction        | 0.378      |
|    clip_range           | 0.2        |
|    entropy_loss         | -15.2      |
|    explained_variance   | 0.946      |
|    learning_rate        | 0.0003     |
|    loss                 | 2.25       |
|    n_updates            | 4490       |
|    policy_gradient_loss | -0.0553    |
|    std                  | 1.39       |
|    value_loss           | 6.08       |
----------------------------------------
WARNING: Nan, Inf or huge value in QACC at DOF 12. The simulation is unstable. Time = 0.0320.

WARNING: Nan, Inf or huge value in QACC at DOF 12. The simulation is unstable. Time = 0.0320.

WARNING: Nan, Inf or huge value in QACC at DOF 12. The simulation is unstable. Time = 0.0320.

WARNING: Nan, Inf or huge value in QACC at DOF 12. The simulation is unstable. Time = 0.0320.

WARNING: Nan, Inf or huge value in QACC at DOF 12. The simulation is unstable. Time = 0.0300.

WARNING: Nan, Inf or huge value in QACC at DOF 12. The simulation is unstable. Time = 0.0300.

WARNING: Nan, Inf or huge value in QACC at DOF 12. The simulation is unstable. Time = 0.0320.

WARNING: Nan, Inf or huge value in QACC at DOF 12. The simulation is unstable. Time = 0.0320.

WARNING: Nan, Inf or huge value in QACC at DOF 12. The simulation is unstable. Time = 0.0300.

-----------------------------------------
| rollout/                |             |
|    ep_len_mean          | 5.17        |
|    ep_rew_mean          | -13.8       |
|    success_rate         | 0           |
| time/                   |             |
|    fps                  | 808         |
|    iterations           | 206         |
|    time_elapsed         | 261         |
|    total_timesteps      | 461824      |
| train/                  |             |
|    approx_kl            | 0.044010013 |
|    clip_fraction        | 0.36        |
|    clip_range           | 0.2         |
|    entropy_loss         | -15.2       |
|    explained_variance   | 0.906       |
|    learning_rate        | 0.0003      |
|    loss                 | 2.23        |
|    n_updates            | 4500        |
|    policy_gradient_loss | -0.0478     |
|    std                  | 1.39        |
|    value_loss           | 6.78        |
-----------------------------------------
WARNING: Nan, Inf or huge value in QACC at DOF 12. The simulation is unstable. Time = 0.0340.

WARNING: Nan, Inf or huge value in QACC at DOF 12. The simulation is unstable. Time = 0.0340.

WARNING: Nan, Inf or huge value in QACC at DOF 12. The simulation is unstable. Time = 0.0320.

-----------------------------------------
| rollout/                |             |
|    ep_len_mean          | 8           |
|    ep_rew_mean          | -15.6       |
|    success_rate         | 0.01        |
| time/                   |             |
|    fps                  | 809         |
|    iterations           | 207         |
|    time_elapsed         | 261         |
|    total_timesteps      | 462848      |
| train/                  |             |
|    approx_kl            | 0.052438747 |
|    clip_fraction        | 0.353       |
|    clip_range           | 0.2         |
|    entropy_loss         | -15.2       |
|    explained_variance   | 0.94        |
|    learning_rate        | 0.0003      |
|    loss                 | 3.78        |
|    n_updates            | 4510        |
|    policy_gradient_loss | -0.0551     |
|    std                  | 1.39        |
|    value_loss           | 7.04        |
-----------------------------------------
WARNING: Nan, Inf or huge value in QACC at DOF 12. The simulation is unstable. Time = 0.0280.

WARNING: Nan, Inf or huge value in QACC at DOF 12. The simulation is unstable. Time = 0.0320.

WARNING: Nan, Inf or huge value in QACC at DOF 12. The simulation is unstable. Time = 0.0340.

WARNING: Nan, Inf or huge value in QACC at DOF 12. The simulation is unstable. Time = 0.0320.

WARNING: Nan, Inf or huge value in QACC at DOF 12. The simulation is unstable. Time = 0.0320.

WARNING: Nan, Inf or huge value in QACC at DOF 12. The simulation is unstable. Time = 0.0320.

WARNING: Nan, Inf or huge value in QACC at DOF 12. The simulation is unstable. Time = 0.0320.

WARNING: Nan, Inf or huge value in QACC at DOF 12. The simulation is unstable. Time = 0.0340.

WARNING: Nan, Inf or huge value in QACC at DOF 12. The simulation is unstable. Time = 0.0320.

----------------------------------------
| rollout/                |            |
|    ep_len_mean          | 5.18       |
|    ep_rew_mean          | -13.7      |
|    success_rate         | 0          |
| time/                   |            |
|    fps                  | 809        |
|    iterations           | 208        |
|    time_elapsed         | 263        |
|    total_timesteps      | 463872     |
| train/                  |            |
|    approx_kl            | 0.01367059 |
|    clip_fraction        | 0.204      |
|    clip_range           | 0.2        |
|    entropy_loss         | -15.2      |
|    explained_variance   | 0.681      |
|    learning_rate        | 0.0003     |
|    loss                 | 40.9       |
|    n_updates            | 4520       |
|    policy_gradient_loss | -0.0287    |
|    std                  | 1.39       |
|    value_loss           | 146        |
----------------------------------------
WARNING: Nan, Inf or huge value in QACC at DOF 12. The simulation is unstable. Time = 0.0340.

WARNING: Nan, Inf or huge value in QACC at DOF 12. The simulation is unstable. Time = 0.0320.

WARNING: Nan, Inf or huge value in QACC at DOF 12. The simulation is unstable. Time = 0.0300.

WARNING: Nan, Inf or huge value in QACC at DOF 12. The simulation is unstable. Time = 0.0320.

WARNING: Nan, Inf or huge value in QACC at DOF 12. The simulation is unstable. Time = 0.0280.

WARNING: Nan, Inf or huge value in QACC at DOF 12. The simulation is unstable. Time = 0.0340.

WARNING: Nan, Inf or huge value in QACC at DOF 12. The simulation is unstable. Time = 0.0300.

-----------------------------------------
| rollout/                |             |
|    ep_len_mean          | 4.86        |
|    ep_rew_mean          | -12         |
|    success_rate         | 0           |
| time/                   |             |
|    fps                  | 809         |
|    iterations           | 209         |
|    time_elapsed         | 264         |
|    total_timesteps      | 464896      |
| train/                  |             |
|    approx_kl            | 0.024651438 |
|    clip_fraction        | 0.264       |
|    clip_range           | 0.2         |
|    entropy_loss         | -15.2       |
|    explained_variance   | 0.829       |
|    learning_rate        | 0.0003      |
|    loss                 | 5.91        |
|    n_updates            | 4530        |
|    policy_gradient_loss | -0.0367     |
|    std                  | 1.39        |
|    value_loss           | 44.5        |
-----------------------------------------
WARNING: Nan, Inf or huge value in QACC at DOF 12. The simulation is unstable. Time = 0.0320.

WARNING: Nan, Inf or huge value in QACC at DOF 12. The simulation is unstable. Time = 0.0340.

WARNING: Nan, Inf or huge value in QACC at DOF 12. The simulation is unstable. Time = 0.0280.

WARNING: Nan, Inf or huge value in QACC at DOF 12. The simulation is unstable. Time = 0.0320.

WARNING: Nan, Inf or huge value in QACC at DOF 12. The simulation is unstable. Time = 0.0320.

----------------------------------------
| rollout/                |            |
|    ep_len_mean          | 4.68       |
|    ep_rew_mean          | -12.8      |
|    success_rate         | 0          |
| time/                   |            |
|    fps                  | 810        |
|    iterations           | 210        |
|    time_elapsed         | 265        |
|    total_timesteps      | 465920     |
| train/                  |            |
|    approx_kl            | 0.03563822 |
|    clip_fraction        | 0.323      |
|    clip_range           | 0.2        |
|    entropy_loss         | -15.2      |
|    explained_variance   | 0.808      |
|    learning_rate        | 0.0003     |
|    loss                 | 1.87       |
|    n_updates            | 4540       |
|    policy_gradient_loss | -0.043     |
|    std                  | 1.39       |
|    value_loss           | 18.7       |
----------------------------------------
WARNING: Nan, Inf or huge value in QACC at DOF 12. The simulation is unstable. Time = 0.0320.

WARNING: Nan, Inf or huge value in QACC at DOF 12. The simulation is unstable. Time = 0.0340.

WARNING: Nan, Inf or huge value in QACC at DOF 12. The simulation is unstable. Time = 0.0320.

WARNING: Nan, Inf or huge value in QACC at DOF 12. The simulation is unstable. Time = 0.0340.

WARNING: Nan, Inf or huge value in QACC at DOF 12. The simulation is unstable. Time = 0.0320.

WARNING: Nan, Inf or huge value in QACC at DOF 12. The simulation is unstable. Time = 0.0340.

-----------------------------------------
| rollout/                |             |
|    ep_len_mean          | 5.1         |
|    ep_rew_mean          | -12.4       |
|    success_rate         | 0           |
| time/                   |             |
|    fps                  | 811         |
|    iterations           | 211         |
|    time_elapsed         | 266         |
|    total_timesteps      | 466944      |
| train/                  |             |
|    approx_kl            | 0.012431428 |
|    clip_fraction        | 0.128       |
|    clip_range           | 0.2         |
|    entropy_loss         | -15.2       |
|    explained_variance   | 0.639       |
|    learning_rate        | 0.0003      |
|    loss                 | 120         |
|    n_updates            | 4550        |
|    policy_gradient_loss | -0.0268     |
|    std                  | 1.39        |
|    value_loss           | 562         |
-----------------------------------------
WARNING: Nan, Inf or huge value in QACC at DOF 12. The simulation is unstable. Time = 0.0300.

WARNING: Nan, Inf or huge value in QACC at DOF 12. The simulation is unstable. Time = 0.0340.

WARNING: Nan, Inf or huge value in QACC at DOF 12. The simulation is unstable. Time = 0.0300.

WARNING: Nan, Inf or huge value in QACC at DOF 12. The simulation is unstable. Time = 0.0300.

-----------------------------------------
| rollout/                |             |
|    ep_len_mean          | 5.86        |
|    ep_rew_mean          | -12.6       |
|    success_rate         | 0           |
| time/                   |             |
|    fps                  | 812         |
|    iterations           | 212         |
|    time_elapsed         | 267         |
|    total_timesteps      | 467968      |
| train/                  |             |
|    approx_kl            | 0.051045395 |
|    clip_fraction        | 0.315       |
|    clip_range           | 0.2         |
|    entropy_loss         | -15.2       |
|    explained_variance   | 0.807       |
|    learning_rate        | 0.0003      |
|    loss                 | 4.18        |
|    n_updates            | 4560        |
|    policy_gradient_loss | -0.0422     |
|    std                  | 1.39        |
|    value_loss           | 10.9        |
-----------------------------------------
WARNING: Nan, Inf or huge value in QACC at DOF 12. The simulation is unstable. Time = 0.0320.

WARNING: Nan, Inf or huge value in QACC at DOF 12. The simulation is unstable. Time = 0.0320.

WARNING: Nan, Inf or huge value in QACC at DOF 12. The simulation is unstable. Time = 0.0320.

WARNING: Nan, Inf or huge value in QACC at DOF 12. The simulation is unstable. Time = 0.0320.

WARNING: Nan, Inf or huge value in QACC at DOF 12. The simulation is unstable. Time = 0.0320.

WARNING: Nan, Inf or huge value in QACC at DOF 12. The simulation is unstable. Time = 0.0340.

WARNING: Nan, Inf or huge value in QACC at DOF 12. The simulation is unstable. Time = 0.0320.

WARNING: Nan, Inf or huge value in QACC at DOF 12. The simulation is unstable. Time = 0.0320.

WARNING: Nan, Inf or huge value in QACC at DOF 12. The simulation is unstable. Time = 0.0320.

WARNING: Nan, Inf or huge value in QACC at DOF 12. The simulation is unstable. Time = 0.0320.

-----------------------------------------
| rollout/                |             |
|    ep_len_mean          | 6.34        |
|    ep_rew_mean          | -14.7       |
|    success_rate         | 0           |
| time/                   |             |
|    fps                  | 812         |
|    iterations           | 213         |
|    time_elapsed         | 268         |
|    total_timesteps      | 468992      |
| train/                  |             |
|    approx_kl            | 0.031287447 |
|    clip_fraction        | 0.337       |
|    clip_range           | 0.2         |
|    entropy_loss         | -15.2       |
|    explained_variance   | 0.788       |
|    learning_rate        | 0.0003      |
|    loss                 | 6.4         |
|    n_updates            | 4570        |
|    policy_gradient_loss | -0.0479     |
|    std                  | 1.39        |
|    value_loss           | 21.1        |
-----------------------------------------
WARNING: Nan, Inf or huge value in QACC at DOF 12. The simulation is unstable. Time = 0.0340.

WARNING: Nan, Inf or huge value in QACC at DOF 12. The simulation is unstable. Time = 0.0320.

WARNING: Nan, Inf or huge value in QACC at DOF 12. The simulation is unstable. Time = 0.0320.

WARNING: Nan, Inf or huge value in QACC at DOF 12. The simulation is unstable. Time = 0.0320.

WARNING: Nan, Inf or huge value in QACC at DOF 12. The simulation is unstable. Time = 0.0280.

WARNING: Nan, Inf or huge value in QACC at DOF 12. The simulation is unstable. Time = 0.0300.

WARNING: Nan, Inf or huge value in QACC at DOF 12. The simulation is unstable. Time = 0.0260.

WARNING: Nan, Inf or huge value in QACC at DOF 12. The simulation is unstable. Time = 0.0320.

-----------------------------------------
| rollout/                |             |
|    ep_len_mean          | 8.55        |
|    ep_rew_mean          | -18.9       |
|    success_rate         | 0.01        |
| time/                   |             |
|    fps                  | 814         |
|    iterations           | 214         |
|    time_elapsed         | 269         |
|    total_timesteps      | 470016      |
| train/                  |             |
|    approx_kl            | 0.013914873 |
|    clip_fraction        | 0.156       |
|    clip_range           | 0.2         |
|    entropy_loss         | -15.2       |
|    explained_variance   | 0.692       |
|    learning_rate        | 0.0003      |
|    loss                 | 48.2        |
|    n_updates            | 4580        |
|    policy_gradient_loss | -0.0359     |
|    std                  | 1.39        |
|    value_loss           | 122         |
-----------------------------------------
WARNING: Nan, Inf or huge value in QACC at DOF 12. The simulation is unstable. Time = 0.0320.

-----------------------------------------
| rollout/                |             |
|    ep_len_mean          | 5.07        |
|    ep_rew_mean          | -11.7       |
|    success_rate         | 0           |
| time/                   |             |
|    fps                  | 814         |
|    iterations           | 215         |
|    time_elapsed         | 270         |
|    total_timesteps      | 471040      |
| train/                  |             |
|    approx_kl            | 0.014713094 |
|    clip_fraction        | 0.118       |
|    clip_range           | 0.2         |
|    entropy_loss         | -15.2       |
|    explained_variance   | 0.842       |
|    learning_rate        | 0.0003      |
|    loss                 | 164         |
|    n_updates            | 4590        |
|    policy_gradient_loss | -0.038      |
|    std                  | 1.4         |
|    value_loss           | 332         |
-----------------------------------------
WARNING: Nan, Inf or huge value in QACC at DOF 12. The simulation is unstable. Time = 0.0300.

WARNING: Nan, Inf or huge value in QACC at DOF 12. The simulation is unstable. Time = 0.0280.

WARNING: Nan, Inf or huge value in QACC at DOF 12. The simulation is unstable. Time = 0.0320.

WARNING: Nan, Inf or huge value in QACC at DOF 12. The simulation is unstable. Time = 0.0340.

----------------------------------------
| rollout/                |            |
|    ep_len_mean          | 5.76       |
|    ep_rew_mean          | -12.7      |
|    success_rate         | 0          |
| time/                   |            |
|    fps                  | 815        |
|    iterations           | 216        |
|    time_elapsed         | 271        |
|    total_timesteps      | 472064     |
| train/                  |            |
|    approx_kl            | 0.03684465 |
|    clip_fraction        | 0.335      |
|    clip_range           | 0.2        |
|    entropy_loss         | -15.2      |
|    explained_variance   | 0.574      |
|    learning_rate        | 0.0003     |
|    loss                 | 12.5       |
|    n_updates            | 4600       |
|    policy_gradient_loss | -0.0407    |
|    std                  | 1.4        |
|    value_loss           | 20.4       |
----------------------------------------
WARNING: Nan, Inf or huge value in QACC at DOF 12. The simulation is unstable. Time = 0.0320.

WARNING: Nan, Inf or huge value in QACC at DOF 12. The simulation is unstable. Time = 0.0340.

WARNING: Nan, Inf or huge value in QACC at DOF 12. The simulation is unstable. Time = 0.0340.

WARNING: Nan, Inf or huge value in QACC at DOF 12. The simulation is unstable. Time = 0.0300.

WARNING: Nan, Inf or huge value in QACC at DOF 12. The simulation is unstable. Time = 0.0340.

WARNING: Nan, Inf or huge value in QACC at DOF 12. The simulation is unstable. Time = 0.0300.

WARNING: Nan, Inf or huge value in QACC at DOF 12. The simulation is unstable. Time = 0.0320.

---------------------------------------
| rollout/                |           |
|    ep_len_mean          | 5.76      |
|    ep_rew_mean          | -13       |
|    success_rate         | 0         |
| time/                   |           |
|    fps                  | 816       |
|    iterations           | 217       |
|    time_elapsed         | 272       |
|    total_timesteps      | 473088    |
| train/                  |           |
|    approx_kl            | 0.0329412 |
|    clip_fraction        | 0.371     |
|    clip_range           | 0.2       |
|    entropy_loss         | -15.2     |
|    explained_variance   | 0.808     |
|    learning_rate        | 0.0003    |
|    loss                 | 14.8      |
|    n_updates            | 4610      |
|    policy_gradient_loss | -0.0433   |
|    std                  | 1.4       |
|    value_loss           | 24.2      |
---------------------------------------
WARNING: Nan, Inf or huge value in QACC at DOF 12. The simulation is unstable. Time = 0.0320.

WARNING: Nan, Inf or huge value in QACC at DOF 12. The simulation is unstable. Time = 0.0340.

WARNING: Nan, Inf or huge value in QACC at DOF 12. The simulation is unstable. Time = 0.0340.

WARNING: Nan, Inf or huge value in QACC at DOF 12. The simulation is unstable. Time = 0.0320.

/opt/homebrew/Caskroom/miniforge/base/lib/python3.12/multiprocessing/resource_tracker.py:279: UserWarning: resource_tracker: There appear to be 1 leaked semaphore objects to clean up at shutdown
  warnings.warn('resource_tracker: There appear to be %d '
