
=== /Users/youpeixing/ws/allegro_rod_mvp/.venv/bin/python /Users/youpeixing/ws/allegro_rod_mvp/scripts/train.py --stage 0 --steps 150000 ===
Using cpu device
Logging to checkpoints/stage0/tb/PPO_1
---------------------------------
| rollout/           |          |
|    ep_len_mean     | 43.5     |
|    ep_rew_mean     | -184     |
|    success_rate    | 0        |
| time/              |          |
|    fps             | 1265     |
|    iterations      | 1        |
|    time_elapsed    | 0        |
|    total_timesteps | 1024     |
---------------------------------
-----------------------------------------
| rollout/                |             |
|    ep_len_mean          | 60.5        |
|    ep_rew_mean          | -173        |
|    success_rate         | 0           |
| time/                   |             |
|    fps                  | 1218        |
|    iterations           | 2           |
|    time_elapsed         | 1           |
|    total_timesteps      | 2048        |
| train/                  |             |
|    approx_kl            | 0.016371652 |
|    clip_fraction        | 0.214       |
|    clip_range           | 0.2         |
|    entropy_loss         | -12.8       |
|    explained_variance   | 0.00628     |
|    learning_rate        | 0.0003      |
|    loss                 | 1.01e+03    |
|    n_updates            | 10          |
|    policy_gradient_loss | -0.0382     |
|    std                  | 0.999       |
|    value_loss           | 2.38e+03    |
-----------------------------------------
-----------------------------------------
| rollout/                |             |
|    ep_len_mean          | 64.9        |
|    ep_rew_mean          | -168        |
|    success_rate         | 0           |
| time/                   |             |
|    fps                  | 1224        |
|    iterations           | 3           |
|    time_elapsed         | 2           |
|    total_timesteps      | 3072        |
| train/                  |             |
|    approx_kl            | 0.023394112 |
|    clip_fraction        | 0.214       |
|    clip_range           | 0.2         |
|    entropy_loss         | -12.8       |
|    explained_variance   | 0.0701      |
|    learning_rate        | 0.0003      |
|    loss                 | 566         |
|    n_updates            | 20          |
|    policy_gradient_loss | -0.0434     |
|    std                  | 1           |
|    value_loss           | 1.21e+03    |
-----------------------------------------
-----------------------------------------
| rollout/                |             |
|    ep_len_mean          | 70.3        |
|    ep_rew_mean          | -162        |
|    success_rate         | 0           |
| time/                   |             |
|    fps                  | 1231        |
|    iterations           | 4           |
|    time_elapsed         | 3           |
|    total_timesteps      | 4096        |
| train/                  |             |
|    approx_kl            | 0.021727473 |
|    clip_fraction        | 0.221       |
|    clip_range           | 0.2         |
|    entropy_loss         | -12.8       |
|    explained_variance   | 0.176       |
|    learning_rate        | 0.0003      |
|    loss                 | 377         |
|    n_updates            | 30          |
|    policy_gradient_loss | -0.0419     |
|    std                  | 1           |
|    value_loss           | 796         |
-----------------------------------------
-----------------------------------------
| rollout/                |             |
|    ep_len_mean          | 78.6        |
|    ep_rew_mean          | -155        |
|    success_rate         | 0           |
| time/                   |             |
|    fps                  | 1241        |
|    iterations           | 5           |
|    time_elapsed         | 4           |
|    total_timesteps      | 5120        |
| train/                  |             |
|    approx_kl            | 0.034857206 |
|    clip_fraction        | 0.294       |
|    clip_range           | 0.2         |
|    entropy_loss         | -12.8       |
|    explained_variance   | 0.068       |
|    learning_rate        | 0.0003      |
|    loss                 | 253         |
|    n_updates            | 40          |
|    policy_gradient_loss | -0.0495     |
|    std                  | 1           |
|    value_loss           | 484         |
-----------------------------------------
-----------------------------------------
| rollout/                |             |
|    ep_len_mean          | 90.3        |
|    ep_rew_mean          | -154        |
|    success_rate         | 0           |
| time/                   |             |
|    fps                  | 1250        |
|    iterations           | 6           |
|    time_elapsed         | 4           |
|    total_timesteps      | 6144        |
| train/                  |             |
|    approx_kl            | 0.030056057 |
|    clip_fraction        | 0.326       |
|    clip_range           | 0.2         |
|    entropy_loss         | -12.8       |
|    explained_variance   | 0.174       |
|    learning_rate        | 0.0003      |
|    loss                 | 32.8        |
|    n_updates            | 50          |
|    policy_gradient_loss | -0.0447     |
|    std                  | 1           |
|    value_loss           | 99.7        |
-----------------------------------------
----------------------------------------
| rollout/                |            |
|    ep_len_mean          | 94.2       |
|    ep_rew_mean          | -150       |
|    success_rate         | 0          |
| time/                   |            |
|    fps                  | 1256       |
|    iterations           | 7          |
|    time_elapsed         | 5          |
|    total_timesteps      | 7168       |
| train/                  |            |
|    approx_kl            | 0.02751172 |
|    clip_fraction        | 0.23       |
|    clip_range           | 0.2        |
|    entropy_loss         | -12.8      |
|    explained_variance   | -0.306     |
|    learning_rate        | 0.0003     |
|    loss                 | 143        |
|    n_updates            | 60         |
|    policy_gradient_loss | -0.0355    |
|    std                  | 1          |
|    value_loss           | 355        |
----------------------------------------
-----------------------------------------
| rollout/                |             |
|    ep_len_mean          | 99.7        |
|    ep_rew_mean          | -147        |
|    success_rate         | 0           |
| time/                   |             |
|    fps                  | 1261        |
|    iterations           | 8           |
|    time_elapsed         | 6           |
|    total_timesteps      | 8192        |
| train/                  |             |
|    approx_kl            | 0.034103937 |
|    clip_fraction        | 0.299       |
|    clip_range           | 0.2         |
|    entropy_loss         | -12.8       |
|    explained_variance   | 0.139       |
|    learning_rate        | 0.0003      |
|    loss                 | 90.6        |
|    n_updates            | 70          |
|    policy_gradient_loss | -0.0518     |
|    std                  | 1.01        |
|    value_loss           | 263         |
-----------------------------------------
-----------------------------------------
| rollout/                |             |
|    ep_len_mean          | 106         |
|    ep_rew_mean          | -142        |
|    success_rate         | 0           |
| time/                   |             |
|    fps                  | 1264        |
|    iterations           | 9           |
|    time_elapsed         | 7           |
|    total_timesteps      | 9216        |
| train/                  |             |
|    approx_kl            | 0.036977112 |
|    clip_fraction        | 0.372       |
|    clip_range           | 0.2         |
|    entropy_loss         | -12.8       |
|    explained_variance   | 0.415       |
|    learning_rate        | 0.0003      |
|    loss                 | 29.2        |
|    n_updates            | 80          |
|    policy_gradient_loss | -0.0486     |
|    std                  | 1.01        |
|    value_loss           | 75.3        |
-----------------------------------------
-----------------------------------------
| rollout/                |             |
|    ep_len_mean          | 115         |
|    ep_rew_mean          | -138        |
|    success_rate         | 0           |
| time/                   |             |
|    fps                  | 1267        |
|    iterations           | 10          |
|    time_elapsed         | 8           |
|    total_timesteps      | 10240       |
| train/                  |             |
|    approx_kl            | 0.039802555 |
|    clip_fraction        | 0.408       |
|    clip_range           | 0.2         |
|    entropy_loss         | -12.8       |
|    explained_variance   | 0.595       |
|    learning_rate        | 0.0003      |
|    loss                 | 37.7        |
|    n_updates            | 90          |
|    policy_gradient_loss | -0.0465     |
|    std                  | 1.01        |
|    value_loss           | 76.2        |
-----------------------------------------
-----------------------------------------
| rollout/                |             |
|    ep_len_mean          | 120         |
|    ep_rew_mean          | -132        |
|    success_rate         | 0           |
| time/                   |             |
|    fps                  | 1269        |
|    iterations           | 11          |
|    time_elapsed         | 8           |
|    total_timesteps      | 11264       |
| train/                  |             |
|    approx_kl            | 0.080158174 |
|    clip_fraction        | 0.467       |
|    clip_range           | 0.2         |
|    entropy_loss         | -12.9       |
|    explained_variance   | 0.667       |
|    learning_rate        | 0.0003      |
|    loss                 | 1.33        |
|    n_updates            | 100         |
|    policy_gradient_loss | -0.0393     |
|    std                  | 1.01        |
|    value_loss           | 8.85        |
-----------------------------------------
-----------------------------------------
| rollout/                |             |
|    ep_len_mean          | 127         |
|    ep_rew_mean          | -127        |
|    success_rate         | 0           |
| time/                   |             |
|    fps                  | 1267        |
|    iterations           | 12          |
|    time_elapsed         | 9           |
|    total_timesteps      | 12288       |
| train/                  |             |
|    approx_kl            | 0.054333575 |
|    clip_fraction        | 0.478       |
|    clip_range           | 0.2         |
|    entropy_loss         | -12.9       |
|    explained_variance   | 0.732       |
|    learning_rate        | 0.0003      |
|    loss                 | 1.52        |
|    n_updates            | 110         |
|    policy_gradient_loss | -0.0393     |
|    std                  | 1.02        |
|    value_loss           | 1.15        |
-----------------------------------------
-----------------------------------------
| rollout/                |             |
|    ep_len_mean          | 131         |
|    ep_rew_mean          | -122        |
|    success_rate         | 0           |
| time/                   |             |
|    fps                  | 1268        |
|    iterations           | 13          |
|    time_elapsed         | 10          |
|    total_timesteps      | 13312       |
| train/                  |             |
|    approx_kl            | 0.040171184 |
|    clip_fraction        | 0.379       |
|    clip_range           | 0.2         |
|    entropy_loss         | -12.9       |
|    explained_variance   | 0.889       |
|    learning_rate        | 0.0003      |
|    loss                 | 0.00061     |
|    n_updates            | 120         |
|    policy_gradient_loss | -0.0414     |
|    std                  | 1.02        |
|    value_loss           | 0.91        |
-----------------------------------------
-----------------------------------------
| rollout/                |             |
|    ep_len_mean          | 141         |
|    ep_rew_mean          | -115        |
|    success_rate         | 0           |
| time/                   |             |
|    fps                  | 1270        |
|    iterations           | 14          |
|    time_elapsed         | 11          |
|    total_timesteps      | 14336       |
| train/                  |             |
|    approx_kl            | 0.050201118 |
|    clip_fraction        | 0.409       |
|    clip_range           | 0.2         |
|    entropy_loss         | -13         |
|    explained_variance   | 0.818       |
|    learning_rate        | 0.0003      |
|    loss                 | -0.146      |
|    n_updates            | 130         |
|    policy_gradient_loss | -0.0334     |
|    std                  | 1.03        |
|    value_loss           | 0.512       |
-----------------------------------------
-----------------------------------------
| rollout/                |             |
|    ep_len_mean          | 148         |
|    ep_rew_mean          | -109        |
|    success_rate         | 0           |
| time/                   |             |
|    fps                  | 1271        |
|    iterations           | 15          |
|    time_elapsed         | 12          |
|    total_timesteps      | 15360       |
| train/                  |             |
|    approx_kl            | 0.040733725 |
|    clip_fraction        | 0.381       |
|    clip_range           | 0.2         |
|    entropy_loss         | -13         |
|    explained_variance   | 0.815       |
|    learning_rate        | 0.0003      |
|    loss                 | -0.154      |
|    n_updates            | 140         |
|    policy_gradient_loss | -0.0337     |
|    std                  | 1.03        |
|    value_loss           | 0.236       |
-----------------------------------------
-----------------------------------------
| rollout/                |             |
|    ep_len_mean          | 159         |
|    ep_rew_mean          | -105        |
|    success_rate         | 0           |
| time/                   |             |
|    fps                  | 1272        |
|    iterations           | 16          |
|    time_elapsed         | 12          |
|    total_timesteps      | 16384       |
| train/                  |             |
|    approx_kl            | 0.041621804 |
|    clip_fraction        | 0.363       |
|    clip_range           | 0.2         |
|    entropy_loss         | -13.1       |
|    explained_variance   | 0.865       |
|    learning_rate        | 0.0003      |
|    loss                 | -0.138      |
|    n_updates            | 150         |
|    policy_gradient_loss | -0.0389     |
|    std                  | 1.04        |
|    value_loss           | 0.166       |
-----------------------------------------
-----------------------------------------
| rollout/                |             |
|    ep_len_mean          | 166         |
|    ep_rew_mean          | -98.5       |
|    success_rate         | 0           |
| time/                   |             |
|    fps                  | 1272        |
|    iterations           | 17          |
|    time_elapsed         | 13          |
|    total_timesteps      | 17408       |
| train/                  |             |
|    approx_kl            | 0.018571798 |
|    clip_fraction        | 0.208       |
|    clip_range           | 0.2         |
|    entropy_loss         | -13.1       |
|    explained_variance   | -0.01       |
|    learning_rate        | 0.0003      |
|    loss                 | 2.72        |
|    n_updates            | 160         |
|    policy_gradient_loss | -0.0246     |
|    std                  | 1.04        |
|    value_loss           | 14.4        |
-----------------------------------------
-----------------------------------------
| rollout/                |             |
|    ep_len_mean          | 174         |
|    ep_rew_mean          | -93.6       |
|    success_rate         | 0           |
| time/                   |             |
|    fps                  | 1273        |
|    iterations           | 18          |
|    time_elapsed         | 14          |
|    total_timesteps      | 18432       |
| train/                  |             |
|    approx_kl            | 0.042788435 |
|    clip_fraction        | 0.368       |
|    clip_range           | 0.2         |
|    entropy_loss         | -13.1       |
|    explained_variance   | -2.44       |
|    learning_rate        | 0.0003      |
|    loss                 | -0.165      |
|    n_updates            | 170         |
|    policy_gradient_loss | -0.0387     |
|    std                  | 1.04        |
|    value_loss           | 0.136       |
-----------------------------------------
-----------------------------------------
| rollout/                |             |
|    ep_len_mean          | 182         |
|    ep_rew_mean          | -86         |
|    success_rate         | 0           |
| time/                   |             |
|    fps                  | 1274        |
|    iterations           | 19          |
|    time_elapsed         | 15          |
|    total_timesteps      | 19456       |
| train/                  |             |
|    approx_kl            | 0.034910277 |
|    clip_fraction        | 0.333       |
|    clip_range           | 0.2         |
|    entropy_loss         | -13.1       |
|    explained_variance   | 0.759       |
|    learning_rate        | 0.0003      |
|    loss                 | -0.0773     |
|    n_updates            | 180         |
|    policy_gradient_loss | -0.0424     |
|    std                  | 1.04        |
|    value_loss           | 0.253       |
-----------------------------------------
-----------------------------------------
| rollout/                |             |
|    ep_len_mean          | 188         |
|    ep_rew_mean          | -81.2       |
|    success_rate         | 0           |
| time/                   |             |
|    fps                  | 1271        |
|    iterations           | 20          |
|    time_elapsed         | 16          |
|    total_timesteps      | 20480       |
| train/                  |             |
|    approx_kl            | 0.035567142 |
|    clip_fraction        | 0.344       |
|    clip_range           | 0.2         |
|    entropy_loss         | -13.1       |
|    explained_variance   | 0.537       |
|    learning_rate        | 0.0003      |
|    loss                 | -0.113      |
|    n_updates            | 190         |
|    policy_gradient_loss | -0.0369     |
|    std                  | 1.04        |
|    value_loss           | 0.568       |
-----------------------------------------
-----------------------------------------
| rollout/                |             |
|    ep_len_mean          | 198         |
|    ep_rew_mean          | -77.4       |
|    success_rate         | 0           |
| time/                   |             |
|    fps                  | 1272        |
|    iterations           | 21          |
|    time_elapsed         | 16          |
|    total_timesteps      | 21504       |
| train/                  |             |
|    approx_kl            | 0.017432557 |
|    clip_fraction        | 0.184       |
|    clip_range           | 0.2         |
|    entropy_loss         | -13.1       |
|    explained_variance   | 0.316       |
|    learning_rate        | 0.0003      |
|    loss                 | 7.52        |
|    n_updates            | 200         |
|    policy_gradient_loss | -0.0241     |
|    std                  | 1.04        |
|    value_loss           | 23.7        |
-----------------------------------------
-----------------------------------------
| rollout/                |             |
|    ep_len_mean          | 204         |
|    ep_rew_mean          | -69.9       |
|    success_rate         | 0           |
| time/                   |             |
|    fps                  | 1274        |
|    iterations           | 22          |
|    time_elapsed         | 17          |
|    total_timesteps      | 22528       |
| train/                  |             |
|    approx_kl            | 0.037900962 |
|    clip_fraction        | 0.304       |
|    clip_range           | 0.2         |
|    entropy_loss         | -13.1       |
|    explained_variance   | -0.191      |
|    learning_rate        | 0.0003      |
|    loss                 | -0.113      |
|    n_updates            | 210         |
|    policy_gradient_loss | -0.0382     |
|    std                  | 1.04        |
|    value_loss           | 0.373       |
-----------------------------------------
----------------------------------------
| rollout/                |            |
|    ep_len_mean          | 214        |
|    ep_rew_mean          | -63.3      |
|    success_rate         | 0          |
| time/                   |            |
|    fps                  | 1276       |
|    iterations           | 23         |
|    time_elapsed         | 18         |
|    total_timesteps      | 23552      |
| train/                  |            |
|    approx_kl            | 0.03684125 |
|    clip_fraction        | 0.365      |
|    clip_range           | 0.2        |
|    entropy_loss         | -13.1      |
|    explained_variance   | 0.611      |
|    learning_rate        | 0.0003     |
|    loss                 | -0.169     |
|    n_updates            | 220        |
|    policy_gradient_loss | -0.0462    |
|    std                  | 1.04       |
|    value_loss           | 0.0816     |
----------------------------------------
-----------------------------------------
| rollout/                |             |
|    ep_len_mean          | 221         |
|    ep_rew_mean          | -57.4       |
|    success_rate         | 0           |
| time/                   |             |
|    fps                  | 1277        |
|    iterations           | 24          |
|    time_elapsed         | 19          |
|    total_timesteps      | 24576       |
| train/                  |             |
|    approx_kl            | 0.041600164 |
|    clip_fraction        | 0.422       |
|    clip_range           | 0.2         |
|    entropy_loss         | -13.2       |
|    explained_variance   | 0.869       |
|    learning_rate        | 0.0003      |
|    loss                 | -0.164      |
|    n_updates            | 230         |
|    policy_gradient_loss | -0.0511     |
|    std                  | 1.05        |
|    value_loss           | 0.0576      |
-----------------------------------------
----------------------------------------
| rollout/                |            |
|    ep_len_mean          | 228        |
|    ep_rew_mean          | -54.2      |
|    success_rate         | 0          |
| time/                   |            |
|    fps                  | 1274       |
|    iterations           | 25         |
|    time_elapsed         | 20         |
|    total_timesteps      | 25600      |
| train/                  |            |
|    approx_kl            | 0.04426977 |
|    clip_fraction        | 0.377      |
|    clip_range           | 0.2        |
|    entropy_loss         | -13.2      |
|    explained_variance   | 0.281      |
|    learning_rate        | 0.0003     |
|    loss                 | -0.062     |
|    n_updates            | 240        |
|    policy_gradient_loss | -0.0377    |
|    std                  | 1.05       |
|    value_loss           | 0.397      |
----------------------------------------
-----------------------------------------
| rollout/                |             |
|    ep_len_mean          | 236         |
|    ep_rew_mean          | -49.5       |
|    success_rate         | 0           |
| time/                   |             |
|    fps                  | 1275        |
|    iterations           | 26          |
|    time_elapsed         | 20          |
|    total_timesteps      | 26624       |
| train/                  |             |
|    approx_kl            | 0.016418485 |
|    clip_fraction        | 0.251       |
|    clip_range           | 0.2         |
|    entropy_loss         | -13.2       |
|    explained_variance   | 0.0142      |
|    learning_rate        | 0.0003      |
|    loss                 | 8.5         |
|    n_updates            | 250         |
|    policy_gradient_loss | -0.0252     |
|    std                  | 1.05        |
|    value_loss           | 38.7        |
-----------------------------------------
----------------------------------------
| rollout/                |            |
|    ep_len_mean          | 243        |
|    ep_rew_mean          | -45.6      |
|    success_rate         | 0          |
| time/                   |            |
|    fps                  | 1277       |
|    iterations           | 27         |
|    time_elapsed         | 21         |
|    total_timesteps      | 27648      |
| train/                  |            |
|    approx_kl            | 0.02050497 |
|    clip_fraction        | 0.244      |
|    clip_range           | 0.2        |
|    entropy_loss         | -13.2      |
|    explained_variance   | 0.373      |
|    learning_rate        | 0.0003     |
|    loss                 | 0.897      |
|    n_updates            | 260        |
|    policy_gradient_loss | -0.0351    |
|    std                  | 1.05       |
|    value_loss           | 4.71       |
----------------------------------------
----------------------------------------
| rollout/                |            |
|    ep_len_mean          | 252        |
|    ep_rew_mean          | -41.7      |
|    success_rate         | 0          |
| time/                   |            |
|    fps                  | 1278       |
|    iterations           | 28         |
|    time_elapsed         | 22         |
|    total_timesteps      | 28672      |
| train/                  |            |
|    approx_kl            | 0.04571421 |
|    clip_fraction        | 0.392      |
|    clip_range           | 0.2        |
|    entropy_loss         | -13.2      |
|    explained_variance   | 0.328      |
|    learning_rate        | 0.0003     |
|    loss                 | -0.048     |
|    n_updates            | 270        |
|    policy_gradient_loss | -0.0479    |
|    std                  | 1.05       |
|    value_loss           | 0.533      |
----------------------------------------
-----------------------------------------
| rollout/                |             |
|    ep_len_mean          | 258         |
|    ep_rew_mean          | -39         |
|    success_rate         | 0           |
| time/                   |             |
|    fps                  | 1280        |
|    iterations           | 29          |
|    time_elapsed         | 23          |
|    total_timesteps      | 29696       |
| train/                  |             |
|    approx_kl            | 0.020567855 |
|    clip_fraction        | 0.238       |
|    clip_range           | 0.2         |
|    entropy_loss         | -13.2       |
|    explained_variance   | 0.186       |
|    learning_rate        | 0.0003      |
|    loss                 | 2.21        |
|    n_updates            | 280         |
|    policy_gradient_loss | -0.0303     |
|    std                  | 1.05        |
|    value_loss           | 9.61        |
-----------------------------------------
----------------------------------------
| rollout/                |            |
|    ep_len_mean          | 264        |
|    ep_rew_mean          | -33        |
|    success_rate         | 0          |
| time/                   |            |
|    fps                  | 1281       |
|    iterations           | 30         |
|    time_elapsed         | 23         |
|    total_timesteps      | 30720      |
| train/                  |            |
|    approx_kl            | 0.03759913 |
|    clip_fraction        | 0.321      |
|    clip_range           | 0.2        |
|    entropy_loss         | -13.2      |
|    explained_variance   | 0.609      |
|    learning_rate        | 0.0003     |
|    loss                 | -0.136     |
|    n_updates            | 290        |
|    policy_gradient_loss | -0.0399    |
|    std                  | 1.05       |
|    value_loss           | 0.14       |
----------------------------------------
-----------------------------------------
| rollout/                |             |
|    ep_len_mean          | 269         |
|    ep_rew_mean          | -30.6       |
|    success_rate         | 0           |
| time/                   |             |
|    fps                  | 1282        |
|    iterations           | 31          |
|    time_elapsed         | 24          |
|    total_timesteps      | 31744       |
| train/                  |             |
|    approx_kl            | 0.031841815 |
|    clip_fraction        | 0.368       |
|    clip_range           | 0.2         |
|    entropy_loss         | -13.3       |
|    explained_variance   | 0.751       |
|    learning_rate        | 0.0003      |
|    loss                 | -0.177      |
|    n_updates            | 300         |
|    policy_gradient_loss | -0.0461     |
|    std                  | 1.06        |
|    value_loss           | 0.0529      |
-----------------------------------------
-----------------------------------------
| rollout/                |             |
|    ep_len_mean          | 270         |
|    ep_rew_mean          | -28.8       |
|    success_rate         | 0           |
| time/                   |             |
|    fps                  | 1282        |
|    iterations           | 32          |
|    time_elapsed         | 25          |
|    total_timesteps      | 32768       |
| train/                  |             |
|    approx_kl            | 0.035017766 |
|    clip_fraction        | 0.349       |
|    clip_range           | 0.2         |
|    entropy_loss         | -13.3       |
|    explained_variance   | 0.728       |
|    learning_rate        | 0.0003      |
|    loss                 | -0.0751     |
|    n_updates            | 310         |
|    policy_gradient_loss | -0.037      |
|    std                  | 1.07        |
|    value_loss           | 0.228       |
-----------------------------------------
-----------------------------------------
| rollout/                |             |
|    ep_len_mean          | 273         |
|    ep_rew_mean          | -23.6       |
|    success_rate         | 0           |
| time/                   |             |
|    fps                  | 1283        |
|    iterations           | 33          |
|    time_elapsed         | 26          |
|    total_timesteps      | 33792       |
| train/                  |             |
|    approx_kl            | 0.012940334 |
|    clip_fraction        | 0.146       |
|    clip_range           | 0.2         |
|    entropy_loss         | -13.3       |
|    explained_variance   | 0.094       |
|    learning_rate        | 0.0003      |
|    loss                 | 1.6         |
|    n_updates            | 320         |
|    policy_gradient_loss | -0.0242     |
|    std                  | 1.07        |
|    value_loss           | 31.3        |
-----------------------------------------
-----------------------------------------
| rollout/                |             |
|    ep_len_mean          | 278         |
|    ep_rew_mean          | -21.6       |
|    success_rate         | 0           |
| time/                   |             |
|    fps                  | 1284        |
|    iterations           | 34          |
|    time_elapsed         | 27          |
|    total_timesteps      | 34816       |
| train/                  |             |
|    approx_kl            | 0.018090393 |
|    clip_fraction        | 0.261       |
|    clip_range           | 0.2         |
|    entropy_loss         | -13.3       |
|    explained_variance   | 0.116       |
|    learning_rate        | 0.0003      |
|    loss                 | 0.339       |
|    n_updates            | 330         |
|    policy_gradient_loss | -0.0235     |
|    std                  | 1.07        |
|    value_loss           | 4.22        |
-----------------------------------------
----------------------------------------
| rollout/                |            |
|    ep_len_mean          | 287        |
|    ep_rew_mean          | -15.7      |
|    success_rate         | 0          |
| time/                   |            |
|    fps                  | 1285       |
|    iterations           | 35         |
|    time_elapsed         | 27         |
|    total_timesteps      | 35840      |
| train/                  |            |
|    approx_kl            | 0.03368423 |
|    clip_fraction        | 0.314      |
|    clip_range           | 0.2        |
|    entropy_loss         | -13.4      |
|    explained_variance   | 0.0616     |
|    learning_rate        | 0.0003     |
|    loss                 | 1.04       |
|    n_updates            | 340        |
|    policy_gradient_loss | -0.0271    |
|    std                  | 1.07       |
|    value_loss           | 3.66       |
----------------------------------------
-----------------------------------------
| rollout/                |             |
|    ep_len_mean          | 290         |
|    ep_rew_mean          | -13         |
|    success_rate         | 0           |
| time/                   |             |
|    fps                  | 1286        |
|    iterations           | 36          |
|    time_elapsed         | 28          |
|    total_timesteps      | 36864       |
| train/                  |             |
|    approx_kl            | 0.015342186 |
|    clip_fraction        | 0.181       |
|    clip_range           | 0.2         |
|    entropy_loss         | -13.4       |
|    explained_variance   | 0.218       |
|    learning_rate        | 0.0003      |
|    loss                 | 4.05        |
|    n_updates            | 350         |
|    policy_gradient_loss | -0.0256     |
|    std                  | 1.07        |
|    value_loss           | 12.8        |
-----------------------------------------
-----------------------------------------
| rollout/                |             |
|    ep_len_mean          | 292         |
|    ep_rew_mean          | -11.9       |
|    success_rate         | 0           |
| time/                   |             |
|    fps                  | 1286        |
|    iterations           | 37          |
|    time_elapsed         | 29          |
|    total_timesteps      | 37888       |
| train/                  |             |
|    approx_kl            | 0.037902378 |
|    clip_fraction        | 0.359       |
|    clip_range           | 0.2         |
|    entropy_loss         | -13.4       |
|    explained_variance   | -13.3       |
|    learning_rate        | 0.0003      |
|    loss                 | -0.185      |
|    n_updates            | 360         |
|    policy_gradient_loss | -0.0323     |
|    std                  | 1.08        |
|    value_loss           | 0.0215      |
-----------------------------------------
-----------------------------------------
| rollout/                |             |
|    ep_len_mean          | 293         |
|    ep_rew_mean          | -9.02       |
|    success_rate         | 0           |
| time/                   |             |
|    fps                  | 1287        |
|    iterations           | 38          |
|    time_elapsed         | 30          |
|    total_timesteps      | 38912       |
| train/                  |             |
|    approx_kl            | 0.038360693 |
|    clip_fraction        | 0.36        |
|    clip_range           | 0.2         |
|    entropy_loss         | -13.5       |
|    explained_variance   | -0.0442     |
|    learning_rate        | 0.0003      |
|    loss                 | -0.188      |
|    n_updates            | 370         |
|    policy_gradient_loss | -0.0224     |
|    std                  | 1.08        |
|    value_loss           | 0.00579     |
-----------------------------------------
----------------------------------------
| rollout/                |            |
|    ep_len_mean          | 293        |
|    ep_rew_mean          | -8.67      |
|    success_rate         | 0          |
| time/                   |            |
|    fps                  | 1288       |
|    iterations           | 39         |
|    time_elapsed         | 31         |
|    total_timesteps      | 39936      |
| train/                  |            |
|    approx_kl            | 0.03323053 |
|    clip_fraction        | 0.28       |
|    clip_range           | 0.2        |
|    entropy_loss         | -13.5      |
|    explained_variance   | -4.2       |
|    learning_rate        | 0.0003     |
|    loss                 | -0.136     |
|    n_updates            | 380        |
|    policy_gradient_loss | -0.0185    |
|    std                  | 1.09       |
|    value_loss           | 0.368      |
----------------------------------------
-----------------------------------------
| rollout/                |             |
|    ep_len_mean          | 296         |
|    ep_rew_mean          | -8.56       |
|    success_rate         | 0           |
| time/                   |             |
|    fps                  | 1288        |
|    iterations           | 40          |
|    time_elapsed         | 31          |
|    total_timesteps      | 40960       |
| train/                  |             |
|    approx_kl            | 0.028933883 |
|    clip_fraction        | 0.293       |
|    clip_range           | 0.2         |
|    entropy_loss         | -13.5       |
|    explained_variance   | -4.52       |
|    learning_rate        | 0.0003      |
|    loss                 | -0.152      |
|    n_updates            | 390         |
|    policy_gradient_loss | -0.0261     |
|    std                  | 1.09        |
|    value_loss           | 0.0181      |
-----------------------------------------
-----------------------------------------
| rollout/                |             |
|    ep_len_mean          | 296         |
|    ep_rew_mean          | -8.48       |
|    success_rate         | 0           |
| time/                   |             |
|    fps                  | 1289        |
|    iterations           | 41          |
|    time_elapsed         | 32          |
|    total_timesteps      | 41984       |
| train/                  |             |
|    approx_kl            | 0.028056838 |
|    clip_fraction        | 0.315       |
|    clip_range           | 0.2         |
|    entropy_loss         | -13.5       |
|    explained_variance   | 0.0914      |
|    learning_rate        | 0.0003      |
|    loss                 | 0.393       |
|    n_updates            | 400         |
|    policy_gradient_loss | -0.0232     |
|    std                  | 1.09        |
|    value_loss           | 0.371       |
-----------------------------------------
-----------------------------------------
| rollout/                |             |
|    ep_len_mean          | 297         |
|    ep_rew_mean          | -8.82       |
|    success_rate         | 0           |
| time/                   |             |
|    fps                  | 1288        |
|    iterations           | 42          |
|    time_elapsed         | 33          |
|    total_timesteps      | 43008       |
| train/                  |             |
|    approx_kl            | 0.041049205 |
|    clip_fraction        | 0.362       |
|    clip_range           | 0.2         |
|    entropy_loss         | -13.6       |
|    explained_variance   | -0.497      |
|    learning_rate        | 0.0003      |
|    loss                 | -0.165      |
|    n_updates            | 410         |
|    policy_gradient_loss | -0.0269     |
|    std                  | 1.09        |
|    value_loss           | 0.0228      |
-----------------------------------------
-----------------------------------------
| rollout/                |             |
|    ep_len_mean          | 297         |
|    ep_rew_mean          | -8.64       |
|    success_rate         | 0           |
| time/                   |             |
|    fps                  | 1288        |
|    iterations           | 43          |
|    time_elapsed         | 34          |
|    total_timesteps      | 44032       |
| train/                  |             |
|    approx_kl            | 0.011753762 |
|    clip_fraction        | 0.196       |
|    clip_range           | 0.2         |
|    entropy_loss         | -13.6       |
|    explained_variance   | 0.0727      |
|    learning_rate        | 0.0003      |
|    loss                 | 6.33        |
|    n_updates            | 420         |
|    policy_gradient_loss | -0.0199     |
|    std                  | 1.1         |
|    value_loss           | 27.5        |
-----------------------------------------
-----------------------------------------
| rollout/                |             |
|    ep_len_mean          | 297         |
|    ep_rew_mean          | -8.6        |
|    success_rate         | 0           |
| time/                   |             |
|    fps                  | 1287        |
|    iterations           | 44          |
|    time_elapsed         | 34          |
|    total_timesteps      | 45056       |
| train/                  |             |
|    approx_kl            | 0.027146976 |
|    clip_fraction        | 0.289       |
|    clip_range           | 0.2         |
|    entropy_loss         | -13.6       |
|    explained_variance   | -2.12       |
|    learning_rate        | 0.0003      |
|    loss                 | -0.142      |
|    n_updates            | 430         |
|    policy_gradient_loss | -0.0304     |
|    std                  | 1.1         |
|    value_loss           | 0.243       |
-----------------------------------------
-----------------------------------------
| rollout/                |             |
|    ep_len_mean          | 295         |
|    ep_rew_mean          | -8.44       |
|    success_rate         | 0           |
| time/                   |             |
|    fps                  | 1286        |
|    iterations           | 45          |
|    time_elapsed         | 35          |
|    total_timesteps      | 46080       |
| train/                  |             |
|    approx_kl            | 0.029530488 |
|    clip_fraction        | 0.322       |
|    clip_range           | 0.2         |
|    entropy_loss         | -13.6       |
|    explained_variance   | 0.225       |
|    learning_rate        | 0.0003      |
|    loss                 | -0.0428     |
|    n_updates            | 440         |
|    policy_gradient_loss | -0.0308     |
|    std                  | 1.1         |
|    value_loss           | 0.154       |
-----------------------------------------
-----------------------------------------
| rollout/                |             |
|    ep_len_mean          | 293         |
|    ep_rew_mean          | -9.84       |
|    success_rate         | 0           |
| time/                   |             |
|    fps                  | 1285        |
|    iterations           | 46          |
|    time_elapsed         | 36          |
|    total_timesteps      | 47104       |
| train/                  |             |
|    approx_kl            | 0.023583662 |
|    clip_fraction        | 0.258       |
|    clip_range           | 0.2         |
|    entropy_loss         | -13.6       |
|    explained_variance   | 0.423       |
|    learning_rate        | 0.0003      |
|    loss                 | 1.48        |
|    n_updates            | 450         |
|    policy_gradient_loss | -0.02       |
|    std                  | 1.1         |
|    value_loss           | 8.98        |
-----------------------------------------
-----------------------------------------
| rollout/                |             |
|    ep_len_mean          | 293         |
|    ep_rew_mean          | -9.87       |
|    success_rate         | 0           |
| time/                   |             |
|    fps                  | 1285        |
|    iterations           | 47          |
|    time_elapsed         | 37          |
|    total_timesteps      | 48128       |
| train/                  |             |
|    approx_kl            | 0.012202373 |
|    clip_fraction        | 0.0994      |
|    clip_range           | 0.2         |
|    entropy_loss         | -13.6       |
|    explained_variance   | 0.528       |
|    learning_rate        | 0.0003      |
|    loss                 | 6.86        |
|    n_updates            | 460         |
|    policy_gradient_loss | -0.0265     |
|    std                  | 1.1         |
|    value_loss           | 25.4        |
-----------------------------------------
-----------------------------------------
| rollout/                |             |
|    ep_len_mean          | 292         |
|    ep_rew_mean          | -11.6       |
|    success_rate         | 0           |
| time/                   |             |
|    fps                  | 1285        |
|    iterations           | 48          |
|    time_elapsed         | 38          |
|    total_timesteps      | 49152       |
| train/                  |             |
|    approx_kl            | 0.027254233 |
|    clip_fraction        | 0.282       |
|    clip_range           | 0.2         |
|    entropy_loss         | -13.7       |
|    explained_variance   | -0.0709     |
|    learning_rate        | 0.0003      |
|    loss                 | 0.873       |
|    n_updates            | 470         |
|    policy_gradient_loss | -0.0288     |
|    std                  | 1.11        |
|    value_loss           | 4.2         |
-----------------------------------------
-----------------------------------------
| rollout/                |             |
|    ep_len_mean          | 292         |
|    ep_rew_mean          | -10.5       |
|    success_rate         | 0           |
| time/                   |             |
|    fps                  | 1286        |
|    iterations           | 49          |
|    time_elapsed         | 39          |
|    total_timesteps      | 50176       |
| train/                  |             |
|    approx_kl            | 0.011235173 |
|    clip_fraction        | 0.08        |
|    clip_range           | 0.2         |
|    entropy_loss         | -13.7       |
|    explained_variance   | 0.239       |
|    learning_rate        | 0.0003      |
|    loss                 | 14.5        |
|    n_updates            | 480         |
|    policy_gradient_loss | -0.0235     |
|    std                  | 1.11        |
|    value_loss           | 53.9        |
-----------------------------------------
-----------------------------------------
| rollout/                |             |
|    ep_len_mean          | 292         |
|    ep_rew_mean          | -10.5       |
|    success_rate         | 0           |
| time/                   |             |
|    fps                  | 1286        |
|    iterations           | 50          |
|    time_elapsed         | 39          |
|    total_timesteps      | 51200       |
| train/                  |             |
|    approx_kl            | 0.025925357 |
|    clip_fraction        | 0.229       |
|    clip_range           | 0.2         |
|    entropy_loss         | -13.7       |
|    explained_variance   | -2.75       |
|    learning_rate        | 0.0003      |
|    loss                 | 0.57        |
|    n_updates            | 490         |
|    policy_gradient_loss | -0.0313     |
|    std                  | 1.11        |
|    value_loss           | 4.31        |
-----------------------------------------
-----------------------------------------
| rollout/                |             |
|    ep_len_mean          | 292         |
|    ep_rew_mean          | -10.6       |
|    success_rate         | 0           |
| time/                   |             |
|    fps                  | 1286        |
|    iterations           | 51          |
|    time_elapsed         | 40          |
|    total_timesteps      | 52224       |
| train/                  |             |
|    approx_kl            | 0.028989322 |
|    clip_fraction        | 0.299       |
|    clip_range           | 0.2         |
|    entropy_loss         | -13.7       |
|    explained_variance   | -1.06       |
|    learning_rate        | 0.0003      |
|    loss                 | -0.00238    |
|    n_updates            | 500         |
|    policy_gradient_loss | -0.0354     |
|    std                  | 1.11        |
|    value_loss           | 2.18        |
-----------------------------------------
-----------------------------------------
| rollout/                |             |
|    ep_len_mean          | 289         |
|    ep_rew_mean          | -10.8       |
|    success_rate         | 0           |
| time/                   |             |
|    fps                  | 1285        |
|    iterations           | 52          |
|    time_elapsed         | 41          |
|    total_timesteps      | 53248       |
| train/                  |             |
|    approx_kl            | 0.038388938 |
|    clip_fraction        | 0.295       |
|    clip_range           | 0.2         |
|    entropy_loss         | -13.7       |
|    explained_variance   | 0.149       |
|    learning_rate        | 0.0003      |
|    loss                 | -0.165      |
|    n_updates            | 510         |
|    policy_gradient_loss | -0.0304     |
|    std                  | 1.12        |
|    value_loss           | 0.243       |
-----------------------------------------
----------------------------------------
| rollout/                |            |
|    ep_len_mean          | 286        |
|    ep_rew_mean          | -10.1      |
|    success_rate         | 0          |
| time/                   |            |
|    fps                  | 1285       |
|    iterations           | 53         |
|    time_elapsed         | 42         |
|    total_timesteps      | 54272      |
| train/                  |            |
|    approx_kl            | 0.03353186 |
|    clip_fraction        | 0.298      |
|    clip_range           | 0.2        |
|    entropy_loss         | -13.7      |
|    explained_variance   | 0.231      |
|    learning_rate        | 0.0003     |
|    loss                 | -0.139     |
|    n_updates            | 520        |
|    policy_gradient_loss | -0.0321    |
|    std                  | 1.12       |
|    value_loss           | 0.869      |
----------------------------------------
----------------------------------------
| rollout/                |            |
|    ep_len_mean          | 286        |
|    ep_rew_mean          | -9.71      |
|    success_rate         | 0          |
| time/                   |            |
|    fps                  | 1286       |
|    iterations           | 54         |
|    time_elapsed         | 42         |
|    total_timesteps      | 55296      |
| train/                  |            |
|    approx_kl            | 0.03320491 |
|    clip_fraction        | 0.363      |
|    clip_range           | 0.2        |
|    entropy_loss         | -13.7      |
|    explained_variance   | 0.308      |
|    learning_rate        | 0.0003     |
|    loss                 | -0.175     |
|    n_updates            | 530        |
|    policy_gradient_loss | -0.0391    |
|    std                  | 1.12       |
|    value_loss           | 0.747      |
----------------------------------------
-----------------------------------------
| rollout/                |             |
|    ep_len_mean          | 286         |
|    ep_rew_mean          | -9.91       |
|    success_rate         | 0           |
| time/                   |             |
|    fps                  | 1286        |
|    iterations           | 55          |
|    time_elapsed         | 43          |
|    total_timesteps      | 56320       |
| train/                  |             |
|    approx_kl            | 0.028733613 |
|    clip_fraction        | 0.296       |
|    clip_range           | 0.2         |
|    entropy_loss         | -13.8       |
|    explained_variance   | 0.402       |
|    learning_rate        | 0.0003      |
|    loss                 | -0.0955     |
|    n_updates            | 540         |
|    policy_gradient_loss | -0.03       |
|    std                  | 1.12        |
|    value_loss           | 0.425       |
-----------------------------------------
-----------------------------------------
| rollout/                |             |
|    ep_len_mean          | 286         |
|    ep_rew_mean          | -9.25       |
|    success_rate         | 0           |
| time/                   |             |
|    fps                  | 1285        |
|    iterations           | 56          |
|    time_elapsed         | 44          |
|    total_timesteps      | 57344       |
| train/                  |             |
|    approx_kl            | 0.028438844 |
|    clip_fraction        | 0.263       |
|    clip_range           | 0.2         |
|    entropy_loss         | -13.8       |
|    explained_variance   | 0.442       |
|    learning_rate        | 0.0003      |
|    loss                 | -0.0997     |
|    n_updates            | 550         |
|    policy_gradient_loss | -0.0238     |
|    std                  | 1.12        |
|    value_loss           | 0.295       |
-----------------------------------------
--------------------------------------
| rollout/                |          |
|    ep_len_mean          | 286      |
|    ep_rew_mean          | -9.4     |
|    success_rate         | 0        |
| time/                   |          |
|    fps                  | 1285     |
|    iterations           | 57       |
|    time_elapsed         | 45       |
|    total_timesteps      | 58368    |
| train/                  |          |
|    approx_kl            | 0.029962 |
|    clip_fraction        | 0.314    |
|    clip_range           | 0.2      |
|    entropy_loss         | -13.8    |
|    explained_variance   | -0.1     |
|    learning_rate        | 0.0003   |
|    loss                 | -0.123   |
|    n_updates            | 560      |
|    policy_gradient_loss | -0.0371  |
|    std                  | 1.13     |
|    value_loss           | 0.235    |
--------------------------------------
----------------------------------------
| rollout/                |            |
|    ep_len_mean          | 286        |
|    ep_rew_mean          | -9.36      |
|    success_rate         | 0          |
| time/                   |            |
|    fps                  | 1285       |
|    iterations           | 58         |
|    time_elapsed         | 46         |
|    total_timesteps      | 59392      |
| train/                  |            |
|    approx_kl            | 0.02724957 |
|    clip_fraction        | 0.247      |
|    clip_range           | 0.2        |
|    entropy_loss         | -13.8      |
|    explained_variance   | 0.0898     |
|    learning_rate        | 0.0003     |
|    loss                 | 0.96       |
|    n_updates            | 570        |
|    policy_gradient_loss | -0.0314    |
|    std                  | 1.13       |
|    value_loss           | 3.67       |
----------------------------------------
-----------------------------------------
| rollout/                |             |
|    ep_len_mean          | 286         |
|    ep_rew_mean          | -9.4        |
|    success_rate         | 0           |
| time/                   |             |
|    fps                  | 1284        |
|    iterations           | 59          |
|    time_elapsed         | 47          |
|    total_timesteps      | 60416       |
| train/                  |             |
|    approx_kl            | 0.040287867 |
|    clip_fraction        | 0.326       |
|    clip_range           | 0.2         |
|    entropy_loss         | -13.9       |
|    explained_variance   | -0.721      |
|    learning_rate        | 0.0003      |
|    loss                 | -0.152      |
|    n_updates            | 580         |
|    policy_gradient_loss | -0.0346     |
|    std                  | 1.14        |
|    value_loss           | 0.0602      |
-----------------------------------------
----------------------------------------
| rollout/                |            |
|    ep_len_mean          | 286        |
|    ep_rew_mean          | -8.06      |
|    success_rate         | 0          |
| time/                   |            |
|    fps                  | 1284       |
|    iterations           | 60         |
|    time_elapsed         | 47         |
|    total_timesteps      | 61440      |
| train/                  |            |
|    approx_kl            | 0.03976586 |
|    clip_fraction        | 0.374      |
|    clip_range           | 0.2        |
|    entropy_loss         | -13.9      |
|    explained_variance   | -6.33      |
|    learning_rate        | 0.0003     |
|    loss                 | -0.159     |
|    n_updates            | 590        |
|    policy_gradient_loss | -0.0396    |
|    std                  | 1.14       |
|    value_loss           | 0.122      |
----------------------------------------
-----------------------------------------
| rollout/                |             |
|    ep_len_mean          | 286         |
|    ep_rew_mean          | -8.19       |
|    success_rate         | 0           |
| time/                   |             |
|    fps                  | 1284        |
|    iterations           | 61          |
|    time_elapsed         | 48          |
|    total_timesteps      | 62464       |
| train/                  |             |
|    approx_kl            | 0.029675497 |
|    clip_fraction        | 0.29        |
|    clip_range           | 0.2         |
|    entropy_loss         | -13.9       |
|    explained_variance   | 0.162       |
|    learning_rate        | 0.0003      |
|    loss                 | 0.0608      |
|    n_updates            | 600         |
|    policy_gradient_loss | -0.0404     |
|    std                  | 1.14        |
|    value_loss           | 1.54        |
-----------------------------------------
-----------------------------------------
| rollout/                |             |
|    ep_len_mean          | 286         |
|    ep_rew_mean          | -7.58       |
|    success_rate         | 0           |
| time/                   |             |
|    fps                  | 1277        |
|    iterations           | 62          |
|    time_elapsed         | 49          |
|    total_timesteps      | 63488       |
| train/                  |             |
|    approx_kl            | 0.019850899 |
|    clip_fraction        | 0.249       |
|    clip_range           | 0.2         |
|    entropy_loss         | -14         |
|    explained_variance   | 0.00614     |
|    learning_rate        | 0.0003      |
|    loss                 | 6.64        |
|    n_updates            | 610         |
|    policy_gradient_loss | -0.0305     |
|    std                  | 1.14        |
|    value_loss           | 20.4        |
-----------------------------------------
-----------------------------------------
| rollout/                |             |
|    ep_len_mean          | 286         |
|    ep_rew_mean          | -7.3        |
|    success_rate         | 0           |
| time/                   |             |
|    fps                  | 1276        |
|    iterations           | 63          |
|    time_elapsed         | 50          |
|    total_timesteps      | 64512       |
| train/                  |             |
|    approx_kl            | 0.036646694 |
|    clip_fraction        | 0.345       |
|    clip_range           | 0.2         |
|    entropy_loss         | -14         |
|    explained_variance   | 0.276       |
|    learning_rate        | 0.0003      |
|    loss                 | -0.0192     |
|    n_updates            | 620         |
|    policy_gradient_loss | -0.0441     |
|    std                  | 1.14        |
|    value_loss           | 0.595       |
-----------------------------------------
----------------------------------------
| rollout/                |            |
|    ep_len_mean          | 286        |
|    ep_rew_mean          | -7.06      |
|    success_rate         | 0          |
| time/                   |            |
|    fps                  | 1276       |
|    iterations           | 64         |
|    time_elapsed         | 51         |
|    total_timesteps      | 65536      |
| train/                  |            |
|    approx_kl            | 0.01823578 |
|    clip_fraction        | 0.237      |
|    clip_range           | 0.2        |
|    entropy_loss         | -14        |
|    explained_variance   | 0.116      |
|    learning_rate        | 0.0003     |
|    loss                 | 3.95       |
|    n_updates            | 630        |
|    policy_gradient_loss | -0.0277    |
|    std                  | 1.15       |
|    value_loss           | 10.2       |
----------------------------------------
-----------------------------------------
| rollout/                |             |
|    ep_len_mean          | 286         |
|    ep_rew_mean          | -6.51       |
|    success_rate         | 0           |
| time/                   |             |
|    fps                  | 1276        |
|    iterations           | 65          |
|    time_elapsed         | 52          |
|    total_timesteps      | 66560       |
| train/                  |             |
|    approx_kl            | 0.025576532 |
|    clip_fraction        | 0.251       |
|    clip_range           | 0.2         |
|    entropy_loss         | -14         |
|    explained_variance   | -0.779      |
|    learning_rate        | 0.0003      |
|    loss                 | 0.223       |
|    n_updates            | 640         |
|    policy_gradient_loss | -0.0321     |
|    std                  | 1.15        |
|    value_loss           | 1.3         |
-----------------------------------------
-----------------------------------------
| rollout/                |             |
|    ep_len_mean          | 286         |
|    ep_rew_mean          | -6.48       |
|    success_rate         | 0           |
| time/                   |             |
|    fps                  | 1277        |
|    iterations           | 66          |
|    time_elapsed         | 52          |
|    total_timesteps      | 67584       |
| train/                  |             |
|    approx_kl            | 0.028429197 |
|    clip_fraction        | 0.308       |
|    clip_range           | 0.2         |
|    entropy_loss         | -14         |
|    explained_variance   | 0.541       |
|    learning_rate        | 0.0003      |
|    loss                 | 0.0825      |
|    n_updates            | 650         |
|    policy_gradient_loss | -0.0441     |
|    std                  | 1.14        |
|    value_loss           | 0.693       |
-----------------------------------------
-----------------------------------------
| rollout/                |             |
|    ep_len_mean          | 286         |
|    ep_rew_mean          | -6.18       |
|    success_rate         | 0           |
| time/                   |             |
|    fps                  | 1277        |
|    iterations           | 67          |
|    time_elapsed         | 53          |
|    total_timesteps      | 68608       |
| train/                  |             |
|    approx_kl            | 0.030345306 |
|    clip_fraction        | 0.309       |
|    clip_range           | 0.2         |
|    entropy_loss         | -14         |
|    explained_variance   | 0.115       |
|    learning_rate        | 0.0003      |
|    loss                 | 0.539       |
|    n_updates            | 660         |
|    policy_gradient_loss | -0.0323     |
|    std                  | 1.14        |
|    value_loss           | 5.38        |
-----------------------------------------
-----------------------------------------
| rollout/                |             |
|    ep_len_mean          | 286         |
|    ep_rew_mean          | -6.34       |
|    success_rate         | 0           |
| time/                   |             |
|    fps                  | 1277        |
|    iterations           | 68          |
|    time_elapsed         | 54          |
|    total_timesteps      | 69632       |
| train/                  |             |
|    approx_kl            | 0.031023618 |
|    clip_fraction        | 0.312       |
|    clip_range           | 0.2         |
|    entropy_loss         | -13.9       |
|    explained_variance   | 0.312       |
|    learning_rate        | 0.0003      |
|    loss                 | 0.255       |
|    n_updates            | 670         |
|    policy_gradient_loss | -0.038      |
|    std                  | 1.14        |
|    value_loss           | 1.18        |
-----------------------------------------
-----------------------------------------
| rollout/                |             |
|    ep_len_mean          | 286         |
|    ep_rew_mean          | -6.07       |
|    success_rate         | 0           |
| time/                   |             |
|    fps                  | 1277        |
|    iterations           | 69          |
|    time_elapsed         | 55          |
|    total_timesteps      | 70656       |
| train/                  |             |
|    approx_kl            | 0.022961043 |
|    clip_fraction        | 0.272       |
|    clip_range           | 0.2         |
|    entropy_loss         | -13.9       |
|    explained_variance   | 0.118       |
|    learning_rate        | 0.0003      |
|    loss                 | 23.6        |
|    n_updates            | 680         |
|    policy_gradient_loss | -0.026      |
|    std                  | 1.14        |
|    value_loss           | 35.8        |
-----------------------------------------
-----------------------------------------
| rollout/                |             |
|    ep_len_mean          | 288         |
|    ep_rew_mean          | -4.53       |
|    success_rate         | 0           |
| time/                   |             |
|    fps                  | 1277        |
|    iterations           | 70          |
|    time_elapsed         | 56          |
|    total_timesteps      | 71680       |
| train/                  |             |
|    approx_kl            | 0.024106361 |
|    clip_fraction        | 0.262       |
|    clip_range           | 0.2         |
|    entropy_loss         | -13.9       |
|    explained_variance   | -0.0216     |
|    learning_rate        | 0.0003      |
|    loss                 | 0.816       |
|    n_updates            | 690         |
|    policy_gradient_loss | -0.0369     |
|    std                  | 1.14        |
|    value_loss           | 2.67        |
-----------------------------------------
-----------------------------------------
| rollout/                |             |
|    ep_len_mean          | 287         |
|    ep_rew_mean          | -4.53       |
|    success_rate         | 0           |
| time/                   |             |
|    fps                  | 1277        |
|    iterations           | 71          |
|    time_elapsed         | 56          |
|    total_timesteps      | 72704       |
| train/                  |             |
|    approx_kl            | 0.036034867 |
|    clip_fraction        | 0.302       |
|    clip_range           | 0.2         |
|    entropy_loss         | -13.9       |
|    explained_variance   | 0.82        |
|    learning_rate        | 0.0003      |
|    loss                 | 0.0932      |
|    n_updates            | 700         |
|    policy_gradient_loss | -0.0463     |
|    std                  | 1.14        |
|    value_loss           | 0.832       |
-----------------------------------------
-----------------------------------------
| rollout/                |             |
|    ep_len_mean          | 287         |
|    ep_rew_mean          | -3.57       |
|    success_rate         | 0           |
| time/                   |             |
|    fps                  | 1276        |
|    iterations           | 72          |
|    time_elapsed         | 57          |
|    total_timesteps      | 73728       |
| train/                  |             |
|    approx_kl            | 0.019942543 |
|    clip_fraction        | 0.279       |
|    clip_range           | 0.2         |
|    entropy_loss         | -14         |
|    explained_variance   | 0.0808      |
|    learning_rate        | 0.0003      |
|    loss                 | 5.18        |
|    n_updates            | 710         |
|    policy_gradient_loss | -0.0321     |
|    std                  | 1.14        |
|    value_loss           | 14          |
-----------------------------------------
-----------------------------------------
| rollout/                |             |
|    ep_len_mean          | 290         |
|    ep_rew_mean          | -2.52       |
|    success_rate         | 0           |
| time/                   |             |
|    fps                  | 1275        |
|    iterations           | 73          |
|    time_elapsed         | 58          |
|    total_timesteps      | 74752       |
| train/                  |             |
|    approx_kl            | 0.026803538 |
|    clip_fraction        | 0.296       |
|    clip_range           | 0.2         |
|    entropy_loss         | -14         |
|    explained_variance   | -0.162      |
|    learning_rate        | 0.0003      |
|    loss                 | 0.293       |
|    n_updates            | 720         |
|    policy_gradient_loss | -0.0403     |
|    std                  | 1.14        |
|    value_loss           | 1.25        |
-----------------------------------------
-----------------------------------------
| rollout/                |             |
|    ep_len_mean          | 290         |
|    ep_rew_mean          | -1.77       |
|    success_rate         | 0           |
| time/                   |             |
|    fps                  | 1275        |
|    iterations           | 74          |
|    time_elapsed         | 59          |
|    total_timesteps      | 75776       |
| train/                  |             |
|    approx_kl            | 0.028475715 |
|    clip_fraction        | 0.333       |
|    clip_range           | 0.2         |
|    entropy_loss         | -14         |
|    explained_variance   | 0.0954      |
|    learning_rate        | 0.0003      |
|    loss                 | 0.0378      |
|    n_updates            | 730         |
|    policy_gradient_loss | -0.0453     |
|    std                  | 1.15        |
|    value_loss           | 0.652       |
-----------------------------------------
-----------------------------------------
| rollout/                |             |
|    ep_len_mean          | 292         |
|    ep_rew_mean          | 0.159       |
|    success_rate         | 0           |
| time/                   |             |
|    fps                  | 1274        |
|    iterations           | 75          |
|    time_elapsed         | 60          |
|    total_timesteps      | 76800       |
| train/                  |             |
|    approx_kl            | 0.027079314 |
|    clip_fraction        | 0.283       |
|    clip_range           | 0.2         |
|    entropy_loss         | -14         |
|    explained_variance   | 0.129       |
|    learning_rate        | 0.0003      |
|    loss                 | 1.47        |
|    n_updates            | 740         |
|    policy_gradient_loss | -0.0307     |
|    std                  | 1.15        |
|    value_loss           | 3.16        |
-----------------------------------------
----------------------------------------
| rollout/                |            |
|    ep_len_mean          | 292        |
|    ep_rew_mean          | 1.61       |
|    success_rate         | 0          |
| time/                   |            |
|    fps                  | 1274       |
|    iterations           | 76         |
|    time_elapsed         | 61         |
|    total_timesteps      | 77824      |
| train/                  |            |
|    approx_kl            | 0.02137178 |
|    clip_fraction        | 0.251      |
|    clip_range           | 0.2        |
|    entropy_loss         | -14        |
|    explained_variance   | 0.0781     |
|    learning_rate        | 0.0003     |
|    loss                 | 0.388      |
|    n_updates            | 750        |
|    policy_gradient_loss | -0.0337    |
|    std                  | 1.15       |
|    value_loss           | 1.15       |
----------------------------------------
----------------------------------------
| rollout/                |            |
|    ep_len_mean          | 293        |
|    ep_rew_mean          | 4.2        |
|    success_rate         | 0          |
| time/                   |            |
|    fps                  | 1274       |
|    iterations           | 77         |
|    time_elapsed         | 61         |
|    total_timesteps      | 78848      |
| train/                  |            |
|    approx_kl            | 0.03344581 |
|    clip_fraction        | 0.281      |
|    clip_range           | 0.2        |
|    entropy_loss         | -14        |
|    explained_variance   | 0.487      |
|    learning_rate        | 0.0003     |
|    loss                 | 0.25       |
|    n_updates            | 760        |
|    policy_gradient_loss | -0.0371    |
|    std                  | 1.15       |
|    value_loss           | 1.31       |
----------------------------------------
-----------------------------------------
| rollout/                |             |
|    ep_len_mean          | 293         |
|    ep_rew_mean          | 4.86        |
|    success_rate         | 0           |
| time/                   |             |
|    fps                  | 1274        |
|    iterations           | 78          |
|    time_elapsed         | 62          |
|    total_timesteps      | 79872       |
| train/                  |             |
|    approx_kl            | 0.029723141 |
|    clip_fraction        | 0.337       |
|    clip_range           | 0.2         |
|    entropy_loss         | -14         |
|    explained_variance   | 0.0561      |
|    learning_rate        | 0.0003      |
|    loss                 | 0.329       |
|    n_updates            | 770         |
|    policy_gradient_loss | -0.0423     |
|    std                  | 1.15        |
|    value_loss           | 1.61        |
-----------------------------------------
-----------------------------------------
| rollout/                |             |
|    ep_len_mean          | 293         |
|    ep_rew_mean          | 5.82        |
|    success_rate         | 0           |
| time/                   |             |
|    fps                  | 1274        |
|    iterations           | 79          |
|    time_elapsed         | 63          |
|    total_timesteps      | 80896       |
| train/                  |             |
|    approx_kl            | 0.032200143 |
|    clip_fraction        | 0.327       |
|    clip_range           | 0.2         |
|    entropy_loss         | -14         |
|    explained_variance   | 0.222       |
|    learning_rate        | 0.0003      |
|    loss                 | 0.464       |
|    n_updates            | 780         |
|    policy_gradient_loss | -0.0425     |
|    std                  | 1.15        |
|    value_loss           | 1.57        |
-----------------------------------------
----------------------------------------
| rollout/                |            |
|    ep_len_mean          | 293        |
|    ep_rew_mean          | 6.69       |
|    success_rate         | 0          |
| time/                   |            |
|    fps                  | 1274       |
|    iterations           | 80         |
|    time_elapsed         | 64         |
|    total_timesteps      | 81920      |
| train/                  |            |
|    approx_kl            | 0.03527262 |
|    clip_fraction        | 0.344      |
|    clip_range           | 0.2        |
|    entropy_loss         | -14        |
|    explained_variance   | 0.369      |
|    learning_rate        | 0.0003     |
|    loss                 | 0.188      |
|    n_updates            | 790        |
|    policy_gradient_loss | -0.0518    |
|    std                  | 1.15       |
|    value_loss           | 0.99       |
----------------------------------------
-----------------------------------------
| rollout/                |             |
|    ep_len_mean          | 296         |
|    ep_rew_mean          | 8.02        |
|    success_rate         | 0           |
| time/                   |             |
|    fps                  | 1273        |
|    iterations           | 81          |
|    time_elapsed         | 65          |
|    total_timesteps      | 82944       |
| train/                  |             |
|    approx_kl            | 0.033318326 |
|    clip_fraction        | 0.33        |
|    clip_range           | 0.2         |
|    entropy_loss         | -14.1       |
|    explained_variance   | 0.143       |
|    learning_rate        | 0.0003      |
|    loss                 | 0.0787      |
|    n_updates            | 800         |
|    policy_gradient_loss | -0.046      |
|    std                  | 1.16        |
|    value_loss           | 0.663       |
-----------------------------------------
-----------------------------------------
| rollout/                |             |
|    ep_len_mean          | 296         |
|    ep_rew_mean          | 8.92        |
|    success_rate         | 0           |
| time/                   |             |
|    fps                  | 1273        |
|    iterations           | 82          |
|    time_elapsed         | 65          |
|    total_timesteps      | 83968       |
| train/                  |             |
|    approx_kl            | 0.032669246 |
|    clip_fraction        | 0.339       |
|    clip_range           | 0.2         |
|    entropy_loss         | -14.1       |
|    explained_variance   | 0.367       |
|    learning_rate        | 0.0003      |
|    loss                 | 0.179       |
|    n_updates            | 810         |
|    policy_gradient_loss | -0.0482     |
|    std                  | 1.16        |
|    value_loss           | 1.26        |
-----------------------------------------
-----------------------------------------
| rollout/                |             |
|    ep_len_mean          | 296         |
|    ep_rew_mean          | 9.92        |
|    success_rate         | 0           |
| time/                   |             |
|    fps                  | 1273        |
|    iterations           | 83          |
|    time_elapsed         | 66          |
|    total_timesteps      | 84992       |
| train/                  |             |
|    approx_kl            | 0.040534317 |
|    clip_fraction        | 0.358       |
|    clip_range           | 0.2         |
|    entropy_loss         | -14.1       |
|    explained_variance   | 0.109       |
|    learning_rate        | 0.0003      |
|    loss                 | 0.182       |
|    n_updates            | 820         |
|    policy_gradient_loss | -0.0487     |
|    std                  | 1.16        |
|    value_loss           | 1.95        |
-----------------------------------------
----------------------------------------
| rollout/                |            |
|    ep_len_mean          | 296        |
|    ep_rew_mean          | 11.6       |
|    success_rate         | 0          |
| time/                   |            |
|    fps                  | 1272       |
|    iterations           | 84         |
|    time_elapsed         | 67         |
|    total_timesteps      | 86016      |
| train/                  |            |
|    approx_kl            | 0.02667267 |
|    clip_fraction        | 0.293      |
|    clip_range           | 0.2        |
|    entropy_loss         | -14.1      |
|    explained_variance   | 0.304      |
|    learning_rate        | 0.0003     |
|    loss                 | 0.133      |
|    n_updates            | 830        |
|    policy_gradient_loss | -0.0474    |
|    std                  | 1.16       |
|    value_loss           | 0.876      |
----------------------------------------
-----------------------------------------
| rollout/                |             |
|    ep_len_mean          | 296         |
|    ep_rew_mean          | 12.6        |
|    success_rate         | 0           |
| time/                   |             |
|    fps                  | 1272        |
|    iterations           | 85          |
|    time_elapsed         | 68          |
|    total_timesteps      | 87040       |
| train/                  |             |
|    approx_kl            | 0.028345637 |
|    clip_fraction        | 0.325       |
|    clip_range           | 0.2         |
|    entropy_loss         | -14.1       |
|    explained_variance   | 0.229       |
|    learning_rate        | 0.0003      |
|    loss                 | 0.431       |
|    n_updates            | 840         |
|    policy_gradient_loss | -0.0468     |
|    std                  | 1.16        |
|    value_loss           | 1.44        |
-----------------------------------------
-----------------------------------------
| rollout/                |             |
|    ep_len_mean          | 296         |
|    ep_rew_mean          | 14.4        |
|    success_rate         | 0           |
| time/                   |             |
|    fps                  | 1272        |
|    iterations           | 86          |
|    time_elapsed         | 69          |
|    total_timesteps      | 88064       |
| train/                  |             |
|    approx_kl            | 0.031042378 |
|    clip_fraction        | 0.322       |
|    clip_range           | 0.2         |
|    entropy_loss         | -14.1       |
|    explained_variance   | 0.564       |
|    learning_rate        | 0.0003      |
|    loss                 | 0.12        |
|    n_updates            | 850         |
|    policy_gradient_loss | -0.0489     |
|    std                  | 1.16        |
|    value_loss           | 0.691       |
-----------------------------------------
-----------------------------------------
| rollout/                |             |
|    ep_len_mean          | 296         |
|    ep_rew_mean          | 15.7        |
|    success_rate         | 0           |
| time/                   |             |
|    fps                  | 1272        |
|    iterations           | 87          |
|    time_elapsed         | 70          |
|    total_timesteps      | 89088       |
| train/                  |             |
|    approx_kl            | 0.029357713 |
|    clip_fraction        | 0.324       |
|    clip_range           | 0.2         |
|    entropy_loss         | -14.1       |
|    explained_variance   | 0.397       |
|    learning_rate        | 0.0003      |
|    loss                 | 0.171       |
|    n_updates            | 860         |
|    policy_gradient_loss | -0.0419     |
|    std                  | 1.17        |
|    value_loss           | 0.915       |
-----------------------------------------
-----------------------------------------
| rollout/                |             |
|    ep_len_mean          | 296         |
|    ep_rew_mean          | 16.9        |
|    success_rate         | 0           |
| time/                   |             |
|    fps                  | 1272        |
|    iterations           | 88          |
|    time_elapsed         | 70          |
|    total_timesteps      | 90112       |
| train/                  |             |
|    approx_kl            | 0.029820314 |
|    clip_fraction        | 0.283       |
|    clip_range           | 0.2         |
|    entropy_loss         | -14.1       |
|    explained_variance   | 0.536       |
|    learning_rate        | 0.0003      |
|    loss                 | 0.0501      |
|    n_updates            | 870         |
|    policy_gradient_loss | -0.0419     |
|    std                  | 1.16        |
|    value_loss           | 0.799       |
-----------------------------------------
----------------------------------------
| rollout/                |            |
|    ep_len_mean          | 296        |
|    ep_rew_mean          | 18.4       |
|    success_rate         | 0          |
| time/                   |            |
|    fps                  | 1272       |
|    iterations           | 89         |
|    time_elapsed         | 71         |
|    total_timesteps      | 91136      |
| train/                  |            |
|    approx_kl            | 0.03675016 |
|    clip_fraction        | 0.348      |
|    clip_range           | 0.2        |
|    entropy_loss         | -14.1      |
|    explained_variance   | 0.373      |
|    learning_rate        | 0.0003     |
|    loss                 | 0.48       |
|    n_updates            | 880        |
|    policy_gradient_loss | -0.0454    |
|    std                  | 1.16       |
|    value_loss           | 1.72       |
----------------------------------------
-----------------------------------------
| rollout/                |             |
|    ep_len_mean          | 296         |
|    ep_rew_mean          | 20.2        |
|    success_rate         | 0           |
| time/                   |             |
|    fps                  | 1272        |
|    iterations           | 90          |
|    time_elapsed         | 72          |
|    total_timesteps      | 92160       |
| train/                  |             |
|    approx_kl            | 0.032584973 |
|    clip_fraction        | 0.333       |
|    clip_range           | 0.2         |
|    entropy_loss         | -14.1       |
|    explained_variance   | 0.446       |
|    learning_rate        | 0.0003      |
|    loss                 | 0.126       |
|    n_updates            | 890         |
|    policy_gradient_loss | -0.0499     |
|    std                  | 1.16        |
|    value_loss           | 0.725       |
-----------------------------------------
-----------------------------------------
| rollout/                |             |
|    ep_len_mean          | 296         |
|    ep_rew_mean          | 21.8        |
|    success_rate         | 0           |
| time/                   |             |
|    fps                  | 1271        |
|    iterations           | 91          |
|    time_elapsed         | 73          |
|    total_timesteps      | 93184       |
| train/                  |             |
|    approx_kl            | 0.037046794 |
|    clip_fraction        | 0.334       |
|    clip_range           | 0.2         |
|    entropy_loss         | -14.1       |
|    explained_variance   | 0.37        |
|    learning_rate        | 0.0003      |
|    loss                 | 0.184       |
|    n_updates            | 900         |
|    policy_gradient_loss | -0.0525     |
|    std                  | 1.16        |
|    value_loss           | 0.889       |
-----------------------------------------
-----------------------------------------
| rollout/                |             |
|    ep_len_mean          | 296         |
|    ep_rew_mean          | 23.6        |
|    success_rate         | 0           |
| time/                   |             |
|    fps                  | 1271        |
|    iterations           | 92          |
|    time_elapsed         | 74          |
|    total_timesteps      | 94208       |
| train/                  |             |
|    approx_kl            | 0.025554944 |
|    clip_fraction        | 0.268       |
|    clip_range           | 0.2         |
|    entropy_loss         | -14.1       |
|    explained_variance   | 0.379       |
|    learning_rate        | 0.0003      |
|    loss                 | 0.0841      |
|    n_updates            | 910         |
|    policy_gradient_loss | -0.0368     |
|    std                  | 1.16        |
|    value_loss           | 1.61        |
-----------------------------------------
----------------------------------------
| rollout/                |            |
|    ep_len_mean          | 296        |
|    ep_rew_mean          | 24.8       |
|    success_rate         | 0          |
| time/                   |            |
|    fps                  | 1271       |
|    iterations           | 93         |
|    time_elapsed         | 74         |
|    total_timesteps      | 95232      |
| train/                  |            |
|    approx_kl            | 0.03210265 |
|    clip_fraction        | 0.308      |
|    clip_range           | 0.2        |
|    entropy_loss         | -14.1      |
|    explained_variance   | 0.633      |
|    learning_rate        | 0.0003     |
|    loss                 | 0.0186     |
|    n_updates            | 920        |
|    policy_gradient_loss | -0.0465    |
|    std                  | 1.16       |
|    value_loss           | 0.684      |
----------------------------------------
-----------------------------------------
| rollout/                |             |
|    ep_len_mean          | 293         |
|    ep_rew_mean          | 26.3        |
|    success_rate         | 0           |
| time/                   |             |
|    fps                  | 1270        |
|    iterations           | 94          |
|    time_elapsed         | 75          |
|    total_timesteps      | 96256       |
| train/                  |             |
|    approx_kl            | 0.024245258 |
|    clip_fraction        | 0.321       |
|    clip_range           | 0.2         |
|    entropy_loss         | -14.1       |
|    explained_variance   | 0.222       |
|    learning_rate        | 0.0003      |
|    loss                 | 0.535       |
|    n_updates            | 930         |
|    policy_gradient_loss | -0.0399     |
|    std                  | 1.16        |
|    value_loss           | 1.63        |
-----------------------------------------
-----------------------------------------
| rollout/                |             |
|    ep_len_mean          | 293         |
|    ep_rew_mean          | 27.9        |
|    success_rate         | 0           |
| time/                   |             |
|    fps                  | 1269        |
|    iterations           | 95          |
|    time_elapsed         | 76          |
|    total_timesteps      | 97280       |
| train/                  |             |
|    approx_kl            | 0.024563529 |
|    clip_fraction        | 0.294       |
|    clip_range           | 0.2         |
|    entropy_loss         | -14.1       |
|    explained_variance   | 0.343       |
|    learning_rate        | 0.0003      |
|    loss                 | 0.0744      |
|    n_updates            | 940         |
|    policy_gradient_loss | -0.0358     |
|    std                  | 1.16        |
|    value_loss           | 2.46        |
-----------------------------------------
----------------------------------------
| rollout/                |            |
|    ep_len_mean          | 293        |
|    ep_rew_mean          | 29.7       |
|    success_rate         | 0          |
| time/                   |            |
|    fps                  | 1269       |
|    iterations           | 96         |
|    time_elapsed         | 77         |
|    total_timesteps      | 98304      |
| train/                  |            |
|    approx_kl            | 0.02733877 |
|    clip_fraction        | 0.292      |
|    clip_range           | 0.2        |
|    entropy_loss         | -14.1      |
|    explained_variance   | 0.59       |
|    learning_rate        | 0.0003     |
|    loss                 | 0.181      |
|    n_updates            | 950        |
|    policy_gradient_loss | -0.0412    |
|    std                  | 1.16       |
|    value_loss           | 0.861      |
----------------------------------------
----------------------------------------
| rollout/                |            |
|    ep_len_mean          | 293        |
|    ep_rew_mean          | 31.8       |
|    success_rate         | 0          |
| time/                   |            |
|    fps                  | 1269       |
|    iterations           | 97         |
|    time_elapsed         | 78         |
|    total_timesteps      | 99328      |
| train/                  |            |
|    approx_kl            | 0.03787826 |
|    clip_fraction        | 0.388      |
|    clip_range           | 0.2        |
|    entropy_loss         | -14.1      |
|    explained_variance   | 0.618      |
|    learning_rate        | 0.0003     |
|    loss                 | 0.0766     |
|    n_updates            | 960        |
|    policy_gradient_loss | -0.0502    |
|    std                  | 1.17       |
|    value_loss           | 0.599      |
----------------------------------------
-----------------------------------------
| rollout/                |             |
|    ep_len_mean          | 293         |
|    ep_rew_mean          | 33.5        |
|    success_rate         | 0           |
| time/                   |             |
|    fps                  | 1268        |
|    iterations           | 98          |
|    time_elapsed         | 79          |
|    total_timesteps      | 100352      |
| train/                  |             |
|    approx_kl            | 0.034935776 |
|    clip_fraction        | 0.308       |
|    clip_range           | 0.2         |
|    entropy_loss         | -14.1       |
|    explained_variance   | 0.68        |
|    learning_rate        | 0.0003      |
|    loss                 | 0.0613      |
|    n_updates            | 970         |
|    policy_gradient_loss | -0.0474     |
|    std                  | 1.16        |
|    value_loss           | 0.657       |
-----------------------------------------
-----------------------------------------
| rollout/                |             |
|    ep_len_mean          | 293         |
|    ep_rew_mean          | 35          |
|    success_rate         | 0           |
| time/                   |             |
|    fps                  | 1267        |
|    iterations           | 99          |
|    time_elapsed         | 79          |
|    total_timesteps      | 101376      |
| train/                  |             |
|    approx_kl            | 0.033009253 |
|    clip_fraction        | 0.35        |
|    clip_range           | 0.2         |
|    entropy_loss         | -14.1       |
|    explained_variance   | 0.263       |
|    learning_rate        | 0.0003      |
|    loss                 | 0.206       |
|    n_updates            | 980         |
|    policy_gradient_loss | -0.0474     |
|    std                  | 1.16        |
|    value_loss           | 1.04        |
-----------------------------------------
-----------------------------------------
| rollout/                |             |
|    ep_len_mean          | 294         |
|    ep_rew_mean          | 37          |
|    success_rate         | 0           |
| time/                   |             |
|    fps                  | 1267        |
|    iterations           | 100         |
|    time_elapsed         | 80          |
|    total_timesteps      | 102400      |
| train/                  |             |
|    approx_kl            | 0.033242345 |
|    clip_fraction        | 0.307       |
|    clip_range           | 0.2         |
|    entropy_loss         | -14.1       |
|    explained_variance   | 0.566       |
|    learning_rate        | 0.0003      |
|    loss                 | -0.0551     |
|    n_updates            | 990         |
|    policy_gradient_loss | -0.0455     |
|    std                  | 1.16        |
|    value_loss           | 0.49        |
-----------------------------------------
-----------------------------------------
| rollout/                |             |
|    ep_len_mean          | 294         |
|    ep_rew_mean          | 38.9        |
|    success_rate         | 0           |
| time/                   |             |
|    fps                  | 1267        |
|    iterations           | 101         |
|    time_elapsed         | 81          |
|    total_timesteps      | 103424      |
| train/                  |             |
|    approx_kl            | 0.029589511 |
|    clip_fraction        | 0.322       |
|    clip_range           | 0.2         |
|    entropy_loss         | -14.1       |
|    explained_variance   | 0.427       |
|    learning_rate        | 0.0003      |
|    loss                 | 0.0236      |
|    n_updates            | 1000        |
|    policy_gradient_loss | -0.0425     |
|    std                  | 1.16        |
|    value_loss           | 0.597       |
-----------------------------------------
----------------------------------------
| rollout/                |            |
|    ep_len_mean          | 294        |
|    ep_rew_mean          | 40.6       |
|    success_rate         | 0          |
| time/                   |            |
|    fps                  | 1266       |
|    iterations           | 102        |
|    time_elapsed         | 82         |
|    total_timesteps      | 104448     |
| train/                  |            |
|    approx_kl            | 0.03345089 |
|    clip_fraction        | 0.338      |
|    clip_range           | 0.2        |
|    entropy_loss         | -14.1      |
|    explained_variance   | 0.339      |
|    learning_rate        | 0.0003     |
|    loss                 | 0.0277     |
|    n_updates            | 1010       |
|    policy_gradient_loss | -0.0435    |
|    std                  | 1.16       |
|    value_loss           | 0.605      |
----------------------------------------
----------------------------------------
| rollout/                |            |
|    ep_len_mean          | 294        |
|    ep_rew_mean          | 42.5       |
|    success_rate         | 0          |
| time/                   |            |
|    fps                  | 1266       |
|    iterations           | 103        |
|    time_elapsed         | 83         |
|    total_timesteps      | 105472     |
| train/                  |            |
|    approx_kl            | 0.03271357 |
|    clip_fraction        | 0.339      |
|    clip_range           | 0.2        |
|    entropy_loss         | -14.1      |
|    explained_variance   | 0.672      |
|    learning_rate        | 0.0003     |
|    loss                 | -0.09      |
|    n_updates            | 1020       |
|    policy_gradient_loss | -0.0489    |
|    std                  | 1.16       |
|    value_loss           | 0.366      |
----------------------------------------
-----------------------------------------
| rollout/                |             |
|    ep_len_mean          | 294         |
|    ep_rew_mean          | 44          |
|    success_rate         | 0           |
| time/                   |             |
|    fps                  | 1265        |
|    iterations           | 104         |
|    time_elapsed         | 84          |
|    total_timesteps      | 106496      |
| train/                  |             |
|    approx_kl            | 0.031134576 |
|    clip_fraction        | 0.335       |
|    clip_range           | 0.2         |
|    entropy_loss         | -14         |
|    explained_variance   | 0.786       |
|    learning_rate        | 0.0003      |
|    loss                 | -0.049      |
|    n_updates            | 1030        |
|    policy_gradient_loss | -0.0498     |
|    std                  | 1.16        |
|    value_loss           | 0.42        |
-----------------------------------------
-----------------------------------------
| rollout/                |             |
|    ep_len_mean          | 294         |
|    ep_rew_mean          | 45.1        |
|    success_rate         | 0           |
| time/                   |             |
|    fps                  | 1265        |
|    iterations           | 105         |
|    time_elapsed         | 84          |
|    total_timesteps      | 107520      |
| train/                  |             |
|    approx_kl            | 0.028903015 |
|    clip_fraction        | 0.338       |
|    clip_range           | 0.2         |
|    entropy_loss         | -14         |
|    explained_variance   | 0.538       |
|    learning_rate        | 0.0003      |
|    loss                 | -0.0151     |
|    n_updates            | 1040        |
|    policy_gradient_loss | -0.049      |
|    std                  | 1.16        |
|    value_loss           | 0.599       |
-----------------------------------------
---------------------------------------
| rollout/                |           |
|    ep_len_mean          | 294       |
|    ep_rew_mean          | 46.9      |
|    success_rate         | 0         |
| time/                   |           |
|    fps                  | 1265      |
|    iterations           | 106       |
|    time_elapsed         | 85        |
|    total_timesteps      | 108544    |
| train/                  |           |
|    approx_kl            | 0.0360372 |
|    clip_fraction        | 0.347     |
|    clip_range           | 0.2       |
|    entropy_loss         | -14       |
|    explained_variance   | 0.727     |
|    learning_rate        | 0.0003    |
|    loss                 | -0.047    |
|    n_updates            | 1050      |
|    policy_gradient_loss | -0.0475   |
|    std                  | 1.16      |
|    value_loss           | 0.363     |
---------------------------------------
-----------------------------------------
| rollout/                |             |
|    ep_len_mean          | 294         |
|    ep_rew_mean          | 48.6        |
|    success_rate         | 0           |
| time/                   |             |
|    fps                  | 1265        |
|    iterations           | 107         |
|    time_elapsed         | 86          |
|    total_timesteps      | 109568      |
| train/                  |             |
|    approx_kl            | 0.036983475 |
|    clip_fraction        | 0.377       |
|    clip_range           | 0.2         |
|    entropy_loss         | -14         |
|    explained_variance   | 0.883       |
|    learning_rate        | 0.0003      |
|    loss                 | -0.0816     |
|    n_updates            | 1060        |
|    policy_gradient_loss | -0.0578     |
|    std                  | 1.16        |
|    value_loss           | 0.31        |
-----------------------------------------
-----------------------------------------
| rollout/                |             |
|    ep_len_mean          | 291         |
|    ep_rew_mean          | 49.8        |
|    success_rate         | 0           |
| time/                   |             |
|    fps                  | 1264        |
|    iterations           | 108         |
|    time_elapsed         | 87          |
|    total_timesteps      | 110592      |
| train/                  |             |
|    approx_kl            | 0.043824837 |
|    clip_fraction        | 0.342       |
|    clip_range           | 0.2         |
|    entropy_loss         | -14         |
|    explained_variance   | 0.843       |
|    learning_rate        | 0.0003      |
|    loss                 | -0.112      |
|    n_updates            | 1070        |
|    policy_gradient_loss | -0.0499     |
|    std                  | 1.16        |
|    value_loss           | 0.3         |
-----------------------------------------
-----------------------------------------
| rollout/                |             |
|    ep_len_mean          | 291         |
|    ep_rew_mean          | 51.1        |
|    success_rate         | 0           |
| time/                   |             |
|    fps                  | 1264        |
|    iterations           | 109         |
|    time_elapsed         | 88          |
|    total_timesteps      | 111616      |
| train/                  |             |
|    approx_kl            | 0.031223234 |
|    clip_fraction        | 0.31        |
|    clip_range           | 0.2         |
|    entropy_loss         | -14         |
|    explained_variance   | 0.471       |
|    learning_rate        | 0.0003      |
|    loss                 | 6.77        |
|    n_updates            | 1080        |
|    policy_gradient_loss | -0.0453     |
|    std                  | 1.16        |
|    value_loss           | 2.57        |
-----------------------------------------
-----------------------------------------
| rollout/                |             |
|    ep_len_mean          | 291         |
|    ep_rew_mean          | 52.9        |
|    success_rate         | 0           |
| time/                   |             |
|    fps                  | 1264        |
|    iterations           | 110         |
|    time_elapsed         | 89          |
|    total_timesteps      | 112640      |
| train/                  |             |
|    approx_kl            | 0.032103993 |
|    clip_fraction        | 0.317       |
|    clip_range           | 0.2         |
|    entropy_loss         | -14         |
|    explained_variance   | 0.906       |
|    learning_rate        | 0.0003      |
|    loss                 | -0.101      |
|    n_updates            | 1090        |
|    policy_gradient_loss | -0.048      |
|    std                  | 1.16        |
|    value_loss           | 0.255       |
-----------------------------------------
----------------------------------------
| rollout/                |            |
|    ep_len_mean          | 294        |
|    ep_rew_mean          | 55.3       |
|    success_rate         | 0          |
| time/                   |            |
|    fps                  | 1264       |
|    iterations           | 111        |
|    time_elapsed         | 89         |
|    total_timesteps      | 113664     |
| train/                  |            |
|    approx_kl            | 0.03059721 |
|    clip_fraction        | 0.362      |
|    clip_range           | 0.2        |
|    entropy_loss         | -14        |
|    explained_variance   | 0.781      |
|    learning_rate        | 0.0003     |
|    loss                 | -0.0894    |
|    n_updates            | 1100       |
|    policy_gradient_loss | -0.0495    |
|    std                  | 1.16       |
|    value_loss           | 0.317      |
----------------------------------------
-----------------------------------------
| rollout/                |             |
|    ep_len_mean          | 294         |
|    ep_rew_mean          | 56.8        |
|    success_rate         | 0           |
| time/                   |             |
|    fps                  | 1264        |
|    iterations           | 112         |
|    time_elapsed         | 90          |
|    total_timesteps      | 114688      |
| train/                  |             |
|    approx_kl            | 0.029354881 |
|    clip_fraction        | 0.322       |
|    clip_range           | 0.2         |
|    entropy_loss         | -14         |
|    explained_variance   | 0.881       |
|    learning_rate        | 0.0003      |
|    loss                 | -0.146      |
|    n_updates            | 1110        |
|    policy_gradient_loss | -0.0517     |
|    std                  | 1.15        |
|    value_loss           | 0.237       |
-----------------------------------------
-----------------------------------------
| rollout/                |             |
|    ep_len_mean          | 291         |
|    ep_rew_mean          | 57.8        |
|    success_rate         | 0           |
| time/                   |             |
|    fps                  | 1264        |
|    iterations           | 113         |
|    time_elapsed         | 91          |
|    total_timesteps      | 115712      |
| train/                  |             |
|    approx_kl            | 0.042183902 |
|    clip_fraction        | 0.401       |
|    clip_range           | 0.2         |
|    entropy_loss         | -14         |
|    explained_variance   | 0.878       |
|    learning_rate        | 0.0003      |
|    loss                 | -0.114      |
|    n_updates            | 1120        |
|    policy_gradient_loss | -0.0536     |
|    std                  | 1.15        |
|    value_loss           | 0.346       |
-----------------------------------------
-----------------------------------------
| rollout/                |             |
|    ep_len_mean          | 291         |
|    ep_rew_mean          | 58.6        |
|    success_rate         | 0           |
| time/                   |             |
|    fps                  | 1263        |
|    iterations           | 114         |
|    time_elapsed         | 92          |
|    total_timesteps      | 116736      |
| train/                  |             |
|    approx_kl            | 0.039315373 |
|    clip_fraction        | 0.379       |
|    clip_range           | 0.2         |
|    entropy_loss         | -14         |
|    explained_variance   | 0.188       |
|    learning_rate        | 0.0003      |
|    loss                 | -0.057      |
|    n_updates            | 1130        |
|    policy_gradient_loss | -0.0408     |
|    std                  | 1.15        |
|    value_loss           | 2.73        |
-----------------------------------------
----------------------------------------
| rollout/                |            |
|    ep_len_mean          | 291        |
|    ep_rew_mean          | 60.1       |
|    success_rate         | 0          |
| time/                   |            |
|    fps                  | 1263       |
|    iterations           | 115        |
|    time_elapsed         | 93         |
|    total_timesteps      | 117760     |
| train/                  |            |
|    approx_kl            | 0.03250757 |
|    clip_fraction        | 0.333      |
|    clip_range           | 0.2        |
|    entropy_loss         | -14        |
|    explained_variance   | 0.726      |
|    learning_rate        | 0.0003     |
|    loss                 | -0.121     |
|    n_updates            | 1140       |
|    policy_gradient_loss | -0.0487    |
|    std                  | 1.15       |
|    value_loss           | 0.309      |
----------------------------------------
----------------------------------------
| rollout/                |            |
|    ep_len_mean          | 288        |
|    ep_rew_mean          | 60.5       |
|    success_rate         | 0          |
| time/                   |            |
|    fps                  | 1263       |
|    iterations           | 116        |
|    time_elapsed         | 94         |
|    total_timesteps      | 118784     |
| train/                  |            |
|    approx_kl            | 0.03893535 |
|    clip_fraction        | 0.364      |
|    clip_range           | 0.2        |
|    entropy_loss         | -14        |
|    explained_variance   | 0.87       |
|    learning_rate        | 0.0003     |
|    loss                 | -0.0813    |
|    n_updates            | 1150       |
|    policy_gradient_loss | -0.0523    |
|    std                  | 1.15       |
|    value_loss           | 0.323      |
----------------------------------------
-----------------------------------------
| rollout/                |             |
|    ep_len_mean          | 288         |
|    ep_rew_mean          | 61.3        |
|    success_rate         | 0           |
| time/                   |             |
|    fps                  | 1262        |
|    iterations           | 117         |
|    time_elapsed         | 94          |
|    total_timesteps      | 119808      |
| train/                  |             |
|    approx_kl            | 0.029408524 |
|    clip_fraction        | 0.358       |
|    clip_range           | 0.2         |
|    entropy_loss         | -14         |
|    explained_variance   | 0.402       |
|    learning_rate        | 0.0003      |
|    loss                 | 6.94        |
|    n_updates            | 1160        |
|    policy_gradient_loss | -0.0436     |
|    std                  | 1.15        |
|    value_loss           | 2.34        |
-----------------------------------------
-----------------------------------------
| rollout/                |             |
|    ep_len_mean          | 288         |
|    ep_rew_mean          | 62.7        |
|    success_rate         | 0           |
| time/                   |             |
|    fps                  | 1262        |
|    iterations           | 118         |
|    time_elapsed         | 95          |
|    total_timesteps      | 120832      |
| train/                  |             |
|    approx_kl            | 0.030234125 |
|    clip_fraction        | 0.322       |
|    clip_range           | 0.2         |
|    entropy_loss         | -13.9       |
|    explained_variance   | 0.434       |
|    learning_rate        | 0.0003      |
|    loss                 | 0.0111      |
|    n_updates            | 1170        |
|    policy_gradient_loss | -0.0405     |
|    std                  | 1.15        |
|    value_loss           | 0.601       |
-----------------------------------------
----------------------------------------
| rollout/                |            |
|    ep_len_mean          | 288        |
|    ep_rew_mean          | 63.9       |
|    success_rate         | 0          |
| time/                   |            |
|    fps                  | 1262       |
|    iterations           | 119        |
|    time_elapsed         | 96         |
|    total_timesteps      | 121856     |
| train/                  |            |
|    approx_kl            | 0.03232603 |
|    clip_fraction        | 0.345      |
|    clip_range           | 0.2        |
|    entropy_loss         | -13.9      |
|    explained_variance   | 0.435      |
|    learning_rate        | 0.0003     |
|    loss                 | 0.0474     |
|    n_updates            | 1180       |
|    policy_gradient_loss | -0.047     |
|    std                  | 1.15       |
|    value_loss           | 0.566      |
----------------------------------------
-----------------------------------------
| rollout/                |             |
|    ep_len_mean          | 288         |
|    ep_rew_mean          | 64.8        |
|    success_rate         | 0           |
| time/                   |             |
|    fps                  | 1262        |
|    iterations           | 120         |
|    time_elapsed         | 97          |
|    total_timesteps      | 122880      |
| train/                  |             |
|    approx_kl            | 0.037045717 |
|    clip_fraction        | 0.362       |
|    clip_range           | 0.2         |
|    entropy_loss         | -13.9       |
|    explained_variance   | 0.787       |
|    learning_rate        | 0.0003      |
|    loss                 | -0.0851     |
|    n_updates            | 1190        |
|    policy_gradient_loss | -0.0472     |
|    std                  | 1.15        |
|    value_loss           | 0.271       |
-----------------------------------------
-----------------------------------------
| rollout/                |             |
|    ep_len_mean          | 288         |
|    ep_rew_mean          | 65.8        |
|    success_rate         | 0           |
| time/                   |             |
|    fps                  | 1262        |
|    iterations           | 121         |
|    time_elapsed         | 98          |
|    total_timesteps      | 123904      |
| train/                  |             |
|    approx_kl            | 0.042991616 |
|    clip_fraction        | 0.331       |
|    clip_range           | 0.2         |
|    entropy_loss         | -13.9       |
|    explained_variance   | 0.764       |
|    learning_rate        | 0.0003      |
|    loss                 | -0.0775     |
|    n_updates            | 1200        |
|    policy_gradient_loss | -0.0533     |
|    std                  | 1.15        |
|    value_loss           | 0.34        |
-----------------------------------------
-----------------------------------------
| rollout/                |             |
|    ep_len_mean          | 291         |
|    ep_rew_mean          | 67.5        |
|    success_rate         | 0           |
| time/                   |             |
|    fps                  | 1262        |
|    iterations           | 122         |
|    time_elapsed         | 98          |
|    total_timesteps      | 124928      |
| train/                  |             |
|    approx_kl            | 0.031413775 |
|    clip_fraction        | 0.328       |
|    clip_range           | 0.2         |
|    entropy_loss         | -13.9       |
|    explained_variance   | 0.832       |
|    learning_rate        | 0.0003      |
|    loss                 | -0.109      |
|    n_updates            | 1210        |
|    policy_gradient_loss | -0.044      |
|    std                  | 1.15        |
|    value_loss           | 0.199       |
-----------------------------------------
-----------------------------------------
| rollout/                |             |
|    ep_len_mean          | 291         |
|    ep_rew_mean          | 68.5        |
|    success_rate         | 0           |
| time/                   |             |
|    fps                  | 1261        |
|    iterations           | 123         |
|    time_elapsed         | 99          |
|    total_timesteps      | 125952      |
| train/                  |             |
|    approx_kl            | 0.031790122 |
|    clip_fraction        | 0.355       |
|    clip_range           | 0.2         |
|    entropy_loss         | -13.9       |
|    explained_variance   | 0.814       |
|    learning_rate        | 0.0003      |
|    loss                 | -0.152      |
|    n_updates            | 1220        |
|    policy_gradient_loss | -0.0547     |
|    std                  | 1.15        |
|    value_loss           | 0.143       |
-----------------------------------------
----------------------------------------
| rollout/                |            |
|    ep_len_mean          | 291        |
|    ep_rew_mean          | 69.4       |
|    success_rate         | 0          |
| time/                   |            |
|    fps                  | 1261       |
|    iterations           | 124        |
|    time_elapsed         | 100        |
|    total_timesteps      | 126976     |
| train/                  |            |
|    approx_kl            | 0.04125894 |
|    clip_fraction        | 0.357      |
|    clip_range           | 0.2        |
|    entropy_loss         | -13.9      |
|    explained_variance   | 0.768      |
|    learning_rate        | 0.0003     |
|    loss                 | -0.108     |
|    n_updates            | 1230       |
|    policy_gradient_loss | -0.0534    |
|    std                  | 1.15       |
|    value_loss           | 0.233      |
----------------------------------------
----------------------------------------
| rollout/                |            |
|    ep_len_mean          | 288        |
|    ep_rew_mean          | 69.5       |
|    success_rate         | 0          |
| time/                   |            |
|    fps                  | 1261       |
|    iterations           | 125        |
|    time_elapsed         | 101        |
|    total_timesteps      | 128000     |
| train/                  |            |
|    approx_kl            | 0.03098382 |
|    clip_fraction        | 0.329      |
|    clip_range           | 0.2        |
|    entropy_loss         | -13.9      |
|    explained_variance   | 0.36       |
|    learning_rate        | 0.0003     |
|    loss                 | 0.146      |
|    n_updates            | 1240       |
|    policy_gradient_loss | -0.0432    |
|    std                  | 1.15       |
|    value_loss           | 0.796      |
----------------------------------------
-----------------------------------------
| rollout/                |             |
|    ep_len_mean          | 288         |
|    ep_rew_mean          | 70.6        |
|    success_rate         | 0           |
| time/                   |             |
|    fps                  | 1261        |
|    iterations           | 126         |
|    time_elapsed         | 102         |
|    total_timesteps      | 129024      |
| train/                  |             |
|    approx_kl            | 0.036648564 |
|    clip_fraction        | 0.345       |
|    clip_range           | 0.2         |
|    entropy_loss         | -13.9       |
|    explained_variance   | 0.514       |
|    learning_rate        | 0.0003      |
|    loss                 | -0.134      |
|    n_updates            | 1250        |
|    policy_gradient_loss | -0.0415     |
|    std                  | 1.15        |
|    value_loss           | 1.84        |
-----------------------------------------
-----------------------------------------
| rollout/                |             |
|    ep_len_mean          | 288         |
|    ep_rew_mean          | 71.3        |
|    success_rate         | 0           |
| time/                   |             |
|    fps                  | 1260        |
|    iterations           | 127         |
|    time_elapsed         | 103         |
|    total_timesteps      | 130048      |
| train/                  |             |
|    approx_kl            | 0.037638962 |
|    clip_fraction        | 0.352       |
|    clip_range           | 0.2         |
|    entropy_loss         | -13.9       |
|    explained_variance   | 0.857       |
|    learning_rate        | 0.0003      |
|    loss                 | -0.116      |
|    n_updates            | 1260        |
|    policy_gradient_loss | -0.042      |
|    std                  | 1.15        |
|    value_loss           | 0.208       |
-----------------------------------------
-----------------------------------------
| rollout/                |             |
|    ep_len_mean          | 285         |
|    ep_rew_mean          | 70.9        |
|    success_rate         | 0           |
| time/                   |             |
|    fps                  | 1260        |
|    iterations           | 128         |
|    time_elapsed         | 103         |
|    total_timesteps      | 131072      |
| train/                  |             |
|    approx_kl            | 0.036948718 |
|    clip_fraction        | 0.352       |
|    clip_range           | 0.2         |
|    entropy_loss         | -13.9       |
|    explained_variance   | 0.902       |
|    learning_rate        | 0.0003      |
|    loss                 | -0.121      |
|    n_updates            | 1270        |
|    policy_gradient_loss | -0.0505     |
|    std                  | 1.15        |
|    value_loss           | 0.191       |
-----------------------------------------
-----------------------------------------
| rollout/                |             |
|    ep_len_mean          | 285         |
|    ep_rew_mean          | 71.5        |
|    success_rate         | 0.02        |
| time/                   |             |
|    fps                  | 1260        |
|    iterations           | 129         |
|    time_elapsed         | 104         |
|    total_timesteps      | 132096      |
| train/                  |             |
|    approx_kl            | 0.032044675 |
|    clip_fraction        | 0.341       |
|    clip_range           | 0.2         |
|    entropy_loss         | -13.9       |
|    explained_variance   | 0.622       |
|    learning_rate        | 0.0003      |
|    loss                 | 0.694       |
|    n_updates            | 1280        |
|    policy_gradient_loss | -0.0367     |
|    std                  | 1.15        |
|    value_loss           | 1.17        |
-----------------------------------------
----------------------------------------
| rollout/                |            |
|    ep_len_mean          | 285        |
|    ep_rew_mean          | 72.1       |
|    success_rate         | 0.02       |
| time/                   |            |
|    fps                  | 1260       |
|    iterations           | 130        |
|    time_elapsed         | 105        |
|    total_timesteps      | 133120     |
| train/                  |            |
|    approx_kl            | 0.03246813 |
|    clip_fraction        | 0.33       |
|    clip_range           | 0.2        |
|    entropy_loss         | -13.9      |
|    explained_variance   | 0.829      |
|    learning_rate        | 0.0003     |
|    loss                 | -0.125     |
|    n_updates            | 1290       |
|    policy_gradient_loss | -0.0417    |
|    std                  | 1.15       |
|    value_loss           | 0.203      |
----------------------------------------
-----------------------------------------
| rollout/                |             |
|    ep_len_mean          | 282         |
|    ep_rew_mean          | 71.8        |
|    success_rate         | 0.02        |
| time/                   |             |
|    fps                  | 1260        |
|    iterations           | 131         |
|    time_elapsed         | 106         |
|    total_timesteps      | 134144      |
| train/                  |             |
|    approx_kl            | 0.041088425 |
|    clip_fraction        | 0.379       |
|    clip_range           | 0.2         |
|    entropy_loss         | -13.9       |
|    explained_variance   | 0.669       |
|    learning_rate        | 0.0003      |
|    loss                 | -0.131      |
|    n_updates            | 1300        |
|    policy_gradient_loss | -0.0475     |
|    std                  | 1.15        |
|    value_loss           | 0.204       |
-----------------------------------------
----------------------------------------
| rollout/                |            |
|    ep_len_mean          | 282        |
|    ep_rew_mean          | 72.3       |
|    success_rate         | 0.04       |
| time/                   |            |
|    fps                  | 1260       |
|    iterations           | 132        |
|    time_elapsed         | 107        |
|    total_timesteps      | 135168     |
| train/                  |            |
|    approx_kl            | 0.03148186 |
|    clip_fraction        | 0.334      |
|    clip_range           | 0.2        |
|    entropy_loss         | -13.9      |
|    explained_variance   | 0.707      |
|    learning_rate        | 0.0003     |
|    loss                 | -0.0913    |
|    n_updates            | 1310       |
|    policy_gradient_loss | -0.0454    |
|    std                  | 1.15       |
|    value_loss           | 0.572      |
----------------------------------------
----------------------------------------
| rollout/                |            |
|    ep_len_mean          | 282        |
|    ep_rew_mean          | 72.8       |
|    success_rate         | 0.05       |
| time/                   |            |
|    fps                  | 1259       |
|    iterations           | 133        |
|    time_elapsed         | 108        |
|    total_timesteps      | 136192     |
| train/                  |            |
|    approx_kl            | 0.03366824 |
|    clip_fraction        | 0.322      |
|    clip_range           | 0.2        |
|    entropy_loss         | -13.9      |
|    explained_variance   | 0.675      |
|    learning_rate        | 0.0003     |
|    loss                 | -0.0604    |
|    n_updates            | 1320       |
|    policy_gradient_loss | -0.0466    |
|    std                  | 1.15       |
|    value_loss           | 0.577      |
----------------------------------------
-----------------------------------------
| rollout/                |             |
|    ep_len_mean          | 282         |
|    ep_rew_mean          | 73.1        |
|    success_rate         | 0.06        |
| time/                   |             |
|    fps                  | 1259        |
|    iterations           | 134         |
|    time_elapsed         | 108         |
|    total_timesteps      | 137216      |
| train/                  |             |
|    approx_kl            | 0.039988868 |
|    clip_fraction        | 0.366       |
|    clip_range           | 0.2         |
|    entropy_loss         | -13.9       |
|    explained_variance   | 0.835       |
|    learning_rate        | 0.0003      |
|    loss                 | -0.169      |
|    n_updates            | 1330        |
|    policy_gradient_loss | -0.0535     |
|    std                  | 1.15        |
|    value_loss           | 0.169       |
-----------------------------------------
-----------------------------------------
| rollout/                |             |
|    ep_len_mean          | 282         |
|    ep_rew_mean          | 73.5        |
|    success_rate         | 0.1         |
| time/                   |             |
|    fps                  | 1259        |
|    iterations           | 135         |
|    time_elapsed         | 109         |
|    total_timesteps      | 138240      |
| train/                  |             |
|    approx_kl            | 0.026931794 |
|    clip_fraction        | 0.31        |
|    clip_range           | 0.2         |
|    entropy_loss         | -13.9       |
|    explained_variance   | 0.521       |
|    learning_rate        | 0.0003      |
|    loss                 | 0.1         |
|    n_updates            | 1340        |
|    policy_gradient_loss | -0.0366     |
|    std                  | 1.15        |
|    value_loss           | 1.28        |
-----------------------------------------
-----------------------------------------
| rollout/                |             |
|    ep_len_mean          | 285         |
|    ep_rew_mean          | 74.9        |
|    success_rate         | 0.11        |
| time/                   |             |
|    fps                  | 1259        |
|    iterations           | 136         |
|    time_elapsed         | 110         |
|    total_timesteps      | 139264      |
| train/                  |             |
|    approx_kl            | 0.040704414 |
|    clip_fraction        | 0.388       |
|    clip_range           | 0.2         |
|    entropy_loss         | -13.9       |
|    explained_variance   | 0.818       |
|    learning_rate        | 0.0003      |
|    loss                 | 0.0206      |
|    n_updates            | 1350        |
|    policy_gradient_loss | -0.0465     |
|    std                  | 1.15        |
|    value_loss           | 0.661       |
-----------------------------------------
----------------------------------------
| rollout/                |            |
|    ep_len_mean          | 285        |
|    ep_rew_mean          | 75.4       |
|    success_rate         | 0.11       |
| time/                   |            |
|    fps                  | 1258       |
|    iterations           | 137        |
|    time_elapsed         | 111        |
|    total_timesteps      | 140288     |
| train/                  |            |
|    approx_kl            | 0.03270404 |
|    clip_fraction        | 0.354      |
|    clip_range           | 0.2        |
|    entropy_loss         | -13.9      |
|    explained_variance   | 0.891      |
|    learning_rate        | 0.0003     |
|    loss                 | -0.0936    |
|    n_updates            | 1360       |
|    policy_gradient_loss | -0.0496    |
|    std                  | 1.15       |
|    value_loss           | 0.253      |
----------------------------------------
-----------------------------------------
| rollout/                |             |
|    ep_len_mean          | 285         |
|    ep_rew_mean          | 75.8        |
|    success_rate         | 0.13        |
| time/                   |             |
|    fps                  | 1258        |
|    iterations           | 138         |
|    time_elapsed         | 112         |
|    total_timesteps      | 141312      |
| train/                  |             |
|    approx_kl            | 0.032268465 |
|    clip_fraction        | 0.353       |
|    clip_range           | 0.2         |
|    entropy_loss         | -13.9       |
|    explained_variance   | 0.896       |
|    learning_rate        | 0.0003      |
|    loss                 | -0.147      |
|    n_updates            | 1370        |
|    policy_gradient_loss | -0.0492     |
|    std                  | 1.15        |
|    value_loss           | 0.168       |
-----------------------------------------
----------------------------------------
| rollout/                |            |
|    ep_len_mean          | 285        |
|    ep_rew_mean          | 75.9       |
|    success_rate         | 0.14       |
| time/                   |            |
|    fps                  | 1258       |
|    iterations           | 139        |
|    time_elapsed         | 113        |
|    total_timesteps      | 142336     |
| train/                  |            |
|    approx_kl            | 0.03245223 |
|    clip_fraction        | 0.358      |
|    clip_range           | 0.2        |
|    entropy_loss         | -13.9      |
|    explained_variance   | 0.887      |
|    learning_rate        | 0.0003     |
|    loss                 | -0.109     |
|    n_updates            | 1380       |
|    policy_gradient_loss | -0.0528    |
|    std                  | 1.15       |
|    value_loss           | 0.187      |
----------------------------------------
----------------------------------------
| rollout/                |            |
|    ep_len_mean          | 285        |
|    ep_rew_mean          | 76.1       |
|    success_rate         | 0.16       |
| time/                   |            |
|    fps                  | 1258       |
|    iterations           | 140        |
|    time_elapsed         | 113        |
|    total_timesteps      | 143360     |
| train/                  |            |
|    approx_kl            | 0.03374674 |
|    clip_fraction        | 0.373      |
|    clip_range           | 0.2        |
|    entropy_loss         | -13.9      |
|    explained_variance   | 0.856      |
|    learning_rate        | 0.0003     |
|    loss                 | -0.114     |
|    n_updates            | 1390       |
|    policy_gradient_loss | -0.0482    |
|    std                  | 1.15       |
|    value_loss           | 0.366      |
----------------------------------------
----------------------------------------
| rollout/                |            |
|    ep_len_mean          | 288        |
|    ep_rew_mean          | 77.5       |
|    success_rate         | 0.18       |
| time/                   |            |
|    fps                  | 1258       |
|    iterations           | 141        |
|    time_elapsed         | 114        |
|    total_timesteps      | 144384     |
| train/                  |            |
|    approx_kl            | 0.03958409 |
|    clip_fraction        | 0.358      |
|    clip_range           | 0.2        |
|    entropy_loss         | -13.9      |
|    explained_variance   | 0.805      |
|    learning_rate        | 0.0003     |
|    loss                 | -0.0182    |
|    n_updates            | 1400       |
|    policy_gradient_loss | -0.05      |
|    std                  | 1.15       |
|    value_loss           | 0.682      |
----------------------------------------
----------------------------------------
| rollout/                |            |
|    ep_len_mean          | 288        |
|    ep_rew_mean          | 78         |
|    success_rate         | 0.21       |
| time/                   |            |
|    fps                  | 1258       |
|    iterations           | 142        |
|    time_elapsed         | 115        |
|    total_timesteps      | 145408     |
| train/                  |            |
|    approx_kl            | 0.03651096 |
|    clip_fraction        | 0.378      |
|    clip_range           | 0.2        |
|    entropy_loss         | -13.9      |
|    explained_variance   | 0.69       |
|    learning_rate        | 0.0003     |
|    loss                 | -0.0408    |
|    n_updates            | 1410       |
|    policy_gradient_loss | -0.0449    |
|    std                  | 1.14       |
|    value_loss           | 0.407      |
----------------------------------------
----------------------------------------
| rollout/                |            |
|    ep_len_mean          | 288        |
|    ep_rew_mean          | 78.4       |
|    success_rate         | 0.21       |
| time/                   |            |
|    fps                  | 1258       |
|    iterations           | 143        |
|    time_elapsed         | 116        |
|    total_timesteps      | 146432     |
| train/                  |            |
|    approx_kl            | 0.03910263 |
|    clip_fraction        | 0.343      |
|    clip_range           | 0.2        |
|    entropy_loss         | -13.8      |
|    explained_variance   | 0.905      |
|    learning_rate        | 0.0003     |
|    loss                 | -0.139     |
|    n_updates            | 1420       |
|    policy_gradient_loss | -0.0513    |
|    std                  | 1.14       |
|    value_loss           | 0.24       |
----------------------------------------
-----------------------------------------
| rollout/                |             |
|    ep_len_mean          | 288         |
|    ep_rew_mean          | 78.9        |
|    success_rate         | 0.22        |
| time/                   |             |
|    fps                  | 1258        |
|    iterations           | 144         |
|    time_elapsed         | 117         |
|    total_timesteps      | 147456      |
| train/                  |             |
|    approx_kl            | 0.039987184 |
|    clip_fraction        | 0.384       |
|    clip_range           | 0.2         |
|    entropy_loss         | -13.8       |
|    explained_variance   | 0.867       |
|    learning_rate        | 0.0003      |
|    loss                 | -0.159      |
|    n_updates            | 1430        |
|    policy_gradient_loss | -0.0527     |
|    std                  | 1.14        |
|    value_loss           | 0.165       |
-----------------------------------------
----------------------------------------
| rollout/                |            |
|    ep_len_mean          | 285        |
|    ep_rew_mean          | 78.4       |
|    success_rate         | 0.23       |
| time/                   |            |
|    fps                  | 1258       |
|    iterations           | 145        |
|    time_elapsed         | 117        |
|    total_timesteps      | 148480     |
| train/                  |            |
|    approx_kl            | 0.03786694 |
|    clip_fraction        | 0.365      |
|    clip_range           | 0.2        |
|    entropy_loss         | -13.8      |
|    explained_variance   | 0.906      |
|    learning_rate        | 0.0003     |
|    loss                 | -0.13      |
|    n_updates            | 1440       |
|    policy_gradient_loss | -0.0448    |
|    std                  | 1.14       |
|    value_loss           | 0.197      |
----------------------------------------
-----------------------------------------
| rollout/                |             |
|    ep_len_mean          | 285         |
|    ep_rew_mean          | 78.7        |
|    success_rate         | 0.23        |
| time/                   |             |
|    fps                  | 1258        |
|    iterations           | 146         |
|    time_elapsed         | 118         |
|    total_timesteps      | 149504      |
| train/                  |             |
|    approx_kl            | 0.043784715 |
|    clip_fraction        | 0.377       |
|    clip_range           | 0.2         |
|    entropy_loss         | -13.8       |
|    explained_variance   | 0.948       |
|    learning_rate        | 0.0003      |
|    loss                 | -0.144      |
|    n_updates            | 1450        |
|    policy_gradient_loss | -0.0468     |
|    std                  | 1.15        |
|    value_loss           | 0.192       |
-----------------------------------------
----------------------------------------
| rollout/                |            |
|    ep_len_mean          | 285        |
|    ep_rew_mean          | 78.9       |
|    success_rate         | 0.25       |
| time/                   |            |
|    fps                  | 1258       |
|    iterations           | 147        |
|    time_elapsed         | 119        |
|    total_timesteps      | 150528     |
| train/                  |            |
|    approx_kl            | 0.04439432 |
|    clip_fraction        | 0.386      |
|    clip_range           | 0.2        |
|    entropy_loss         | -13.8      |
|    explained_variance   | 0.726      |
|    learning_rate        | 0.0003     |
|    loss                 | -0.137     |
|    n_updates            | 1460       |
|    policy_gradient_loss | -0.0531    |
|    std                  | 1.14       |
|    value_loss           | 0.233      |
----------------------------------------

=== /Users/youpeixing/ws/allegro_rod_mvp/.venv/bin/python /Users/youpeixing/ws/allegro_rod_mvp/scripts/train.py --stage 0 --steps 100000 --resume /Users/youpeixing/ws/allegro_rod_mvp/checkpoints/stage0/final_model.zip ===
Logging to checkpoints/stage0/tb/PPO_1
---------------------------------
| rollout/           |          |
|    ep_len_mean     | 285      |
|    ep_rew_mean     | 79.3     |
|    success_rate    | 0.25     |
| time/              |          |
|    fps             | 1421     |
|    iterations      | 1        |
|    time_elapsed    | 0        |
|    total_timesteps | 151552   |
---------------------------------
----------------------------------------
| rollout/                |            |
|    ep_len_mean          | 285        |
|    ep_rew_mean          | 79.4       |
|    success_rate         | 0.25       |
| time/                   |            |
|    fps                  | 1320       |
|    iterations           | 2          |
|    time_elapsed         | 1          |
|    total_timesteps      | 152576     |
| train/                  |            |
|    approx_kl            | 0.04077269 |
|    clip_fraction        | 0.381      |
|    clip_range           | 0.2        |
|    entropy_loss         | -13.9      |
|    explained_variance   | 0.615      |
|    learning_rate        | 0.0003     |
|    loss                 | -0.131     |
|    n_updates            | 1480       |
|    policy_gradient_loss | -0.0502    |
|    std                  | 1.15       |
|    value_loss           | 0.193      |
----------------------------------------
-----------------------------------------
| rollout/                |             |
|    ep_len_mean          | 282         |
|    ep_rew_mean          | 78.3        |
|    success_rate         | 0.26        |
| time/                   |             |
|    fps                  | 1294        |
|    iterations           | 3           |
|    time_elapsed         | 2           |
|    total_timesteps      | 153600      |
| train/                  |             |
|    approx_kl            | 0.038762465 |
|    clip_fraction        | 0.369       |
|    clip_range           | 0.2         |
|    entropy_loss         | -13.9       |
|    explained_variance   | 0.494       |
|    learning_rate        | 0.0003      |
|    loss                 | -0.0754     |
|    n_updates            | 1490        |
|    policy_gradient_loss | -0.043      |
|    std                  | 1.15        |
|    value_loss           | 0.363       |
-----------------------------------------
----------------------------------------
| rollout/                |            |
|    ep_len_mean          | 282        |
|    ep_rew_mean          | 78.4       |
|    success_rate         | 0.26       |
| time/                   |            |
|    fps                  | 1284       |
|    iterations           | 4          |
|    time_elapsed         | 3          |
|    total_timesteps      | 154624     |
| train/                  |            |
|    approx_kl            | 0.03943447 |
|    clip_fraction        | 0.398      |
|    clip_range           | 0.2        |
|    entropy_loss         | -13.9      |
|    explained_variance   | 0.922      |
|    learning_rate        | 0.0003     |
|    loss                 | -0.132     |
|    n_updates            | 1500       |
|    policy_gradient_loss | -0.0602    |
|    std                  | 1.15       |
|    value_loss           | 0.255      |
----------------------------------------
----------------------------------------
| rollout/                |            |
|    ep_len_mean          | 282        |
|    ep_rew_mean          | 78.5       |
|    success_rate         | 0.26       |
| time/                   |            |
|    fps                  | 1277       |
|    iterations           | 5          |
|    time_elapsed         | 4          |
|    total_timesteps      | 155648     |
| train/                  |            |
|    approx_kl            | 0.04176084 |
|    clip_fraction        | 0.383      |
|    clip_range           | 0.2        |
|    entropy_loss         | -13.9      |
|    explained_variance   | 0.744      |
|    learning_rate        | 0.0003     |
|    loss                 | -0.131     |
|    n_updates            | 1510       |
|    policy_gradient_loss | -0.0479    |
|    std                  | 1.15       |
|    value_loss           | 0.19       |
----------------------------------------
-----------------------------------------
| rollout/                |             |
|    ep_len_mean          | 285         |
|    ep_rew_mean          | 79.9        |
|    success_rate         | 0.28        |
| time/                   |             |
|    fps                  | 1273        |
|    iterations           | 6           |
|    time_elapsed         | 4           |
|    total_timesteps      | 156672      |
| train/                  |             |
|    approx_kl            | 0.034048785 |
|    clip_fraction        | 0.38        |
|    clip_range           | 0.2         |
|    entropy_loss         | -13.9       |
|    explained_variance   | 0.361       |
|    learning_rate        | 0.0003      |
|    loss                 | -0.0202     |
|    n_updates            | 1520        |
|    policy_gradient_loss | -0.0431     |
|    std                  | 1.15        |
|    value_loss           | 0.536       |
-----------------------------------------
-----------------------------------------
| rollout/                |             |
|    ep_len_mean          | 285         |
|    ep_rew_mean          | 79.8        |
|    success_rate         | 0.3         |
| time/                   |             |
|    fps                  | 1270        |
|    iterations           | 7           |
|    time_elapsed         | 5           |
|    total_timesteps      | 157696      |
| train/                  |             |
|    approx_kl            | 0.034526616 |
|    clip_fraction        | 0.361       |
|    clip_range           | 0.2         |
|    entropy_loss         | -13.9       |
|    explained_variance   | 0.567       |
|    learning_rate        | 0.0003      |
|    loss                 | -0.0775     |
|    n_updates            | 1530        |
|    policy_gradient_loss | -0.0443     |
|    std                  | 1.16        |
|    value_loss           | 0.343       |
-----------------------------------------
-----------------------------------------
| rollout/                |             |
|    ep_len_mean          | 285         |
|    ep_rew_mean          | 79.9        |
|    success_rate         | 0.32        |
| time/                   |             |
|    fps                  | 1268        |
|    iterations           | 8           |
|    time_elapsed         | 6           |
|    total_timesteps      | 158720      |
| train/                  |             |
|    approx_kl            | 0.037680663 |
|    clip_fraction        | 0.361       |
|    clip_range           | 0.2         |
|    entropy_loss         | -13.9       |
|    explained_variance   | 0.453       |
|    learning_rate        | 0.0003      |
|    loss                 | -0.112      |
|    n_updates            | 1540        |
|    policy_gradient_loss | -0.052      |
|    std                  | 1.16        |
|    value_loss           | 0.262       |
-----------------------------------------
-----------------------------------------
| rollout/                |             |
|    ep_len_mean          | 288         |
|    ep_rew_mean          | 81          |
|    success_rate         | 0.32        |
| time/                   |             |
|    fps                  | 1266        |
|    iterations           | 9           |
|    time_elapsed         | 7           |
|    total_timesteps      | 159744      |
| train/                  |             |
|    approx_kl            | 0.037242923 |
|    clip_fraction        | 0.34        |
|    clip_range           | 0.2         |
|    entropy_loss         | -13.9       |
|    explained_variance   | 0.745       |
|    learning_rate        | 0.0003      |
|    loss                 | -0.132      |
|    n_updates            | 1550        |
|    policy_gradient_loss | -0.0525     |
|    std                  | 1.15        |
|    value_loss           | 0.214       |
-----------------------------------------
-----------------------------------------
| rollout/                |             |
|    ep_len_mean          | 288         |
|    ep_rew_mean          | 81.2        |
|    success_rate         | 0.34        |
| time/                   |             |
|    fps                  | 1264        |
|    iterations           | 10          |
|    time_elapsed         | 8           |
|    total_timesteps      | 160768      |
| train/                  |             |
|    approx_kl            | 0.044987433 |
|    clip_fraction        | 0.366       |
|    clip_range           | 0.2         |
|    entropy_loss         | -13.9       |
|    explained_variance   | 0.713       |
|    learning_rate        | 0.0003      |
|    loss                 | -0.0561     |
|    n_updates            | 1560        |
|    policy_gradient_loss | -0.0492     |
|    std                  | 1.15        |
|    value_loss           | 0.389       |
-----------------------------------------
-----------------------------------------
| rollout/                |             |
|    ep_len_mean          | 288         |
|    ep_rew_mean          | 81          |
|    success_rate         | 0.36        |
| time/                   |             |
|    fps                  | 1263        |
|    iterations           | 11          |
|    time_elapsed         | 8           |
|    total_timesteps      | 161792      |
| train/                  |             |
|    approx_kl            | 0.030858295 |
|    clip_fraction        | 0.34        |
|    clip_range           | 0.2         |
|    entropy_loss         | -13.9       |
|    explained_variance   | 0.22        |
|    learning_rate        | 0.0003      |
|    loss                 | 0.311       |
|    n_updates            | 1570        |
|    policy_gradient_loss | -0.0346     |
|    std                  | 1.15        |
|    value_loss           | 1.66        |
-----------------------------------------
----------------------------------------
| rollout/                |            |
|    ep_len_mean          | 288        |
|    ep_rew_mean          | 81.2       |
|    success_rate         | 0.39       |
| time/                   |            |
|    fps                  | 1263       |
|    iterations           | 12         |
|    time_elapsed         | 9          |
|    total_timesteps      | 162816     |
| train/                  |            |
|    approx_kl            | 0.03984951 |
|    clip_fraction        | 0.373      |
|    clip_range           | 0.2        |
|    entropy_loss         | -13.9      |
|    explained_variance   | -0.164     |
|    learning_rate        | 0.0003     |
|    loss                 | 0.00415    |
|    n_updates            | 1580       |
|    policy_gradient_loss | -0.0448    |
|    std                  | 1.15       |
|    value_loss           | 0.535      |
----------------------------------------
----------------------------------------
| rollout/                |            |
|    ep_len_mean          | 288        |
|    ep_rew_mean          | 81.4       |
|    success_rate         | 0.42       |
| time/                   |            |
|    fps                  | 1262       |
|    iterations           | 13         |
|    time_elapsed         | 10         |
|    total_timesteps      | 163840     |
| train/                  |            |
|    approx_kl            | 0.03966724 |
|    clip_fraction        | 0.37       |
|    clip_range           | 0.2        |
|    entropy_loss         | -13.9      |
|    explained_variance   | 0.919      |
|    learning_rate        | 0.0003     |
|    loss                 | -0.105     |
|    n_updates            | 1590       |
|    policy_gradient_loss | -0.0532    |
|    std                  | 1.15       |
|    value_loss           | 0.267      |
----------------------------------------
----------------------------------------
| rollout/                |            |
|    ep_len_mean          | 288        |
|    ep_rew_mean          | 81.5       |
|    success_rate         | 0.43       |
| time/                   |            |
|    fps                  | 1261       |
|    iterations           | 14         |
|    time_elapsed         | 11         |
|    total_timesteps      | 164864     |
| train/                  |            |
|    approx_kl            | 0.03060467 |
|    clip_fraction        | 0.326      |
|    clip_range           | 0.2        |
|    entropy_loss         | -13.9      |
|    explained_variance   | 0.35       |
|    learning_rate        | 0.0003     |
|    loss                 | 0.128      |
|    n_updates            | 1600       |
|    policy_gradient_loss | -0.0401    |
|    std                  | 1.15       |
|    value_loss           | 2          |
----------------------------------------
-----------------------------------------
| rollout/                |             |
|    ep_len_mean          | 285         |
|    ep_rew_mean          | 80.6        |
|    success_rate         | 0.45        |
| time/                   |             |
|    fps                  | 1260        |
|    iterations           | 15          |
|    time_elapsed         | 12          |
|    total_timesteps      | 165888      |
| train/                  |             |
|    approx_kl            | 0.033114992 |
|    clip_fraction        | 0.375       |
|    clip_range           | 0.2         |
|    entropy_loss         | -13.9       |
|    explained_variance   | 0.691       |
|    learning_rate        | 0.0003      |
|    loss                 | -0.018      |
|    n_updates            | 1610        |
|    policy_gradient_loss | -0.0483     |
|    std                  | 1.15        |
|    value_loss           | 0.522       |
-----------------------------------------
-----------------------------------------
| rollout/                |             |
|    ep_len_mean          | 285         |
|    ep_rew_mean          | 80.9        |
|    success_rate         | 0.45        |
| time/                   |             |
|    fps                  | 1260        |
|    iterations           | 16          |
|    time_elapsed         | 12          |
|    total_timesteps      | 166912      |
| train/                  |             |
|    approx_kl            | 0.048657008 |
|    clip_fraction        | 0.441       |
|    clip_range           | 0.2         |
|    entropy_loss         | -13.9       |
|    explained_variance   | 0.833       |
|    learning_rate        | 0.0003      |
|    loss                 | -0.0996     |
|    n_updates            | 1620        |
|    policy_gradient_loss | -0.0532     |
|    std                  | 1.16        |
|    value_loss           | 0.529       |
-----------------------------------------
----------------------------------------
| rollout/                |            |
|    ep_len_mean          | 285        |
|    ep_rew_mean          | 81.1       |
|    success_rate         | 0.48       |
| time/                   |            |
|    fps                  | 1260       |
|    iterations           | 17         |
|    time_elapsed         | 13         |
|    total_timesteps      | 167936     |
| train/                  |            |
|    approx_kl            | 0.04580963 |
|    clip_fraction        | 0.401      |
|    clip_range           | 0.2        |
|    entropy_loss         | -13.9      |
|    explained_variance   | 0.321      |
|    learning_rate        | 0.0003     |
|    loss                 | -0.115     |
|    n_updates            | 1630       |
|    policy_gradient_loss | -0.0428    |
|    std                  | 1.15       |
|    value_loss           | 0.374      |
----------------------------------------
-----------------------------------------
| rollout/                |             |
|    ep_len_mean          | 285         |
|    ep_rew_mean          | 81.2        |
|    success_rate         | 0.51        |
| time/                   |             |
|    fps                  | 1260        |
|    iterations           | 18          |
|    time_elapsed         | 14          |
|    total_timesteps      | 168960      |
| train/                  |             |
|    approx_kl            | 0.041054666 |
|    clip_fraction        | 0.397       |
|    clip_range           | 0.2         |
|    entropy_loss         | -13.9       |
|    explained_variance   | 0.296       |
|    learning_rate        | 0.0003      |
|    loss                 | 0.0782      |
|    n_updates            | 1640        |
|    policy_gradient_loss | -0.0463     |
|    std                  | 1.16        |
|    value_loss           | 0.757       |
-----------------------------------------
----------------------------------------
| rollout/                |            |
|    ep_len_mean          | 285        |
|    ep_rew_mean          | 81.4       |
|    success_rate         | 0.52       |
| time/                   |            |
|    fps                  | 1259       |
|    iterations           | 19         |
|    time_elapsed         | 15         |
|    total_timesteps      | 169984     |
| train/                  |            |
|    approx_kl            | 0.03975755 |
|    clip_fraction        | 0.4        |
|    clip_range           | 0.2        |
|    entropy_loss         | -13.9      |
|    explained_variance   | 0.575      |
|    learning_rate        | 0.0003     |
|    loss                 | -0.128     |
|    n_updates            | 1650       |
|    policy_gradient_loss | -0.0513    |
|    std                  | 1.16       |
|    value_loss           | 0.24       |
----------------------------------------
----------------------------------------
| rollout/                |            |
|    ep_len_mean          | 285        |
|    ep_rew_mean          | 81.6       |
|    success_rate         | 0.54       |
| time/                   |            |
|    fps                  | 1259       |
|    iterations           | 20         |
|    time_elapsed         | 16         |
|    total_timesteps      | 171008     |
| train/                  |            |
|    approx_kl            | 0.05961076 |
|    clip_fraction        | 0.402      |
|    clip_range           | 0.2        |
|    entropy_loss         | -13.9      |
|    explained_variance   | 0.743      |
|    learning_rate        | 0.0003     |
|    loss                 | -0.155     |
|    n_updates            | 1660       |
|    policy_gradient_loss | -0.0526    |
|    std                  | 1.16       |
|    value_loss           | 0.189      |
----------------------------------------
-----------------------------------------
| rollout/                |             |
|    ep_len_mean          | 285         |
|    ep_rew_mean          | 82          |
|    success_rate         | 0.56        |
| time/                   |             |
|    fps                  | 1259        |
|    iterations           | 21          |
|    time_elapsed         | 17          |
|    total_timesteps      | 172032      |
| train/                  |             |
|    approx_kl            | 0.045142796 |
|    clip_fraction        | 0.426       |
|    clip_range           | 0.2         |
|    entropy_loss         | -13.9       |
|    explained_variance   | 0.563       |
|    learning_rate        | 0.0003      |
|    loss                 | -0.0975     |
|    n_updates            | 1670        |
|    policy_gradient_loss | -0.0643     |
|    std                  | 1.16        |
|    value_loss           | 0.248       |
-----------------------------------------
-----------------------------------------
| rollout/                |             |
|    ep_len_mean          | 285         |
|    ep_rew_mean          | 82.2        |
|    success_rate         | 0.57        |
| time/                   |             |
|    fps                  | 1256        |
|    iterations           | 22          |
|    time_elapsed         | 17          |
|    total_timesteps      | 173056      |
| train/                  |             |
|    approx_kl            | 0.045702986 |
|    clip_fraction        | 0.427       |
|    clip_range           | 0.2         |
|    entropy_loss         | -13.9       |
|    explained_variance   | 0.685       |
|    learning_rate        | 0.0003      |
|    loss                 | -0.0956     |
|    n_updates            | 1680        |
|    policy_gradient_loss | -0.0587     |
|    std                  | 1.16        |
|    value_loss           | 0.294       |
-----------------------------------------
-----------------------------------------
| rollout/                |             |
|    ep_len_mean          | 285         |
|    ep_rew_mean          | 82.3        |
|    success_rate         | 0.58        |
| time/                   |             |
|    fps                  | 1256        |
|    iterations           | 23          |
|    time_elapsed         | 18          |
|    total_timesteps      | 174080      |
| train/                  |             |
|    approx_kl            | 0.047246538 |
|    clip_fraction        | 0.417       |
|    clip_range           | 0.2         |
|    entropy_loss         | -13.9       |
|    explained_variance   | 0.776       |
|    learning_rate        | 0.0003      |
|    loss                 | -0.147      |
|    n_updates            | 1690        |
|    policy_gradient_loss | -0.0647     |
|    std                  | 1.16        |
|    value_loss           | 0.248       |
-----------------------------------------
----------------------------------------
| rollout/                |            |
|    ep_len_mean          | 285        |
|    ep_rew_mean          | 82.5       |
|    success_rate         | 0.61       |
| time/                   |            |
|    fps                  | 1256       |
|    iterations           | 24         |
|    time_elapsed         | 19         |
|    total_timesteps      | 175104     |
| train/                  |            |
|    approx_kl            | 0.04058837 |
|    clip_fraction        | 0.393      |
|    clip_range           | 0.2        |
|    entropy_loss         | -13.9      |
|    explained_variance   | 0.318      |
|    learning_rate        | 0.0003     |
|    loss                 | -0.107     |
|    n_updates            | 1700       |
|    policy_gradient_loss | -0.0501    |
|    std                  | 1.15       |
|    value_loss           | 0.465      |
----------------------------------------
----------------------------------------
| rollout/                |            |
|    ep_len_mean          | 288        |
|    ep_rew_mean          | 84         |
|    success_rate         | 0.64       |
| time/                   |            |
|    fps                  | 1253       |
|    iterations           | 25         |
|    time_elapsed         | 20         |
|    total_timesteps      | 176128     |
| train/                  |            |
|    approx_kl            | 0.05362826 |
|    clip_fraction        | 0.398      |
|    clip_range           | 0.2        |
|    entropy_loss         | -13.9      |
|    explained_variance   | 0.825      |
|    learning_rate        | 0.0003     |
|    loss                 | -0.0355    |
|    n_updates            | 1710       |
|    policy_gradient_loss | -0.0526    |
|    std                  | 1.15       |
|    value_loss           | 0.323      |
----------------------------------------
-----------------------------------------
| rollout/                |             |
|    ep_len_mean          | 288         |
|    ep_rew_mean          | 84.2        |
|    success_rate         | 0.66        |
| time/                   |             |
|    fps                  | 1252        |
|    iterations           | 26          |
|    time_elapsed         | 21          |
|    total_timesteps      | 177152      |
| train/                  |             |
|    approx_kl            | 0.040768247 |
|    clip_fraction        | 0.398       |
|    clip_range           | 0.2         |
|    entropy_loss         | -13.9       |
|    explained_variance   | 0.844       |
|    learning_rate        | 0.0003      |
|    loss                 | -0.177      |
|    n_updates            | 1720        |
|    policy_gradient_loss | -0.0588     |
|    std                  | 1.15        |
|    value_loss           | 0.163       |
-----------------------------------------
-----------------------------------------
| rollout/                |             |
|    ep_len_mean          | 288         |
|    ep_rew_mean          | 84.5        |
|    success_rate         | 0.7         |
| time/                   |             |
|    fps                  | 1250        |
|    iterations           | 27          |
|    time_elapsed         | 22          |
|    total_timesteps      | 178176      |
| train/                  |             |
|    approx_kl            | 0.046599362 |
|    clip_fraction        | 0.39        |
|    clip_range           | 0.2         |
|    entropy_loss         | -13.9       |
|    explained_variance   | 0.942       |
|    learning_rate        | 0.0003      |
|    loss                 | -0.149      |
|    n_updates            | 1730        |
|    policy_gradient_loss | -0.061      |
|    std                  | 1.15        |
|    value_loss           | 0.24        |
-----------------------------------------
----------------------------------------
| rollout/                |            |
|    ep_len_mean          | 285        |
|    ep_rew_mean          | 83.6       |
|    success_rate         | 0.71       |
| time/                   |            |
|    fps                  | 1249       |
|    iterations           | 28         |
|    time_elapsed         | 22         |
|    total_timesteps      | 179200     |
| train/                  |            |
|    approx_kl            | 0.04364249 |
|    clip_fraction        | 0.435      |
|    clip_range           | 0.2        |
|    entropy_loss         | -13.8      |
|    explained_variance   | 0.856      |
|    learning_rate        | 0.0003     |
|    loss                 | -0.138     |
|    n_updates            | 1740       |
|    policy_gradient_loss | -0.0571    |
|    std                  | 1.15       |
|    value_loss           | 0.202      |
----------------------------------------
-----------------------------------------
| rollout/                |             |
|    ep_len_mean          | 285         |
|    ep_rew_mean          | 83.9        |
|    success_rate         | 0.74        |
| time/                   |             |
|    fps                  | 1249        |
|    iterations           | 29          |
|    time_elapsed         | 23          |
|    total_timesteps      | 180224      |
| train/                  |             |
|    approx_kl            | 0.042436462 |
|    clip_fraction        | 0.381       |
|    clip_range           | 0.2         |
|    entropy_loss         | -13.8       |
|    explained_variance   | 0.865       |
|    learning_rate        | 0.0003      |
|    loss                 | -0.0432     |
|    n_updates            | 1750        |
|    policy_gradient_loss | -0.0453     |
|    std                  | 1.15        |
|    value_loss           | 0.362       |
-----------------------------------------
----------------------------------------
| rollout/                |            |
|    ep_len_mean          | 285        |
|    ep_rew_mean          | 84.5       |
|    success_rate         | 0.78       |
| time/                   |            |
|    fps                  | 1249       |
|    iterations           | 30         |
|    time_elapsed         | 24         |
|    total_timesteps      | 181248     |
| train/                  |            |
|    approx_kl            | 0.03868276 |
|    clip_fraction        | 0.364      |
|    clip_range           | 0.2        |
|    entropy_loss         | -13.9      |
|    explained_variance   | 0.869      |
|    learning_rate        | 0.0003     |
|    loss                 | -0.0853    |
|    n_updates            | 1760       |
|    policy_gradient_loss | -0.0589    |
|    std                  | 1.15       |
|    value_loss           | 0.231      |
----------------------------------------
-----------------------------------------
| rollout/                |             |
|    ep_len_mean          | 288         |
|    ep_rew_mean          | 86.1        |
|    success_rate         | 0.81        |
| time/                   |             |
|    fps                  | 1248        |
|    iterations           | 31          |
|    time_elapsed         | 25          |
|    total_timesteps      | 182272      |
| train/                  |             |
|    approx_kl            | 0.046417657 |
|    clip_fraction        | 0.404       |
|    clip_range           | 0.2         |
|    entropy_loss         | -13.9       |
|    explained_variance   | 0.8         |
|    learning_rate        | 0.0003      |
|    loss                 | -0.165      |
|    n_updates            | 1770        |
|    policy_gradient_loss | -0.0597     |
|    std                  | 1.16        |
|    value_loss           | 0.225       |
-----------------------------------------
----------------------------------------
| rollout/                |            |
|    ep_len_mean          | 288        |
|    ep_rew_mean          | 86.6       |
|    success_rate         | 0.84       |
| time/                   |            |
|    fps                  | 1248       |
|    iterations           | 32         |
|    time_elapsed         | 26         |
|    total_timesteps      | 183296     |
| train/                  |            |
|    approx_kl            | 0.03591422 |
|    clip_fraction        | 0.376      |
|    clip_range           | 0.2        |
|    entropy_loss         | -13.9      |
|    explained_variance   | 0.763      |
|    learning_rate        | 0.0003     |
|    loss                 | -0.136     |
|    n_updates            | 1780       |
|    policy_gradient_loss | -0.0563    |
|    std                  | 1.16       |
|    value_loss           | 0.238      |
----------------------------------------
-----------------------------------------
| rollout/                |             |
|    ep_len_mean          | 288         |
|    ep_rew_mean          | 86.9        |
|    success_rate         | 0.87        |
| time/                   |             |
|    fps                  | 1248        |
|    iterations           | 33          |
|    time_elapsed         | 27          |
|    total_timesteps      | 184320      |
| train/                  |             |
|    approx_kl            | 0.040583573 |
|    clip_fraction        | 0.397       |
|    clip_range           | 0.2         |
|    entropy_loss         | -13.9       |
|    explained_variance   | 0.723       |
|    learning_rate        | 0.0003      |
|    loss                 | -0.00902    |
|    n_updates            | 1790        |
|    policy_gradient_loss | -0.0543     |
|    std                  | 1.16        |
|    value_loss           | 0.34        |
-----------------------------------------
-----------------------------------------
| rollout/                |             |
|    ep_len_mean          | 288         |
|    ep_rew_mean          | 87.4        |
|    success_rate         | 0.89        |
| time/                   |             |
|    fps                  | 1246        |
|    iterations           | 34          |
|    time_elapsed         | 27          |
|    total_timesteps      | 185344      |
| train/                  |             |
|    approx_kl            | 0.044894964 |
|    clip_fraction        | 0.403       |
|    clip_range           | 0.2         |
|    entropy_loss         | -13.9       |
|    explained_variance   | 0.557       |
|    learning_rate        | 0.0003      |
|    loss                 | -0.141      |
|    n_updates            | 1800        |
|    policy_gradient_loss | -0.0455     |
|    std                  | 1.16        |
|    value_loss           | 0.428       |
-----------------------------------------
----------------------------------------
| rollout/                |            |
|    ep_len_mean          | 288        |
|    ep_rew_mean          | 87.8       |
|    success_rate         | 0.9        |
| time/                   |            |
|    fps                  | 1246       |
|    iterations           | 35         |
|    time_elapsed         | 28         |
|    total_timesteps      | 186368     |
| train/                  |            |
|    approx_kl            | 0.04388815 |
|    clip_fraction        | 0.352      |
|    clip_range           | 0.2        |
|    entropy_loss         | -13.9      |
|    explained_variance   | 0.475      |
|    learning_rate        | 0.0003     |
|    loss                 | -0.142     |
|    n_updates            | 1810       |
|    policy_gradient_loss | -0.0555    |
|    std                  | 1.16       |
|    value_loss           | 0.259      |
----------------------------------------
-----------------------------------------
| rollout/                |             |
|    ep_len_mean          | 288         |
|    ep_rew_mean          | 88.1        |
|    success_rate         | 0.91        |
| time/                   |             |
|    fps                  | 1246        |
|    iterations           | 36          |
|    time_elapsed         | 29          |
|    total_timesteps      | 187392      |
| train/                  |             |
|    approx_kl            | 0.048419848 |
|    clip_fraction        | 0.394       |
|    clip_range           | 0.2         |
|    entropy_loss         | -13.9       |
|    explained_variance   | 0.582       |
|    learning_rate        | 0.0003      |
|    loss                 | -0.115      |
|    n_updates            | 1820        |
|    policy_gradient_loss | -0.0576     |
|    std                  | 1.16        |
|    value_loss           | 0.214       |
-----------------------------------------
-----------------------------------------
| rollout/                |             |
|    ep_len_mean          | 288         |
|    ep_rew_mean          | 88.9        |
|    success_rate         | 0.95        |
| time/                   |             |
|    fps                  | 1245        |
|    iterations           | 37          |
|    time_elapsed         | 30          |
|    total_timesteps      | 188416      |
| train/                  |             |
|    approx_kl            | 0.041839518 |
|    clip_fraction        | 0.391       |
|    clip_range           | 0.2         |
|    entropy_loss         | -13.9       |
|    explained_variance   | 0.188       |
|    learning_rate        | 0.0003      |
|    loss                 | -0.129      |
|    n_updates            | 1830        |
|    policy_gradient_loss | -0.056      |
|    std                  | 1.16        |
|    value_loss           | 0.336       |
-----------------------------------------
----------------------------------------
| rollout/                |            |
|    ep_len_mean          | 288        |
|    ep_rew_mean          | 89.3       |
|    success_rate         | 0.95       |
| time/                   |            |
|    fps                  | 1245       |
|    iterations           | 38         |
|    time_elapsed         | 31         |
|    total_timesteps      | 189440     |
| train/                  |            |
|    approx_kl            | 0.04689137 |
|    clip_fraction        | 0.374      |
|    clip_range           | 0.2        |
|    entropy_loss         | -13.9      |
|    explained_variance   | 0.307      |
|    learning_rate        | 0.0003     |
|    loss                 | -0.129     |
|    n_updates            | 1840       |
|    policy_gradient_loss | -0.0483    |
|    std                  | 1.16       |
|    value_loss           | 0.3        |
----------------------------------------
-----------------------------------------
| rollout/                |             |
|    ep_len_mean          | 288         |
|    ep_rew_mean          | 89.6        |
|    success_rate         | 0.96        |
| time/                   |             |
|    fps                  | 1246        |
|    iterations           | 39          |
|    time_elapsed         | 32          |
|    total_timesteps      | 190464      |
| train/                  |             |
|    approx_kl            | 0.045438085 |
|    clip_fraction        | 0.359       |
|    clip_range           | 0.2         |
|    entropy_loss         | -13.9       |
|    explained_variance   | 0.227       |
|    learning_rate        | 0.0003      |
|    loss                 | -0.103      |
|    n_updates            | 1850        |
|    policy_gradient_loss | -0.046      |
|    std                  | 1.16        |
|    value_loss           | 0.451       |
-----------------------------------------
-----------------------------------------
| rollout/                |             |
|    ep_len_mean          | 288         |
|    ep_rew_mean          | 89.9        |
|    success_rate         | 0.96        |
| time/                   |             |
|    fps                  | 1245        |
|    iterations           | 40          |
|    time_elapsed         | 32          |
|    total_timesteps      | 191488      |
| train/                  |             |
|    approx_kl            | 0.037701167 |
|    clip_fraction        | 0.358       |
|    clip_range           | 0.2         |
|    entropy_loss         | -13.8       |
|    explained_variance   | 0.516       |
|    learning_rate        | 0.0003      |
|    loss                 | 0.0112      |
|    n_updates            | 1860        |
|    policy_gradient_loss | -0.0448     |
|    std                  | 1.16        |
|    value_loss           | 1.07        |
-----------------------------------------
-----------------------------------------
| rollout/                |             |
|    ep_len_mean          | 291         |
|    ep_rew_mean          | 91.3        |
|    success_rate         | 0.97        |
| time/                   |             |
|    fps                  | 1245        |
|    iterations           | 41          |
|    time_elapsed         | 33          |
|    total_timesteps      | 192512      |
| train/                  |             |
|    approx_kl            | 0.047081176 |
|    clip_fraction        | 0.384       |
|    clip_range           | 0.2         |
|    entropy_loss         | -13.8       |
|    explained_variance   | 0.173       |
|    learning_rate        | 0.0003      |
|    loss                 | -0.115      |
|    n_updates            | 1870        |
|    policy_gradient_loss | -0.055      |
|    std                  | 1.15        |
|    value_loss           | 0.289       |
-----------------------------------------
-----------------------------------------
| rollout/                |             |
|    ep_len_mean          | 291         |
|    ep_rew_mean          | 92          |
|    success_rate         | 0.97        |
| time/                   |             |
|    fps                  | 1240        |
|    iterations           | 42          |
|    time_elapsed         | 34          |
|    total_timesteps      | 193536      |
| train/                  |             |
|    approx_kl            | 0.044739746 |
|    clip_fraction        | 0.389       |
|    clip_range           | 0.2         |
|    entropy_loss         | -13.8       |
|    explained_variance   | 0.546       |
|    learning_rate        | 0.0003      |
|    loss                 | -0.121      |
|    n_updates            | 1880        |
|    policy_gradient_loss | -0.0503     |
|    std                  | 1.15        |
|    value_loss           | 0.197       |
-----------------------------------------
-----------------------------------------
| rollout/                |             |
|    ep_len_mean          | 291         |
|    ep_rew_mean          | 92.2        |
|    success_rate         | 0.97        |
| time/                   |             |
|    fps                  | 1240        |
|    iterations           | 43          |
|    time_elapsed         | 35          |
|    total_timesteps      | 194560      |
| train/                  |             |
|    approx_kl            | 0.045212522 |
|    clip_fraction        | 0.372       |
|    clip_range           | 0.2         |
|    entropy_loss         | -13.8       |
|    explained_variance   | 0.262       |
|    learning_rate        | 0.0003      |
|    loss                 | -0.113      |
|    n_updates            | 1890        |
|    policy_gradient_loss | -0.0508     |
|    std                  | 1.15        |
|    value_loss           | 0.301       |
-----------------------------------------
-----------------------------------------
| rollout/                |             |
|    ep_len_mean          | 294         |
|    ep_rew_mean          | 94.2        |
|    success_rate         | 0.98        |
| time/                   |             |
|    fps                  | 1240        |
|    iterations           | 44          |
|    time_elapsed         | 36          |
|    total_timesteps      | 195584      |
| train/                  |             |
|    approx_kl            | 0.043627925 |
|    clip_fraction        | 0.399       |
|    clip_range           | 0.2         |
|    entropy_loss         | -13.8       |
|    explained_variance   | 0.547       |
|    learning_rate        | 0.0003      |
|    loss                 | -0.11       |
|    n_updates            | 1900        |
|    policy_gradient_loss | -0.057      |
|    std                  | 1.16        |
|    value_loss           | 0.2         |
-----------------------------------------
----------------------------------------
| rollout/                |            |
|    ep_len_mean          | 294        |
|    ep_rew_mean          | 94.4       |
|    success_rate         | 0.98       |
| time/                   |            |
|    fps                  | 1240       |
|    iterations           | 45         |
|    time_elapsed         | 37         |
|    total_timesteps      | 196608     |
| train/                  |            |
|    approx_kl            | 0.05741517 |
|    clip_fraction        | 0.428      |
|    clip_range           | 0.2        |
|    entropy_loss         | -13.8      |
|    explained_variance   | 0.604      |
|    learning_rate        | 0.0003     |
|    loss                 | -0.155     |
|    n_updates            | 1910       |
|    policy_gradient_loss | -0.0675    |
|    std                  | 1.15       |
|    value_loss           | 0.191      |
----------------------------------------
----------------------------------------
| rollout/                |            |
|    ep_len_mean          | 294        |
|    ep_rew_mean          | 94.7       |
|    success_rate         | 0.98       |
| time/                   |            |
|    fps                  | 1241       |
|    iterations           | 46         |
|    time_elapsed         | 37         |
|    total_timesteps      | 197632     |
| train/                  |            |
|    approx_kl            | 0.04146234 |
|    clip_fraction        | 0.376      |
|    clip_range           | 0.2        |
|    entropy_loss         | -13.8      |
|    explained_variance   | 0.662      |
|    learning_rate        | 0.0003     |
|    loss                 | -0.0532    |
|    n_updates            | 1920       |
|    policy_gradient_loss | -0.0571    |
|    std                  | 1.15       |
|    value_loss           | 0.357      |
----------------------------------------
----------------------------------------
| rollout/                |            |
|    ep_len_mean          | 294        |
|    ep_rew_mean          | 95.2       |
|    success_rate         | 0.98       |
| time/                   |            |
|    fps                  | 1241       |
|    iterations           | 47         |
|    time_elapsed         | 38         |
|    total_timesteps      | 198656     |
| train/                  |            |
|    approx_kl            | 0.04210052 |
|    clip_fraction        | 0.389      |
|    clip_range           | 0.2        |
|    entropy_loss         | -13.8      |
|    explained_variance   | 0.529      |
|    learning_rate        | 0.0003     |
|    loss                 | -0.0807    |
|    n_updates            | 1930       |
|    policy_gradient_loss | -0.051     |
|    std                  | 1.15       |
|    value_loss           | 0.442      |
----------------------------------------
-----------------------------------------
| rollout/                |             |
|    ep_len_mean          | 294         |
|    ep_rew_mean          | 95.5        |
|    success_rate         | 0.98        |
| time/                   |             |
|    fps                  | 1241        |
|    iterations           | 48          |
|    time_elapsed         | 39          |
|    total_timesteps      | 199680      |
| train/                  |             |
|    approx_kl            | 0.046121772 |
|    clip_fraction        | 0.382       |
|    clip_range           | 0.2         |
|    entropy_loss         | -13.8       |
|    explained_variance   | 0.747       |
|    learning_rate        | 0.0003      |
|    loss                 | -0.157      |
|    n_updates            | 1940        |
|    policy_gradient_loss | -0.0615     |
|    std                  | 1.15        |
|    value_loss           | 0.185       |
-----------------------------------------
-----------------------------------------
| rollout/                |             |
|    ep_len_mean          | 294         |
|    ep_rew_mean          | 96.1        |
|    success_rate         | 0.98        |
| time/                   |             |
|    fps                  | 1241        |
|    iterations           | 49          |
|    time_elapsed         | 40          |
|    total_timesteps      | 200704      |
| train/                  |             |
|    approx_kl            | 0.047616173 |
|    clip_fraction        | 0.402       |
|    clip_range           | 0.2         |
|    entropy_loss         | -13.8       |
|    explained_variance   | 0.643       |
|    learning_rate        | 0.0003      |
|    loss                 | -0.17       |
|    n_updates            | 1950        |
|    policy_gradient_loss | -0.0618     |
|    std                  | 1.15        |
|    value_loss           | 0.201       |
-----------------------------------------
-----------------------------------------
| rollout/                |             |
|    ep_len_mean          | 294         |
|    ep_rew_mean          | 96.4        |
|    success_rate         | 0.98        |
| time/                   |             |
|    fps                  | 1242        |
|    iterations           | 50          |
|    time_elapsed         | 41          |
|    total_timesteps      | 201728      |
| train/                  |             |
|    approx_kl            | 0.039565884 |
|    clip_fraction        | 0.381       |
|    clip_range           | 0.2         |
|    entropy_loss         | -13.8       |
|    explained_variance   | 0.708       |
|    learning_rate        | 0.0003      |
|    loss                 | -0.129      |
|    n_updates            | 1960        |
|    policy_gradient_loss | -0.0618     |
|    std                  | 1.15        |
|    value_loss           | 0.255       |
-----------------------------------------
----------------------------------------
| rollout/                |            |
|    ep_len_mean          | 294        |
|    ep_rew_mean          | 97         |
|    success_rate         | 0.98       |
| time/                   |            |
|    fps                  | 1242       |
|    iterations           | 51         |
|    time_elapsed         | 42         |
|    total_timesteps      | 202752     |
| train/                  |            |
|    approx_kl            | 0.03815258 |
|    clip_fraction        | 0.385      |
|    clip_range           | 0.2        |
|    entropy_loss         | -13.8      |
|    explained_variance   | 0.615      |
|    learning_rate        | 0.0003     |
|    loss                 | -0.143     |
|    n_updates            | 1970       |
|    policy_gradient_loss | -0.0532    |
|    std                  | 1.15       |
|    value_loss           | 0.273      |
----------------------------------------
-----------------------------------------
| rollout/                |             |
|    ep_len_mean          | 294         |
|    ep_rew_mean          | 97.3        |
|    success_rate         | 0.98        |
| time/                   |             |
|    fps                  | 1236        |
|    iterations           | 52          |
|    time_elapsed         | 43          |
|    total_timesteps      | 203776      |
| train/                  |             |
|    approx_kl            | 0.049823396 |
|    clip_fraction        | 0.382       |
|    clip_range           | 0.2         |
|    entropy_loss         | -13.8       |
|    explained_variance   | 0.657       |
|    learning_rate        | 0.0003      |
|    loss                 | -0.105      |
|    n_updates            | 1980        |
|    policy_gradient_loss | -0.0582     |
|    std                  | 1.15        |
|    value_loss           | 0.25        |
-----------------------------------------
----------------------------------------
| rollout/                |            |
|    ep_len_mean          | 294        |
|    ep_rew_mean          | 97.7       |
|    success_rate         | 0.98       |
| time/                   |            |
|    fps                  | 1236       |
|    iterations           | 53         |
|    time_elapsed         | 43         |
|    total_timesteps      | 204800     |
| train/                  |            |
|    approx_kl            | 0.03657283 |
|    clip_fraction        | 0.386      |
|    clip_range           | 0.2        |
|    entropy_loss         | -13.8      |
|    explained_variance   | 0.483      |
|    learning_rate        | 0.0003     |
|    loss                 | 0.192      |
|    n_updates            | 1990       |
|    policy_gradient_loss | -0.0476    |
|    std                  | 1.15       |
|    value_loss           | 0.795      |
----------------------------------------
----------------------------------------
| rollout/                |            |
|    ep_len_mean          | 294        |
|    ep_rew_mean          | 98.1       |
|    success_rate         | 0.98       |
| time/                   |            |
|    fps                  | 1236       |
|    iterations           | 54         |
|    time_elapsed         | 44         |
|    total_timesteps      | 205824     |
| train/                  |            |
|    approx_kl            | 0.04629425 |
|    clip_fraction        | 0.365      |
|    clip_range           | 0.2        |
|    entropy_loss         | -13.8      |
|    explained_variance   | 0.587      |
|    learning_rate        | 0.0003     |
|    loss                 | -0.156     |
|    n_updates            | 2000       |
|    policy_gradient_loss | -0.0492    |
|    std                  | 1.15       |
|    value_loss           | 0.189      |
----------------------------------------
----------------------------------------
| rollout/                |            |
|    ep_len_mean          | 297        |
|    ep_rew_mean          | 99.6       |
|    success_rate         | 0.99       |
| time/                   |            |
|    fps                  | 1237       |
|    iterations           | 55         |
|    time_elapsed         | 45         |
|    total_timesteps      | 206848     |
| train/                  |            |
|    approx_kl            | 0.05049894 |
|    clip_fraction        | 0.443      |
|    clip_range           | 0.2        |
|    entropy_loss         | -13.8      |
|    explained_variance   | 0.66       |
|    learning_rate        | 0.0003     |
|    loss                 | -0.102     |
|    n_updates            | 2010       |
|    policy_gradient_loss | -0.0671    |
|    std                  | 1.15       |
|    value_loss           | 0.287      |
----------------------------------------
----------------------------------------
| rollout/                |            |
|    ep_len_mean          | 297        |
|    ep_rew_mean          | 100        |
|    success_rate         | 0.99       |
| time/                   |            |
|    fps                  | 1237       |
|    iterations           | 56         |
|    time_elapsed         | 46         |
|    total_timesteps      | 207872     |
| train/                  |            |
|    approx_kl            | 0.04411453 |
|    clip_fraction        | 0.41       |
|    clip_range           | 0.2        |
|    entropy_loss         | -13.8      |
|    explained_variance   | 0.574      |
|    learning_rate        | 0.0003     |
|    loss                 | -0.153     |
|    n_updates            | 2020       |
|    policy_gradient_loss | -0.0585    |
|    std                  | 1.15       |
|    value_loss           | 0.224      |
----------------------------------------
----------------------------------------
| rollout/                |            |
|    ep_len_mean          | 300        |
|    ep_rew_mean          | 102        |
|    success_rate         | 1          |
| time/                   |            |
|    fps                  | 1237       |
|    iterations           | 57         |
|    time_elapsed         | 47         |
|    total_timesteps      | 208896     |
| train/                  |            |
|    approx_kl            | 0.06278387 |
|    clip_fraction        | 0.444      |
|    clip_range           | 0.2        |
|    entropy_loss         | -13.8      |
|    explained_variance   | 0.711      |
|    learning_rate        | 0.0003     |
|    loss                 | -0.166     |
|    n_updates            | 2030       |
|    policy_gradient_loss | -0.0615    |
|    std                  | 1.16       |
|    value_loss           | 0.16       |
----------------------------------------
-----------------------------------------
| rollout/                |             |
|    ep_len_mean          | 300         |
|    ep_rew_mean          | 102         |
|    success_rate         | 1           |
| time/                   |             |
|    fps                  | 1237        |
|    iterations           | 58          |
|    time_elapsed         | 47          |
|    total_timesteps      | 209920      |
| train/                  |             |
|    approx_kl            | 0.028674953 |
|    clip_fraction        | 0.35        |
|    clip_range           | 0.2         |
|    entropy_loss         | -13.8       |
|    explained_variance   | 0.112       |
|    learning_rate        | 0.0003      |
|    loss                 | 0.25        |
|    n_updates            | 2040        |
|    policy_gradient_loss | -0.0396     |
|    std                  | 1.16        |
|    value_loss           | 1.8         |
-----------------------------------------
----------------------------------------
| rollout/                |            |
|    ep_len_mean          | 300        |
|    ep_rew_mean          | 102        |
|    success_rate         | 1          |
| time/                   |            |
|    fps                  | 1238       |
|    iterations           | 59         |
|    time_elapsed         | 48         |
|    total_timesteps      | 210944     |
| train/                  |            |
|    approx_kl            | 0.05020403 |
|    clip_fraction        | 0.412      |
|    clip_range           | 0.2        |
|    entropy_loss         | -13.8      |
|    explained_variance   | 0.343      |
|    learning_rate        | 0.0003     |
|    loss                 | -0.124     |
|    n_updates            | 2050       |
|    policy_gradient_loss | -0.056     |
|    std                  | 1.16       |
|    value_loss           | 0.336      |
----------------------------------------
-----------------------------------------
| rollout/                |             |
|    ep_len_mean          | 300         |
|    ep_rew_mean          | 103         |
|    success_rate         | 1           |
| time/                   |             |
|    fps                  | 1238        |
|    iterations           | 60          |
|    time_elapsed         | 49          |
|    total_timesteps      | 211968      |
| train/                  |             |
|    approx_kl            | 0.043864653 |
|    clip_fraction        | 0.403       |
|    clip_range           | 0.2         |
|    entropy_loss         | -13.8       |
|    explained_variance   | 0.502       |
|    learning_rate        | 0.0003      |
|    loss                 | -0.146      |
|    n_updates            | 2060        |
|    policy_gradient_loss | -0.0649     |
|    std                  | 1.16        |
|    value_loss           | 0.235       |
-----------------------------------------
----------------------------------------
| rollout/                |            |
|    ep_len_mean          | 300        |
|    ep_rew_mean          | 103        |
|    success_rate         | 1          |
| time/                   |            |
|    fps                  | 1238       |
|    iterations           | 61         |
|    time_elapsed         | 50         |
|    total_timesteps      | 212992     |
| train/                  |            |
|    approx_kl            | 0.04492061 |
|    clip_fraction        | 0.388      |
|    clip_range           | 0.2        |
|    entropy_loss         | -13.8      |
|    explained_variance   | 0.585      |
|    learning_rate        | 0.0003     |
|    loss                 | -0.158     |
|    n_updates            | 2070       |
|    policy_gradient_loss | -0.0585    |
|    std                  | 1.15       |
|    value_loss           | 0.21       |
----------------------------------------
----------------------------------------
| rollout/                |            |
|    ep_len_mean          | 300        |
|    ep_rew_mean          | 103        |
|    success_rate         | 1          |
| time/                   |            |
|    fps                  | 1237       |
|    iterations           | 62         |
|    time_elapsed         | 51         |
|    total_timesteps      | 214016     |
| train/                  |            |
|    approx_kl            | 0.05201163 |
|    clip_fraction        | 0.429      |
|    clip_range           | 0.2        |
|    entropy_loss         | -13.8      |
|    explained_variance   | 0.199      |
|    learning_rate        | 0.0003     |
|    loss                 | -0.143     |
|    n_updates            | 2080       |
|    policy_gradient_loss | -0.0664    |
|    std                  | 1.15       |
|    value_loss           | 0.296      |
----------------------------------------
----------------------------------------
| rollout/                |            |
|    ep_len_mean          | 300        |
|    ep_rew_mean          | 104        |
|    success_rate         | 1          |
| time/                   |            |
|    fps                  | 1237       |
|    iterations           | 63         |
|    time_elapsed         | 52         |
|    total_timesteps      | 215040     |
| train/                  |            |
|    approx_kl            | 0.05139683 |
|    clip_fraction        | 0.407      |
|    clip_range           | 0.2        |
|    entropy_loss         | -13.8      |
|    explained_variance   | 0.519      |
|    learning_rate        | 0.0003     |
|    loss                 | -0.16      |
|    n_updates            | 2090       |
|    policy_gradient_loss | -0.055     |
|    std                  | 1.15       |
|    value_loss           | 0.261      |
----------------------------------------
----------------------------------------
| rollout/                |            |
|    ep_len_mean          | 300        |
|    ep_rew_mean          | 104        |
|    success_rate         | 1          |
| time/                   |            |
|    fps                  | 1237       |
|    iterations           | 64         |
|    time_elapsed         | 52         |
|    total_timesteps      | 216064     |
| train/                  |            |
|    approx_kl            | 0.04948185 |
|    clip_fraction        | 0.384      |
|    clip_range           | 0.2        |
|    entropy_loss         | -13.8      |
|    explained_variance   | 0.246      |
|    learning_rate        | 0.0003     |
|    loss                 | -0.14      |
|    n_updates            | 2100       |
|    policy_gradient_loss | -0.0543    |
|    std                  | 1.15       |
|    value_loss           | 0.246      |
----------------------------------------
----------------------------------------
| rollout/                |            |
|    ep_len_mean          | 300        |
|    ep_rew_mean          | 104        |
|    success_rate         | 1          |
| time/                   |            |
|    fps                  | 1238       |
|    iterations           | 65         |
|    time_elapsed         | 53         |
|    total_timesteps      | 217088     |
| train/                  |            |
|    approx_kl            | 0.05770477 |
|    clip_fraction        | 0.407      |
|    clip_range           | 0.2        |
|    entropy_loss         | -13.8      |
|    explained_variance   | 0.435      |
|    learning_rate        | 0.0003     |
|    loss                 | -0.15      |
|    n_updates            | 2110       |
|    policy_gradient_loss | -0.0559    |
|    std                  | 1.16       |
|    value_loss           | 0.194      |
----------------------------------------
----------------------------------------
| rollout/                |            |
|    ep_len_mean          | 300        |
|    ep_rew_mean          | 104        |
|    success_rate         | 1          |
| time/                   |            |
|    fps                  | 1238       |
|    iterations           | 66         |
|    time_elapsed         | 54         |
|    total_timesteps      | 218112     |
| train/                  |            |
|    approx_kl            | 0.04921156 |
|    clip_fraction        | 0.387      |
|    clip_range           | 0.2        |
|    entropy_loss         | -13.8      |
|    explained_variance   | 0.463      |
|    learning_rate        | 0.0003     |
|    loss                 | -0.0672    |
|    n_updates            | 2120       |
|    policy_gradient_loss | -0.0524    |
|    std                  | 1.16       |
|    value_loss           | 0.329      |
----------------------------------------
----------------------------------------
| rollout/                |            |
|    ep_len_mean          | 300        |
|    ep_rew_mean          | 105        |
|    success_rate         | 1          |
| time/                   |            |
|    fps                  | 1238       |
|    iterations           | 67         |
|    time_elapsed         | 55         |
|    total_timesteps      | 219136     |
| train/                  |            |
|    approx_kl            | 0.03492726 |
|    clip_fraction        | 0.316      |
|    clip_range           | 0.2        |
|    entropy_loss         | -13.8      |
|    explained_variance   | 0.354      |
|    learning_rate        | 0.0003     |
|    loss                 | -0.11      |
|    n_updates            | 2130       |
|    policy_gradient_loss | -0.041     |
|    std                  | 1.16       |
|    value_loss           | 0.579      |
----------------------------------------
-----------------------------------------
| rollout/                |             |
|    ep_len_mean          | 294         |
|    ep_rew_mean          | 103         |
|    success_rate         | 0.98        |
| time/                   |             |
|    fps                  | 1238        |
|    iterations           | 68          |
|    time_elapsed         | 56          |
|    total_timesteps      | 220160      |
| train/                  |             |
|    approx_kl            | 0.042014413 |
|    clip_fraction        | 0.374       |
|    clip_range           | 0.2         |
|    entropy_loss         | -13.8       |
|    explained_variance   | -0.0944     |
|    learning_rate        | 0.0003      |
|    loss                 | -0.121      |
|    n_updates            | 2140        |
|    policy_gradient_loss | -0.0519     |
|    std                  | 1.16        |
|    value_loss           | 0.265       |
-----------------------------------------
-----------------------------------------
| rollout/                |             |
|    ep_len_mean          | 294         |
|    ep_rew_mean          | 103         |
|    success_rate         | 0.98        |
| time/                   |             |
|    fps                  | 1239        |
|    iterations           | 69          |
|    time_elapsed         | 57          |
|    total_timesteps      | 221184      |
| train/                  |             |
|    approx_kl            | 0.052991875 |
|    clip_fraction        | 0.387       |
|    clip_range           | 0.2         |
|    entropy_loss         | -13.8       |
|    explained_variance   | 0.812       |
|    learning_rate        | 0.0003      |
|    loss                 | -0.106      |
|    n_updates            | 2150        |
|    policy_gradient_loss | -0.0443     |
|    std                  | 1.16        |
|    value_loss           | 0.51        |
-----------------------------------------
-----------------------------------------
| rollout/                |             |
|    ep_len_mean          | 294         |
|    ep_rew_mean          | 103         |
|    success_rate         | 0.98        |
| time/                   |             |
|    fps                  | 1239        |
|    iterations           | 70          |
|    time_elapsed         | 57          |
|    total_timesteps      | 222208      |
| train/                  |             |
|    approx_kl            | 0.040685065 |
|    clip_fraction        | 0.393       |
|    clip_range           | 0.2         |
|    entropy_loss         | -13.8       |
|    explained_variance   | 0.208       |
|    learning_rate        | 0.0003      |
|    loss                 | -0.0621     |
|    n_updates            | 2160        |
|    policy_gradient_loss | -0.051      |
|    std                  | 1.16        |
|    value_loss           | 0.55        |
-----------------------------------------
-----------------------------------------
| rollout/                |             |
|    ep_len_mean          | 294         |
|    ep_rew_mean          | 103         |
|    success_rate         | 0.98        |
| time/                   |             |
|    fps                  | 1239        |
|    iterations           | 71          |
|    time_elapsed         | 58          |
|    total_timesteps      | 223232      |
| train/                  |             |
|    approx_kl            | 0.055066988 |
|    clip_fraction        | 0.427       |
|    clip_range           | 0.2         |
|    entropy_loss         | -13.8       |
|    explained_variance   | 0.443       |
|    learning_rate        | 0.0003      |
|    loss                 | -0.157      |
|    n_updates            | 2170        |
|    policy_gradient_loss | -0.0602     |
|    std                  | 1.15        |
|    value_loss           | 0.271       |
-----------------------------------------
----------------------------------------
| rollout/                |            |
|    ep_len_mean          | 294        |
|    ep_rew_mean          | 103        |
|    success_rate         | 0.98       |
| time/                   |            |
|    fps                  | 1240       |
|    iterations           | 72         |
|    time_elapsed         | 59         |
|    total_timesteps      | 224256     |
| train/                  |            |
|    approx_kl            | 0.06302066 |
|    clip_fraction        | 0.426      |
|    clip_range           | 0.2        |
|    entropy_loss         | -13.8      |
|    explained_variance   | 0.499      |
|    learning_rate        | 0.0003     |
|    loss                 | -0.153     |
|    n_updates            | 2180       |
|    policy_gradient_loss | -0.0586    |
|    std                  | 1.16       |
|    value_loss           | 0.24       |
----------------------------------------
-----------------------------------------
| rollout/                |             |
|    ep_len_mean          | 294         |
|    ep_rew_mean          | 103         |
|    success_rate         | 0.98        |
| time/                   |             |
|    fps                  | 1240        |
|    iterations           | 73          |
|    time_elapsed         | 60          |
|    total_timesteps      | 225280      |
| train/                  |             |
|    approx_kl            | 0.042937443 |
|    clip_fraction        | 0.396       |
|    clip_range           | 0.2         |
|    entropy_loss         | -13.8       |
|    explained_variance   | 0.545       |
|    learning_rate        | 0.0003      |
|    loss                 | -0.093      |
|    n_updates            | 2190        |
|    policy_gradient_loss | -0.0511     |
|    std                  | 1.16        |
|    value_loss           | 0.511       |
-----------------------------------------
-----------------------------------------
| rollout/                |             |
|    ep_len_mean          | 294         |
|    ep_rew_mean          | 103         |
|    success_rate         | 0.98        |
| time/                   |             |
|    fps                  | 1240        |
|    iterations           | 74          |
|    time_elapsed         | 61          |
|    total_timesteps      | 226304      |
| train/                  |             |
|    approx_kl            | 0.043120347 |
|    clip_fraction        | 0.362       |
|    clip_range           | 0.2         |
|    entropy_loss         | -13.8       |
|    explained_variance   | 0.357       |
|    learning_rate        | 0.0003      |
|    loss                 | 0.493       |
|    n_updates            | 2200        |
|    policy_gradient_loss | -0.03       |
|    std                  | 1.16        |
|    value_loss           | 1.92        |
-----------------------------------------
-----------------------------------------
| rollout/                |             |
|    ep_len_mean          | 294         |
|    ep_rew_mean          | 104         |
|    success_rate         | 0.98        |
| time/                   |             |
|    fps                  | 1240        |
|    iterations           | 75          |
|    time_elapsed         | 61          |
|    total_timesteps      | 227328      |
| train/                  |             |
|    approx_kl            | 0.059785597 |
|    clip_fraction        | 0.372       |
|    clip_range           | 0.2         |
|    entropy_loss         | -13.8       |
|    explained_variance   | -0.522      |
|    learning_rate        | 0.0003      |
|    loss                 | -0.0766     |
|    n_updates            | 2210        |
|    policy_gradient_loss | -0.0454     |
|    std                  | 1.16        |
|    value_loss           | 0.519       |
-----------------------------------------
-----------------------------------------
| rollout/                |             |
|    ep_len_mean          | 294         |
|    ep_rew_mean          | 104         |
|    success_rate         | 0.98        |
| time/                   |             |
|    fps                  | 1240        |
|    iterations           | 76          |
|    time_elapsed         | 62          |
|    total_timesteps      | 228352      |
| train/                  |             |
|    approx_kl            | 0.061448894 |
|    clip_fraction        | 0.439       |
|    clip_range           | 0.2         |
|    entropy_loss         | -13.8       |
|    explained_variance   | 0.403       |
|    learning_rate        | 0.0003      |
|    loss                 | -0.132      |
|    n_updates            | 2220        |
|    policy_gradient_loss | -0.0687     |
|    std                  | 1.16        |
|    value_loss           | 0.221       |
-----------------------------------------
----------------------------------------
| rollout/                |            |
|    ep_len_mean          | 294        |
|    ep_rew_mean          | 104        |
|    success_rate         | 0.98       |
| time/                   |            |
|    fps                  | 1241       |
|    iterations           | 77         |
|    time_elapsed         | 63         |
|    total_timesteps      | 229376     |
| train/                  |            |
|    approx_kl            | 0.04320555 |
|    clip_fraction        | 0.379      |
|    clip_range           | 0.2        |
|    entropy_loss         | -13.8      |
|    explained_variance   | 0.341      |
|    learning_rate        | 0.0003     |
|    loss                 | -0.113     |
|    n_updates            | 2230       |
|    policy_gradient_loss | -0.061     |
|    std                  | 1.16       |
|    value_loss           | 0.278      |
----------------------------------------
----------------------------------------
| rollout/                |            |
|    ep_len_mean          | 294        |
|    ep_rew_mean          | 104        |
|    success_rate         | 0.97       |
| time/                   |            |
|    fps                  | 1241       |
|    iterations           | 78         |
|    time_elapsed         | 64         |
|    total_timesteps      | 230400     |
| train/                  |            |
|    approx_kl            | 0.04689049 |
|    clip_fraction        | 0.434      |
|    clip_range           | 0.2        |
|    entropy_loss         | -13.9      |
|    explained_variance   | 0.311      |
|    learning_rate        | 0.0003     |
|    loss                 | -0.129     |
|    n_updates            | 2240       |
|    policy_gradient_loss | -0.0573    |
|    std                  | 1.17       |
|    value_loss           | 0.264      |
----------------------------------------
----------------------------------------
| rollout/                |            |
|    ep_len_mean          | 294        |
|    ep_rew_mean          | 105        |
|    success_rate         | 0.97       |
| time/                   |            |
|    fps                  | 1241       |
|    iterations           | 79         |
|    time_elapsed         | 65         |
|    total_timesteps      | 231424     |
| train/                  |            |
|    approx_kl            | 0.05123341 |
|    clip_fraction        | 0.424      |
|    clip_range           | 0.2        |
|    entropy_loss         | -13.9      |
|    explained_variance   | 0.594      |
|    learning_rate        | 0.0003     |
|    loss                 | -0.159     |
|    n_updates            | 2250       |
|    policy_gradient_loss | -0.0657    |
|    std                  | 1.17       |
|    value_loss           | 0.177      |
----------------------------------------
-----------------------------------------
| rollout/                |             |
|    ep_len_mean          | 294         |
|    ep_rew_mean          | 105         |
|    success_rate         | 0.97        |
| time/                   |             |
|    fps                  | 1241        |
|    iterations           | 80          |
|    time_elapsed         | 65          |
|    total_timesteps      | 232448      |
| train/                  |             |
|    approx_kl            | 0.055530954 |
|    clip_fraction        | 0.422       |
|    clip_range           | 0.2         |
|    entropy_loss         | -13.9       |
|    explained_variance   | 0.625       |
|    learning_rate        | 0.0003      |
|    loss                 | -0.111      |
|    n_updates            | 2260        |
|    policy_gradient_loss | -0.0564     |
|    std                  | 1.17        |
|    value_loss           | 0.23        |
-----------------------------------------
-----------------------------------------
| rollout/                |             |
|    ep_len_mean          | 294         |
|    ep_rew_mean          | 105         |
|    success_rate         | 0.97        |
| time/                   |             |
|    fps                  | 1240        |
|    iterations           | 81          |
|    time_elapsed         | 66          |
|    total_timesteps      | 233472      |
| train/                  |             |
|    approx_kl            | 0.062105596 |
|    clip_fraction        | 0.411       |
|    clip_range           | 0.2         |
|    entropy_loss         | -13.9       |
|    explained_variance   | 0.372       |
|    learning_rate        | 0.0003      |
|    loss                 | -0.138      |
|    n_updates            | 2270        |
|    policy_gradient_loss | -0.0523     |
|    std                  | 1.17        |
|    value_loss           | 0.217       |
-----------------------------------------
-----------------------------------------
| rollout/                |             |
|    ep_len_mean          | 294         |
|    ep_rew_mean          | 105         |
|    success_rate         | 0.97        |
| time/                   |             |
|    fps                  | 1240        |
|    iterations           | 82          |
|    time_elapsed         | 67          |
|    total_timesteps      | 234496      |
| train/                  |             |
|    approx_kl            | 0.062326133 |
|    clip_fraction        | 0.461       |
|    clip_range           | 0.2         |
|    entropy_loss         | -13.9       |
|    explained_variance   | 0.48        |
|    learning_rate        | 0.0003      |
|    loss                 | -0.124      |
|    n_updates            | 2280        |
|    policy_gradient_loss | -0.064      |
|    std                  | 1.18        |
|    value_loss           | 0.251       |
-----------------------------------------
-----------------------------------------
| rollout/                |             |
|    ep_len_mean          | 294         |
|    ep_rew_mean          | 106         |
|    success_rate         | 0.97        |
| time/                   |             |
|    fps                  | 1241        |
|    iterations           | 83          |
|    time_elapsed         | 68          |
|    total_timesteps      | 235520      |
| train/                  |             |
|    approx_kl            | 0.052450188 |
|    clip_fraction        | 0.417       |
|    clip_range           | 0.2         |
|    entropy_loss         | -13.9       |
|    explained_variance   | 0.497       |
|    learning_rate        | 0.0003      |
|    loss                 | -0.153      |
|    n_updates            | 2290        |
|    policy_gradient_loss | -0.0571     |
|    std                  | 1.18        |
|    value_loss           | 0.224       |
-----------------------------------------
----------------------------------------
| rollout/                |            |
|    ep_len_mean          | 294        |
|    ep_rew_mean          | 106        |
|    success_rate         | 0.97       |
| time/                   |            |
|    fps                  | 1241       |
|    iterations           | 84         |
|    time_elapsed         | 69         |
|    total_timesteps      | 236544     |
| train/                  |            |
|    approx_kl            | 0.05172251 |
|    clip_fraction        | 0.411      |
|    clip_range           | 0.2        |
|    entropy_loss         | -13.9      |
|    explained_variance   | 0.55       |
|    learning_rate        | 0.0003     |
|    loss                 | -0.167     |
|    n_updates            | 2300       |
|    policy_gradient_loss | -0.0612    |
|    std                  | 1.18       |
|    value_loss           | 0.2        |
----------------------------------------
-----------------------------------------
| rollout/                |             |
|    ep_len_mean          | 294         |
|    ep_rew_mean          | 106         |
|    success_rate         | 0.97        |
| time/                   |             |
|    fps                  | 1241        |
|    iterations           | 85          |
|    time_elapsed         | 70          |
|    total_timesteps      | 237568      |
| train/                  |             |
|    approx_kl            | 0.055784628 |
|    clip_fraction        | 0.431       |
|    clip_range           | 0.2         |
|    entropy_loss         | -13.9       |
|    explained_variance   | 0.582       |
|    learning_rate        | 0.0003      |
|    loss                 | -0.178      |
|    n_updates            | 2310        |
|    policy_gradient_loss | -0.0656     |
|    std                  | 1.18        |
|    value_loss           | 0.215       |
-----------------------------------------
-----------------------------------------
| rollout/                |             |
|    ep_len_mean          | 294         |
|    ep_rew_mean          | 107         |
|    success_rate         | 0.97        |
| time/                   |             |
|    fps                  | 1241        |
|    iterations           | 86          |
|    time_elapsed         | 70          |
|    total_timesteps      | 238592      |
| train/                  |             |
|    approx_kl            | 0.059058145 |
|    clip_fraction        | 0.439       |
|    clip_range           | 0.2         |
|    entropy_loss         | -13.9       |
|    explained_variance   | 0.458       |
|    learning_rate        | 0.0003      |
|    loss                 | -0.156      |
|    n_updates            | 2320        |
|    policy_gradient_loss | -0.0605     |
|    std                  | 1.18        |
|    value_loss           | 0.242       |
-----------------------------------------
-----------------------------------------
| rollout/                |             |
|    ep_len_mean          | 294         |
|    ep_rew_mean          | 107         |
|    success_rate         | 0.97        |
| time/                   |             |
|    fps                  | 1242        |
|    iterations           | 87          |
|    time_elapsed         | 71          |
|    total_timesteps      | 239616      |
| train/                  |             |
|    approx_kl            | 0.051423885 |
|    clip_fraction        | 0.438       |
|    clip_range           | 0.2         |
|    entropy_loss         | -13.9       |
|    explained_variance   | 0.506       |
|    learning_rate        | 0.0003      |
|    loss                 | -0.173      |
|    n_updates            | 2330        |
|    policy_gradient_loss | -0.067      |
|    std                  | 1.18        |
|    value_loss           | 0.17        |
-----------------------------------------
-----------------------------------------
| rollout/                |             |
|    ep_len_mean          | 294         |
|    ep_rew_mean          | 107         |
|    success_rate         | 0.97        |
| time/                   |             |
|    fps                  | 1242        |
|    iterations           | 88          |
|    time_elapsed         | 72          |
|    total_timesteps      | 240640      |
| train/                  |             |
|    approx_kl            | 0.045093477 |
|    clip_fraction        | 0.403       |
|    clip_range           | 0.2         |
|    entropy_loss         | -13.9       |
|    explained_variance   | 0.548       |
|    learning_rate        | 0.0003      |
|    loss                 | -0.0858     |
|    n_updates            | 2340        |
|    policy_gradient_loss | -0.0597     |
|    std                  | 1.18        |
|    value_loss           | 0.392       |
-----------------------------------------
-----------------------------------------
| rollout/                |             |
|    ep_len_mean          | 294         |
|    ep_rew_mean          | 107         |
|    success_rate         | 0.97        |
| time/                   |             |
|    fps                  | 1242        |
|    iterations           | 89          |
|    time_elapsed         | 73          |
|    total_timesteps      | 241664      |
| train/                  |             |
|    approx_kl            | 0.053760566 |
|    clip_fraction        | 0.432       |
|    clip_range           | 0.2         |
|    entropy_loss         | -13.9       |
|    explained_variance   | 0.518       |
|    learning_rate        | 0.0003      |
|    loss                 | -0.161      |
|    n_updates            | 2350        |
|    policy_gradient_loss | -0.0598     |
|    std                  | 1.18        |
|    value_loss           | 0.271       |
-----------------------------------------
----------------------------------------
| rollout/                |            |
|    ep_len_mean          | 294        |
|    ep_rew_mean          | 107        |
|    success_rate         | 0.97       |
| time/                   |            |
|    fps                  | 1242       |
|    iterations           | 90         |
|    time_elapsed         | 74         |
|    total_timesteps      | 242688     |
| train/                  |            |
|    approx_kl            | 0.04752827 |
|    clip_fraction        | 0.401      |
|    clip_range           | 0.2        |
|    entropy_loss         | -13.9      |
|    explained_variance   | 0.641      |
|    learning_rate        | 0.0003     |
|    loss                 | -0.161     |
|    n_updates            | 2360       |
|    policy_gradient_loss | -0.0653    |
|    std                  | 1.18       |
|    value_loss           | 0.197      |
----------------------------------------
-----------------------------------------
| rollout/                |             |
|    ep_len_mean          | 294         |
|    ep_rew_mean          | 108         |
|    success_rate         | 0.97        |
| time/                   |             |
|    fps                  | 1242        |
|    iterations           | 91          |
|    time_elapsed         | 74          |
|    total_timesteps      | 243712      |
| train/                  |             |
|    approx_kl            | 0.047953438 |
|    clip_fraction        | 0.392       |
|    clip_range           | 0.2         |
|    entropy_loss         | -13.9       |
|    explained_variance   | 0.311       |
|    learning_rate        | 0.0003      |
|    loss                 | 0.0696      |
|    n_updates            | 2370        |
|    policy_gradient_loss | -0.053      |
|    std                  | 1.18        |
|    value_loss           | 0.791       |
-----------------------------------------
-----------------------------------------
| rollout/                |             |
|    ep_len_mean          | 294         |
|    ep_rew_mean          | 108         |
|    success_rate         | 0.97        |
| time/                   |             |
|    fps                  | 1242        |
|    iterations           | 92          |
|    time_elapsed         | 75          |
|    total_timesteps      | 244736      |
| train/                  |             |
|    approx_kl            | 0.042692542 |
|    clip_fraction        | 0.397       |
|    clip_range           | 0.2         |
|    entropy_loss         | -13.9       |
|    explained_variance   | 0.157       |
|    learning_rate        | 0.0003      |
|    loss                 | 0.0185      |
|    n_updates            | 2380        |
|    policy_gradient_loss | -0.052      |
|    std                  | 1.18        |
|    value_loss           | 0.721       |
-----------------------------------------
----------------------------------------
| rollout/                |            |
|    ep_len_mean          | 294        |
|    ep_rew_mean          | 108        |
|    success_rate         | 0.97       |
| time/                   |            |
|    fps                  | 1242       |
|    iterations           | 93         |
|    time_elapsed         | 76         |
|    total_timesteps      | 245760     |
| train/                  |            |
|    approx_kl            | 0.05185706 |
|    clip_fraction        | 0.425      |
|    clip_range           | 0.2        |
|    entropy_loss         | -13.9      |
|    explained_variance   | 0.322      |
|    learning_rate        | 0.0003     |
|    loss                 | -0.101     |
|    n_updates            | 2390       |
|    policy_gradient_loss | -0.0606    |
|    std                  | 1.18       |
|    value_loss           | 0.32       |
----------------------------------------
----------------------------------------
| rollout/                |            |
|    ep_len_mean          | 294        |
|    ep_rew_mean          | 109        |
|    success_rate         | 0.97       |
| time/                   |            |
|    fps                  | 1242       |
|    iterations           | 94         |
|    time_elapsed         | 77         |
|    total_timesteps      | 246784     |
| train/                  |            |
|    approx_kl            | 0.05545163 |
|    clip_fraction        | 0.413      |
|    clip_range           | 0.2        |
|    entropy_loss         | -13.8      |
|    explained_variance   | 0.274      |
|    learning_rate        | 0.0003     |
|    loss                 | -0.178     |
|    n_updates            | 2400       |
|    policy_gradient_loss | -0.0702    |
|    std                  | 1.17       |
|    value_loss           | 0.2        |
----------------------------------------
-----------------------------------------
| rollout/                |             |
|    ep_len_mean          | 294         |
|    ep_rew_mean          | 109         |
|    success_rate         | 0.97        |
| time/                   |             |
|    fps                  | 1242        |
|    iterations           | 95          |
|    time_elapsed         | 78          |
|    total_timesteps      | 247808      |
| train/                  |             |
|    approx_kl            | 0.059672967 |
|    clip_fraction        | 0.403       |
|    clip_range           | 0.2         |
|    entropy_loss         | -13.8       |
|    explained_variance   | 0.507       |
|    learning_rate        | 0.0003      |
|    loss                 | -0.162      |
|    n_updates            | 2410        |
|    policy_gradient_loss | -0.0592     |
|    std                  | 1.17        |
|    value_loss           | 0.181       |
-----------------------------------------
-----------------------------------------
| rollout/                |             |
|    ep_len_mean          | 294         |
|    ep_rew_mean          | 109         |
|    success_rate         | 0.97        |
| time/                   |             |
|    fps                  | 1243        |
|    iterations           | 96          |
|    time_elapsed         | 79          |
|    total_timesteps      | 248832      |
| train/                  |             |
|    approx_kl            | 0.055896968 |
|    clip_fraction        | 0.433       |
|    clip_range           | 0.2         |
|    entropy_loss         | -13.8       |
|    explained_variance   | 0.496       |
|    learning_rate        | 0.0003      |
|    loss                 | -0.124      |
|    n_updates            | 2420        |
|    policy_gradient_loss | -0.0627     |
|    std                  | 1.17        |
|    value_loss           | 0.313       |
-----------------------------------------
----------------------------------------
| rollout/                |            |
|    ep_len_mean          | 297        |
|    ep_rew_mean          | 111        |
|    success_rate         | 0.98       |
| time/                   |            |
|    fps                  | 1243       |
|    iterations           | 97         |
|    time_elapsed         | 79         |
|    total_timesteps      | 249856     |
| train/                  |            |
|    approx_kl            | 0.05083135 |
|    clip_fraction        | 0.418      |
|    clip_range           | 0.2        |
|    entropy_loss         | -13.8      |
|    explained_variance   | 0.314      |
|    learning_rate        | 0.0003     |
|    loss                 | -0.102     |
|    n_updates            | 2430       |
|    policy_gradient_loss | -0.0595    |
|    std                  | 1.17       |
|    value_loss           | 0.429      |
----------------------------------------
----------------------------------------
| rollout/                |            |
|    ep_len_mean          | 297        |
|    ep_rew_mean          | 112        |
|    success_rate         | 0.98       |
| time/                   |            |
|    fps                  | 1243       |
|    iterations           | 98         |
|    time_elapsed         | 80         |
|    total_timesteps      | 250880     |
| train/                  |            |
|    approx_kl            | 0.05568515 |
|    clip_fraction        | 0.431      |
|    clip_range           | 0.2        |
|    entropy_loss         | -13.8      |
|    explained_variance   | 0.269      |
|    learning_rate        | 0.0003     |
|    loss                 | -0.162     |
|    n_updates            | 2440       |
|    policy_gradient_loss | -0.0601    |
|    std                  | 1.17       |
|    value_loss           | 0.24       |
----------------------------------------
