Logging to checkpoints/stage0/tb/PPO_1
---------------------------------
| rollout/           |          |
|    ep_len_mean     | 253      |
|    ep_rew_mean     | -52      |
|    success_rate    | 0.8      |
| time/              |          |
|    fps             | 2445     |
|    iterations      | 1        |
|    time_elapsed    | 0        |
|    total_timesteps | 251904   |
---------------------------------
-----------------------------------------
| rollout/                |             |
|    ep_len_mean          | 218         |
|    ep_rew_mean          | -204        |
|    success_rate         | 0.66        |
| time/                   |             |
|    fps                  | 2104        |
|    iterations           | 2           |
|    time_elapsed         | 0           |
|    total_timesteps      | 252928      |
| train/                  |             |
|    approx_kl            | 0.060656406 |
|    clip_fraction        | 0.373       |
|    clip_range           | 0.2         |
|    entropy_loss         | -13.8       |
|    explained_variance   | -0.00642    |
|    learning_rate        | 0.0003      |
|    loss                 | 1.5e+04     |
|    n_updates            | 2460        |
|    policy_gradient_loss | 0.0403      |
|    std                  | 1.17        |
|    value_loss           | 4.7e+04     |
-----------------------------------------
-----------------------------------------
| rollout/                |             |
|    ep_len_mean          | 165         |
|    ep_rew_mean          | -397        |
|    success_rate         | 0.45        |
| time/                   |             |
|    fps                  | 2077        |
|    iterations           | 3           |
|    time_elapsed         | 1           |
|    total_timesteps      | 253952      |
| train/                  |             |
|    approx_kl            | 0.004449672 |
|    clip_fraction        | 0.0325      |
|    clip_range           | 0.2         |
|    entropy_loss         | -13.8       |
|    explained_variance   | 0.00344     |
|    learning_rate        | 0.0003      |
|    loss                 | 1.55e+04    |
|    n_updates            | 2470        |
|    policy_gradient_loss | -0.00454    |
|    std                  | 1.17        |
|    value_loss           | 3.75e+04    |
-----------------------------------------
-------------------------------------------
| rollout/                |               |
|    ep_len_mean          | 125           |
|    ep_rew_mean          | -566          |
|    success_rate         | 0.28          |
| time/                   |               |
|    fps                  | 2018          |
|    iterations           | 4             |
|    time_elapsed         | 2             |
|    total_timesteps      | 254976        |
| train/                  |               |
|    approx_kl            | 0.00010794605 |
|    clip_fraction        | 0             |
|    clip_range           | 0.2           |
|    entropy_loss         | -13.8         |
|    explained_variance   | 0.000415      |
|    learning_rate        | 0.0003        |
|    loss                 | 1.97e+04      |
|    n_updates            | 2480          |
|    policy_gradient_loss | -0.00158      |
|    std                  | 1.17          |
|    value_loss           | 4.38e+04      |
-------------------------------------------
-----------------------------------------
| rollout/                |             |
|    ep_len_mean          | 83.5        |
|    ep_rew_mean          | -720        |
|    success_rate         | 0.11        |
| time/                   |             |
|    fps                  | 1971        |
|    iterations           | 5           |
|    time_elapsed         | 2           |
|    total_timesteps      | 256000      |
| train/                  |             |
|    approx_kl            | 0.004796166 |
|    clip_fraction        | 0.0337      |
|    clip_range           | 0.2         |
|    entropy_loss         | -13.8       |
|    explained_variance   | -0.00158    |
|    learning_rate        | 0.0003      |
|    loss                 | 1.58e+04    |
|    n_updates            | 2490        |
|    policy_gradient_loss | -0.00526    |
|    std                  | 1.17        |
|    value_loss           | 3.42e+04    |
-----------------------------------------
------------------------------------------
| rollout/                |              |
|    ep_len_mean          | 56.6         |
|    ep_rew_mean          | -833         |
|    success_rate         | 0            |
| time/                   |              |
|    fps                  | 1963         |
|    iterations           | 6            |
|    time_elapsed         | 3            |
|    total_timesteps      | 257024       |
| train/                  |              |
|    approx_kl            | 0.0046516657 |
|    clip_fraction        | 0.0208       |
|    clip_range           | 0.2          |
|    entropy_loss         | -13.8        |
|    explained_variance   | 0.000102     |
|    learning_rate        | 0.0003       |
|    loss                 | 1.63e+04     |
|    n_updates            | 2500         |
|    policy_gradient_loss | -0.00448     |
|    std                  | 1.17         |
|    value_loss           | 3.67e+04     |
------------------------------------------
------------------------------------------
| rollout/                |              |
|    ep_len_mean          | 56.4         |
|    ep_rew_mean          | -819         |
|    success_rate         | 0            |
| time/                   |              |
|    fps                  | 1973         |
|    iterations           | 7            |
|    time_elapsed         | 3            |
|    total_timesteps      | 258048       |
| train/                  |              |
|    approx_kl            | 0.0030114502 |
|    clip_fraction        | 0.00898      |
|    clip_range           | 0.2          |
|    entropy_loss         | -13.8        |
|    explained_variance   | 0.000228     |
|    learning_rate        | 0.0003       |
|    loss                 | 1.56e+04     |
|    n_updates            | 2510         |
|    policy_gradient_loss | -0.00387     |
|    std                  | 1.17         |
|    value_loss           | 3.38e+04     |
------------------------------------------
------------------------------------------
| rollout/                |              |
|    ep_len_mean          | 56.7         |
|    ep_rew_mean          | -826         |
|    success_rate         | 0            |
| time/                   |              |
|    fps                  | 1980         |
|    iterations           | 8            |
|    time_elapsed         | 4            |
|    total_timesteps      | 259072       |
| train/                  |              |
|    approx_kl            | 0.0030126362 |
|    clip_fraction        | 0.0154       |
|    clip_range           | 0.2          |
|    entropy_loss         | -13.8        |
|    explained_variance   | 0.00026      |
|    learning_rate        | 0.0003       |
|    loss                 | 1.56e+04     |
|    n_updates            | 2520         |
|    policy_gradient_loss | -0.00399     |
|    std                  | 1.17         |
|    value_loss           | 3.13e+04     |
------------------------------------------
-----------------------------------------
| rollout/                |             |
|    ep_len_mean          | 56.6        |
|    ep_rew_mean          | -808        |
|    success_rate         | 0           |
| time/                   |             |
|    fps                  | 1985        |
|    iterations           | 9           |
|    time_elapsed         | 4           |
|    total_timesteps      | 260096      |
| train/                  |             |
|    approx_kl            | 0.000519227 |
|    clip_fraction        | 0           |
|    clip_range           | 0.2         |
|    entropy_loss         | -13.8       |
|    explained_variance   | 0.000151    |
|    learning_rate        | 0.0003      |
|    loss                 | 1.9e+04     |
|    n_updates            | 2530        |
|    policy_gradient_loss | -0.00339    |
|    std                  | 1.17        |
|    value_loss           | 3.97e+04    |
-----------------------------------------
------------------------------------------
| rollout/                |              |
|    ep_len_mean          | 56.2         |
|    ep_rew_mean          | -816         |
|    success_rate         | 0            |
| time/                   |              |
|    fps                  | 1972         |
|    iterations           | 10           |
|    time_elapsed         | 5            |
|    total_timesteps      | 261120       |
| train/                  |              |
|    approx_kl            | 0.0017083094 |
|    clip_fraction        | 0.00342      |
|    clip_range           | 0.2          |
|    entropy_loss         | -13.8        |
|    explained_variance   | 3.83e-05     |
|    learning_rate        | 0.0003       |
|    loss                 | 1.34e+04     |
|    n_updates            | 2540         |
|    policy_gradient_loss | -0.00305     |
|    std                  | 1.17         |
|    value_loss           | 2.59e+04     |
------------------------------------------
------------------------------------------
| rollout/                |              |
|    ep_len_mean          | 55.8         |
|    ep_rew_mean          | -806         |
|    success_rate         | 0            |
| time/                   |              |
|    fps                  | 1977         |
|    iterations           | 11           |
|    time_elapsed         | 5            |
|    total_timesteps      | 262144       |
| train/                  |              |
|    approx_kl            | 0.0014178078 |
|    clip_fraction        | 0.00723      |
|    clip_range           | 0.2          |
|    entropy_loss         | -13.8        |
|    explained_variance   | 5.53e-05     |
|    learning_rate        | 0.0003       |
|    loss                 | 1.76e+04     |
|    n_updates            | 2550         |
|    policy_gradient_loss | -0.00449     |
|    std                  | 1.17         |
|    value_loss           | 3.64e+04     |
------------------------------------------
------------------------------------------
| rollout/                |              |
|    ep_len_mean          | 54.6         |
|    ep_rew_mean          | -798         |
|    success_rate         | 0            |
| time/                   |              |
|    fps                  | 1980         |
|    iterations           | 12           |
|    time_elapsed         | 6            |
|    total_timesteps      | 263168       |
| train/                  |              |
|    approx_kl            | 0.0028729355 |
|    clip_fraction        | 0.00518      |
|    clip_range           | 0.2          |
|    entropy_loss         | -13.8        |
|    explained_variance   | 0.000234     |
|    learning_rate        | 0.0003       |
|    loss                 | 1.2e+04      |
|    n_updates            | 2560         |
|    policy_gradient_loss | -0.00329     |
|    std                  | 1.17         |
|    value_loss           | 2.6e+04      |
------------------------------------------
------------------------------------------
| rollout/                |              |
|    ep_len_mean          | 50.3         |
|    ep_rew_mean          | -745         |
|    success_rate         | 0            |
| time/                   |              |
|    fps                  | 1984         |
|    iterations           | 13           |
|    time_elapsed         | 6            |
|    total_timesteps      | 264192       |
| train/                  |              |
|    approx_kl            | 0.0008967282 |
|    clip_fraction        | 0.000293     |
|    clip_range           | 0.2          |
|    entropy_loss         | -13.8        |
|    explained_variance   | 3.26e-05     |
|    learning_rate        | 0.0003       |
|    loss                 | 1.7e+04      |
|    n_updates            | 2570         |
|    policy_gradient_loss | -0.00371     |
|    std                  | 1.17         |
|    value_loss           | 3.48e+04     |
------------------------------------------
------------------------------------------
| rollout/                |              |
|    ep_len_mean          | 49.3         |
|    ep_rew_mean          | -736         |
|    success_rate         | 0            |
| time/                   |              |
|    fps                  | 1988         |
|    iterations           | 14           |
|    time_elapsed         | 7            |
|    total_timesteps      | 265216       |
| train/                  |              |
|    approx_kl            | 0.0026203862 |
|    clip_fraction        | 0.0249       |
|    clip_range           | 0.2          |
|    entropy_loss         | -13.8        |
|    explained_variance   | 0.000146     |
|    learning_rate        | 0.0003       |
|    loss                 | 1.5e+04      |
|    n_updates            | 2580         |
|    policy_gradient_loss | -0.00592     |
|    std                  | 1.17         |
|    value_loss           | 3e+04        |
------------------------------------------
------------------------------------------
| rollout/                |              |
|    ep_len_mean          | 47.9         |
|    ep_rew_mean          | -733         |
|    success_rate         | 0            |
| time/                   |              |
|    fps                  | 1990         |
|    iterations           | 15           |
|    time_elapsed         | 7            |
|    total_timesteps      | 266240       |
| train/                  |              |
|    approx_kl            | 0.0018685332 |
|    clip_fraction        | 0.00117      |
|    clip_range           | 0.2          |
|    entropy_loss         | -13.8        |
|    explained_variance   | 0.000661     |
|    learning_rate        | 0.0003       |
|    loss                 | 9.94e+03     |
|    n_updates            | 2590         |
|    policy_gradient_loss | -0.00597     |
|    std                  | 1.17         |
|    value_loss           | 2.33e+04     |
------------------------------------------
------------------------------------------
| rollout/                |              |
|    ep_len_mean          | 48.3         |
|    ep_rew_mean          | -744         |
|    success_rate         | 0            |
| time/                   |              |
|    fps                  | 1993         |
|    iterations           | 16           |
|    time_elapsed         | 8            |
|    total_timesteps      | 267264       |
| train/                  |              |
|    approx_kl            | 0.0032865526 |
|    clip_fraction        | 0.0119       |
|    clip_range           | 0.2          |
|    entropy_loss         | -13.8        |
|    explained_variance   | 8.11e-06     |
|    learning_rate        | 0.0003       |
|    loss                 | 1.8e+04      |
|    n_updates            | 2600         |
|    policy_gradient_loss | -0.00561     |
|    std                  | 1.17         |
|    value_loss           | 3.65e+04     |
------------------------------------------
------------------------------------------
| rollout/                |              |
|    ep_len_mean          | 46.7         |
|    ep_rew_mean          | -725         |
|    success_rate         | 0            |
| time/                   |              |
|    fps                  | 1994         |
|    iterations           | 17           |
|    time_elapsed         | 8            |
|    total_timesteps      | 268288       |
| train/                  |              |
|    approx_kl            | 0.0039254706 |
|    clip_fraction        | 0.023        |
|    clip_range           | 0.2          |
|    entropy_loss         | -13.8        |
|    explained_variance   | 0.000113     |
|    learning_rate        | 0.0003       |
|    loss                 | 1.32e+04     |
|    n_updates            | 2610         |
|    policy_gradient_loss | -0.00606     |
|    std                  | 1.17         |
|    value_loss           | 2.62e+04     |
------------------------------------------
------------------------------------------
| rollout/                |              |
|    ep_len_mean          | 47.7         |
|    ep_rew_mean          | -737         |
|    success_rate         | 0            |
| time/                   |              |
|    fps                  | 1995         |
|    iterations           | 18           |
|    time_elapsed         | 9            |
|    total_timesteps      | 269312       |
| train/                  |              |
|    approx_kl            | 0.0020554108 |
|    clip_fraction        | 0.0121       |
|    clip_range           | 0.2          |
|    entropy_loss         | -13.8        |
|    explained_variance   | 8.11e-06     |
|    learning_rate        | 0.0003       |
|    loss                 | 1.33e+04     |
|    n_updates            | 2620         |
|    policy_gradient_loss | -0.00571     |
|    std                  | 1.17         |
|    value_loss           | 2.99e+04     |
------------------------------------------
------------------------------------------
| rollout/                |              |
|    ep_len_mean          | 46.5         |
|    ep_rew_mean          | -704         |
|    success_rate         | 0            |
| time/                   |              |
|    fps                  | 1996         |
|    iterations           | 19           |
|    time_elapsed         | 9            |
|    total_timesteps      | 270336       |
| train/                  |              |
|    approx_kl            | 0.0010552201 |
|    clip_fraction        | 0.000586     |
|    clip_range           | 0.2          |
|    entropy_loss         | -13.8        |
|    explained_variance   | 0.000124     |
|    learning_rate        | 0.0003       |
|    loss                 | 1.05e+04     |
|    n_updates            | 2630         |
|    policy_gradient_loss | -0.00499     |
|    std                  | 1.17         |
|    value_loss           | 2.18e+04     |
------------------------------------------
------------------------------------------
| rollout/                |              |
|    ep_len_mean          | 43.8         |
|    ep_rew_mean          | -659         |
|    success_rate         | 0            |
| time/                   |              |
|    fps                  | 1998         |
|    iterations           | 20           |
|    time_elapsed         | 10           |
|    total_timesteps      | 271360       |
| train/                  |              |
|    approx_kl            | 0.0034340324 |
|    clip_fraction        | 0.021        |
|    clip_range           | 0.2          |
|    entropy_loss         | -13.8        |
|    explained_variance   | 0.00021      |
|    learning_rate        | 0.0003       |
|    loss                 | 9.81e+03     |
|    n_updates            | 2640         |
|    policy_gradient_loss | -0.0084      |
|    std                  | 1.17         |
|    value_loss           | 1.96e+04     |
------------------------------------------
------------------------------------------
| rollout/                |              |
|    ep_len_mean          | 44.5         |
|    ep_rew_mean          | -656         |
|    success_rate         | 0            |
| time/                   |              |
|    fps                  | 1999         |
|    iterations           | 21           |
|    time_elapsed         | 10           |
|    total_timesteps      | 272384       |
| train/                  |              |
|    approx_kl            | 0.0032920935 |
|    clip_fraction        | 0.0266       |
|    clip_range           | 0.2          |
|    entropy_loss         | -13.8        |
|    explained_variance   | 2.25e-05     |
|    learning_rate        | 0.0003       |
|    loss                 | 8.87e+03     |
|    n_updates            | 2650         |
|    policy_gradient_loss | -0.0099      |
|    std                  | 1.17         |
|    value_loss           | 2.07e+04     |
------------------------------------------
------------------------------------------
| rollout/                |              |
|    ep_len_mean          | 43.1         |
|    ep_rew_mean          | -646         |
|    success_rate         | 0            |
| time/                   |              |
|    fps                  | 2000         |
|    iterations           | 22           |
|    time_elapsed         | 11           |
|    total_timesteps      | 273408       |
| train/                  |              |
|    approx_kl            | 0.0022218502 |
|    clip_fraction        | 0.00459      |
|    clip_range           | 0.2          |
|    entropy_loss         | -13.8        |
|    explained_variance   | 1.04e-05     |
|    learning_rate        | 0.0003       |
|    loss                 | 9.49e+03     |
|    n_updates            | 2660         |
|    policy_gradient_loss | -0.00601     |
|    std                  | 1.17         |
|    value_loss           | 2.4e+04      |
------------------------------------------
------------------------------------------
| rollout/                |              |
|    ep_len_mean          | 43.1         |
|    ep_rew_mean          | -639         |
|    success_rate         | 0            |
| time/                   |              |
|    fps                  | 2001         |
|    iterations           | 23           |
|    time_elapsed         | 11           |
|    total_timesteps      | 274432       |
| train/                  |              |
|    approx_kl            | 0.0044882135 |
|    clip_fraction        | 0.0304       |
|    clip_range           | 0.2          |
|    entropy_loss         | -13.8        |
|    explained_variance   | 0.000187     |
|    learning_rate        | 0.0003       |
|    loss                 | 1.07e+04     |
|    n_updates            | 2670         |
|    policy_gradient_loss | -0.00802     |
|    std                  | 1.17         |
|    value_loss           | 2.25e+04     |
------------------------------------------
------------------------------------------
| rollout/                |              |
|    ep_len_mean          | 43.8         |
|    ep_rew_mean          | -646         |
|    success_rate         | 0            |
| time/                   |              |
|    fps                  | 2001         |
|    iterations           | 24           |
|    time_elapsed         | 12           |
|    total_timesteps      | 275456       |
| train/                  |              |
|    approx_kl            | 0.0013352161 |
|    clip_fraction        | 0.000684     |
|    clip_range           | 0.2          |
|    entropy_loss         | -13.8        |
|    explained_variance   | 0.00176      |
|    learning_rate        | 0.0003       |
|    loss                 | 9.88e+03     |
|    n_updates            | 2680         |
|    policy_gradient_loss | -0.00568     |
|    std                  | 1.17         |
|    value_loss           | 2.07e+04     |
------------------------------------------
-----------------------------------------
| rollout/                |             |
|    ep_len_mean          | 40.8        |
|    ep_rew_mean          | -611        |
|    success_rate         | 0           |
| time/                   |             |
|    fps                  | 1995        |
|    iterations           | 25          |
|    time_elapsed         | 12          |
|    total_timesteps      | 276480      |
| train/                  |             |
|    approx_kl            | 0.002796623 |
|    clip_fraction        | 0.00713     |
|    clip_range           | 0.2         |
|    entropy_loss         | -13.8       |
|    explained_variance   | 0.0012      |
|    learning_rate        | 0.0003      |
|    loss                 | 9.65e+03    |
|    n_updates            | 2690        |
|    policy_gradient_loss | -0.00775    |
|    std                  | 1.17        |
|    value_loss           | 2.04e+04    |
-----------------------------------------
-----------------------------------------
| rollout/                |             |
|    ep_len_mean          | 41.3        |
|    ep_rew_mean          | -621        |
|    success_rate         | 0           |
| time/                   |             |
|    fps                  | 1987        |
|    iterations           | 26          |
|    time_elapsed         | 13          |
|    total_timesteps      | 277504      |
| train/                  |             |
|    approx_kl            | 0.002314827 |
|    clip_fraction        | 0.00293     |
|    clip_range           | 0.2         |
|    entropy_loss         | -13.8       |
|    explained_variance   | 0.0283      |
|    learning_rate        | 0.0003      |
|    loss                 | 1.06e+04    |
|    n_updates            | 2700        |
|    policy_gradient_loss | -0.00558    |
|    std                  | 1.17        |
|    value_loss           | 2.56e+04    |
-----------------------------------------
-----------------------------------------
| rollout/                |             |
|    ep_len_mean          | 41.6        |
|    ep_rew_mean          | -640        |
|    success_rate         | 0           |
| time/                   |             |
|    fps                  | 1987        |
|    iterations           | 27          |
|    time_elapsed         | 13          |
|    total_timesteps      | 278528      |
| train/                  |             |
|    approx_kl            | 0.002486458 |
|    clip_fraction        | 0.00693     |
|    clip_range           | 0.2         |
|    entropy_loss         | -13.8       |
|    explained_variance   | 0.0675      |
|    learning_rate        | 0.0003      |
|    loss                 | 8.89e+03    |
|    n_updates            | 2710        |
|    policy_gradient_loss | -0.00976    |
|    std                  | 1.17        |
|    value_loss           | 1.81e+04    |
-----------------------------------------
------------------------------------------
| rollout/                |              |
|    ep_len_mean          | 40.9         |
|    ep_rew_mean          | -620         |
|    success_rate         | 0            |
| time/                   |              |
|    fps                  | 1988         |
|    iterations           | 28           |
|    time_elapsed         | 14           |
|    total_timesteps      | 279552       |
| train/                  |              |
|    approx_kl            | 0.0022593464 |
|    clip_fraction        | 0.0118       |
|    clip_range           | 0.2          |
|    entropy_loss         | -13.8        |
|    explained_variance   | 0.211        |
|    learning_rate        | 0.0003       |
|    loss                 | 9.2e+03      |
|    n_updates            | 2720         |
|    policy_gradient_loss | -0.00762     |
|    std                  | 1.17         |
|    value_loss           | 1.89e+04     |
------------------------------------------
------------------------------------------
| rollout/                |              |
|    ep_len_mean          | 41.6         |
|    ep_rew_mean          | -625         |
|    success_rate         | 0            |
| time/                   |              |
|    fps                  | 1989         |
|    iterations           | 29           |
|    time_elapsed         | 14           |
|    total_timesteps      | 280576       |
| train/                  |              |
|    approx_kl            | 0.0015498139 |
|    clip_fraction        | 0.00117      |
|    clip_range           | 0.2          |
|    entropy_loss         | -13.8        |
|    explained_variance   | 0.206        |
|    learning_rate        | 0.0003       |
|    loss                 | 7.12e+03     |
|    n_updates            | 2730         |
|    policy_gradient_loss | -0.00644     |
|    std                  | 1.17         |
|    value_loss           | 1.65e+04     |
------------------------------------------
-----------------------------------------
| rollout/                |             |
|    ep_len_mean          | 40.9        |
|    ep_rew_mean          | -607        |
|    success_rate         | 0           |
| time/                   |             |
|    fps                  | 1990        |
|    iterations           | 30          |
|    time_elapsed         | 15          |
|    total_timesteps      | 281600      |
| train/                  |             |
|    approx_kl            | 0.002436861 |
|    clip_fraction        | 0.00732     |
|    clip_range           | 0.2         |
|    entropy_loss         | -13.8       |
|    explained_variance   | 0.324       |
|    learning_rate        | 0.0003      |
|    loss                 | 5.7e+03     |
|    n_updates            | 2740        |
|    policy_gradient_loss | -0.00739    |
|    std                  | 1.17        |
|    value_loss           | 1.35e+04    |
-----------------------------------------
------------------------------------------
| rollout/                |              |
|    ep_len_mean          | 41.9         |
|    ep_rew_mean          | -608         |
|    success_rate         | 0            |
| time/                   |              |
|    fps                  | 1992         |
|    iterations           | 31           |
|    time_elapsed         | 15           |
|    total_timesteps      | 282624       |
| train/                  |              |
|    approx_kl            | 0.0025148038 |
|    clip_fraction        | 0.0126       |
|    clip_range           | 0.2          |
|    entropy_loss         | -13.8        |
|    explained_variance   | 0.358        |
|    learning_rate        | 0.0003       |
|    loss                 | 6.02e+03     |
|    n_updates            | 2750         |
|    policy_gradient_loss | -0.00699     |
|    std                  | 1.17         |
|    value_loss           | 1.49e+04     |
------------------------------------------
----------------------------------------
| rollout/                |            |
|    ep_len_mean          | 41         |
|    ep_rew_mean          | -601       |
|    success_rate         | 0          |
| time/                   |            |
|    fps                  | 1993       |
|    iterations           | 32         |
|    time_elapsed         | 16         |
|    total_timesteps      | 283648     |
| train/                  |            |
|    approx_kl            | 0.00239742 |
|    clip_fraction        | 0.00439    |
|    clip_range           | 0.2        |
|    entropy_loss         | -13.8      |
|    explained_variance   | 0.339      |
|    learning_rate        | 0.0003     |
|    loss                 | 7.61e+03   |
|    n_updates            | 2760       |
|    policy_gradient_loss | -0.00539   |
|    std                  | 1.17       |
|    value_loss           | 1.25e+04   |
----------------------------------------
------------------------------------------
| rollout/                |              |
|    ep_len_mean          | 40.4         |
|    ep_rew_mean          | -583         |
|    success_rate         | 0            |
| time/                   |              |
|    fps                  | 1992         |
|    iterations           | 33           |
|    time_elapsed         | 16           |
|    total_timesteps      | 284672       |
| train/                  |              |
|    approx_kl            | 0.0028732857 |
|    clip_fraction        | 0.00693      |
|    clip_range           | 0.2          |
|    entropy_loss         | -13.8        |
|    explained_variance   | 0.221        |
|    learning_rate        | 0.0003       |
|    loss                 | 7.64e+03     |
|    n_updates            | 2770         |
|    policy_gradient_loss | -0.00779     |
|    std                  | 1.17         |
|    value_loss           | 1.34e+04     |
------------------------------------------
------------------------------------------
| rollout/                |              |
|    ep_len_mean          | 40.4         |
|    ep_rew_mean          | -589         |
|    success_rate         | 0            |
| time/                   |              |
|    fps                  | 1993         |
|    iterations           | 34           |
|    time_elapsed         | 17           |
|    total_timesteps      | 285696       |
| train/                  |              |
|    approx_kl            | 0.0027538664 |
|    clip_fraction        | 0.0243       |
|    clip_range           | 0.2          |
|    entropy_loss         | -13.8        |
|    explained_variance   | 0.357        |
|    learning_rate        | 0.0003       |
|    loss                 | 4.63e+03     |
|    n_updates            | 2780         |
|    policy_gradient_loss | -0.00844     |
|    std                  | 1.17         |
|    value_loss           | 1.02e+04     |
------------------------------------------
------------------------------------------
| rollout/                |              |
|    ep_len_mean          | 37.8         |
|    ep_rew_mean          | -562         |
|    success_rate         | 0            |
| time/                   |              |
|    fps                  | 1992         |
|    iterations           | 35           |
|    time_elapsed         | 17           |
|    total_timesteps      | 286720       |
| train/                  |              |
|    approx_kl            | 0.0038046348 |
|    clip_fraction        | 0.0312       |
|    clip_range           | 0.2          |
|    entropy_loss         | -13.8        |
|    explained_variance   | 0.35         |
|    learning_rate        | 0.0003       |
|    loss                 | 7.26e+03     |
|    n_updates            | 2790         |
|    policy_gradient_loss | -0.00761     |
|    std                  | 1.17         |
|    value_loss           | 1.55e+04     |
------------------------------------------
-----------------------------------------
| rollout/                |             |
|    ep_len_mean          | 35.5        |
|    ep_rew_mean          | -512        |
|    success_rate         | 0           |
| time/                   |             |
|    fps                  | 1992        |
|    iterations           | 36          |
|    time_elapsed         | 18          |
|    total_timesteps      | 287744      |
| train/                  |             |
|    approx_kl            | 0.002888436 |
|    clip_fraction        | 0.00625     |
|    clip_range           | 0.2         |
|    entropy_loss         | -13.8       |
|    explained_variance   | 0.351       |
|    learning_rate        | 0.0003      |
|    loss                 | 5.16e+03    |
|    n_updates            | 2800        |
|    policy_gradient_loss | -0.00496    |
|    std                  | 1.17        |
|    value_loss           | 1.03e+04    |
-----------------------------------------
------------------------------------------
| rollout/                |              |
|    ep_len_mean          | 33.8         |
|    ep_rew_mean          | -483         |
|    success_rate         | 0            |
| time/                   |              |
|    fps                  | 1993         |
|    iterations           | 37           |
|    time_elapsed         | 19           |
|    total_timesteps      | 288768       |
| train/                  |              |
|    approx_kl            | 0.0030596862 |
|    clip_fraction        | 0.0117       |
|    clip_range           | 0.2          |
|    entropy_loss         | -13.8        |
|    explained_variance   | 0.346        |
|    learning_rate        | 0.0003       |
|    loss                 | 4.41e+03     |
|    n_updates            | 2810         |
|    policy_gradient_loss | -0.00753     |
|    std                  | 1.17         |
|    value_loss           | 8.71e+03     |
------------------------------------------
-----------------------------------------
| rollout/                |             |
|    ep_len_mean          | 33.2        |
|    ep_rew_mean          | -473        |
|    success_rate         | 0           |
| time/                   |             |
|    fps                  | 1993        |
|    iterations           | 38          |
|    time_elapsed         | 19          |
|    total_timesteps      | 289792      |
| train/                  |             |
|    approx_kl            | 0.004584415 |
|    clip_fraction        | 0.0269      |
|    clip_range           | 0.2         |
|    entropy_loss         | -13.8       |
|    explained_variance   | 0.402       |
|    learning_rate        | 0.0003      |
|    loss                 | 4.29e+03    |
|    n_updates            | 2820        |
|    policy_gradient_loss | -0.00959    |
|    std                  | 1.17        |
|    value_loss           | 9.07e+03    |
-----------------------------------------
-----------------------------------------
| rollout/                |             |
|    ep_len_mean          | 33.2        |
|    ep_rew_mean          | -480        |
|    success_rate         | 0           |
| time/                   |             |
|    fps                  | 1993        |
|    iterations           | 39          |
|    time_elapsed         | 20          |
|    total_timesteps      | 290816      |
| train/                  |             |
|    approx_kl            | 0.003578465 |
|    clip_fraction        | 0.0132      |
|    clip_range           | 0.2         |
|    entropy_loss         | -13.8       |
|    explained_variance   | 0.472       |
|    learning_rate        | 0.0003      |
|    loss                 | 4.44e+03    |
|    n_updates            | 2830        |
|    policy_gradient_loss | -0.0104     |
|    std                  | 1.17        |
|    value_loss           | 9.7e+03     |
-----------------------------------------
------------------------------------------
| rollout/                |              |
|    ep_len_mean          | 31.1         |
|    ep_rew_mean          | -460         |
|    success_rate         | 0            |
| time/                   |              |
|    fps                  | 1993         |
|    iterations           | 40           |
|    time_elapsed         | 20           |
|    total_timesteps      | 291840       |
| train/                  |              |
|    approx_kl            | 0.0033102413 |
|    clip_fraction        | 0.00898      |
|    clip_range           | 0.2          |
|    entropy_loss         | -13.8        |
|    explained_variance   | 0.394        |
|    learning_rate        | 0.0003       |
|    loss                 | 5.08e+03     |
|    n_updates            | 2840         |
|    policy_gradient_loss | -0.00891     |
|    std                  | 1.17         |
|    value_loss           | 9.95e+03     |
------------------------------------------
-----------------------------------------
| rollout/                |             |
|    ep_len_mean          | 29.2        |
|    ep_rew_mean          | -426        |
|    success_rate         | 0           |
| time/                   |             |
|    fps                  | 1993        |
|    iterations           | 41          |
|    time_elapsed         | 21          |
|    total_timesteps      | 292864      |
| train/                  |             |
|    approx_kl            | 0.005614804 |
|    clip_fraction        | 0.0161      |
|    clip_range           | 0.2         |
|    entropy_loss         | -13.8       |
|    explained_variance   | 0.477       |
|    learning_rate        | 0.0003      |
|    loss                 | 3.6e+03     |
|    n_updates            | 2850        |
|    policy_gradient_loss | -0.012      |
|    std                  | 1.17        |
|    value_loss           | 7.36e+03    |
-----------------------------------------
------------------------------------------
| rollout/                |              |
|    ep_len_mean          | 29.6         |
|    ep_rew_mean          | -430         |
|    success_rate         | 0            |
| time/                   |              |
|    fps                  | 1993         |
|    iterations           | 42           |
|    time_elapsed         | 21           |
|    total_timesteps      | 293888       |
| train/                  |              |
|    approx_kl            | 0.0035227286 |
|    clip_fraction        | 0.0233       |
|    clip_range           | 0.2          |
|    entropy_loss         | -13.8        |
|    explained_variance   | 0.488        |
|    learning_rate        | 0.0003       |
|    loss                 | 3.12e+03     |
|    n_updates            | 2860         |
|    policy_gradient_loss | -0.00812     |
|    std                  | 1.17         |
|    value_loss           | 6.64e+03     |
------------------------------------------
------------------------------------------
| rollout/                |              |
|    ep_len_mean          | 29.1         |
|    ep_rew_mean          | -424         |
|    success_rate         | 0            |
| time/                   |              |
|    fps                  | 1994         |
|    iterations           | 43           |
|    time_elapsed         | 22           |
|    total_timesteps      | 294912       |
| train/                  |              |
|    approx_kl            | 0.0038728581 |
|    clip_fraction        | 0.0225       |
|    clip_range           | 0.2          |
|    entropy_loss         | -13.8        |
|    explained_variance   | 0.531        |
|    learning_rate        | 0.0003       |
|    loss                 | 3.78e+03     |
|    n_updates            | 2870         |
|    policy_gradient_loss | -0.00934     |
|    std                  | 1.17         |
|    value_loss           | 6.73e+03     |
------------------------------------------
------------------------------------------
| rollout/                |              |
|    ep_len_mean          | 27.6         |
|    ep_rew_mean          | -415         |
|    success_rate         | 0            |
| time/                   |              |
|    fps                  | 1994         |
|    iterations           | 44           |
|    time_elapsed         | 22           |
|    total_timesteps      | 295936       |
| train/                  |              |
|    approx_kl            | 0.0027019917 |
|    clip_fraction        | 0.00371      |
|    clip_range           | 0.2          |
|    entropy_loss         | -13.8        |
|    explained_variance   | 0.434        |
|    learning_rate        | 0.0003       |
|    loss                 | 3.45e+03     |
|    n_updates            | 2880         |
|    policy_gradient_loss | -0.00872     |
|    std                  | 1.17         |
|    value_loss           | 8.23e+03     |
------------------------------------------
------------------------------------------
| rollout/                |              |
|    ep_len_mean          | 25.4         |
|    ep_rew_mean          | -384         |
|    success_rate         | 0            |
| time/                   |              |
|    fps                  | 1994         |
|    iterations           | 45           |
|    time_elapsed         | 23           |
|    total_timesteps      | 296960       |
| train/                  |              |
|    approx_kl            | 0.0035243668 |
|    clip_fraction        | 0.0152       |
|    clip_range           | 0.2          |
|    entropy_loss         | -13.8        |
|    explained_variance   | 0.52         |
|    learning_rate        | 0.0003       |
|    loss                 | 2.88e+03     |
|    n_updates            | 2890         |
|    policy_gradient_loss | -0.0119      |
|    std                  | 1.17         |
|    value_loss           | 7.24e+03     |
------------------------------------------
------------------------------------------
| rollout/                |              |
|    ep_len_mean          | 24.3         |
|    ep_rew_mean          | -367         |
|    success_rate         | 0            |
| time/                   |              |
|    fps                  | 1994         |
|    iterations           | 46           |
|    time_elapsed         | 23           |
|    total_timesteps      | 297984       |
| train/                  |              |
|    approx_kl            | 0.0036505754 |
|    clip_fraction        | 0.0124       |
|    clip_range           | 0.2          |
|    entropy_loss         | -13.8        |
|    explained_variance   | 0.423        |
|    learning_rate        | 0.0003       |
|    loss                 | 4.1e+03      |
|    n_updates            | 2900         |
|    policy_gradient_loss | -0.00961     |
|    std                  | 1.17         |
|    value_loss           | 9.28e+03     |
------------------------------------------
-----------------------------------------
| rollout/                |             |
|    ep_len_mean          | 22.4        |
|    ep_rew_mean          | -346        |
|    success_rate         | 0           |
| time/                   |             |
|    fps                  | 1993        |
|    iterations           | 47          |
|    time_elapsed         | 24          |
|    total_timesteps      | 299008      |
| train/                  |             |
|    approx_kl            | 0.003926249 |
|    clip_fraction        | 0.0231      |
|    clip_range           | 0.2         |
|    entropy_loss         | -13.8       |
|    explained_variance   | 0.463       |
|    learning_rate        | 0.0003      |
|    loss                 | 3.07e+03    |
|    n_updates            | 2910        |
|    policy_gradient_loss | -0.0119     |
|    std                  | 1.17        |
|    value_loss           | 7.02e+03    |
-----------------------------------------
------------------------------------------
| rollout/                |              |
|    ep_len_mean          | 21.7         |
|    ep_rew_mean          | -333         |
|    success_rate         | 0            |
| time/                   |              |
|    fps                  | 1993         |
|    iterations           | 48           |
|    time_elapsed         | 24           |
|    total_timesteps      | 300032       |
| train/                  |              |
|    approx_kl            | 0.0048405086 |
|    clip_fraction        | 0.0205       |
|    clip_range           | 0.2          |
|    entropy_loss         | -13.8        |
|    explained_variance   | 0.554        |
|    learning_rate        | 0.0003       |
|    loss                 | 2.57e+03     |
|    n_updates            | 2920         |
|    policy_gradient_loss | -0.0127      |
|    std                  | 1.17         |
|    value_loss           | 5.5e+03      |
------------------------------------------
-----------------------------------------
| rollout/                |             |
|    ep_len_mean          | 20.1        |
|    ep_rew_mean          | -292        |
|    success_rate         | 0           |
| time/                   |             |
|    fps                  | 1992        |
|    iterations           | 49          |
|    time_elapsed         | 25          |
|    total_timesteps      | 301056      |
| train/                  |             |
|    approx_kl            | 0.006190541 |
|    clip_fraction        | 0.0437      |
|    clip_range           | 0.2         |
|    entropy_loss         | -13.8       |
|    explained_variance   | 0.463       |
|    learning_rate        | 0.0003      |
|    loss                 | 3.05e+03    |
|    n_updates            | 2930        |
|    policy_gradient_loss | -0.014      |
|    std                  | 1.17        |
|    value_loss           | 6.13e+03    |
-----------------------------------------
------------------------------------------
| rollout/                |              |
|    ep_len_mean          | 18           |
|    ep_rew_mean          | -256         |
|    success_rate         | 0            |
| time/                   |              |
|    fps                  | 1988         |
|    iterations           | 50           |
|    time_elapsed         | 25           |
|    total_timesteps      | 302080       |
| train/                  |              |
|    approx_kl            | 0.0057598255 |
|    clip_fraction        | 0.0408       |
|    clip_range           | 0.2          |
|    entropy_loss         | -13.8        |
|    explained_variance   | 0.357        |
|    learning_rate        | 0.0003       |
|    loss                 | 2.72e+03     |
|    n_updates            | 2940         |
|    policy_gradient_loss | -0.0154      |
|    std                  | 1.17         |
|    value_loss           | 6.97e+03     |
------------------------------------------
-----------------------------------------
| rollout/                |             |
|    ep_len_mean          | 17          |
|    ep_rew_mean          | -251        |
|    success_rate         | 0           |
| time/                   |             |
|    fps                  | 1987        |
|    iterations           | 51          |
|    time_elapsed         | 26          |
|    total_timesteps      | 303104      |
| train/                  |             |
|    approx_kl            | 0.005701365 |
|    clip_fraction        | 0.0362      |
|    clip_range           | 0.2         |
|    entropy_loss         | -13.8       |
|    explained_variance   | 0.355       |
|    learning_rate        | 0.0003      |
|    loss                 | 2.58e+03    |
|    n_updates            | 2950        |
|    policy_gradient_loss | -0.0131     |
|    std                  | 1.17        |
|    value_loss           | 6.1e+03     |
-----------------------------------------
------------------------------------------
| rollout/                |              |
|    ep_len_mean          | 15.9         |
|    ep_rew_mean          | -230         |
|    success_rate         | 0            |
| time/                   |              |
|    fps                  | 1986         |
|    iterations           | 52           |
|    time_elapsed         | 26           |
|    total_timesteps      | 304128       |
| train/                  |              |
|    approx_kl            | 0.0067896647 |
|    clip_fraction        | 0.0361       |
|    clip_range           | 0.2          |
|    entropy_loss         | -13.8        |
|    explained_variance   | 0.319        |
|    learning_rate        | 0.0003       |
|    loss                 | 2.93e+03     |
|    n_updates            | 2960         |
|    policy_gradient_loss | -0.0129      |
|    std                  | 1.17         |
|    value_loss           | 6.46e+03     |
------------------------------------------
------------------------------------------
| rollout/                |              |
|    ep_len_mean          | 15.2         |
|    ep_rew_mean          | -215         |
|    success_rate         | 0            |
| time/                   |              |
|    fps                  | 1985         |
|    iterations           | 53           |
|    time_elapsed         | 27           |
|    total_timesteps      | 305152       |
| train/                  |              |
|    approx_kl            | 0.0045636944 |
|    clip_fraction        | 0.0144       |
|    clip_range           | 0.2          |
|    entropy_loss         | -13.8        |
|    explained_variance   | 0.357        |
|    learning_rate        | 0.0003       |
|    loss                 | 2.95e+03     |
|    n_updates            | 2970         |
|    policy_gradient_loss | -0.0129      |
|    std                  | 1.17         |
|    value_loss           | 5.87e+03     |
------------------------------------------
-----------------------------------------
| rollout/                |             |
|    ep_len_mean          | 14.8        |
|    ep_rew_mean          | -202        |
|    success_rate         | 0           |
| time/                   |             |
|    fps                  | 1983        |
|    iterations           | 54          |
|    time_elapsed         | 27          |
|    total_timesteps      | 306176      |
| train/                  |             |
|    approx_kl            | 0.006336771 |
|    clip_fraction        | 0.026       |
|    clip_range           | 0.2         |
|    entropy_loss         | -13.8       |
|    explained_variance   | 0.361       |
|    learning_rate        | 0.0003      |
|    loss                 | 2.93e+03    |
|    n_updates            | 2980        |
|    policy_gradient_loss | -0.0157     |
|    std                  | 1.17        |
|    value_loss           | 5.33e+03    |
-----------------------------------------
------------------------------------------
| rollout/                |              |
|    ep_len_mean          | 13.8         |
|    ep_rew_mean          | -174         |
|    success_rate         | 0            |
| time/                   |              |
|    fps                  | 1982         |
|    iterations           | 55           |
|    time_elapsed         | 28           |
|    total_timesteps      | 307200       |
| train/                  |              |
|    approx_kl            | 0.0075746328 |
|    clip_fraction        | 0.044        |
|    clip_range           | 0.2          |
|    entropy_loss         | -13.8        |
|    explained_variance   | 0.293        |
|    learning_rate        | 0.0003       |
|    loss                 | 3.03e+03     |
|    n_updates            | 2990         |
|    policy_gradient_loss | -0.016       |
|    std                  | 1.17         |
|    value_loss           | 6.01e+03     |
------------------------------------------
-----------------------------------------
| rollout/                |             |
|    ep_len_mean          | 13.2        |
|    ep_rew_mean          | -168        |
|    success_rate         | 0           |
| time/                   |             |
|    fps                  | 1980        |
|    iterations           | 56          |
|    time_elapsed         | 28          |
|    total_timesteps      | 308224      |
| train/                  |             |
|    approx_kl            | 0.007410725 |
|    clip_fraction        | 0.031       |
|    clip_range           | 0.2         |
|    entropy_loss         | -13.8       |
|    explained_variance   | 0.211       |
|    learning_rate        | 0.0003      |
|    loss                 | 2.66e+03    |
|    n_updates            | 3000        |
|    policy_gradient_loss | -0.0149     |
|    std                  | 1.17        |
|    value_loss           | 4.93e+03    |
-----------------------------------------
------------------------------------------
| rollout/                |              |
|    ep_len_mean          | 11.3         |
|    ep_rew_mean          | -120         |
|    success_rate         | 0            |
| time/                   |              |
|    fps                  | 1979         |
|    iterations           | 57           |
|    time_elapsed         | 29           |
|    total_timesteps      | 309248       |
| train/                  |              |
|    approx_kl            | 0.0055443477 |
|    clip_fraction        | 0.0215       |
|    clip_range           | 0.2          |
|    entropy_loss         | -13.8        |
|    explained_variance   | 0.251        |
|    learning_rate        | 0.0003       |
|    loss                 | 2.89e+03     |
|    n_updates            | 3010         |
|    policy_gradient_loss | -0.0138      |
|    std                  | 1.17         |
|    value_loss           | 5.58e+03     |
------------------------------------------
-----------------------------------------
| rollout/                |             |
|    ep_len_mean          | 10.6        |
|    ep_rew_mean          | -115        |
|    success_rate         | 0           |
| time/                   |             |
|    fps                  | 1977        |
|    iterations           | 58          |
|    time_elapsed         | 30          |
|    total_timesteps      | 310272      |
| train/                  |             |
|    approx_kl            | 0.009545559 |
|    clip_fraction        | 0.0492      |
|    clip_range           | 0.2         |
|    entropy_loss         | -13.8       |
|    explained_variance   | 0.16        |
|    learning_rate        | 0.0003      |
|    loss                 | 1.53e+03    |
|    n_updates            | 3020        |
|    policy_gradient_loss | -0.0179     |
|    std                  | 1.17        |
|    value_loss           | 3.85e+03    |
-----------------------------------------
-----------------------------------------
| rollout/                |             |
|    ep_len_mean          | 10.8        |
|    ep_rew_mean          | -112        |
|    success_rate         | 0           |
| time/                   |             |
|    fps                  | 1975        |
|    iterations           | 59          |
|    time_elapsed         | 30          |
|    total_timesteps      | 311296      |
| train/                  |             |
|    approx_kl            | 0.009762796 |
|    clip_fraction        | 0.0751      |
|    clip_range           | 0.2         |
|    entropy_loss         | -13.8       |
|    explained_variance   | 0.229       |
|    learning_rate        | 0.0003      |
|    loss                 | 1.55e+03    |
|    n_updates            | 3030        |
|    policy_gradient_loss | -0.0207     |
|    std                  | 1.17        |
|    value_loss           | 3.49e+03    |
-----------------------------------------
-----------------------------------------
| rollout/                |             |
|    ep_len_mean          | 10.5        |
|    ep_rew_mean          | -101        |
|    success_rate         | 0           |
| time/                   |             |
|    fps                  | 1973        |
|    iterations           | 60          |
|    time_elapsed         | 31          |
|    total_timesteps      | 312320      |
| train/                  |             |
|    approx_kl            | 0.009267829 |
|    clip_fraction        | 0.0773      |
|    clip_range           | 0.2         |
|    entropy_loss         | -13.8       |
|    explained_variance   | 0.0786      |
|    learning_rate        | 0.0003      |
|    loss                 | 1.55e+03    |
|    n_updates            | 3040        |
|    policy_gradient_loss | -0.0247     |
|    std                  | 1.17        |
|    value_loss           | 2.88e+03    |
-----------------------------------------
-----------------------------------------
| rollout/                |             |
|    ep_len_mean          | 10.3        |
|    ep_rew_mean          | -111        |
|    success_rate         | 0           |
| time/                   |             |
|    fps                  | 1969        |
|    iterations           | 61          |
|    time_elapsed         | 31          |
|    total_timesteps      | 313344      |
| train/                  |             |
|    approx_kl            | 0.012773522 |
|    clip_fraction        | 0.111       |
|    clip_range           | 0.2         |
|    entropy_loss         | -13.8       |
|    explained_variance   | 0.253       |
|    learning_rate        | 0.0003      |
|    loss                 | 933         |
|    n_updates            | 3050        |
|    policy_gradient_loss | -0.0269     |
|    std                  | 1.17        |
|    value_loss           | 2.14e+03    |
-----------------------------------------
-----------------------------------------
| rollout/                |             |
|    ep_len_mean          | 9.99        |
|    ep_rew_mean          | -97.9       |
|    success_rate         | 0           |
| time/                   |             |
|    fps                  | 1966        |
|    iterations           | 62          |
|    time_elapsed         | 32          |
|    total_timesteps      | 314368      |
| train/                  |             |
|    approx_kl            | 0.010530502 |
|    clip_fraction        | 0.0768      |
|    clip_range           | 0.2         |
|    entropy_loss         | -13.8       |
|    explained_variance   | 0.153       |
|    learning_rate        | 0.0003      |
|    loss                 | 1.84e+03    |
|    n_updates            | 3060        |
|    policy_gradient_loss | -0.0228     |
|    std                  | 1.17        |
|    value_loss           | 3.35e+03    |
-----------------------------------------
----------------------------------------
| rollout/                |            |
|    ep_len_mean          | 9.47       |
|    ep_rew_mean          | -90.3      |
|    success_rate         | 0          |
| time/                   |            |
|    fps                  | 1962       |
|    iterations           | 63         |
|    time_elapsed         | 32         |
|    total_timesteps      | 315392     |
| train/                  |            |
|    approx_kl            | 0.01013764 |
|    clip_fraction        | 0.101      |
|    clip_range           | 0.2        |
|    entropy_loss         | -13.8      |
|    explained_variance   | 0.311      |
|    learning_rate        | 0.0003     |
|    loss                 | 810        |
|    n_updates            | 3070       |
|    policy_gradient_loss | -0.0245    |
|    std                  | 1.17       |
|    value_loss           | 2.05e+03   |
----------------------------------------
-----------------------------------------
| rollout/                |             |
|    ep_len_mean          | 9.57        |
|    ep_rew_mean          | -91.6       |
|    success_rate         | 0           |
| time/                   |             |
|    fps                  | 1959        |
|    iterations           | 64          |
|    time_elapsed         | 33          |
|    total_timesteps      | 316416      |
| train/                  |             |
|    approx_kl            | 0.011055712 |
|    clip_fraction        | 0.0831      |
|    clip_range           | 0.2         |
|    entropy_loss         | -13.8       |
|    explained_variance   | 0.199       |
|    learning_rate        | 0.0003      |
|    loss                 | 789         |
|    n_updates            | 3080        |
|    policy_gradient_loss | -0.0277     |
|    std                  | 1.17        |
|    value_loss           | 1.88e+03    |
-----------------------------------------
------------------------------------------
| rollout/                |              |
|    ep_len_mean          | 9.6          |
|    ep_rew_mean          | -83.9        |
|    success_rate         | 0            |
| time/                   |              |
|    fps                  | 1957         |
|    iterations           | 65           |
|    time_elapsed         | 34           |
|    total_timesteps      | 317440       |
| train/                  |              |
|    approx_kl            | 0.0099580195 |
|    clip_fraction        | 0.0981       |
|    clip_range           | 0.2          |
|    entropy_loss         | -13.8        |
|    explained_variance   | 0.168        |
|    learning_rate        | 0.0003       |
|    loss                 | 1.32e+03     |
|    n_updates            | 3090         |
|    policy_gradient_loss | -0.0268      |
|    std                  | 1.17         |
|    value_loss           | 2.09e+03     |
------------------------------------------
-----------------------------------------
| rollout/                |             |
|    ep_len_mean          | 9.38        |
|    ep_rew_mean          | -80.1       |
|    success_rate         | 0           |
| time/                   |             |
|    fps                  | 1955        |
|    iterations           | 66          |
|    time_elapsed         | 34          |
|    total_timesteps      | 318464      |
| train/                  |             |
|    approx_kl            | 0.012254831 |
|    clip_fraction        | 0.148       |
|    clip_range           | 0.2         |
|    entropy_loss         | -13.8       |
|    explained_variance   | 0.169       |
|    learning_rate        | 0.0003      |
|    loss                 | 636         |
|    n_updates            | 3100        |
|    policy_gradient_loss | -0.0293     |
|    std                  | 1.17        |
|    value_loss           | 1.63e+03    |
-----------------------------------------
-----------------------------------------
| rollout/                |             |
|    ep_len_mean          | 8.78        |
|    ep_rew_mean          | -76.6       |
|    success_rate         | 0           |
| time/                   |             |
|    fps                  | 1953        |
|    iterations           | 67          |
|    time_elapsed         | 35          |
|    total_timesteps      | 319488      |
| train/                  |             |
|    approx_kl            | 0.012495754 |
|    clip_fraction        | 0.126       |
|    clip_range           | 0.2         |
|    entropy_loss         | -13.8       |
|    explained_variance   | 0.274       |
|    learning_rate        | 0.0003      |
|    loss                 | 674         |
|    n_updates            | 3110        |
|    policy_gradient_loss | -0.0295     |
|    std                  | 1.17        |
|    value_loss           | 1.33e+03    |
-----------------------------------------
-----------------------------------------
| rollout/                |             |
|    ep_len_mean          | 9.24        |
|    ep_rew_mean          | -79.8       |
|    success_rate         | 0           |
| time/                   |             |
|    fps                  | 1949        |
|    iterations           | 68          |
|    time_elapsed         | 35          |
|    total_timesteps      | 320512      |
| train/                  |             |
|    approx_kl            | 0.012905599 |
|    clip_fraction        | 0.148       |
|    clip_range           | 0.2         |
|    entropy_loss         | -13.8       |
|    explained_variance   | 0.173       |
|    learning_rate        | 0.0003      |
|    loss                 | 682         |
|    n_updates            | 3120        |
|    policy_gradient_loss | -0.0325     |
|    std                  | 1.17        |
|    value_loss           | 1.29e+03    |
-----------------------------------------
-----------------------------------------
| rollout/                |             |
|    ep_len_mean          | 8.86        |
|    ep_rew_mean          | -72.1       |
|    success_rate         | 0           |
| time/                   |             |
|    fps                  | 1943        |
|    iterations           | 69          |
|    time_elapsed         | 36          |
|    total_timesteps      | 321536      |
| train/                  |             |
|    approx_kl            | 0.015730355 |
|    clip_fraction        | 0.184       |
|    clip_range           | 0.2         |
|    entropy_loss         | -13.8       |
|    explained_variance   | 0.106       |
|    learning_rate        | 0.0003      |
|    loss                 | 731         |
|    n_updates            | 3130        |
|    policy_gradient_loss | -0.0388     |
|    std                  | 1.17        |
|    value_loss           | 1.52e+03    |
-----------------------------------------
----------------------------------------
| rollout/                |            |
|    ep_len_mean          | 8.58       |
|    ep_rew_mean          | -64.2      |
|    success_rate         | 0          |
| time/                   |            |
|    fps                  | 1939       |
|    iterations           | 70         |
|    time_elapsed         | 36         |
|    total_timesteps      | 322560     |
| train/                  |            |
|    approx_kl            | 0.01694468 |
|    clip_fraction        | 0.169      |
|    clip_range           | 0.2        |
|    entropy_loss         | -13.8      |
|    explained_variance   | 0.093      |
|    learning_rate        | 0.0003     |
|    loss                 | 588        |
|    n_updates            | 3140       |
|    policy_gradient_loss | -0.0343    |
|    std                  | 1.17       |
|    value_loss           | 1.07e+03   |
----------------------------------------
-----------------------------------------
| rollout/                |             |
|    ep_len_mean          | 8.8         |
|    ep_rew_mean          | -64.4       |
|    success_rate         | 0           |
| time/                   |             |
|    fps                  | 1935        |
|    iterations           | 71          |
|    time_elapsed         | 37          |
|    total_timesteps      | 323584      |
| train/                  |             |
|    approx_kl            | 0.019331113 |
|    clip_fraction        | 0.256       |
|    clip_range           | 0.2         |
|    entropy_loss         | -13.8       |
|    explained_variance   | 0.148       |
|    learning_rate        | 0.0003      |
|    loss                 | 493         |
|    n_updates            | 3150        |
|    policy_gradient_loss | -0.0388     |
|    std                  | 1.17        |
|    value_loss           | 596         |
-----------------------------------------
-----------------------------------------
| rollout/                |             |
|    ep_len_mean          | 8.9         |
|    ep_rew_mean          | -67.6       |
|    success_rate         | 0           |
| time/                   |             |
|    fps                  | 1930        |
|    iterations           | 72          |
|    time_elapsed         | 38          |
|    total_timesteps      | 324608      |
| train/                  |             |
|    approx_kl            | 0.026909295 |
|    clip_fraction        | 0.257       |
|    clip_range           | 0.2         |
|    entropy_loss         | -13.8       |
|    explained_variance   | 0.117       |
|    learning_rate        | 0.0003      |
|    loss                 | 157         |
|    n_updates            | 3160        |
|    policy_gradient_loss | -0.0373     |
|    std                  | 1.17        |
|    value_loss           | 337         |
-----------------------------------------
-----------------------------------------
| rollout/                |             |
|    ep_len_mean          | 8.38        |
|    ep_rew_mean          | -64.2       |
|    success_rate         | 0           |
| time/                   |             |
|    fps                  | 1929        |
|    iterations           | 73          |
|    time_elapsed         | 38          |
|    total_timesteps      | 325632      |
| train/                  |             |
|    approx_kl            | 0.015756581 |
|    clip_fraction        | 0.239       |
|    clip_range           | 0.2         |
|    entropy_loss         | -13.8       |
|    explained_variance   | 0.22        |
|    learning_rate        | 0.0003      |
|    loss                 | 302         |
|    n_updates            | 3170        |
|    policy_gradient_loss | -0.0358     |
|    std                  | 1.17        |
|    value_loss           | 581         |
-----------------------------------------
---------------------------------------
| rollout/                |           |
|    ep_len_mean          | 8.58      |
|    ep_rew_mean          | -65.8     |
|    success_rate         | 0         |
| time/                   |           |
|    fps                  | 1925      |
|    iterations           | 74        |
|    time_elapsed         | 39        |
|    total_timesteps      | 326656    |
| train/                  |           |
|    approx_kl            | 0.0184774 |
|    clip_fraction        | 0.274     |
|    clip_range           | 0.2       |
|    entropy_loss         | -13.8     |
|    explained_variance   | 0.248     |
|    learning_rate        | 0.0003    |
|    loss                 | 101       |
|    n_updates            | 3180      |
|    policy_gradient_loss | -0.0345   |
|    std                  | 1.17      |
|    value_loss           | 480       |
---------------------------------------
-----------------------------------------
| rollout/                |             |
|    ep_len_mean          | 8.64        |
|    ep_rew_mean          | -62.1       |
|    success_rate         | 0           |
| time/                   |             |
|    fps                  | 1924        |
|    iterations           | 75          |
|    time_elapsed         | 39          |
|    total_timesteps      | 327680      |
| train/                  |             |
|    approx_kl            | 0.022975352 |
|    clip_fraction        | 0.294       |
|    clip_range           | 0.2         |
|    entropy_loss         | -13.8       |
|    explained_variance   | 0.171       |
|    learning_rate        | 0.0003      |
|    loss                 | 163         |
|    n_updates            | 3190        |
|    policy_gradient_loss | -0.0378     |
|    std                  | 1.17        |
|    value_loss           | 437         |
-----------------------------------------
-----------------------------------------
| rollout/                |             |
|    ep_len_mean          | 8.59        |
|    ep_rew_mean          | -61.1       |
|    success_rate         | 0           |
| time/                   |             |
|    fps                  | 1922        |
|    iterations           | 76          |
|    time_elapsed         | 40          |
|    total_timesteps      | 328704      |
| train/                  |             |
|    approx_kl            | 0.029467015 |
|    clip_fraction        | 0.263       |
|    clip_range           | 0.2         |
|    entropy_loss         | -13.8       |
|    explained_variance   | 0.208       |
|    learning_rate        | 0.0003      |
|    loss                 | 220         |
|    n_updates            | 3200        |
|    policy_gradient_loss | -0.033      |
|    std                  | 1.17        |
|    value_loss           | 340         |
-----------------------------------------
----------------------------------------
| rollout/                |            |
|    ep_len_mean          | 8.65       |
|    ep_rew_mean          | -63.6      |
|    success_rate         | 0          |
| time/                   |            |
|    fps                  | 1921       |
|    iterations           | 77         |
|    time_elapsed         | 41         |
|    total_timesteps      | 329728     |
| train/                  |            |
|    approx_kl            | 0.07522466 |
|    clip_fraction        | 0.436      |
|    clip_range           | 0.2        |
|    entropy_loss         | -13.8      |
|    explained_variance   | 0.126      |
|    learning_rate        | 0.0003     |
|    loss                 | 111        |
|    n_updates            | 3210       |
|    policy_gradient_loss | -0.0274    |
|    std                  | 1.17       |
|    value_loss           | 216        |
----------------------------------------
-----------------------------------------
| rollout/                |             |
|    ep_len_mean          | 8.72        |
|    ep_rew_mean          | -62.4       |
|    success_rate         | 0           |
| time/                   |             |
|    fps                  | 1920        |
|    iterations           | 78          |
|    time_elapsed         | 41          |
|    total_timesteps      | 330752      |
| train/                  |             |
|    approx_kl            | 0.037211645 |
|    clip_fraction        | 0.368       |
|    clip_range           | 0.2         |
|    entropy_loss         | -13.8       |
|    explained_variance   | 0.172       |
|    learning_rate        | 0.0003      |
|    loss                 | 139         |
|    n_updates            | 3220        |
|    policy_gradient_loss | -0.0256     |
|    std                  | 1.17        |
|    value_loss           | 412         |
-----------------------------------------
-----------------------------------------
| rollout/                |             |
|    ep_len_mean          | 8.49        |
|    ep_rew_mean          | -60.4       |
|    success_rate         | 0           |
| time/                   |             |
|    fps                  | 1919        |
|    iterations           | 79          |
|    time_elapsed         | 42          |
|    total_timesteps      | 331776      |
| train/                  |             |
|    approx_kl            | 0.021122612 |
|    clip_fraction        | 0.324       |
|    clip_range           | 0.2         |
|    entropy_loss         | -13.8       |
|    explained_variance   | 0.332       |
|    learning_rate        | 0.0003      |
|    loss                 | 72.8        |
|    n_updates            | 3230        |
|    policy_gradient_loss | -0.0253     |
|    std                  | 1.17        |
|    value_loss           | 399         |
-----------------------------------------
-----------------------------------------
| rollout/                |             |
|    ep_len_mean          | 8.39        |
|    ep_rew_mean          | -58.7       |
|    success_rate         | 0           |
| time/                   |             |
|    fps                  | 1918        |
|    iterations           | 80          |
|    time_elapsed         | 42          |
|    total_timesteps      | 332800      |
| train/                  |             |
|    approx_kl            | 0.030840859 |
|    clip_fraction        | 0.287       |
|    clip_range           | 0.2         |
|    entropy_loss         | -13.8       |
|    explained_variance   | 0.349       |
|    learning_rate        | 0.0003      |
|    loss                 | 57.8        |
|    n_updates            | 3240        |
|    policy_gradient_loss | -0.0365     |
|    std                  | 1.17        |
|    value_loss           | 190         |
-----------------------------------------
-----------------------------------------
| rollout/                |             |
|    ep_len_mean          | 8.19        |
|    ep_rew_mean          | -59.8       |
|    success_rate         | 0           |
| time/                   |             |
|    fps                  | 1917        |
|    iterations           | 81          |
|    time_elapsed         | 43          |
|    total_timesteps      | 333824      |
| train/                  |             |
|    approx_kl            | 0.046480574 |
|    clip_fraction        | 0.435       |
|    clip_range           | 0.2         |
|    entropy_loss         | -13.8       |
|    explained_variance   | 0.27        |
|    learning_rate        | 0.0003      |
|    loss                 | 23.9        |
|    n_updates            | 3250        |
|    policy_gradient_loss | -0.0254     |
|    std                  | 1.18        |
|    value_loss           | 234         |
-----------------------------------------
----------------------------------------
| rollout/                |            |
|    ep_len_mean          | 8.43       |
|    ep_rew_mean          | -56.5      |
|    success_rate         | 0          |
| time/                   |            |
|    fps                  | 1914       |
|    iterations           | 82         |
|    time_elapsed         | 43         |
|    total_timesteps      | 334848     |
| train/                  |            |
|    approx_kl            | 0.11177217 |
|    clip_fraction        | 0.591      |
|    clip_range           | 0.2        |
|    entropy_loss         | -13.8      |
|    explained_variance   | 0.144      |
|    learning_rate        | 0.0003     |
|    loss                 | 30.1       |
|    n_updates            | 3260       |
|    policy_gradient_loss | -0.0133    |
|    std                  | 1.18       |
|    value_loss           | 265        |
----------------------------------------
----------------------------------------
| rollout/                |            |
|    ep_len_mean          | 8.5        |
|    ep_rew_mean          | -58.9      |
|    success_rate         | 0          |
| time/                   |            |
|    fps                  | 1912       |
|    iterations           | 83         |
|    time_elapsed         | 44         |
|    total_timesteps      | 335872     |
| train/                  |            |
|    approx_kl            | 0.11744687 |
|    clip_fraction        | 0.555      |
|    clip_range           | 0.2        |
|    entropy_loss         | -13.8      |
|    explained_variance   | 0.473      |
|    learning_rate        | 0.0003     |
|    loss                 | 16.6       |
|    n_updates            | 3270       |
|    policy_gradient_loss | -0.0403    |
|    std                  | 1.17       |
|    value_loss           | 49.8       |
----------------------------------------
----------------------------------------
| rollout/                |            |
|    ep_len_mean          | 8.57       |
|    ep_rew_mean          | -59.4      |
|    success_rate         | 0          |
| time/                   |            |
|    fps                  | 1910       |
|    iterations           | 84         |
|    time_elapsed         | 45         |
|    total_timesteps      | 336896     |
| train/                  |            |
|    approx_kl            | 0.11235504 |
|    clip_fraction        | 0.546      |
|    clip_range           | 0.2        |
|    entropy_loss         | -13.8      |
|    explained_variance   | 0.265      |
|    learning_rate        | 0.0003     |
|    loss                 | 29         |
|    n_updates            | 3280       |
|    policy_gradient_loss | -0.012     |
|    std                  | 1.17       |
|    value_loss           | 265        |
----------------------------------------
----------------------------------------
| rollout/                |            |
|    ep_len_mean          | 8.25       |
|    ep_rew_mean          | -55.6      |
|    success_rate         | 0          |
| time/                   |            |
|    fps                  | 1902       |
|    iterations           | 85         |
|    time_elapsed         | 45         |
|    total_timesteps      | 337920     |
| train/                  |            |
|    approx_kl            | 0.06344724 |
|    clip_fraction        | 0.527      |
|    clip_range           | 0.2        |
|    entropy_loss         | -13.8      |
|    explained_variance   | 0.379      |
|    learning_rate        | 0.0003     |
|    loss                 | 82         |
|    n_updates            | 3290       |
|    policy_gradient_loss | -0.0177    |
|    std                  | 1.17       |
|    value_loss           | 141        |
----------------------------------------
-----------------------------------------
| rollout/                |             |
|    ep_len_mean          | 8.19        |
|    ep_rew_mean          | -58         |
|    success_rate         | 0           |
| time/                   |             |
|    fps                  | 1893        |
|    iterations           | 86          |
|    time_elapsed         | 46          |
|    total_timesteps      | 338944      |
| train/                  |             |
|    approx_kl            | 0.070240594 |
|    clip_fraction        | 0.503       |
|    clip_range           | 0.2         |
|    entropy_loss         | -13.8       |
|    explained_variance   | 0.484       |
|    learning_rate        | 0.0003      |
|    loss                 | 27.7        |
|    n_updates            | 3300        |
|    policy_gradient_loss | -0.052      |
|    std                  | 1.17        |
|    value_loss           | 51          |
-----------------------------------------
----------------------------------------
| rollout/                |            |
|    ep_len_mean          | 8.47       |
|    ep_rew_mean          | -59.5      |
|    success_rate         | 0          |
| time/                   |            |
|    fps                  | 1891       |
|    iterations           | 87         |
|    time_elapsed         | 47         |
|    total_timesteps      | 339968     |
| train/                  |            |
|    approx_kl            | 0.08143118 |
|    clip_fraction        | 0.473      |
|    clip_range           | 0.2        |
|    entropy_loss         | -13.8      |
|    explained_variance   | 0.495      |
|    learning_rate        | 0.0003     |
|    loss                 | 23.8       |
|    n_updates            | 3310       |
|    policy_gradient_loss | -0.0535    |
|    std                  | 1.18       |
|    value_loss           | 47.2       |
----------------------------------------
-----------------------------------------
| rollout/                |             |
|    ep_len_mean          | 8.71        |
|    ep_rew_mean          | -57.6       |
|    success_rate         | 0           |
| time/                   |             |
|    fps                  | 1889        |
|    iterations           | 88          |
|    time_elapsed         | 47          |
|    total_timesteps      | 340992      |
| train/                  |             |
|    approx_kl            | 0.057951674 |
|    clip_fraction        | 0.48        |
|    clip_range           | 0.2         |
|    entropy_loss         | -13.9       |
|    explained_variance   | 0.23        |
|    learning_rate        | 0.0003      |
|    loss                 | 37.1        |
|    n_updates            | 3320        |
|    policy_gradient_loss | -0.0172     |
|    std                  | 1.18        |
|    value_loss           | 149         |
-----------------------------------------
-----------------------------------------
| rollout/                |             |
|    ep_len_mean          | 8.4         |
|    ep_rew_mean          | -54.9       |
|    success_rate         | 0           |
| time/                   |             |
|    fps                  | 1888        |
|    iterations           | 89          |
|    time_elapsed         | 48          |
|    total_timesteps      | 342016      |
| train/                  |             |
|    approx_kl            | 0.044013456 |
|    clip_fraction        | 0.346       |
|    clip_range           | 0.2         |
|    entropy_loss         | -13.9       |
|    explained_variance   | 0.195       |
|    learning_rate        | 0.0003      |
|    loss                 | 155         |
|    n_updates            | 3330        |
|    policy_gradient_loss | -0.0257     |
|    std                  | 1.18        |
|    value_loss           | 334         |
-----------------------------------------
----------------------------------------
| rollout/                |            |
|    ep_len_mean          | 8.49       |
|    ep_rew_mean          | -56        |
|    success_rate         | 0          |
| time/                   |            |
|    fps                  | 1887       |
|    iterations           | 90         |
|    time_elapsed         | 48         |
|    total_timesteps      | 343040     |
| train/                  |            |
|    approx_kl            | 0.06130781 |
|    clip_fraction        | 0.468      |
|    clip_range           | 0.2        |
|    entropy_loss         | -13.9      |
|    explained_variance   | 0.264      |
|    learning_rate        | 0.0003     |
|    loss                 | 150        |
|    n_updates            | 3340       |
|    policy_gradient_loss | -0.0277    |
|    std                  | 1.18       |
|    value_loss           | 232        |
----------------------------------------
----------------------------------------
| rollout/                |            |
|    ep_len_mean          | 8.41       |
|    ep_rew_mean          | -56.2      |
|    success_rate         | 0          |
| time/                   |            |
|    fps                  | 1884       |
|    iterations           | 91         |
|    time_elapsed         | 49         |
|    total_timesteps      | 344064     |
| train/                  |            |
|    approx_kl            | 0.06772949 |
|    clip_fraction        | 0.463      |
|    clip_range           | 0.2        |
|    entropy_loss         | -13.9      |
|    explained_variance   | 0.304      |
|    learning_rate        | 0.0003     |
|    loss                 | 26.5       |
|    n_updates            | 3350       |
|    policy_gradient_loss | -0.0201    |
|    std                  | 1.18       |
|    value_loss           | 294        |
----------------------------------------
----------------------------------------
| rollout/                |            |
|    ep_len_mean          | 8.31       |
|    ep_rew_mean          | -57.1      |
|    success_rate         | 0          |
| time/                   |            |
|    fps                  | 1883       |
|    iterations           | 92         |
|    time_elapsed         | 50         |
|    total_timesteps      | 345088     |
| train/                  |            |
|    approx_kl            | 0.08873704 |
|    clip_fraction        | 0.471      |
|    clip_range           | 0.2        |
|    entropy_loss         | -13.9      |
|    explained_variance   | 0.549      |
|    learning_rate        | 0.0003     |
|    loss                 | 18.3       |
|    n_updates            | 3360       |
|    policy_gradient_loss | -0.0487    |
|    std                  | 1.18       |
|    value_loss           | 40.5       |
----------------------------------------
-----------------------------------------
| rollout/                |             |
|    ep_len_mean          | 8.36        |
|    ep_rew_mean          | -56.2       |
|    success_rate         | 0           |
| time/                   |             |
|    fps                  | 1883        |
|    iterations           | 93          |
|    time_elapsed         | 50          |
|    total_timesteps      | 346112      |
| train/                  |             |
|    approx_kl            | 0.044292472 |
|    clip_fraction        | 0.45        |
|    clip_range           | 0.2         |
|    entropy_loss         | -13.8       |
|    explained_variance   | 0.272       |
|    learning_rate        | 0.0003      |
|    loss                 | 107         |
|    n_updates            | 3370        |
|    policy_gradient_loss | -0.0234     |
|    std                  | 1.18        |
|    value_loss           | 312         |
-----------------------------------------
-----------------------------------------
| rollout/                |             |
|    ep_len_mean          | 8.55        |
|    ep_rew_mean          | -62.8       |
|    success_rate         | 0           |
| time/                   |             |
|    fps                  | 1883        |
|    iterations           | 94          |
|    time_elapsed         | 51          |
|    total_timesteps      | 347136      |
| train/                  |             |
|    approx_kl            | 0.021112941 |
|    clip_fraction        | 0.237       |
|    clip_range           | 0.2         |
|    entropy_loss         | -13.8       |
|    explained_variance   | 0.191       |
|    learning_rate        | 0.0003      |
|    loss                 | 135         |
|    n_updates            | 3380        |
|    policy_gradient_loss | -0.0271     |
|    std                  | 1.18        |
|    value_loss           | 625         |
-----------------------------------------
-----------------------------------------
| rollout/                |             |
|    ep_len_mean          | 8.21        |
|    ep_rew_mean          | -53.9       |
|    success_rate         | 0           |
| time/                   |             |
|    fps                  | 1882        |
|    iterations           | 95          |
|    time_elapsed         | 51          |
|    total_timesteps      | 348160      |
| train/                  |             |
|    approx_kl            | 0.012694825 |
|    clip_fraction        | 0.156       |
|    clip_range           | 0.2         |
|    entropy_loss         | -13.8       |
|    explained_variance   | 0.314       |
|    learning_rate        | 0.0003      |
|    loss                 | 375         |
|    n_updates            | 3390        |
|    policy_gradient_loss | -0.0271     |
|    std                  | 1.18        |
|    value_loss           | 866         |
-----------------------------------------
----------------------------------------
| rollout/                |            |
|    ep_len_mean          | 8.36       |
|    ep_rew_mean          | -53        |
|    success_rate         | 0          |
| time/                   |            |
|    fps                  | 1882       |
|    iterations           | 96         |
|    time_elapsed         | 52         |
|    total_timesteps      | 349184     |
| train/                  |            |
|    approx_kl            | 0.06417045 |
|    clip_fraction        | 0.391      |
|    clip_range           | 0.2        |
|    entropy_loss         | -13.8      |
|    explained_variance   | 0.176      |
|    learning_rate        | 0.0003     |
|    loss                 | 23.8       |
|    n_updates            | 3400       |
|    policy_gradient_loss | -0.0475    |
|    std                  | 1.18       |
|    value_loss           | 60.8       |
----------------------------------------
----------------------------------------
| rollout/                |            |
|    ep_len_mean          | 8.25       |
|    ep_rew_mean          | -57.2      |
|    success_rate         | 0          |
| time/                   |            |
|    fps                  | 1881       |
|    iterations           | 97         |
|    time_elapsed         | 52         |
|    total_timesteps      | 350208     |
| train/                  |            |
|    approx_kl            | 0.09549935 |
|    clip_fraction        | 0.532      |
|    clip_range           | 0.2        |
|    entropy_loss         | -13.8      |
|    explained_variance   | 0.453      |
|    learning_rate        | 0.0003     |
|    loss                 | 19.7       |
|    n_updates            | 3410       |
|    policy_gradient_loss | -0.0422    |
|    std                  | 1.18       |
|    value_loss           | 44.7       |
----------------------------------------
-----------------------------------------
| rollout/                |             |
|    ep_len_mean          | 8.55        |
|    ep_rew_mean          | -58.7       |
|    success_rate         | 0           |
| time/                   |             |
|    fps                  | 1879        |
|    iterations           | 98          |
|    time_elapsed         | 53          |
|    total_timesteps      | 351232      |
| train/                  |             |
|    approx_kl            | 0.029140944 |
|    clip_fraction        | 0.392       |
|    clip_range           | 0.2         |
|    entropy_loss         | -13.9       |
|    explained_variance   | 0.234       |
|    learning_rate        | 0.0003      |
|    loss                 | 28.5        |
|    n_updates            | 3420        |
|    policy_gradient_loss | -0.0202     |
|    std                  | 1.18        |
|    value_loss           | 513         |
-----------------------------------------
-----------------------------------------
| rollout/                |             |
|    ep_len_mean          | 8.48        |
|    ep_rew_mean          | -57.5       |
|    success_rate         | 0           |
| time/                   |             |
|    fps                  | 1878        |
|    iterations           | 99          |
|    time_elapsed         | 53          |
|    total_timesteps      | 352256      |
| train/                  |             |
|    approx_kl            | 0.016014181 |
|    clip_fraction        | 0.248       |
|    clip_range           | 0.2         |
|    entropy_loss         | -13.9       |
|    explained_variance   | 0.387       |
|    learning_rate        | 0.0003      |
|    loss                 | 472         |
|    n_updates            | 3430        |
|    policy_gradient_loss | -0.0259     |
|    std                  | 1.18        |
|    value_loss           | 587         |
-----------------------------------------
----------------------------------------
| rollout/                |            |
|    ep_len_mean          | 8.44       |
|    ep_rew_mean          | -53.7      |
|    success_rate         | 0          |
| time/                   |            |
|    fps                  | 1877       |
|    iterations           | 100        |
|    time_elapsed         | 54         |
|    total_timesteps      | 353280     |
| train/                  |            |
|    approx_kl            | 0.01896091 |
|    clip_fraction        | 0.225      |
|    clip_range           | 0.2        |
|    entropy_loss         | -13.9      |
|    explained_variance   | 0.378      |
|    learning_rate        | 0.0003     |
|    loss                 | 423        |
|    n_updates            | 3440       |
|    policy_gradient_loss | -0.0297    |
|    std                  | 1.18       |
|    value_loss           | 552        |
----------------------------------------
----------------------------------------
| rollout/                |            |
|    ep_len_mean          | 8.54       |
|    ep_rew_mean          | -53.5      |
|    success_rate         | 0          |
| time/                   |            |
|    fps                  | 1877       |
|    iterations           | 101        |
|    time_elapsed         | 55         |
|    total_timesteps      | 354304     |
| train/                  |            |
|    approx_kl            | 0.06480764 |
|    clip_fraction        | 0.445      |
|    clip_range           | 0.2        |
|    entropy_loss         | -13.9      |
|    explained_variance   | 0.425      |
|    learning_rate        | 0.0003     |
|    loss                 | 22.9       |
|    n_updates            | 3450       |
|    policy_gradient_loss | -0.0446    |
|    std                  | 1.18       |
|    value_loss           | 45.9       |
----------------------------------------
-----------------------------------------
| rollout/                |             |
|    ep_len_mean          | 8.81        |
|    ep_rew_mean          | -61.8       |
|    success_rate         | 0           |
| time/                   |             |
|    fps                  | 1875        |
|    iterations           | 102         |
|    time_elapsed         | 55          |
|    total_timesteps      | 355328      |
| train/                  |             |
|    approx_kl            | 0.057212755 |
|    clip_fraction        | 0.492       |
|    clip_range           | 0.2         |
|    entropy_loss         | -13.9       |
|    explained_variance   | 0.336       |
|    learning_rate        | 0.0003      |
|    loss                 | 21.8        |
|    n_updates            | 3460        |
|    policy_gradient_loss | -0.0455     |
|    std                  | 1.19        |
|    value_loss           | 52.8        |
-----------------------------------------
-----------------------------------------
| rollout/                |             |
|    ep_len_mean          | 8.53        |
|    ep_rew_mean          | -55.2       |
|    success_rate         | 0           |
| time/                   |             |
|    fps                  | 1874        |
|    iterations           | 103         |
|    time_elapsed         | 56          |
|    total_timesteps      | 356352      |
| train/                  |             |
|    approx_kl            | 0.018546738 |
|    clip_fraction        | 0.379       |
|    clip_range           | 0.2         |
|    entropy_loss         | -13.9       |
|    explained_variance   | 0.207       |
|    learning_rate        | 0.0003      |
|    loss                 | 339         |
|    n_updates            | 3470        |
|    policy_gradient_loss | -0.0267     |
|    std                  | 1.19        |
|    value_loss           | 614         |
-----------------------------------------
----------------------------------------
| rollout/                |            |
|    ep_len_mean          | 8.5        |
|    ep_rew_mean          | -52.9      |
|    success_rate         | 0          |
| time/                   |            |
|    fps                  | 1874       |
|    iterations           | 104        |
|    time_elapsed         | 56         |
|    total_timesteps      | 357376     |
| train/                  |            |
|    approx_kl            | 0.06503323 |
|    clip_fraction        | 0.39       |
|    clip_range           | 0.2        |
|    entropy_loss         | -13.9      |
|    explained_variance   | 0.428      |
|    learning_rate        | 0.0003     |
|    loss                 | 23.4       |
|    n_updates            | 3480       |
|    policy_gradient_loss | -0.0493    |
|    std                  | 1.19       |
|    value_loss           | 50.5       |
----------------------------------------
-----------------------------------------
| rollout/                |             |
|    ep_len_mean          | 8.5         |
|    ep_rew_mean          | -59.1       |
|    success_rate         | 0           |
| time/                   |             |
|    fps                  | 1873        |
|    iterations           | 105         |
|    time_elapsed         | 57          |
|    total_timesteps      | 358400      |
| train/                  |             |
|    approx_kl            | 0.075421855 |
|    clip_fraction        | 0.495       |
|    clip_range           | 0.2         |
|    entropy_loss         | -13.9       |
|    explained_variance   | 0.505       |
|    learning_rate        | 0.0003      |
|    loss                 | 16.3        |
|    n_updates            | 3490        |
|    policy_gradient_loss | -0.0468     |
|    std                  | 1.19        |
|    value_loss           | 37.5        |
-----------------------------------------
----------------------------------------
| rollout/                |            |
|    ep_len_mean          | 8.44       |
|    ep_rew_mean          | -56        |
|    success_rate         | 0          |
| time/                   |            |
|    fps                  | 1873       |
|    iterations           | 106        |
|    time_elapsed         | 57         |
|    total_timesteps      | 359424     |
| train/                  |            |
|    approx_kl            | 0.01819106 |
|    clip_fraction        | 0.294      |
|    clip_range           | 0.2        |
|    entropy_loss         | -13.9      |
|    explained_variance   | 0.235      |
|    learning_rate        | 0.0003     |
|    loss                 | 304        |
|    n_updates            | 3500       |
|    policy_gradient_loss | -0.0256    |
|    std                  | 1.19       |
|    value_loss           | 659        |
----------------------------------------
-----------------------------------------
| rollout/                |             |
|    ep_len_mean          | 8.41        |
|    ep_rew_mean          | -53.7       |
|    success_rate         | 0           |
| time/                   |             |
|    fps                  | 1873        |
|    iterations           | 107         |
|    time_elapsed         | 58          |
|    total_timesteps      | 360448      |
| train/                  |             |
|    approx_kl            | 0.056187674 |
|    clip_fraction        | 0.385       |
|    clip_range           | 0.2         |
|    entropy_loss         | -13.9       |
|    explained_variance   | 0.318       |
|    learning_rate        | 0.0003      |
|    loss                 | 27.8        |
|    n_updates            | 3510        |
|    policy_gradient_loss | -0.0343     |
|    std                  | 1.19        |
|    value_loss           | 176         |
-----------------------------------------
----------------------------------------
| rollout/                |            |
|    ep_len_mean          | 8.66       |
|    ep_rew_mean          | -54.5      |
|    success_rate         | 0          |
| time/                   |            |
|    fps                  | 1873       |
|    iterations           | 108        |
|    time_elapsed         | 59         |
|    total_timesteps      | 361472     |
| train/                  |            |
|    approx_kl            | 0.07183604 |
|    clip_fraction        | 0.454      |
|    clip_range           | 0.2        |
|    entropy_loss         | -13.9      |
|    explained_variance   | 0.451      |
|    learning_rate        | 0.0003     |
|    loss                 | 20.2       |
|    n_updates            | 3520       |
|    policy_gradient_loss | -0.0519    |
|    std                  | 1.19       |
|    value_loss           | 43.5       |
----------------------------------------
/opt/homebrew/Caskroom/miniforge/base/lib/python3.12/multiprocessing/resource_tracker.py:279: UserWarning: resource_tracker: There appear to be 1 leaked semaphore objects to clean up at shutdown
  warnings.warn('resource_tracker: There appear to be %d '
